# Vibe Coding Session: pty-1781701246646-dbzl
# CLI: qwen | CWD: /Users/steward/App/tAgent | Mode: yolo
# Started: 2026-06-17T13:00:46.652Z

[?u
   ▄▄▄▄▄▄  ▄▄     ▄▄ ▄▄▄▄▄▄▄ ▄▄▄    ▄▄   ┌──────────────────────────────────────────────────────────┐
  ██[38;2;78;147;226m╔═══██╗██║    ██║██╔════╝████╗  ██║  │ >_ Qwen Code (v0.18.2)                                   │
  ██║  [38;2;88;142;222m ██║██║ █╗ ██║█████╗  ██╔██╗ ██║  │                                                          │
  ██║▄▄ ██║█[38;2;105;134;216m█║███╗██║██╔══╝  ██║╚██╗██║  │ Z.AI API Key | ZAI · GLM-5.1 (/model to change)          │
  ╚██████╔╝╚███[38;2;115;130;212m╔███╔╝███████╗██║ ╚████║  │ ~/App/tAgent                                             │
   ╚══▀▀═╝  ╚══╝╚══[38;2;129;124;207m╝ ╚══════╝╚═╝  ╚═══╝  └──────────────────────────────────────────────────────────┘

  Tips: Try /insight to generate personalized insights from your chat history.

───────────────────────────────────────────────────────────────────────────────────────────────────────────────────────────────────────────────────────────────────────────────
*   Type your message or @path/to/file
───────────────────────────────────────────────────────────────────────────────────────────────────────────────────────────────────────────────────────────────────────────────
  ⠋ Initializing...

───────────────────────────────────────────────────────────────────────────────────────────────────────────────────────────────────────────────────────────────────────────────
*   Type your message or @path/to/file
───────────────────────────────────────────────────────────────────────────────────────────────────────────────────────────────────────────────────────────────────────────────
  ⠋ Initializing...

───────────────────────────────────────────────────────────────────────────────────────────────────────────────────────────────────────────────────────────────────────────────
*   Type your message or @path/to/file
───────────────────────────────────────────────────────────────────────────────────────────────────────────────────────────────────────────────────────────────────────────────
  ⠙ Initializing...

───────────────────────────────────────────────────────────────────────────────────────────────────────────────────────────────────────────────────────────────────────────────
*   Type your message or @path/to/file
───────────────────────────────────────────────────────────────────────────────────────────────────────────────────────────────────────────────────────────────────────────────
  YOLO mode (shift + tab to cycle)

───────────────────────────────────────────────────────────────────────────────────────────────────────────────────────────────────────────────────────────────────────────────
* [Pasted Content 935 chars] ​
───────────────────────────────────────────────────────────────────────────────────────────────────────────────────────────────────────────────────────────────────────────────
  YOLO mode (shift + tab to cycle)


  # System Instructions 你是 PAAW 的助理，名叫林雨晴（Rainy Lin）。你負責陪伴使用者日常對話、回答問題、協助使用 PAAW 的各項功能。你能清楚解釋 PAAW 的操作方式，也能幫使用者查…
  Press ↑ to edit queued messages
───────────────────────────────────────────────────────────────────────────────────────────────────────────────────────────────────────────────────────────────────────────────
*   Type your message or @path/to/file
───────────────────────────────────────────────────────────────────────────────────────────────────────────────────────────────────────────────────────────────────────────────
  YOLO mode (shift + tab to cycle)

───────────────────────────────────────────────────────────────────────────────────────────────────────────────────────────────────────────────────────────────────────────────
*   Type your message or @path/to/file
───────────────────────────────────────────────────────────────────────────────────────────────────────────────────────────────────────────────────────────────────────────────
  YOLO mode (shift + tab to cycle)
  ▄▄▄▄▄▄▄▄▄▄▄▄▄▄▄▄▄▄▄▄▄▄▄▄▄▄▄▄▄▄▄▄▄▄▄▄▄▄▄▄▄▄▄▄▄▄▄▄▄▄▄▄▄▄▄▄▄▄▄▄▄▄▄▄▄▄▄▄▄▄▄▄▄▄▄▄▄▄▄▄▄▄▄▄▄▄▄▄▄▄▄▄▄▄▄▄▄▄▄▄▄▄▄▄▄▄▄▄▄▄▄▄▄▄▄▄▄▄▄▄▄▄▄▄▄▄▄▄▄▄▄▄▄▄▄▄▄▄▄▄▄▄▄▄▄▄▄▄▄▄▄▄▄▄▄▄▄▄▄▄▄▄▄▄▄▄▄▄▄▄▄
  > # System Instructions                                                                                                                                                    
    你是 PAAW 的助理，名叫林雨晴（Rainy Lin）。你負責陪伴使用者日常對話、回答問題、協助使用 PAAW 的各項功能。你能清楚解釋 PAAW 
  的操作方式，也能幫使用者查詢資料、整理筆記、提醒事項。回答時使用繁體中文，技術術語保留英文。語氣親切自然，像一位可靠的朋友。
                                                                                                                                                                             
    ## 環境路徑                                                                                                                                                              
    - **Root Base**: /Users/steward/App/tAgent                                                                                                                               
      - Physical Skills: /Users/steward/App/tAgent/data/skills/physical-skill/                                                                                               
                                                                                                                                                                             
    ## Workspaces 目錄                                                                                                                                                       
    - /Users/steward/App/ai-factory-portal                                                                                                                                   
                                                                                                                                                                             
    # Skill 執行規則                                                                                                                                                         
                                                                                                                                                                             
    ## Crew Skill 使用方式                                                                                                                                                   
                                                                                                                                                                             
    當 Crew 被分配 Skill 時，prompt 只會提供 Skill 名稱和 SKILL.md 路徑。                                                                                                    
                                                                                                                                                                             
    ### 執行步驟                                                                                                                                                             
                                                                                                                                                                             
    1. 看到 `請使用 {skill name}` + `skill path : {path}` 時                                                                                                                 
    2. 用 `file_read` 讀取該 SKILL.md 路徑                                                                                                                                   
    3. 理解 Skill 定義（Purpose、Inputs、Execution Steps、Output Contract）                                                                                                  
    4. 按照定義執行任務                                                                                                                                                      
                                                                                                                                                                             
    ### 注意事項                                                                                                                                                             
  [38;2;203;166;247m                                                                                                                                                                           
    - **不要**猜測 Skill 內容，務必先讀取                                                                                                                                    
    - 讀取後按照 SKILL.md 的 Execution Steps 執行                                                                                                                            
    - 如果 SKILL.md 有 Output Contract，輸出必須符合                                                                                                                         
    - user input 會接在 prompt 最後面                                                                                                                                        
                                                                                                                                                                             
                                                                                                                                                                             
    請使用 我的翻譯                                                                                                                                                          
    skill path : /Users/steward/App/tAgent/data/skills/physical-skill/translate/SKILL.md                                                                                     
                                                                                                                                                                             
    ## 操作員提供的規格資料                                                                                                                                                  
                                                                                                                                                                             
    ### 輸出路徑                                                                                                                                                             
    /Users/steward/App/ai-factory-portal/myenglish.md                                                                                                                        
                                                                                                                                                                             
    ### 輸入你要翻譯的內容                                                                                                                                                   
    快速演進                                                                                                                                                                 
  ▀▀▀▀▀▀▀▀▀▀▀▀▀▀▀▀▀▀▀▀▀▀▀▀▀▀▀▀▀▀▀▀▀▀▀▀▀▀▀▀▀▀▀▀▀▀▀▀▀▀▀▀▀▀▀▀▀▀▀▀▀▀▀▀▀▀▀▀▀▀▀▀▀▀▀▀▀▀▀▀▀▀▀▀▀▀▀▀▀▀▀▀▀▀▀▀▀▀▀▀▀▀▀▀▀▀▀▀▀▀▀▀▀▀▀▀▀▀▀▀▀▀▀▀▀▀▀▀▀▀▀▀▀▀▀▀▀▀▀▀▀▀▀▀▀▀▀▀▀▀▀▀▀▀▀▀▀▀▀▀▀▀▀▀▀▀▀▀▀▀▀

  ⠋ I'm Feeling Lucky (0s · esc to cancel)
───────────────────────────────────────────────────────────────────────────────────────────────────────────────────────────────────────────────────────────────────────────────
*   Type your message or @path/to/file
───────────────────────────────────────────────────────────────────────────────────────────────────────────────────────────────────────────────────────────────────────────────
  YOLO mode (shift + tab to cycle)

  ⠋ So say we all... (0s · esc to cancel)
───────────────────────────────────────────────────────────────────────────────────────────────────────────────────────────────────────────────────────────────────────────────
*   Type your message or @path/to/file
───────────────────────────────────────────────────────────────────────────────────────────────────────────────────────────────────────────────────────────────────────────────
  YOLO mode (shift + tab to cycle)

  ⠙ So say we all... (0s · esc to cancel)
───────────────────────────────────────────────────────────────────────────────────────────────────────────────────────────────────────────────────────────────────────────────
*   Type your message or @path/to/file
───────────────────────────────────────────────────────────────────────────────────────────────────────────────────────────────────────────────────────────────────────────────
  YOLO mode (shift + tab to cycle)

  ⠹ So say we all... (0s · esc to cancel)
───────────────────────────────────────────────────────────────────────────────────────────────────────────────────────────────────────────────────────────────────────────────
*   Type your message or @path/to/file
───────────────────────────────────────────────────────────────────────────────────────────────────────────────────────────────────────────────────────────────────────────────
  YOLO mode (shift + tab to cycle)

  ⠸ So say we all... (0s · esc to cancel)
───────────────────────────────────────────────────────────────────────────────────────────────────────────────────────────────────────────────────────────────────────────────
*   Type your message or @path/to/file
───────────────────────────────────────────────────────────────────────────────────────────────────────────────────────────────────────────────────────────────────────────────
  YOLO mode (shift + tab to cycle)

  ⠼ So say we all... (0s · esc to cancel)
───────────────────────────────────────────────────────────────────────────────────────────────────────────────────────────────────────────────────────────────────────────────
*   Type your message or @path/to/file
───────────────────────────────────────────────────────────────────────────────────────────────────────────────────────────────────────────────────────────────────────────────
  YOLO mode (shift + tab to cycle)

  ⠴ So say we all... (0s · esc to cancel)
───────────────────────────────────────────────────────────────────────────────────────────────────────────────────────────────────────────────────────────────────────────────
*   Type your message or @path/to/file
───────────────────────────────────────────────────────────────────────────────────────────────────────────────────────────────────────────────────────────────────────────────
  YOLO mode (shift + tab to cycle)

  ⠦ So say we all... (0s · esc to cancel)
───────────────────────────────────────────────────────────────────────────────────────────────────────────────────────────────────────────────────────────────────────────────
*   Type your message or @path/to/file
───────────────────────────────────────────────────────────────────────────────────────────────────────────────────────────────────────────────────────────────────────────────
  YOLO mode (shift + tab to cycle)

  ⠧ So say we all... (0s · esc to cancel)
───────────────────────────────────────────────────────────────────────────────────────────────────────────────────────────────────────────────────────────────────────────────
*   Type your message or @path/to/file
───────────────────────────────────────────────────────────────────────────────────────────────────────────────────────────────────────────────────────────────────────────────
  YOLO mode (shift + tab to cycle)

  ⠇ So say we all... (0s · esc to cancel)
───────────────────────────────────────────────────────────────────────────────────────────────────────────────────────────────────────────────────────────────────────────────
*   Type your message or @path/to/file
───────────────────────────────────────────────────────────────────────────────────────────────────────────────────────────────────────────────────────────────────────────────
  YOLO mode (shift + tab to cycle)

  ⠏ So say we all... (0s · esc to cancel)
───────────────────────────────────────────────────────────────────────────────────────────────────────────────────────────────────────────────────────────────────────────────
*   Type your message or @path/to/file
───────────────────────────────────────────────────────────────────────────────────────────────────────────────────────────────────────────────────────────────────────────────
  YOLO mode (shift + tab to cycle)

  ⠋ So say we all... (0s · esc to cancel)
───────────────────────────────────────────────────────────────────────────────────────────────────────────────────────────────────────────────────────────────────────────────
*   Type your message or @path/to/file
───────────────────────────────────────────────────────────────────────────────────────────────────────────────────────────────────────────────────────────────────────────────
  YOLO mode (shift + tab to cycle)

  ⠙ So say we all... (0s · esc to cancel)
───────────────────────────────────────────────────────────────────────────────────────────────────────────────────────────────────────────────────────────────────────────────
*   Type your message or @path/to/file
───────────────────────────────────────────────────────────────────────────────────────────────────────────────────────────────────────────────────────────────────────────────
  YOLO mode (shift + tab to cycle)

  ⠹ So say we all... (0s · esc to cancel)
───────────────────────────────────────────────────────────────────────────────────────────────────────────────────────────────────────────────────────────────────────────────
*   Type your message or @path/to/file
───────────────────────────────────────────────────────────────────────────────────────────────────────────────────────────────────────────────────────────────────────────────
  YOLO mode (shift + tab to cycle)

  ⠹ So say we all... (1s · esc to cancel)
───────────────────────────────────────────────────────────────────────────────────────────────────────────────────────────────────────────────────────────────────────────────
*   Type your message or @path/to/file
───────────────────────────────────────────────────────────────────────────────────────────────────────────────────────────────────────────────────────────────────────────────
  YOLO mode (shift + tab to cycle)

  ⠸ So say we all... (1s · esc to cancel)
───────────────────────────────────────────────────────────────────────────────────────────────────────────────────────────────────────────────────────────────────────────────
*   Type your message or @path/to/file
───────────────────────────────────────────────────────────────────────────────────────────────────────────────────────────────────────────────────────────────────────────────
  YOLO mode (shift + tab to cycle)

  ⠼ So say we all... (1s · esc to cancel)
───────────────────────────────────────────────────────────────────────────────────────────────────────────────────────────────────────────────────────────────────────────────
*   Type your message or @path/to/file
───────────────────────────────────────────────────────────────────────────────────────────────────────────────────────────────────────────────────────────────────────────────
  YOLO mode (shift + tab to cycle)

  ⠴ So say we all... (1s · esc to cancel)
───────────────────────────────────────────────────────────────────────────────────────────────────────────────────────────────────────────────────────────────────────────────
*   Type your message or @path/to/file
───────────────────────────────────────────────────────────────────────────────────────────────────────────────────────────────────────────────────────────────────────────────
  YOLO mode (shift + tab to cycle)

  ⠦ So say we all... (1s · esc to cancel)
───────────────────────────────────────────────────────────────────────────────────────────────────────────────────────────────────────────────────────────────────────────────
*   Type your message or @path/to/file
───────────────────────────────────────────────────────────────────────────────────────────────────────────────────────────────────────────────────────────────────────────────
  YOLO mode (shift + tab to cycle)

  ⠧ So say we all... (1s · esc to cancel)
───────────────────────────────────────────────────────────────────────────────────────────────────────────────────────────────────────────────────────────────────────────────
*   Type your message or @path/to/file
───────────────────────────────────────────────────────────────────────────────────────────────────────────────────────────────────────────────────────────────────────────────
  YOLO mode (shift + tab to cycle)

  ⠇ So say we all... (1s · esc to cancel)
───────────────────────────────────────────────────────────────────────────────────────────────────────────────────────────────────────────────────────────────────────────────
*   Type your message or @path/to/file
───────────────────────────────────────────────────────────────────────────────────────────────────────────────────────────────────────────────────────────────────────────────
  YOLO mode (shift + tab to cycle)

  ⠏ So say we all... (1s · esc to cancel)
───────────────────────────────────────────────────────────────────────────────────────────────────────────────────────────────────────────────────────────────────────────────
*   Type your message or @path/to/file
───────────────────────────────────────────────────────────────────────────────────────────────────────────────────────────────────────────────────────────────────────────────
  YOLO mode (shift + tab to cycle)

  ⠋ So say we all... (1s · esc to cancel)
───────────────────────────────────────────────────────────────────────────────────────────────────────────────────────────────────────────────────────────────────────────────
*   Type your message or @path/to/file
───────────────────────────────────────────────────────────────────────────────────────────────────────────────────────────────────────────────────────────────────────────────
  YOLO mode (shift + tab to cycle)

  ⠙ So say we all... (1s · esc to cancel)
───────────────────────────────────────────────────────────────────────────────────────────────────────────────────────────────────────────────────────────────────────────────
*   Type your message or @path/to/file
───────────────────────────────────────────────────────────────────────────────────────────────────────────────────────────────────────────────────────────────────────────────
  YOLO mode (shift + tab to cycle)

  ⠹ So say we all... (1s · esc to cancel)
───────────────────────────────────────────────────────────────────────────────────────────────────────────────────────────────────────────────────────────────────────────────
*   Type your message or @path/to/file
───────────────────────────────────────────────────────────────────────────────────────────────────────────────────────────────────────────────────────────────────────────────
  YOLO mode (shift + tab to cycle)

  ⠸ So say we all... (1s · esc to cancel)
───────────────────────────────────────────────────────────────────────────────────────────────────────────────────────────────────────────────────────────────────────────────
*   Type your message or @path/to/file
───────────────────────────────────────────────────────────────────────────────────────────────────────────────────────────────────────────────────────────────────────────────
  YOLO mode (shift + tab to cycle)

  ⠼ So say we all... (1s · esc to cancel)
───────────────────────────────────────────────────────────────────────────────────────────────────────────────────────────────────────────────────────────────────────────────
*   Type your message or @path/to/file
───────────────────────────────────────────────────────────────────────────────────────────────────────────────────────────────────────────────────────────────────────────────
  YOLO mode (shift + tab to cycle)

  ⠼ So say we all... (2s · esc to cancel)
───────────────────────────────────────────────────────────────────────────────────────────────────────────────────────────────────────────────────────────────────────────────
*   Type your message or @path/to/file
───────────────────────────────────────────────────────────────────────────────────────────────────────────────────────────────────────────────────────────────────────────────
  YOLO mode (shift + tab to cycle)

  ⠴ So say we all... (2s · esc to cancel)
───────────────────────────────────────────────────────────────────────────────────────────────────────────────────────────────────────────────────────────────────────────────
*   Type your message or @path/to/file
───────────────────────────────────────────────────────────────────────────────────────────────────────────────────────────────────────────────────────────────────────────────
  YOLO mode (shift + tab to cycle)

  ⠦ So say we all... (2s · esc to cancel)
───────────────────────────────────────────────────────────────────────────────────────────────────────────────────────────────────────────────────────────────────────────────
*   Type your message or @path/to/file
───────────────────────────────────────────────────────────────────────────────────────────────────────────────────────────────────────────────────────────────────────────────
  YOLO mode (shift + tab to cycle)

  ⠧ So say we all... (2s · esc to cancel)
───────────────────────────────────────────────────────────────────────────────────────────────────────────────────────────────────────────────────────────────────────────────
*   Type your message or @path/to/file
───────────────────────────────────────────────────────────────────────────────────────────────────────────────────────────────────────────────────────────────────────────────
  YOLO mode (shift + tab to cycle)

  ⠇ So say we all... (2s · esc to cancel)
───────────────────────────────────────────────────────────────────────────────────────────────────────────────────────────────────────────────────────────────────────────────
*   Type your message or @path/to/file
───────────────────────────────────────────────────────────────────────────────────────────────────────────────────────────────────────────────────────────────────────────────
  YOLO mode (shift + tab to cycle)

  ⠏ So say we all... (2s · esc to cancel)
───────────────────────────────────────────────────────────────────────────────────────────────────────────────────────────────────────────────────────────────────────────────
*   Type your message or @path/to/file
───────────────────────────────────────────────────────────────────────────────────────────────────────────────────────────────────────────────────────────────────────────────
  YOLO mode (shift + tab to cycle)

  ⠋ So say we all... (2s · esc to cancel)
───────────────────────────────────────────────────────────────────────────────────────────────────────────────────────────────────────────────────────────────────────────────
*   Type your message or @path/to/file
───────────────────────────────────────────────────────────────────────────────────────────────────────────────────────────────────────────────────────────────────────────────
  YOLO mode (shift + tab to cycle)

  ⠙ So say we all... (2s · esc to cancel)
───────────────────────────────────────────────────────────────────────────────────────────────────────────────────────────────────────────────────────────────────────────────
*   Type your message or @path/to/file
───────────────────────────────────────────────────────────────────────────────────────────────────────────────────────────────────────────────────────────────────────────────
  YOLO mode (shift + tab to cycle)

  ⠹ So say we all... (2s · esc to cancel)
───────────────────────────────────────────────────────────────────────────────────────────────────────────────────────────────────────────────────────────────────────────────
*   Type your message or @path/to/file
───────────────────────────────────────────────────────────────────────────────────────────────────────────────────────────────────────────────────────────────────────────────
  YOLO mode (shift + tab to cycle)

  ⠸ So say we all... (2s · esc to cancel)
───────────────────────────────────────────────────────────────────────────────────────────────────────────────────────────────────────────────────────────────────────────────
*   Type your message or @path/to/file
───────────────────────────────────────────────────────────────────────────────────────────────────────────────────────────────────────────────────────────────────────────────
  YOLO mode (shift + tab to cycle)

  ⠼ So say we all... (2s · esc to cancel)
───────────────────────────────────────────────────────────────────────────────────────────────────────────────────────────────────────────────────────────────────────────────
*   Type your message or @path/to/file
───────────────────────────────────────────────────────────────────────────────────────────────────────────────────────────────────────────────────────────────────────────────
  YOLO mode (shift + tab to cycle)

  ⠴ So say we all... (2s · esc to cancel)
───────────────────────────────────────────────────────────────────────────────────────────────────────────────────────────────────────────────────────────────────────────────
*   Type your message or @path/to/file
───────────────────────────────────────────────────────────────────────────────────────────────────────────────────────────────────────────────────────────────────────────────
  YOLO mode (shift + tab to cycle)

  ⠦ So say we all... (2s · esc to cancel)
───────────────────────────────────────────────────────────────────────────────────────────────────────────────────────────────────────────────────────────────────────────────
*   Type your message or @path/to/file
───────────────────────────────────────────────────────────────────────────────────────────────────────────────────────────────────────────────────────────────────────────────
  YOLO mode (shift + tab to cycle)

  ⠧ So say we all... (2s · esc to cancel)
───────────────────────────────────────────────────────────────────────────────────────────────────────────────────────────────────────────────────────────────────────────────
*   Type your message or @path/to/file
───────────────────────────────────────────────────────────────────────────────────────────────────────────────────────────────────────────────────────────────────────────────
  YOLO mode (shift + tab to cycle)

  ⠧ So say we all... (3s · esc to cancel)
───────────────────────────────────────────────────────────────────────────────────────────────────────────────────────────────────────────────────────────────────────────────
*   Type your message or @path/to/file
───────────────────────────────────────────────────────────────────────────────────────────────────────────────────────────────────────────────────────────────────────────────
  YOLO mode (shift + tab to cycle)

  ⠇ So say we all... (3s · esc to cancel)
───────────────────────────────────────────────────────────────────────────────────────────────────────────────────────────────────────────────────────────────────────────────
*   Type your message or @path/to/file
───────────────────────────────────────────────────────────────────────────────────────────────────────────────────────────────────────────────────────────────────────────────
  YOLO mode (shift + tab to cycle)

  ⠏ So say we all... (3s · esc to cancel)
───────────────────────────────────────────────────────────────────────────────────────────────────────────────────────────────────────────────────────────────────────────────
*   Type your message or @path/to/file
───────────────────────────────────────────────────────────────────────────────────────────────────────────────────────────────────────────────────────────────────────────────
  YOLO mode (shift + tab to cycle)

  ⠋ So say we all... (3s · esc to cancel)
───────────────────────────────────────────────────────────────────────────────────────────────────────────────────────────────────────────────────────────────────────────────
*   Type your message or @path/to/file
───────────────────────────────────────────────────────────────────────────────────────────────────────────────────────────────────────────────────────────────────────────────
  YOLO mode (shift + tab to cycle)

  ⠙ So say we all... (3s · esc to cancel)
───────────────────────────────────────────────────────────────────────────────────────────────────────────────────────────────────────────────────────────────────────────────
*   Type your message or @path/to/file
───────────────────────────────────────────────────────────────────────────────────────────────────────────────────────────────────────────────────────────────────────────────
  YOLO mode (shift + tab to cycle)

  ⠹ So say we all... (3s · esc to cancel)
───────────────────────────────────────────────────────────────────────────────────────────────────────────────────────────────────────────────────────────────────────────────
*   Type your message or @path/to/file
───────────────────────────────────────────────────────────────────────────────────────────────────────────────────────────────────────────────────────────────────────────────
  YOLO mode (shift + tab to cycle)

  ⠸ So say we all... (3s · esc to cancel)
───────────────────────────────────────────────────────────────────────────────────────────────────────────────────────────────────────────────────────────────────────────────
*   Type your message or @path/to/file
───────────────────────────────────────────────────────────────────────────────────────────────────────────────────────────────────────────────────────────────────────────────
  YOLO mode (shift + tab to cycle)

  ⠼ So say we all... (3s · esc to cancel)
───────────────────────────────────────────────────────────────────────────────────────────────────────────────────────────────────────────────────────────────────────────────
*   Type your message or @path/to/file
───────────────────────────────────────────────────────────────────────────────────────────────────────────────────────────────────────────────────────────────────────────────
  YOLO mode (shift + tab to cycle)

  ⠴ So say we all... (3s · esc to cancel)
───────────────────────────────────────────────────────────────────────────────────────────────────────────────────────────────────────────────────────────────────────────────
*   Type your message or @path/to/file
───────────────────────────────────────────────────────────────────────────────────────────────────────────────────────────────────────────────────────────────────────────────
  YOLO mode (shift + tab to cycle)

  ⠦ So say we all... (3s · esc to cancel)
───────────────────────────────────────────────────────────────────────────────────────────────────────────────────────────────────────────────────────────────────────────────
*   Type your message or @path/to/file
───────────────────────────────────────────────────────────────────────────────────────────────────────────────────────────────────────────────────────────────────────────────
  YOLO mode (shift + tab to cycle)

  ⠧ So say we all... (3s · esc to cancel)
───────────────────────────────────────────────────────────────────────────────────────────────────────────────────────────────────────────────────────────────────────────────
*   Type your message or @path/to/file
───────────────────────────────────────────────────────────────────────────────────────────────────────────────────────────────────────────────────────────────────────────────
  YOLO mode (shift + tab to cycle)

  ⠇ So say we all... (3s · esc to cancel)
───────────────────────────────────────────────────────────────────────────────────────────────────────────────────────────────────────────────────────────────────────────────
*   Type your message or @path/to/file
───────────────────────────────────────────────────────────────────────────────────────────────────────────────────────────────────────────────────────────────────────────────
  YOLO mode (shift + tab to cycle)

  ⠏ So say we all... (3s · esc to cancel)
───────────────────────────────────────────────────────────────────────────────────────────────────────────────────────────────────────────────────────────────────────────────
*   Type your message or @path/to/file
───────────────────────────────────────────────────────────────────────────────────────────────────────────────────────────────────────────────────────────────────────────────
  YOLO mode (shift + tab to cycle)

  ⠏ So say we all... (4s · esc to cancel)
───────────────────────────────────────────────────────────────────────────────────────────────────────────────────────────────────────────────────────────────────────────────
*   Type your message or @path/to/file
───────────────────────────────────────────────────────────────────────────────────────────────────────────────────────────────────────────────────────────────────────────────
  YOLO mode (shift + tab to cycle)

  ⠋ So say we all... (4s · esc to cancel)
───────────────────────────────────────────────────────────────────────────────────────────────────────────────────────────────────────────────────────────────────────────────
*   Type your message or @path/to/file
───────────────────────────────────────────────────────────────────────────────────────────────────────────────────────────────────────────────────────────────────────────────
  YOLO mode (shift + tab to cycle)

  ⠙ So say we all... (4s · esc to cancel)
───────────────────────────────────────────────────────────────────────────────────────────────────────────────────────────────────────────────────────────────────────────────
*   Type your message or @path/to/file
───────────────────────────────────────────────────────────────────────────────────────────────────────────────────────────────────────────────────────────────────────────────
  YOLO mode (shift + tab to cycle)

  ⠹ So say we all... (4s · esc to cancel)
───────────────────────────────────────────────────────────────────────────────────────────────────────────────────────────────────────────────────────────────────────────────
*   Type your message or @path/to/file
───────────────────────────────────────────────────────────────────────────────────────────────────────────────────────────────────────────────────────────────────────────────
  YOLO mode (shift + tab to cycle)

  ⠸ So say we all... (4s · esc to cancel)
───────────────────────────────────────────────────────────────────────────────────────────────────────────────────────────────────────────────────────────────────────────────
*   Type your message or @path/to/file
───────────────────────────────────────────────────────────────────────────────────────────────────────────────────────────────────────────────────────────────────────────────
  YOLO mode (shift + tab to cycle)

  ⠼ So say we all... (4s · esc to cancel)
───────────────────────────────────────────────────────────────────────────────────────────────────────────────────────────────────────────────────────────────────────────────
*   Type your message or @path/to/file
───────────────────────────────────────────────────────────────────────────────────────────────────────────────────────────────────────────────────────────────────────────────
  YOLO mode (shift + tab to cycle)

  ⠴ So say we all... (4s · esc to cancel)
───────────────────────────────────────────────────────────────────────────────────────────────────────────────────────────────────────────────────────────────────────────────
*   Type your message or @path/to/file
───────────────────────────────────────────────────────────────────────────────────────────────────────────────────────────────────────────────────────────────────────────────
  YOLO mode (shift + tab to cycle)

  ⠦ So say we all... (4s · esc to cancel)
───────────────────────────────────────────────────────────────────────────────────────────────────────────────────────────────────────────────────────────────────────────────
*   Type your message or @path/to/file
───────────────────────────────────────────────────────────────────────────────────────────────────────────────────────────────────────────────────────────────────────────────
  YOLO mode (shift + tab to cycle)

  ⠧ So say we all... (4s · esc to cancel)
───────────────────────────────────────────────────────────────────────────────────────────────────────────────────────────────────────────────────────────────────────────────
*   Type your message or @path/to/file
───────────────────────────────────────────────────────────────────────────────────────────────────────────────────────────────────────────────────────────────────────────────
  YOLO mode (shift + tab to cycle)

  ⠇ So say we all... (4s · esc to cancel)
───────────────────────────────────────────────────────────────────────────────────────────────────────────────────────────────────────────────────────────────────────────────
*   Type your message or @path/to/file
───────────────────────────────────────────────────────────────────────────────────────────────────────────────────────────────────────────────────────────────────────────────
  YOLO mode (shift + tab to cycle)

  ⠏ So say we all... (4s · esc to cancel)
───────────────────────────────────────────────────────────────────────────────────────────────────────────────────────────────────────────────────────────────────────────────
*   Type your message or @path/to/file
───────────────────────────────────────────────────────────────────────────────────────────────────────────────────────────────────────────────────────────────────────────────
  YOLO mode (shift + tab to cycle)

  ⠋ So say we all... (4s · esc to cancel)
───────────────────────────────────────────────────────────────────────────────────────────────────────────────────────────────────────────────────────────────────────────────
*   Type your message or @path/to/file
───────────────────────────────────────────────────────────────────────────────────────────────────────────────────────────────────────────────────────────────────────────────
  YOLO mode (shift + tab to cycle)

  ⠙ So say we all... (4s · esc to cancel)
───────────────────────────────────────────────────────────────────────────────────────────────────────────────────────────────────────────────────────────────────────────────
*   Type your message or @path/to/file
───────────────────────────────────────────────────────────────────────────────────────────────────────────────────────────────────────────────────────────────────────────────
  YOLO mode (shift + tab to cycle)

  ⠙ So say we all... (5s · esc to cancel)
───────────────────────────────────────────────────────────────────────────────────────────────────────────────────────────────────────────────────────────────────────────────
*   Type your message or @path/to/file
───────────────────────────────────────────────────────────────────────────────────────────────────────────────────────────────────────────────────────────────────────────────
  YOLO mode (shift + tab to cycle)

  ⠹ So say we all... (5s · esc to cancel)
───────────────────────────────────────────────────────────────────────────────────────────────────────────────────────────────────────────────────────────────────────────────
*   Type your message or @path/to/file
───────────────────────────────────────────────────────────────────────────────────────────────────────────────────────────────────────────────────────────────────────────────
  YOLO mode (shift + tab to cycle)

  ⠸ So say we all... (5s · esc to cancel)
───────────────────────────────────────────────────────────────────────────────────────────────────────────────────────────────────────────────────────────────────────────────
*   Type your message or @path/to/file
───────────────────────────────────────────────────────────────────────────────────────────────────────────────────────────────────────────────────────────────────────────────
  YOLO mode (shift + tab to cycle)

  ⠼ So say we all... (5s · esc to cancel)
───────────────────────────────────────────────────────────────────────────────────────────────────────────────────────────────────────────────────────────────────────────────
*   Type your message or @path/to/file
───────────────────────────────────────────────────────────────────────────────────────────────────────────────────────────────────────────────────────────────────────────────
  YOLO mode (shift + tab to cycle)

  ⠴ So say we all... (5s · esc to cancel)
───────────────────────────────────────────────────────────────────────────────────────────────────────────────────────────────────────────────────────────────────────────────
*   Type your message or @path/to/file
───────────────────────────────────────────────────────────────────────────────────────────────────────────────────────────────────────────────────────────────────────────────
  YOLO mode (shift + tab to cycle)

  ⠦ So say we all... (5s · esc to cancel)
───────────────────────────────────────────────────────────────────────────────────────────────────────────────────────────────────────────────────────────────────────────────
*   Type your message or @path/to/file
───────────────────────────────────────────────────────────────────────────────────────────────────────────────────────────────────────────────────────────────────────────────
  YOLO mode (shift + tab to cycle)

  ⠧ So say we all... (5s · esc to cancel)
───────────────────────────────────────────────────────────────────────────────────────────────────────────────────────────────────────────────────────────────────────────────
*   Type your message or @path/to/file
───────────────────────────────────────────────────────────────────────────────────────────────────────────────────────────────────────────────────────────────────────────────
  YOLO mode (shift + tab to cycle)

  ⠇ So say we all... (5s · esc to cancel)
───────────────────────────────────────────────────────────────────────────────────────────────────────────────────────────────────────────────────────────────────────────────
*   Type your message or @path/to/file
───────────────────────────────────────────────────────────────────────────────────────────────────────────────────────────────────────────────────────────────────────────────
  YOLO mode (shift + tab to cycle)

  ⠏ So say we all... (5s · esc to cancel)
───────────────────────────────────────────────────────────────────────────────────────────────────────────────────────────────────────────────────────────────────────────────
*   Type your message or @path/to/file
───────────────────────────────────────────────────────────────────────────────────────────────────────────────────────────────────────────────────────────────────────────────
  YOLO mode (shift + tab to cycle)

  ⠋ So say we all... (5s · esc to cancel)
───────────────────────────────────────────────────────────────────────────────────────────────────────────────────────────────────────────────────────────────────────────────
*   Type your message or @path/to/file
───────────────────────────────────────────────────────────────────────────────────────────────────────────────────────────────────────────────────────────────────────────────
  YOLO mode (shift + tab to cycle)

  ⠙ So say we all... (5s · esc to cancel)
───────────────────────────────────────────────────────────────────────────────────────────────────────────────────────────────────────────────────────────────────────────────
*   Type your message or @path/to/file
───────────────────────────────────────────────────────────────────────────────────────────────────────────────────────────────────────────────────────────────────────────────
  YOLO mode (shift + tab to cycle)

  ⠹ So say we all... (5s · esc to cancel)
───────────────────────────────────────────────────────────────────────────────────────────────────────────────────────────────────────────────────────────────────────────────
*   Type your message or @path/to/file
───────────────────────────────────────────────────────────────────────────────────────────────────────────────────────────────────────────────────────────────────────────────
  YOLO mode (shift + tab to cycle)

  ⠸ So say we all... (5s · esc to cancel)
───────────────────────────────────────────────────────────────────────────────────────────────────────────────────────────────────────────────────────────────────────────────
*   Type your message or @path/to/file
───────────────────────────────────────────────────────────────────────────────────────────────────────────────────────────────────────────────────────────────────────────────
  YOLO mode (shift + tab to cycle)

  ⠼ So say we all... (5s · esc to cancel)
───────────────────────────────────────────────────────────────────────────────────────────────────────────────────────────────────────────────────────────────────────────────
*   Type your message or @path/to/file
───────────────────────────────────────────────────────────────────────────────────────────────────────────────────────────────────────────────────────────────────────────────
  YOLO mode (shift + tab to cycle)

  ⠼ So say we all... (6s · esc to cancel)
───────────────────────────────────────────────────────────────────────────────────────────────────────────────────────────────────────────────────────────────────────────────
*   Type your message or @path/to/file
───────────────────────────────────────────────────────────────────────────────────────────────────────────────────────────────────────────────────────────────────────────────
  YOLO mode (shift + tab to cycle)

  ⠴ So say we all... (6s · esc to cancel)
───────────────────────────────────────────────────────────────────────────────────────────────────────────────────────────────────────────────────────────────────────────────
*   Type your message or @path/to/file
───────────────────────────────────────────────────────────────────────────────────────────────────────────────────────────────────────────────────────────────────────────────
  YOLO mode (shift + tab to cycle)

  ⠦ So say we all... (6s · esc to cancel)
───────────────────────────────────────────────────────────────────────────────────────────────────────────────────────────────────────────────────────────────────────────────
*   Type your message or @path/to/file
───────────────────────────────────────────────────────────────────────────────────────────────────────────────────────────────────────────────────────────────────────────────
  YOLO mode (shift + tab to cycle)
  ⟡ Thinking… 0s
    The user is asking me to use a skill called "我的翻譯" (My Translation) with the skill path at `/Users/steward/App/tAgent/data/skills/physical-skill/translate/SKILL.md`.
     According to the rules, I need to first read the SKILL.md file to understand what the skill does, then execute it.

    Let me read the SKILL.md

  ⠦ So say we all... (6s · esc to cancel)
───────────────────────────────────────────────────────────────────────────────────────────────────────────────────────────────────────────────────────────────────────────────
*   Type your message or @path/to/file
───────────────────────────────────────────────────────────────────────────────────────────────────────────────────────────────────────────────────────────────────────────────
  YOLO mode (shift + tab to cycle)
  ⟡ Thinking… 0s
    The user is asking me to use a skill called "我的翻譯" (My Translation) with the skill path at `/Users/steward/App/tAgent/data/skills/physical-skill/translate/SKILL.md`.
     According to the rules, I need to first read the SKILL.md file to understand what the skill does, then execute it.

    Let me read the SKILL.md

  ⠧ So say we all... (6s · esc to cancel)
───────────────────────────────────────────────────────────────────────────────────────────────────────────────────────────────────────────────────────────────────────────────
*   Type your message or @path/to/file
───────────────────────────────────────────────────────────────────────────────────────────────────────────────────────────────────────────────────────────────────────────────
  YOLO mode (shift + tab to cycle)
  ⟡ Thinking… 0s
    The user is asking me to use a skill called "我的翻譯" (My Translation) with the skill path at `/Users/steward/App/tAgent/data/skills/physical-skill/translate/SKILL.md`.
     According to the rules, I need to first read the SKILL.md file to understand what the skill does, then execute it.

    Let me read the SKILL.md

  ⠇ So say we all... (6s · esc to cancel)
───────────────────────────────────────────────────────────────────────────────────────────────────────────────────────────────────────────────────────────────────────────────
*   Type your message or @path/to/file
───────────────────────────────────────────────────────────────────────────────────────────────────────────────────────────────────────────────────────────────────────────────
  YOLO mode (shift + tab to cycle)
  ⟡ Thinking… 0s
    The user is asking me to use a skill called "我的翻譯" (My Translation) with the skill path at `/Users/steward/App/tAgent/data/skills/physical-skill/translate/SKILL.md`.
     According to the rules, I need to first read the SKILL.md file to understand what the skill does, then execute it.

    Let me read the SKILL.md

  ⠏ So say we all... (6s · esc to cancel)
───────────────────────────────────────────────────────────────────────────────────────────────────────────────────────────────────────────────────────────────────────────────
*   Type your message or @path/to/file
───────────────────────────────────────────────────────────────────────────────────────────────────────────────────────────────────────────────────────────────────────────────
  YOLO mode (shift + tab to cycle)
  Thought for 0s
  ╭─────────────────────────────────────────────────────────────────────────────────────────────────────────────────────────────────────────────────────────────────────────╮
  │ ⊶  ReadFile data/skills/physical-skill/translate/SKILL.md                                                                                                               │
  ╰─────────────────────────────────────────────────────────────────────────────────────────────────────────────────────────────────────────────────────────────────────────╯

  ⠏ So say we all... (6s · esc to cancel)
───────────────────────────────────────────────────────────────────────────────────────────────────────────────────────────────────────────────────────────────────────────────
*   Type your message or @path/to/file
───────────────────────────────────────────────────────────────────────────────────────────────────────────────────────────────────────────────────────────────────────────────
  YOLO mode (shift + tab to cycle)                                                                                                                         10.9% context used
  ╭─────────────────────────────────────────────────────────────────────────────────────────────────────────────────────────────────────────────────────────────────────────╮
  │ ⊶  ReadFile data/skills/physical-skill/translate/SKILL.md                                                                                                               │
  ╰─────────────────────────────────────────────────────────────────────────────────────────────────────────────────────────────────────────────────────────────────────────╯

  ⠋ So say we all... (6s · ↑ 4 tokens · esc to cancel)
───────────────────────────────────────────────────────────────────────────────────────────────────────────────────────────────────────────────────────────────────────────────
*   Type your message or @path/to/file
───────────────────────────────────────────────────────────────────────────────────────────────────────────────────────────────────────────────────────────────────────────────
  YOLO mode (shift + tab to cycle)                                                                                                                         10.9% context used
  ╭─────────────────────────────────────────────────────────────────────────────────────────────────────────────────────────────────────────────────────────────────────────╮
  │ ✓  ReadFile data/skills/physical-skill/translate/SKILL.md                                                                                                               │
  ╰─────────────────────────────────────────────────────────────────────────────────────────────────────────────────────────────────────────────────────────────────────────╯

  ⠋ So say we all... (6s · ↑ 4 tokens · esc to cancel)
───────────────────────────────────────────────────────────────────────────────────────────────────────────────────────────────────────────────────────────────────────────────
*   Type your message or @path/to/file
───────────────────────────────────────────────────────────────────────────────────────────────────────────────────────────────────────────────────────────────────────────────
  YOLO mode (shift + tab to cycle)                                                                                                                         10.9% context used

  ⠙ So say we all... (6s · ↑ 4 tokens · esc to cancel)
───────────────────────────────────────────────────────────────────────────────────────────────────────────────────────────────────────────────────────────────────────────────
*   Type your message or @path/to/file
───────────────────────────────────────────────────────────────────────────────────────────────────────────────────────────────────────────────────────────────────────────────
  YOLO mode (shift + tab to cycle)                                                                                                                         10.9% context used

  ⠙ So say we all... (6s · ↑ 8 tokens · esc to cancel)
───────────────────────────────────────────────────────────────────────────────────────────────────────────────────────────────────────────────────────────────────────────────
*   Type your message or @path/to/file
───────────────────────────────────────────────────────────────────────────────────────────────────────────────────────────────────────────────────────────────────────────────
  YOLO mode (shift + tab to cycle)                                                                                                                         10.9% context used

  ⠹ So say we all... (6s · ↑ 8 tokens · esc to cancel)
───────────────────────────────────────────────────────────────────────────────────────────────────────────────────────────────────────────────────────────────────────────────
*   Type your message or @path/to/file
───────────────────────────────────────────────────────────────────────────────────────────────────────────────────────────────────────────────────────────────────────────────
  YOLO mode (shift + tab to cycle)                                                                                                                         10.9% context used

  ⠹ So say we all... (6s · ↑ 9 tokens · esc to cancel)
───────────────────────────────────────────────────────────────────────────────────────────────────────────────────────────────────────────────────────────────────────────────
*   Type your message or @path/to/file
───────────────────────────────────────────────────────────────────────────────────────────────────────────────────────────────────────────────────────────────────────────────
  YOLO mode (shift + tab to cycle)                                                                                                                         10.9% context used

  ⠸ So say we all... (6s · ↑ 9 tokens · esc to cancel)
───────────────────────────────────────────────────────────────────────────────────────────────────────────────────────────────────────────────────────────────────────────────
*   Type your message or @path/to/file
───────────────────────────────────────────────────────────────────────────────────────────────────────────────────────────────────────────────────────────────────────────────
  YOLO mode (shift + tab to cycle)                                                                                                                         10.9% context used

  ⠼ So say we all... (6s · ↑ 9 tokens · esc to cancel)
───────────────────────────────────────────────────────────────────────────────────────────────────────────────────────────────────────────────────────────────────────────────
*   Type your message or @path/to/file
───────────────────────────────────────────────────────────────────────────────────────────────────────────────────────────────────────────────────────────────────────────────
  YOLO mode (shift + tab to cycle)                                                                                                                         10.9% context used

  ⠼ So say we all... (6s · ↑ 10 tokens · esc to cancel)
───────────────────────────────────────────────────────────────────────────────────────────────────────────────────────────────────────────────────────────────────────────────
*   Type your message or @path/to/file
───────────────────────────────────────────────────────────────────────────────────────────────────────────────────────────────────────────────────────────────────────────────
  YOLO mode (shift + tab to cycle)                                                                                                                         10.9% context used

  ⠴ So say we all... (6s · ↑ 10 tokens · esc to cancel)
───────────────────────────────────────────────────────────────────────────────────────────────────────────────────────────────────────────────────────────────────────────────
*   Type your message or @path/to/file
───────────────────────────────────────────────────────────────────────────────────────────────────────────────────────────────────────────────────────────────────────────────
  YOLO mode (shift + tab to cycle)                                                                                                                         10.9% context used

  ⠦ So say we all... (6s · ↑ 10 tokens · esc to cancel)
───────────────────────────────────────────────────────────────────────────────────────────────────────────────────────────────────────────────────────────────────────────────
*   Type your message or @path/to/file
───────────────────────────────────────────────────────────────────────────────────────────────────────────────────────────────────────────────────────────────────────────────
  YOLO mode (shift + tab to cycle)                                                                                                                         10.9% context used

  ⠦ So say we all... (7s · ↑ 11 tokens · esc to cancel)
───────────────────────────────────────────────────────────────────────────────────────────────────────────────────────────────────────────────────────────────────────────────
*   Type your message or @path/to/file
───────────────────────────────────────────────────────────────────────────────────────────────────────────────────────────────────────────────────────────────────────────────
  YOLO mode (shift + tab to cycle)                                                                                                                         10.9% context used

  ⠧ So say we all... (7s · ↑ 11 tokens · esc to cancel)
───────────────────────────────────────────────────────────────────────────────────────────────────────────────────────────────────────────────────────────────────────────────
*   Type your message or @path/to/file
───────────────────────────────────────────────────────────────────────────────────────────────────────────────────────────────────────────────────────────────────────────────
  YOLO mode (shift + tab to cycle)                                                                                                                         10.9% context used

  ⠧ So say we all... (7s · ↑ 12 tokens · esc to cancel)
───────────────────────────────────────────────────────────────────────────────────────────────────────────────────────────────────────────────────────────────────────────────
*   Type your message or @path/to/file
───────────────────────────────────────────────────────────────────────────────────────────────────────────────────────────────────────────────────────────────────────────────
  YOLO mode (shift + tab to cycle)                                                                                                                         10.9% context used

  ⠇ So say we all... (7s · ↑ 12 tokens · esc to cancel)
───────────────────────────────────────────────────────────────────────────────────────────────────────────────────────────────────────────────────────────────────────────────
*   Type your message or @path/to/file
───────────────────────────────────────────────────────────────────────────────────────────────────────────────────────────────────────────────────────────────────────────────
  YOLO mode (shift + tab to cycle)                                                                                                                         10.9% context used

  ⠏ So say we all... (7s · ↑ 12 tokens · esc to cancel)
───────────────────────────────────────────────────────────────────────────────────────────────────────────────────────────────────────────────────────────────────────────────
*   Type your message or @path/to/file
───────────────────────────────────────────────────────────────────────────────────────────────────────────────────────────────────────────────────────────────────────────────
  YOLO mode (shift + tab to cycle)                                                                                                                         10.9% context used

  ⠏ So say we all... (7s · ↑ 13 tokens · esc to cancel)
───────────────────────────────────────────────────────────────────────────────────────────────────────────────────────────────────────────────────────────────────────────────
*   Type your message or @path/to/file
───────────────────────────────────────────────────────────────────────────────────────────────────────────────────────────────────────────────────────────────────────────────
  YOLO mode (shift + tab to cycle)                                                                                                                         10.9% context used

  ⠋ So say we all... (7s · ↑ 13 tokens · esc to cancel)
───────────────────────────────────────────────────────────────────────────────────────────────────────────────────────────────────────────────────────────────────────────────
*   Type your message or @path/to/file
───────────────────────────────────────────────────────────────────────────────────────────────────────────────────────────────────────────────────────────────────────────────
  YOLO mode (shift + tab to cycle)                                                                                                                         10.9% context used

  ⠙ So say we all... (7s · ↑ 13 tokens · esc to cancel)
───────────────────────────────────────────────────────────────────────────────────────────────────────────────────────────────────────────────────────────────────────────────
*   Type your message or @path/to/file
───────────────────────────────────────────────────────────────────────────────────────────────────────────────────────────────────────────────────────────────────────────────
  YOLO mode (shift + tab to cycle)                                                                                                                         10.9% context used

  ⠙ So say we all... (7s · ↑ 14 tokens · esc to cancel)
───────────────────────────────────────────────────────────────────────────────────────────────────────────────────────────────────────────────────────────────────────────────
*   Type your message or @path/to/file
───────────────────────────────────────────────────────────────────────────────────────────────────────────────────────────────────────────────────────────────────────────────
  YOLO mode (shift + tab to cycle)                                                                                                                         10.9% context used

  ⠹ So say we all... (7s · ↑ 14 tokens · esc to cancel)
───────────────────────────────────────────────────────────────────────────────────────────────────────────────────────────────────────────────────────────────────────────────
*   Type your message or @path/to/file
───────────────────────────────────────────────────────────────────────────────────────────────────────────────────────────────────────────────────────────────────────────────
  YOLO mode (shift + tab to cycle)                                                                                                                         10.9% context used

  ⠹ So say we all... (7s · ↑ 15 tokens · esc to cancel)
───────────────────────────────────────────────────────────────────────────────────────────────────────────────────────────────────────────────────────────────────────────────
*   Type your message or @path/to/file
───────────────────────────────────────────────────────────────────────────────────────────────────────────────────────────────────────────────────────────────────────────────
  YOLO mode (shift + tab to cycle)                                                                                                                         10.9% context used

  ⠸ So say we all... (7s · ↑ 15 tokens · esc to cancel)
───────────────────────────────────────────────────────────────────────────────────────────────────────────────────────────────────────────────────────────────────────────────
*   Type your message or @path/to/file
───────────────────────────────────────────────────────────────────────────────────────────────────────────────────────────────────────────────────────────────────────────────
  YOLO mode (shift + tab to cycle)                                                                                                                         10.9% context used

  ⠼ So say we all... (7s · ↑ 15 tokens · esc to cancel)
───────────────────────────────────────────────────────────────────────────────────────────────────────────────────────────────────────────────────────────────────────────────
*   Type your message or @path/to/file
───────────────────────────────────────────────────────────────────────────────────────────────────────────────────────────────────────────────────────────────────────────────
  YOLO mode (shift + tab to cycle)                                                                                                                         10.9% context used

  ⠼ So say we all... (7s · ↑ 16 tokens · esc to cancel)
───────────────────────────────────────────────────────────────────────────────────────────────────────────────────────────────────────────────────────────────────────────────
*   Type your message or @path/to/file
───────────────────────────────────────────────────────────────────────────────────────────────────────────────────────────────────────────────────────────────────────────────
  YOLO mode (shift + tab to cycle)                                                                                                                         10.9% context used

  ⠴ So say we all... (7s · ↑ 16 tokens · esc to cancel)
───────────────────────────────────────────────────────────────────────────────────────────────────────────────────────────────────────────────────────────────────────────────
*   Type your message or @path/to/file
───────────────────────────────────────────────────────────────────────────────────────────────────────────────────────────────────────────────────────────────────────────────
  YOLO mode (shift + tab to cycle)                                                                                                                         10.9% context used

  ⠦ So say we all... (7s · ↑ 16 tokens · esc to cancel)
───────────────────────────────────────────────────────────────────────────────────────────────────────────────────────────────────────────────────────────────────────────────
*   Type your message or @path/to/file
───────────────────────────────────────────────────────────────────────────────────────────────────────────────────────────────────────────────────────────────────────────────
  YOLO mode (shift + tab to cycle)                                                                                                                         10.9% context used

  ⠦ So say we all... (7s · ↑ 17 tokens · esc to cancel)
───────────────────────────────────────────────────────────────────────────────────────────────────────────────────────────────────────────────────────────────────────────────
*   Type your message or @path/to/file
───────────────────────────────────────────────────────────────────────────────────────────────────────────────────────────────────────────────────────────────────────────────
  YOLO mode (shift + tab to cycle)                                                                                                                         10.9% context used

  ⠧ So say we all... (7s · ↑ 17 tokens · esc to cancel)
───────────────────────────────────────────────────────────────────────────────────────────────────────────────────────────────────────────────────────────────────────────────
*   Type your message or @path/to/file
───────────────────────────────────────────────────────────────────────────────────────────────────────────────────────────────────────────────────────────────────────────────
  YOLO mode (shift + tab to cycle)                                                                                                                         10.9% context used

  ⠧ So say we all... (7s · ↑ 18 tokens · esc to cancel)
───────────────────────────────────────────────────────────────────────────────────────────────────────────────────────────────────────────────────────────────────────────────
*   Type your message or @path/to/file
───────────────────────────────────────────────────────────────────────────────────────────────────────────────────────────────────────────────────────────────────────────────
  YOLO mode (shift + tab to cycle)                                                                                                                         10.9% context used

  ⠇ So say we all... (7s · ↑ 18 tokens · esc to cancel)
───────────────────────────────────────────────────────────────────────────────────────────────────────────────────────────────────────────────────────────────────────────────
*   Type your message or @path/to/file
───────────────────────────────────────────────────────────────────────────────────────────────────────────────────────────────────────────────────────────────────────────────
  YOLO mode (shift + tab to cycle)                                                                                                                         10.9% context used

  ⠇ So say we all... (8s · ↑ 18 tokens · esc to cancel)
───────────────────────────────────────────────────────────────────────────────────────────────────────────────────────────────────────────────────────────────────────────────
*   Type your message or @path/to/file
───────────────────────────────────────────────────────────────────────────────────────────────────────────────────────────────────────────────────────────────────────────────
  YOLO mode (shift + tab to cycle)                                                                                                                         10.9% context used

  ⠏ So say we all... (8s · ↑ 18 tokens · esc to cancel)
───────────────────────────────────────────────────────────────────────────────────────────────────────────────────────────────────────────────────────────────────────────────
*   Type your message or @path/to/file
───────────────────────────────────────────────────────────────────────────────────────────────────────────────────────────────────────────────────────────────────────────────
  YOLO mode (shift + tab to cycle)                                                                                                                         10.9% context used

  ⠏ So say we all... (8s · ↑ 19 tokens · esc to cancel)
───────────────────────────────────────────────────────────────────────────────────────────────────────────────────────────────────────────────────────────────────────────────
*   Type your message or @path/to/file
───────────────────────────────────────────────────────────────────────────────────────────────────────────────────────────────────────────────────────────────────────────────
  YOLO mode (shift + tab to cycle)                                                                                                                         10.9% context used

  ⠋ So say we all... (8s · ↑ 19 tokens · esc to cancel)
───────────────────────────────────────────────────────────────────────────────────────────────────────────────────────────────────────────────────────────────────────────────
*   Type your message or @path/to/file
───────────────────────────────────────────────────────────────────────────────────────────────────────────────────────────────────────────────────────────────────────────────
  YOLO mode (shift + tab to cycle)                                                                                                                         10.9% context used

  ⠙ So say we all... (8s · ↑ 19 tokens · esc to cancel)
───────────────────────────────────────────────────────────────────────────────────────────────────────────────────────────────────────────────────────────────────────────────
*   Type your message or @path/to/file
───────────────────────────────────────────────────────────────────────────────────────────────────────────────────────────────────────────────────────────────────────────────
  YOLO mode (shift + tab to cycle)                                                                                                                         10.9% context used

  ⠙ So say we all... (8s · ↑ 20 tokens · esc to cancel)
───────────────────────────────────────────────────────────────────────────────────────────────────────────────────────────────────────────────────────────────────────────────
*   Type your message or @path/to/file
───────────────────────────────────────────────────────────────────────────────────────────────────────────────────────────────────────────────────────────────────────────────
  YOLO mode (shift + tab to cycle)                                                                                                                         10.9% context used

  ⠹ So say we all... (8s · ↑ 20 tokens · esc to cancel)
───────────────────────────────────────────────────────────────────────────────────────────────────────────────────────────────────────────────────────────────────────────────
*   Type your message or @path/to/file
───────────────────────────────────────────────────────────────────────────────────────────────────────────────────────────────────────────────────────────────────────────────
  YOLO mode (shift + tab to cycle)                                                                                                                         10.9% context used

  ⠹ So say we all... (8s · ↑ 21 tokens · esc to cancel)
───────────────────────────────────────────────────────────────────────────────────────────────────────────────────────────────────────────────────────────────────────────────
*   Type your message or @path/to/file
───────────────────────────────────────────────────────────────────────────────────────────────────────────────────────────────────────────────────────────────────────────────
  YOLO mode (shift + tab to cycle)                                                                                                                         10.9% context used

  ⠸ So say we all... (8s · ↑ 21 tokens · esc to cancel)
───────────────────────────────────────────────────────────────────────────────────────────────────────────────────────────────────────────────────────────────────────────────
*   Type your message or @path/to/file
───────────────────────────────────────────────────────────────────────────────────────────────────────────────────────────────────────────────────────────────────────────────
  YOLO mode (shift + tab to cycle)                                                                                                                         10.9% context used

  ⠼ So say we all... (8s · ↑ 21 tokens · esc to cancel)
───────────────────────────────────────────────────────────────────────────────────────────────────────────────────────────────────────────────────────────────────────────────
*   Type your message or @path/to/file
───────────────────────────────────────────────────────────────────────────────────────────────────────────────────────────────────────────────────────────────────────────────
  YOLO mode (shift + tab to cycle)                                                                                                                         10.9% context used

  ⠼ So say we all... (8s · ↑ 22 tokens · esc to cancel)
───────────────────────────────────────────────────────────────────────────────────────────────────────────────────────────────────────────────────────────────────────────────
*   Type your message or @path/to/file
───────────────────────────────────────────────────────────────────────────────────────────────────────────────────────────────────────────────────────────────────────────────
  YOLO mode (shift + tab to cycle)                                                                                                                         10.9% context used

  ⠴ So say we all... (8s · ↑ 22 tokens · esc to cancel)
───────────────────────────────────────────────────────────────────────────────────────────────────────────────────────────────────────────────────────────────────────────────
*   Type your message or @path/to/file
───────────────────────────────────────────────────────────────────────────────────────────────────────────────────────────────────────────────────────────────────────────────
  YOLO mode (shift + tab to cycle)                                                                                                                         10.9% context used

  ⠦ So say we all... (8s · ↑ 22 tokens · esc to cancel)
───────────────────────────────────────────────────────────────────────────────────────────────────────────────────────────────────────────────────────────────────────────────
*   Type your message or @path/to/file
───────────────────────────────────────────────────────────────────────────────────────────────────────────────────────────────────────────────────────────────────────────────
  YOLO mode (shift + tab to cycle)                                                                                                                         10.9% context used

  ⠧ So say we all... (8s · ↑ 22 tokens · esc to cancel)
───────────────────────────────────────────────────────────────────────────────────────────────────────────────────────────────────────────────────────────────────────────────
*   Type your message or @path/to/file
───────────────────────────────────────────────────────────────────────────────────────────────────────────────────────────────────────────────────────────────────────────────
  YOLO mode (shift + tab to cycle)                                                                                                                         10.9% context used

  ⠇ So say we all... (8s · ↑ 22 tokens · esc to cancel)
───────────────────────────────────────────────────────────────────────────────────────────────────────────────────────────────────────────────────────────────────────────────
*   Type your message or @path/to/file
───────────────────────────────────────────────────────────────────────────────────────────────────────────────────────────────────────────────────────────────────────────────
  YOLO mode (shift + tab to cycle)                                                                                                                         10.9% context used

  ⠏ So say we all... (8s · ↑ 22 tokens · esc to cancel)
───────────────────────────────────────────────────────────────────────────────────────────────────────────────────────────────────────────────────────────────────────────────
*   Type your message or @path/to/file
───────────────────────────────────────────────────────────────────────────────────────────────────────────────────────────────────────────────────────────────────────────────
  YOLO mode (shift + tab to cycle)                                                                                                                         10.9% context used

  ⠋ So say we all... (8s · ↑ 22 tokens · esc to cancel)
───────────────────────────────────────────────────────────────────────────────────────────────────────────────────────────────────────────────────────────────────────────────
*   Type your message or @path/to/file
───────────────────────────────────────────────────────────────────────────────────────────────────────────────────────────────────────────────────────────────────────────────
  YOLO mode (shift + tab to cycle)                                                                                                                         10.9% context used

  ⠙ So say we all... (8s · ↑ 22 tokens · esc to cancel)
───────────────────────────────────────────────────────────────────────────────────────────────────────────────────────────────────────────────────────────────────────────────
*   Type your message or @path/to/file
───────────────────────────────────────────────────────────────────────────────────────────────────────────────────────────────────────────────────────────────────────────────
  YOLO mode (shift + tab to cycle)                                                                                                                         10.9% context used

  ⠙ So say we all... (9s · ↑ 22 tokens · esc to cancel)
───────────────────────────────────────────────────────────────────────────────────────────────────────────────────────────────────────────────────────────────────────────────
*   Type your message or @path/to/file
───────────────────────────────────────────────────────────────────────────────────────────────────────────────────────────────────────────────────────────────────────────────
  YOLO mode (shift + tab to cycle)                                                                                                                         10.9% context used

  ⠹ So say we all... (9s · ↑ 22 tokens · esc to cancel)
───────────────────────────────────────────────────────────────────────────────────────────────────────────────────────────────────────────────────────────────────────────────
*   Type your message or @path/to/file
───────────────────────────────────────────────────────────────────────────────────────────────────────────────────────────────────────────────────────────────────────────────
  YOLO mode (shift + tab to cycle)                                                                                                                         10.9% context used

  ⠸ So say we all... (9s · ↑ 22 tokens · esc to cancel)
───────────────────────────────────────────────────────────────────────────────────────────────────────────────────────────────────────────────────────────────────────────────
*   Type your message or @path/to/file
───────────────────────────────────────────────────────────────────────────────────────────────────────────────────────────────────────────────────────────────────────────────
  YOLO mode (shift + tab to cycle)                                                                                                                         10.9% context used

  ⠼ So say we all... (9s · ↑ 22 tokens · esc to cancel)
───────────────────────────────────────────────────────────────────────────────────────────────────────────────────────────────────────────────────────────────────────────────
*   Type your message or @path/to/file
───────────────────────────────────────────────────────────────────────────────────────────────────────────────────────────────────────────────────────────────────────────────
  YOLO mode (shift + tab to cycle)                                                                                                                         10.9% context used

  ⠴ So say we all... (9s · ↑ 22 tokens · esc to cancel)
───────────────────────────────────────────────────────────────────────────────────────────────────────────────────────────────────────────────────────────────────────────────
*   Type your message or @path/to/file
───────────────────────────────────────────────────────────────────────────────────────────────────────────────────────────────────────────────────────────────────────────────
  YOLO mode (shift + tab to cycle)                                                                                                                         10.9% context used

  ⠦ So say we all... (9s · ↑ 22 tokens · esc to cancel)
───────────────────────────────────────────────────────────────────────────────────────────────────────────────────────────────────────────────────────────────────────────────
*   Type your message or @path/to/file
───────────────────────────────────────────────────────────────────────────────────────────────────────────────────────────────────────────────────────────────────────────────
  YOLO mode (shift + tab to cycle)                                                                                                                         10.9% context used

  ⠧ So say we all... (9s · ↑ 22 tokens · esc to cancel)
───────────────────────────────────────────────────────────────────────────────────────────────────────────────────────────────────────────────────────────────────────────────
*   Type your message or @path/to/file
───────────────────────────────────────────────────────────────────────────────────────────────────────────────────────────────────────────────────────────────────────────────
  YOLO mode (shift + tab to cycle)                                                                                                                         10.9% context used

  ⠇ So say we all... (9s · ↑ 22 tokens · esc to cancel)
───────────────────────────────────────────────────────────────────────────────────────────────────────────────────────────────────────────────────────────────────────────────
*   Type your message or @path/to/file
───────────────────────────────────────────────────────────────────────────────────────────────────────────────────────────────────────────────────────────────────────────────
  YOLO mode (shift + tab to cycle)                                                                                                                         10.9% context used

  ⠏ So say we all... (9s · ↑ 22 tokens · esc to cancel)
───────────────────────────────────────────────────────────────────────────────────────────────────────────────────────────────────────────────────────────────────────────────
*   Type your message or @path/to/file
───────────────────────────────────────────────────────────────────────────────────────────────────────────────────────────────────────────────────────────────────────────────
  YOLO mode (shift + tab to cycle)                                                                                                                         10.9% context used

  ⠋ So say we all... (9s · ↑ 22 tokens · esc to cancel)
───────────────────────────────────────────────────────────────────────────────────────────────────────────────────────────────────────────────────────────────────────────────
*   Type your message or @path/to/file
───────────────────────────────────────────────────────────────────────────────────────────────────────────────────────────────────────────────────────────────────────────────
  YOLO mode (shift + tab to cycle)                                                                                                                         10.9% context used

  ⠙ So say we all... (9s · ↑ 22 tokens · esc to cancel)
───────────────────────────────────────────────────────────────────────────────────────────────────────────────────────────────────────────────────────────────────────────────
*   Type your message or @path/to/file
───────────────────────────────────────────────────────────────────────────────────────────────────────────────────────────────────────────────────────────────────────────────
  YOLO mode (shift + tab to cycle)                                                                                                                         10.9% context used

  ⠹ So say we all... (9s · ↑ 22 tokens · esc to cancel)
───────────────────────────────────────────────────────────────────────────────────────────────────────────────────────────────────────────────────────────────────────────────
*   Type your message or @path/to/file
───────────────────────────────────────────────────────────────────────────────────────────────────────────────────────────────────────────────────────────────────────────────
  YOLO mode (shift + tab to cycle)                                                                                                                         10.9% context used

  ⠸ So say we all... (9s · ↑ 22 tokens · esc to cancel)
───────────────────────────────────────────────────────────────────────────────────────────────────────────────────────────────────────────────────────────────────────────────
*   Type your message or @path/to/file
───────────────────────────────────────────────────────────────────────────────────────────────────────────────────────────────────────────────────────────────────────────────
  YOLO mode (shift + tab to cycle)                                                                                                                         10.9% context used

  ⠸ So say we all... (10s · ↑ 22 tokens · esc to cancel)
───────────────────────────────────────────────────────────────────────────────────────────────────────────────────────────────────────────────────────────────────────────────
*   Type your message or @path/to/file
───────────────────────────────────────────────────────────────────────────────────────────────────────────────────────────────────────────────────────────────────────────────
  YOLO mode (shift + tab to cycle)                                                                                                                         10.9% context used

  ⠼ So say we all... (10s · ↑ 22 tokens · esc to cancel)
───────────────────────────────────────────────────────────────────────────────────────────────────────────────────────────────────────────────────────────────────────────────
*   Type your message or @path/to/file
───────────────────────────────────────────────────────────────────────────────────────────────────────────────────────────────────────────────────────────────────────────────
  YOLO mode (shift + tab to cycle)                                                                                                                         10.9% context used

  ⠴ So say we all... (10s · ↑ 22 tokens · esc to cancel)
───────────────────────────────────────────────────────────────────────────────────────────────────────────────────────────────────────────────────────────────────────────────
*   Type your message or @path/to/file
───────────────────────────────────────────────────────────────────────────────────────────────────────────────────────────────────────────────────────────────────────────────
  YOLO mode (shift + tab to cycle)                                                                                                                         10.9% context used

  ⠦ So say we all... (10s · ↑ 22 tokens · esc to cancel)
───────────────────────────────────────────────────────────────────────────────────────────────────────────────────────────────────────────────────────────────────────────────
*   Type your message or @path/to/file
───────────────────────────────────────────────────────────────────────────────────────────────────────────────────────────────────────────────────────────────────────────────
  YOLO mode (shift + tab to cycle)                                                                                                                         10.9% context used

  ⠧ So say we all... (10s · ↑ 22 tokens · esc to cancel)
───────────────────────────────────────────────────────────────────────────────────────────────────────────────────────────────────────────────────────────────────────────────
*   Type your message or @path/to/file
───────────────────────────────────────────────────────────────────────────────────────────────────────────────────────────────────────────────────────────────────────────────
  YOLO mode (shift + tab to cycle)                                                                                                                         10.9% context used

  ⠇ So say we all... (10s · ↑ 22 tokens · esc to cancel)
───────────────────────────────────────────────────────────────────────────────────────────────────────────────────────────────────────────────────────────────────────────────
*   Type your message or @path/to/file
───────────────────────────────────────────────────────────────────────────────────────────────────────────────────────────────────────────────────────────────────────────────
  YOLO mode (shift + tab to cycle)                                                                                                                         10.9% context used

  ⠏ So say we all... (10s · ↑ 22 tokens · esc to cancel)
───────────────────────────────────────────────────────────────────────────────────────────────────────────────────────────────────────────────────────────────────────────────
*   Type your message or @path/to/file
───────────────────────────────────────────────────────────────────────────────────────────────────────────────────────────────────────────────────────────────────────────────
  YOLO mode (shift + tab to cycle)                                                                                                                         10.9% context used

  ⠋ So say we all... (10s · ↑ 22 tokens · esc to cancel)
───────────────────────────────────────────────────────────────────────────────────────────────────────────────────────────────────────────────────────────────────────────────
*   Type your message or @path/to/file
───────────────────────────────────────────────────────────────────────────────────────────────────────────────────────────────────────────────────────────────────────────────
  YOLO mode (shift + tab to cycle)                                                                                                                         10.9% context used

  ⠙ So say we all... (10s · ↑ 22 tokens · esc to cancel)
───────────────────────────────────────────────────────────────────────────────────────────────────────────────────────────────────────────────────────────────────────────────
*   Type your message or @path/to/file
───────────────────────────────────────────────────────────────────────────────────────────────────────────────────────────────────────────────────────────────────────────────
  YOLO mode (shift + tab to cycle)                                                                                                                         10.9% context used

  ⠹ So say we all... (10s · ↑ 22 tokens · esc to cancel)
───────────────────────────────────────────────────────────────────────────────────────────────────────────────────────────────────────────────────────────────────────────────
*   Type your message or @path/to/file
───────────────────────────────────────────────────────────────────────────────────────────────────────────────────────────────────────────────────────────────────────────────
  YOLO mode (shift + tab to cycle)                                                                                                                         10.9% context used

  ⠸ So say we all... (10s · ↑ 22 tokens · esc to cancel)
───────────────────────────────────────────────────────────────────────────────────────────────────────────────────────────────────────────────────────────────────────────────
*   Type your message or @path/to/file
───────────────────────────────────────────────────────────────────────────────────────────────────────────────────────────────────────────────────────────────────────────────
  YOLO mode (shift + tab to cycle)                                                                                                                         10.9% context used

  ⠼ So say we all... (10s · ↑ 22 tokens · esc to cancel)
───────────────────────────────────────────────────────────────────────────────────────────────────────────────────────────────────────────────────────────────────────────────
*   Type your message or @path/to/file
───────────────────────────────────────────────────────────────────────────────────────────────────────────────────────────────────────────────────────────────────────────────
  YOLO mode (shift + tab to cycle)                                                                                                                         10.9% context used

  ⠴ So say we all... (10s · ↑ 22 tokens · esc to cancel)
───────────────────────────────────────────────────────────────────────────────────────────────────────────────────────────────────────────────────────────────────────────────
*   Type your message or @path/to/file
───────────────────────────────────────────────────────────────────────────────────────────────────────────────────────────────────────────────────────────────────────────────
  YOLO mode (shift + tab to cycle)                                                                                                                         10.9% context used

  ⠴ So say we all... (11s · ↑ 22 tokens · esc to cancel)
───────────────────────────────────────────────────────────────────────────────────────────────────────────────────────────────────────────────────────────────────────────────
*   Type your message or @path/to/file
───────────────────────────────────────────────────────────────────────────────────────────────────────────────────────────────────────────────────────────────────────────────
  YOLO mode (shift + tab to cycle)                                                                                                                         10.9% context used

  ⠦ So say we all... (11s · ↑ 22 tokens · esc to cancel)
───────────────────────────────────────────────────────────────────────────────────────────────────────────────────────────────────────────────────────────────────────────────
*   Type your message or @path/to/file
───────────────────────────────────────────────────────────────────────────────────────────────────────────────────────────────────────────────────────────────────────────────
  YOLO mode (shift + tab to cycle)                                                                                                                         10.9% context used

  ⠧ So say we all... (11s · ↑ 22 tokens · esc to cancel)
───────────────────────────────────────────────────────────────────────────────────────────────────────────────────────────────────────────────────────────────────────────────
*   Type your message or @path/to/file
───────────────────────────────────────────────────────────────────────────────────────────────────────────────────────────────────────────────────────────────────────────────
  YOLO mode (shift + tab to cycle)                                                                                                                         10.9% context used

  ⠇ So say we all... (11s · ↑ 22 tokens · esc to cancel)
───────────────────────────────────────────────────────────────────────────────────────────────────────────────────────────────────────────────────────────────────────────────
*   Type your message or @path/to/file
───────────────────────────────────────────────────────────────────────────────────────────────────────────────────────────────────────────────────────────────────────────────
  YOLO mode (shift + tab to cycle)                                                                                                                         10.9% context used

  ⠏ So say we all... (11s · ↑ 22 tokens · esc to cancel)
───────────────────────────────────────────────────────────────────────────────────────────────────────────────────────────────────────────────────────────────────────────────
*   Type your message or @path/to/file
───────────────────────────────────────────────────────────────────────────────────────────────────────────────────────────────────────────────────────────────────────────────
  YOLO mode (shift + tab to cycle)                                                                                                                         10.9% context used

  ⠋ So say we all... (11s · ↑ 22 tokens · esc to cancel)
───────────────────────────────────────────────────────────────────────────────────────────────────────────────────────────────────────────────────────────────────────────────
*   Type your message or @path/to/file
───────────────────────────────────────────────────────────────────────────────────────────────────────────────────────────────────────────────────────────────────────────────
  YOLO mode (shift + tab to cycle)                                                                                                                         10.9% context used

  ⠙ So say we all... (11s · ↑ 22 tokens · esc to cancel)
───────────────────────────────────────────────────────────────────────────────────────────────────────────────────────────────────────────────────────────────────────────────
*   Type your message or @path/to/file
───────────────────────────────────────────────────────────────────────────────────────────────────────────────────────────────────────────────────────────────────────────────
  YOLO mode (shift + tab to cycle)                                                                                                                         10.9% context used

  ⠹ So say we all... (11s · ↑ 22 tokens · esc to cancel)
───────────────────────────────────────────────────────────────────────────────────────────────────────────────────────────────────────────────────────────────────────────────
*   Type your message or @path/to/file
───────────────────────────────────────────────────────────────────────────────────────────────────────────────────────────────────────────────────────────────────────────────
  YOLO mode (shift + tab to cycle)                                                                                                                         10.9% context used

  ⠸ So say we all... (11s · ↑ 22 tokens · esc to cancel)
───────────────────────────────────────────────────────────────────────────────────────────────────────────────────────────────────────────────────────────────────────────────
*   Type your message or @path/to/file
───────────────────────────────────────────────────────────────────────────────────────────────────────────────────────────────────────────────────────────────────────────────
  YOLO mode (shift + tab to cycle)                                                                                                                         10.9% context used

  ⠼ So say we all... (11s · ↑ 22 tokens · esc to cancel)
───────────────────────────────────────────────────────────────────────────────────────────────────────────────────────────────────────────────────────────────────────────────
*   Type your message or @path/to/file
───────────────────────────────────────────────────────────────────────────────────────────────────────────────────────────────────────────────────────────────────────────────
  YOLO mode (shift + tab to cycle)                                                                                                                         10.9% context used

  ⠴ So say we all... (11s · ↑ 22 tokens · esc to cancel)
───────────────────────────────────────────────────────────────────────────────────────────────────────────────────────────────────────────────────────────────────────────────
*   Type your message or @path/to/file
───────────────────────────────────────────────────────────────────────────────────────────────────────────────────────────────────────────────────────────────────────────────
  YOLO mode (shift + tab to cycle)                                                                                                                         10.9% context used

  ⠦ So say we all... (11s · ↑ 22 tokens · esc to cancel)
───────────────────────────────────────────────────────────────────────────────────────────────────────────────────────────────────────────────────────────────────────────────
*   Type your message or @path/to/file
───────────────────────────────────────────────────────────────────────────────────────────────────────────────────────────────────────────────────────────────────────────────
  YOLO mode (shift + tab to cycle)                                                                                                                         10.9% context used

  ⠧ So say we all... (11s · ↑ 22 tokens · esc to cancel)
───────────────────────────────────────────────────────────────────────────────────────────────────────────────────────────────────────────────────────────────────────────────
*   Type your message or @path/to/file
───────────────────────────────────────────────────────────────────────────────────────────────────────────────────────────────────────────────────────────────────────────────
  YOLO mode (shift + tab to cycle)                                                                                                                         10.9% context used

  ⠇ So say we all... (11s · ↑ 22 tokens · esc to cancel)
───────────────────────────────────────────────────────────────────────────────────────────────────────────────────────────────────────────────────────────────────────────────
*   Type your message or @path/to/file
───────────────────────────────────────────────────────────────────────────────────────────────────────────────────────────────────────────────────────────────────────────────
  YOLO mode (shift + tab to cycle)                                                                                                                         10.9% context used

  ⠇ So say we all... (12s · ↑ 22 tokens · esc to cancel)
───────────────────────────────────────────────────────────────────────────────────────────────────────────────────────────────────────────────────────────────────────────────
*   Type your message or @path/to/file
───────────────────────────────────────────────────────────────────────────────────────────────────────────────────────────────────────────────────────────────────────────────
  YOLO mode (shift + tab to cycle)                                                                                                                         10.9% context used

  ⠏ So say we all... (12s · ↑ 22 tokens · esc to cancel)
───────────────────────────────────────────────────────────────────────────────────────────────────────────────────────────────────────────────────────────────────────────────
*   Type your message or @path/to/file
───────────────────────────────────────────────────────────────────────────────────────────────────────────────────────────────────────────────────────────────────────────────
  YOLO mode (shift + tab to cycle)                                                                                                                         10.9% context used

  ⠋ So say we all... (12s · ↑ 22 tokens · esc to cancel)
───────────────────────────────────────────────────────────────────────────────────────────────────────────────────────────────────────────────────────────────────────────────
*   Type your message or @path/to/file
───────────────────────────────────────────────────────────────────────────────────────────────────────────────────────────────────────────────────────────────────────────────
  YOLO mode (shift + tab to cycle)                                                                                                                         10.9% context used

  ⠙ So say we all... (12s · ↑ 22 tokens · esc to cancel)
───────────────────────────────────────────────────────────────────────────────────────────────────────────────────────────────────────────────────────────────────────────────
*   Type your message or @path/to/file
───────────────────────────────────────────────────────────────────────────────────────────────────────────────────────────────────────────────────────────────────────────────
  YOLO mode (shift + tab to cycle)                                                                                                                         10.9% context used

  ⠹ So say we all... (12s · ↑ 22 tokens · esc to cancel)
───────────────────────────────────────────────────────────────────────────────────────────────────────────────────────────────────────────────────────────────────────────────
*   Type your message or @path/to/file
───────────────────────────────────────────────────────────────────────────────────────────────────────────────────────────────────────────────────────────────────────────────
  YOLO mode (shift + tab to cycle)                                                                                                                         10.9% context used

  ⠸ So say we all... (12s · ↑ 22 tokens · esc to cancel)
───────────────────────────────────────────────────────────────────────────────────────────────────────────────────────────────────────────────────────────────────────────────
*   Type your message or @path/to/file
───────────────────────────────────────────────────────────────────────────────────────────────────────────────────────────────────────────────────────────────────────────────
  YOLO mode (shift + tab to cycle)                                                                                                                         10.9% context used

  ⠼ So say we all... (12s · ↑ 22 tokens · esc to cancel)
───────────────────────────────────────────────────────────────────────────────────────────────────────────────────────────────────────────────────────────────────────────────
*   Type your message or @path/to/file
───────────────────────────────────────────────────────────────────────────────────────────────────────────────────────────────────────────────────────────────────────────────
  YOLO mode (shift + tab to cycle)                                                                                                                         10.9% context used

  ⠴ So say we all... (12s · ↑ 22 tokens · esc to cancel)
───────────────────────────────────────────────────────────────────────────────────────────────────────────────────────────────────────────────────────────────────────────────
*   Type your message or @path/to/file
───────────────────────────────────────────────────────────────────────────────────────────────────────────────────────────────────────────────────────────────────────────────
  YOLO mode (shift + tab to cycle)                                                                                                                         10.9% context used

  ⠦ So say we all... (12s · ↑ 22 tokens · esc to cancel)
───────────────────────────────────────────────────────────────────────────────────────────────────────────────────────────────────────────────────────────────────────────────
*   Type your message or @path/to/file
───────────────────────────────────────────────────────────────────────────────────────────────────────────────────────────────────────────────────────────────────────────────
  YOLO mode (shift + tab to cycle)                                                                                                                         10.9% context used

  ⠧ So say we all... (12s · ↑ 22 tokens · esc to cancel)
───────────────────────────────────────────────────────────────────────────────────────────────────────────────────────────────────────────────────────────────────────────────
*   Type your message or @path/to/file
───────────────────────────────────────────────────────────────────────────────────────────────────────────────────────────────────────────────────────────────────────────────
  YOLO mode (shift + tab to cycle)                                                                                                                         10.9% context used

  ⠇ So say we all... (12s · ↑ 22 tokens · esc to cancel)
───────────────────────────────────────────────────────────────────────────────────────────────────────────────────────────────────────────────────────────────────────────────
*   Type your message or @path/to/file
───────────────────────────────────────────────────────────────────────────────────────────────────────────────────────────────────────────────────────────────────────────────
  YOLO mode (shift + tab to cycle)                                                                                                                         10.9% context used

  ⠏ So say we all... (12s · ↑ 22 tokens · esc to cancel)
───────────────────────────────────────────────────────────────────────────────────────────────────────────────────────────────────────────────────────────────────────────────
*   Type your message or @path/to/file
───────────────────────────────────────────────────────────────────────────────────────────────────────────────────────────────────────────────────────────────────────────────
  YOLO mode (shift + tab to cycle)                                                                                                                         10.9% context used

  ⠋ So say we all... (12s · ↑ 22 tokens · esc to cancel)
───────────────────────────────────────────────────────────────────────────────────────────────────────────────────────────────────────────────────────────────────────────────
*   Type your message or @path/to/file
───────────────────────────────────────────────────────────────────────────────────────────────────────────────────────────────────────────────────────────────────────────────
  YOLO mode (shift + tab to cycle)                                                                                                                         10.9% context used

  ⠋ So say we all... (13s · ↑ 22 tokens · esc to cancel)
───────────────────────────────────────────────────────────────────────────────────────────────────────────────────────────────────────────────────────────────────────────────
*   Type your message or @path/to/file
───────────────────────────────────────────────────────────────────────────────────────────────────────────────────────────────────────────────────────────────────────────────
  YOLO mode (shift + tab to cycle)                                                                                                                         10.9% context used

  ⠙ So say we all... (13s · ↑ 22 tokens · esc to cancel)
───────────────────────────────────────────────────────────────────────────────────────────────────────────────────────────────────────────────────────────────────────────────
*   Type your message or @path/to/file
───────────────────────────────────────────────────────────────────────────────────────────────────────────────────────────────────────────────────────────────────────────────
  YOLO mode (shift + tab to cycle)                                                                                                                         10.9% context used

  ⠹ So say we all... (13s · ↑ 22 tokens · esc to cancel)
───────────────────────────────────────────────────────────────────────────────────────────────────────────────────────────────────────────────────────────────────────────────
*   Type your message or @path/to/file
───────────────────────────────────────────────────────────────────────────────────────────────────────────────────────────────────────────────────────────────────────────────
  YOLO mode (shift + tab to cycle)                                                                                                                         10.9% context used

  ⠸ So say we all... (13s · ↑ 22 tokens · esc to cancel)
───────────────────────────────────────────────────────────────────────────────────────────────────────────────────────────────────────────────────────────────────────────────
*   Type your message or @path/to/file
───────────────────────────────────────────────────────────────────────────────────────────────────────────────────────────────────────────────────────────────────────────────
  YOLO mode (shift + tab to cycle)                                                                                                                         10.9% context used

  ⠼ So say we all... (13s · ↑ 22 tokens · esc to cancel)
───────────────────────────────────────────────────────────────────────────────────────────────────────────────────────────────────────────────────────────────────────────────
*   Type your message or @path/to/file
───────────────────────────────────────────────────────────────────────────────────────────────────────────────────────────────────────────────────────────────────────────────
  YOLO mode (shift + tab to cycle)                                                                                                                         10.9% context used

  ⠴ So say we all... (13s · ↑ 22 tokens · esc to cancel)
───────────────────────────────────────────────────────────────────────────────────────────────────────────────────────────────────────────────────────────────────────────────
*   Type your message or @path/to/file
───────────────────────────────────────────────────────────────────────────────────────────────────────────────────────────────────────────────────────────────────────────────
  YOLO mode (shift + tab to cycle)                                                                                                                         10.9% context used

  ⠦ So say we all... (13s · ↑ 22 tokens · esc to cancel)
───────────────────────────────────────────────────────────────────────────────────────────────────────────────────────────────────────────────────────────────────────────────
*   Type your message or @path/to/file
───────────────────────────────────────────────────────────────────────────────────────────────────────────────────────────────────────────────────────────────────────────────
  YOLO mode (shift + tab to cycle)                                                                                                                         10.9% context used

  ⠧ So say we all... (13s · ↑ 22 tokens · esc to cancel)
───────────────────────────────────────────────────────────────────────────────────────────────────────────────────────────────────────────────────────────────────────────────
*   Type your message or @path/to/file
───────────────────────────────────────────────────────────────────────────────────────────────────────────────────────────────────────────────────────────────────────────────
  YOLO mode (shift + tab to cycle)                                                                                                                         10.9% context used

  ⠇ So say we all... (13s · ↑ 22 tokens · esc to cancel)
───────────────────────────────────────────────────────────────────────────────────────────────────────────────────────────────────────────────────────────────────────────────
*   Type your message or @path/to/file
───────────────────────────────────────────────────────────────────────────────────────────────────────────────────────────────────────────────────────────────────────────────
  YOLO mode (shift + tab to cycle)                                                                                                                         10.9% context used

  ⠏ So say we all... (13s · ↑ 22 tokens · esc to cancel)
───────────────────────────────────────────────────────────────────────────────────────────────────────────────────────────────────────────────────────────────────────────────
*   Type your message or @path/to/file
───────────────────────────────────────────────────────────────────────────────────────────────────────────────────────────────────────────────────────────────────────────────
  YOLO mode (shift + tab to cycle)                                                                                                                         10.9% context used

  ⠋ So say we all... (13s · ↑ 22 tokens · esc to cancel)
───────────────────────────────────────────────────────────────────────────────────────────────────────────────────────────────────────────────────────────────────────────────
*   Type your message or @path/to/file
───────────────────────────────────────────────────────────────────────────────────────────────────────────────────────────────────────────────────────────────────────────────
  YOLO mode (shift + tab to cycle)                                                                                                                         10.9% context used

  ⠙ So say we all... (13s · ↑ 22 tokens · esc to cancel)
───────────────────────────────────────────────────────────────────────────────────────────────────────────────────────────────────────────────────────────────────────────────
*   Type your message or @path/to/file
───────────────────────────────────────────────────────────────────────────────────────────────────────────────────────────────────────────────────────────────────────────────
  YOLO mode (shift + tab to cycle)                                                                                                                         10.9% context used

  ⠹ So say we all... (13s · ↑ 22 tokens · esc to cancel)
───────────────────────────────────────────────────────────────────────────────────────────────────────────────────────────────────────────────────────────────────────────────
*   Type your message or @path/to/file
───────────────────────────────────────────────────────────────────────────────────────────────────────────────────────────────────────────────────────────────────────────────
  YOLO mode (shift + tab to cycle)                                                                                                                         10.9% context used

  ⠸ So say we all... (13s · ↑ 22 tokens · esc to cancel)
───────────────────────────────────────────────────────────────────────────────────────────────────────────────────────────────────────────────────────────────────────────────
*   Type your message or @path/to/file
───────────────────────────────────────────────────────────────────────────────────────────────────────────────────────────────────────────────────────────────────────────────
  YOLO mode (shift + tab to cycle)                                                                                                                         10.9% context used

  ⠸ So say we all... (14s · ↑ 22 tokens · esc to cancel)
───────────────────────────────────────────────────────────────────────────────────────────────────────────────────────────────────────────────────────────────────────────────
*   Type your message or @path/to/file
───────────────────────────────────────────────────────────────────────────────────────────────────────────────────────────────────────────────────────────────────────────────
  YOLO mode (shift + tab to cycle)                                                                                                                         10.9% context used

  ⠼ So say we all... (14s · ↑ 22 tokens · esc to cancel)
───────────────────────────────────────────────────────────────────────────────────────────────────────────────────────────────────────────────────────────────────────────────
*   Type your message or @path/to/file
───────────────────────────────────────────────────────────────────────────────────────────────────────────────────────────────────────────────────────────────────────────────
  YOLO mode (shift + tab to cycle)                                                                                                                         10.9% context used

  ⠴ So say we all... (14s · ↑ 22 tokens · esc to cancel)
───────────────────────────────────────────────────────────────────────────────────────────────────────────────────────────────────────────────────────────────────────────────
*   Type your message or @path/to/file
───────────────────────────────────────────────────────────────────────────────────────────────────────────────────────────────────────────────────────────────────────────────
  YOLO mode (shift + tab to cycle)                                                                                                                         10.9% context used

  ⠦ So say we all... (14s · ↑ 22 tokens · esc to cancel)
───────────────────────────────────────────────────────────────────────────────────────────────────────────────────────────────────────────────────────────────────────────────
*   Type your message or @path/to/file
───────────────────────────────────────────────────────────────────────────────────────────────────────────────────────────────────────────────────────────────────────────────
  YOLO mode (shift + tab to cycle)                                                                                                                         10.9% context used

  ⠧ So say we all... (14s · ↑ 22 tokens · esc to cancel)
───────────────────────────────────────────────────────────────────────────────────────────────────────────────────────────────────────────────────────────────────────────────
*   Type your message or @path/to/file
───────────────────────────────────────────────────────────────────────────────────────────────────────────────────────────────────────────────────────────────────────────────
  YOLO mode (shift + tab to cycle)                                                                                                                         10.9% context used

  ⠇ So say we all... (14s · ↑ 22 tokens · esc to cancel)
───────────────────────────────────────────────────────────────────────────────────────────────────────────────────────────────────────────────────────────────────────────────
*   Type your message or @path/to/file
───────────────────────────────────────────────────────────────────────────────────────────────────────────────────────────────────────────────────────────────────────────────
  YOLO mode (shift + tab to cycle)                                                                                                                         10.9% context used

  ⠏ So say we all... (14s · ↑ 22 tokens · esc to cancel)
───────────────────────────────────────────────────────────────────────────────────────────────────────────────────────────────────────────────────────────────────────────────
*   Type your message or @path/to/file
───────────────────────────────────────────────────────────────────────────────────────────────────────────────────────────────────────────────────────────────────────────────
  YOLO mode (shift + tab to cycle)                                                                                                                         10.9% context used

  ⠋ So say we all... (14s · ↑ 22 tokens · esc to cancel)
───────────────────────────────────────────────────────────────────────────────────────────────────────────────────────────────────────────────────────────────────────────────
*   Type your message or @path/to/file
───────────────────────────────────────────────────────────────────────────────────────────────────────────────────────────────────────────────────────────────────────────────
  YOLO mode (shift + tab to cycle)                                                                                                                         10.9% context used
  ⟡ Thinking… 0s

    Let me translate "快速演進" and create the output content.

    "快速演進" means "rapid evolution" or

  ⠋ So say we all... (14s · ↑ 22 tokens · esc to cancel)
───────────────────────────────────────────────────────────────────────────────────────────────────────────────────────────────────────────────────────────────────────────────
*   Type your message or @path/to/file
───────────────────────────────────────────────────────────────────────────────────────────────────────────────────────────────────────────────────────────────────────────────
  YOLO mode (shift + tab to cycle)                                                                                                                         10.9% context used
  ⟡ Thinking… 0s

    Let me translate "快速演進" and create the output content.

    "快速演進" means "rapid evolution" or

  ⠙ So say we all... (14s · ↑ 22 tokens · esc to cancel)
───────────────────────────────────────────────────────────────────────────────────────────────────────────────────────────────────────────────────────────────────────────────
*   Type your message or @path/to/file
───────────────────────────────────────────────────────────────────────────────────────────────────────────────────────────────────────────────────────────────────────────────
  YOLO mode (shift + tab to cycle)                                                                                                                         10.9% context used
  ⟡ Thinking… 0s

    Let me translate "快速演進" and create the output content.

    "快速演進" means "rapid evolution" or

  ⠹ So say we all... (14s · ↑ 22 tokens · esc to cancel)
───────────────────────────────────────────────────────────────────────────────────────────────────────────────────────────────────────────────────────────────────────────────
*   Type your message or @path/to/file
───────────────────────────────────────────────────────────────────────────────────────────────────────────────────────────────────────────────────────────────────────────────
  YOLO mode (shift + tab to cycle)                                                                                                                         10.9% context used
  ⟡ Thinking… 0s

    Let me translate "快速演進" and create the output content.

    "快速演進" means "rapid evolution" or

  ⠸ So say we all... (14s · ↑ 22 tokens · esc to cancel)
───────────────────────────────────────────────────────────────────────────────────────────────────────────────────────────────────────────────────────────────────────────────
*   Type your message or @path/to/file
───────────────────────────────────────────────────────────────────────────────────────────────────────────────────────────────────────────────────────────────────────────────
  YOLO mode (shift + tab to cycle)                                                                                                                         10.9% context used
  ⟡ Thinking… 0s

    Let me translate "快速演進" and create the output content.

    "快速演進" means "rapid evolution" or

  ⠼ So say we all... (14s · ↑ 22 tokens · esc to cancel)
───────────────────────────────────────────────────────────────────────────────────────────────────────────────────────────────────────────────────────────────────────────────
*   Type your message or @path/to/file
───────────────────────────────────────────────────────────────────────────────────────────────────────────────────────────────────────────────────────────────────────────────
  YOLO mode (shift + tab to cycle)                                                                                                                         10.9% context used
  ⟡ Thinking… 0s

    Let me translate "快速演進" and create the output content.

    "快速演進" means "rapid evolution" or

  ⠴ So say we all... (14s · ↑ 22 tokens · esc to cancel)
───────────────────────────────────────────────────────────────────────────────────────────────────────────────────────────────────────────────────────────────────────────────
*   Type your message or @path/to/file
───────────────────────────────────────────────────────────────────────────────────────────────────────────────────────────────────────────────────────────────────────────────
  YOLO mode (shift + tab to cycle)                                                                                                                         10.9% context used
  ⟡ Thinking… 0s

    Let me translate "快速演進" and create the output content.

    "快速演進" means "rapid evolution" or

  ⠴ Constructing additional pylons... (14s · ↑ 22 tokens · esc to cancel)
───────────────────────────────────────────────────────────────────────────────────────────────────────────────────────────────────────────────────────────────────────────────
*   Type your message or @path/to/file
───────────────────────────────────────────────────────────────────────────────────────────────────────────────────────────────────────────────────────────────────────────────
  YOLO mode (shift + tab to cycle)                                                                                                                         10.9% context used
  ⟡ Thinking… 0s

    Let me translate "快速演進" and create the output content.

    "快速演進" means "rapid evolution" or

  ⠴ Constructing additional pylons... (15s · ↑ 22 tokens · esc to cancel)
───────────────────────────────────────────────────────────────────────────────────────────────────────────────────────────────────────────────────────────────────────────────
*   Type your message or @path/to/file
───────────────────────────────────────────────────────────────────────────────────────────────────────────────────────────────────────────────────────────────────────────────
  YOLO mode (shift + tab to cycle)                                                                                                                         10.9% context used
  ⟡ Thinking… 0s

    Let me translate "快速演進" and create the output content.

    "快速演進" means "rapid evolution" or

  ⠦ Constructing additional pylons... (15s · ↑ 22 tokens · esc to cancel)
───────────────────────────────────────────────────────────────────────────────────────────────────────────────────────────────────────────────────────────────────────────────
*   Type your message or @path/to/file
───────────────────────────────────────────────────────────────────────────────────────────────────────────────────────────────────────────────────────────────────────────────
  YOLO mode (shift + tab to cycle)                                                                                                                         10.9% context used
  ⟡ Thinking… 0s

    Let me translate "快速演進" and create the output content.

    "快速演進" means "rapid evolution" or

  ⠧ Constructing additional pylons... (15s · ↑ 22 tokens · esc to cancel)
───────────────────────────────────────────────────────────────────────────────────────────────────────────────────────────────────────────────────────────────────────────────
*   Type your message or @path/to/file
───────────────────────────────────────────────────────────────────────────────────────────────────────────────────────────────────────────────────────────────────────────────
  YOLO mode (shift + tab to cycle)                                                                                                                         10.9% context used
  ⟡ Thinking… 0s

    Let me translate "快速演進" and create the output content.

    "快速演進" means "rapid evolution" or

  ⠇ Constructing additional pylons... (15s · ↑ 22 tokens · esc to cancel)
───────────────────────────────────────────────────────────────────────────────────────────────────────────────────────────────────────────────────────────────────────────────
*   Type your message or @path/to/file
───────────────────────────────────────────────────────────────────────────────────────────────────────────────────────────────────────────────────────────────────────────────
  YOLO mode (shift + tab to cycle)                                                                                                                         10.9% context used
  ⟡ Thinking… 0s

    Let me translate "快速演進" and create the output content.

    "快速演進" means "rapid evolution" or

  ⠏ Constructing additional pylons... (15s · ↑ 22 tokens · esc to cancel)
───────────────────────────────────────────────────────────────────────────────────────────────────────────────────────────────────────────────────────────────────────────────
*   Type your message or @path/to/file
───────────────────────────────────────────────────────────────────────────────────────────────────────────────────────────────────────────────────────────────────────────────
  YOLO mode (shift + tab to cycle)                                                                                                                         10.9% context used
  ⟡ Thinking… 0s

    Let me translate "快速演進" and create the output content.

    "快速演進" means "rapid evolution" or

  ⠋ Constructing additional pylons... (15s · ↑ 22 tokens · esc to cancel)
───────────────────────────────────────────────────────────────────────────────────────────────────────────────────────────────────────────────────────────────────────────────
*   Type your message or @path/to/file
───────────────────────────────────────────────────────────────────────────────────────────────────────────────────────────────────────────────────────────────────────────────
  YOLO mode (shift + tab to cycle)                                                                                                                         10.9% context used
  ⟡ Thinking… 0s

    Let me translate "快速演進" and create the output content.

    "快速演進" means "rapid evolution" or

  ⠙ Constructing additional pylons... (15s · ↑ 22 tokens · esc to cancel)
───────────────────────────────────────────────────────────────────────────────────────────────────────────────────────────────────────────────────────────────────────────────
*   Type your message or @path/to/file
───────────────────────────────────────────────────────────────────────────────────────────────────────────────────────────────────────────────────────────────────────────────
  YOLO mode (shift + tab to cycle)                                                                                                                         10.9% context used
  ⟡ Thinking… 0s

    Let me translate "快速演進" and create the output content.

    "快速演進" means "rapid evolution" or

  ⠹ Constructing additional pylons... (15s · ↑ 22 tokens · esc to cancel)
───────────────────────────────────────────────────────────────────────────────────────────────────────────────────────────────────────────────────────────────────────────────
*   Type your message or @path/to/file
───────────────────────────────────────────────────────────────────────────────────────────────────────────────────────────────────────────────────────────────────────────────
  YOLO mode (shift + tab to cycle)                                                                                                                         10.9% context used
  ⟡ Thinking… 0s

    Let me translate "快速演進" and create the output content.

    "快速演進" means "rapid evolution" or

  ⠸ Constructing additional pylons... (15s · ↑ 22 tokens · esc to cancel)
───────────────────────────────────────────────────────────────────────────────────────────────────────────────────────────────────────────────────────────────────────────────
*   Type your message or @path/to/file
───────────────────────────────────────────────────────────────────────────────────────────────────────────────────────────────────────────────────────────────────────────────
  YOLO mode (shift + tab to cycle)                                                                                                                         10.9% context used
  ⟡ Thinking… 0s

    Let me translate "快速演進" and create the output content.

    "快速演進" means "rapid evolution" or

  ⠼ Constructing additional pylons... (15s · ↑ 22 tokens · esc to cancel)
───────────────────────────────────────────────────────────────────────────────────────────────────────────────────────────────────────────────────────────────────────────────
*   Type your message or @path/to/file
───────────────────────────────────────────────────────────────────────────────────────────────────────────────────────────────────────────────────────────────────────────────
  YOLO mode (shift + tab to cycle)                                                                                                                         10.9% context used
  ⟡ Thinking… 0s

    Let me translate "快速演進" and create the output content.

    "快速演進" means "rapid evolution" or

  ⠴ Constructing additional pylons... (15s · ↑ 22 tokens · esc to cancel)
───────────────────────────────────────────────────────────────────────────────────────────────────────────────────────────────────────────────────────────────────────────────
*   Type your message or @path/to/file
───────────────────────────────────────────────────────────────────────────────────────────────────────────────────────────────────────────────────────────────────────────────
  YOLO mode (shift + tab to cycle)                                                                                                                         10.9% context used
  ⟡ Thinking… 0s

    Let me translate "快速演進" and create the output content.

    "快速演進" means "rapid evolution" or

  ⠦ Constructing additional pylons... (15s · ↑ 22 tokens · esc to cancel)
───────────────────────────────────────────────────────────────────────────────────────────────────────────────────────────────────────────────────────────────────────────────
*   Type your message or @path/to/file
───────────────────────────────────────────────────────────────────────────────────────────────────────────────────────────────────────────────────────────────────────────────
  YOLO mode (shift + tab to cycle)                                                                                                                         10.9% context used
  ⟡ Thinking… 0s

    Let me translate "快速演進" and create the output content.

    "快速演進" means "rapid evolution" or

  ⠧ Constructing additional pylons... (15s · ↑ 22 tokens · esc to cancel)
───────────────────────────────────────────────────────────────────────────────────────────────────────────────────────────────────────────────────────────────────────────────
*   Type your message or @path/to/file
───────────────────────────────────────────────────────────────────────────────────────────────────────────────────────────────────────────────────────────────────────────────
  YOLO mode (shift + tab to cycle)                                                                                                                         10.9% context used
  ⟡ Thinking… 0s

    Let me translate "快速演進" and create the output content.

    "快速演進" means "rapid evolution" or

  ⠧ Constructing additional pylons... (16s · ↑ 22 tokens · esc to cancel)
───────────────────────────────────────────────────────────────────────────────────────────────────────────────────────────────────────────────────────────────────────────────
*   Type your message or @path/to/file
───────────────────────────────────────────────────────────────────────────────────────────────────────────────────────────────────────────────────────────────────────────────
  YOLO mode (shift + tab to cycle)                                                                                                                         10.9% context used
  ⟡ Thinking… 0s

    Let me translate "快速演進" and create the output content.

    "快速演進" means "rapid evolution" or

  ⠇ Constructing additional pylons... (16s · ↑ 22 tokens · esc to cancel)
───────────────────────────────────────────────────────────────────────────────────────────────────────────────────────────────────────────────────────────────────────────────
*   Type your message or @path/to/file
───────────────────────────────────────────────────────────────────────────────────────────────────────────────────────────────────────────────────────────────────────────────
  YOLO mode (shift + tab to cycle)                                                                                                                         10.9% context used
  ⟡ Thinking… 0s

    Let me translate "快速演進" and create the output content.

    "快速演進" means "rapid evolution" or

  ⠏ Constructing additional pylons... (16s · ↑ 22 tokens · esc to cancel)
───────────────────────────────────────────────────────────────────────────────────────────────────────────────────────────────────────────────────────────────────────────────
*   Type your message or @path/to/file
───────────────────────────────────────────────────────────────────────────────────────────────────────────────────────────────────────────────────────────────────────────────
  YOLO mode (shift + tab to cycle)                                                                                                                         10.9% context used
  ⟡ Thinking… 0s

    Let me translate "快速演進" and create the output content.

    "快速演進" means "rapid evolution" or

  ⠋ Constructing additional pylons... (16s · ↑ 22 tokens · esc to cancel)
───────────────────────────────────────────────────────────────────────────────────────────────────────────────────────────────────────────────────────────────────────────────
*   Type your message or @path/to/file
───────────────────────────────────────────────────────────────────────────────────────────────────────────────────────────────────────────────────────────────────────────────
  YOLO mode (shift + tab to cycle)                                                                                                                         10.9% context used
  ⟡ Thinking… 0s

    Let me translate "快速演進" and create the output content.

    "快速演進" means "rapid evolution" or

  ⠙ Constructing additional pylons... (16s · ↑ 22 tokens · esc to cancel)
───────────────────────────────────────────────────────────────────────────────────────────────────────────────────────────────────────────────────────────────────────────────
*   Type your message or @path/to/file
───────────────────────────────────────────────────────────────────────────────────────────────────────────────────────────────────────────────────────────────────────────────
  YOLO mode (shift + tab to cycle)                                                                                                                         10.9% context used
  ⟡ Thinking… 0s

    Let me translate "快速演進" and create the output content.

    "快速演進" means "rapid evolution" or

  ⠹ Constructing additional pylons... (16s · ↑ 22 tokens · esc to cancel)
───────────────────────────────────────────────────────────────────────────────────────────────────────────────────────────────────────────────────────────────────────────────
*   Type your message or @path/to/file
───────────────────────────────────────────────────────────────────────────────────────────────────────────────────────────────────────────────────────────────────────────────
  YOLO mode (shift + tab to cycle)                                                                                                                         10.9% context used
  ⟡ Thinking… 0s

    Let me translate "快速演進" and create the output content.

    "快速演進" means "rapid evolution" or

  ⠸ Constructing additional pylons... (16s · ↑ 22 tokens · esc to cancel)
───────────────────────────────────────────────────────────────────────────────────────────────────────────────────────────────────────────────────────────────────────────────
*   Type your message or @path/to/file
───────────────────────────────────────────────────────────────────────────────────────────────────────────────────────────────────────────────────────────────────────────────
  YOLO mode (shift + tab to cycle)                                                                                                                         10.9% context used
  ⟡ Thinking… 0s

    Let me translate "快速演進" and create the output content.

    "快速演進" means "rapid evolution" or

  ⠼ Constructing additional pylons... (16s · ↑ 22 tokens · esc to cancel)
───────────────────────────────────────────────────────────────────────────────────────────────────────────────────────────────────────────────────────────────────────────────
*   Type your message or @path/to/file
───────────────────────────────────────────────────────────────────────────────────────────────────────────────────────────────────────────────────────────────────────────────
  YOLO mode (shift + tab to cycle)                                                                                                                         10.9% context used
  ⟡ Thinking… 0s

    Let me translate "快速演進" and create the output content.

    "快速演進" means "rapid evolution" or

  ⠴ Constructing additional pylons... (16s · ↑ 22 tokens · esc to cancel)
───────────────────────────────────────────────────────────────────────────────────────────────────────────────────────────────────────────────────────────────────────────────
*   Type your message or @path/to/file
───────────────────────────────────────────────────────────────────────────────────────────────────────────────────────────────────────────────────────────────────────────────
  YOLO mode (shift + tab to cycle)                                                                                                                         10.9% context used
  ⟡ Thinking… 0s

    Let me translate "快速演進" and create the output content.

    "快速演進" means "rapid evolution" or

  ⠦ Constructing additional pylons... (16s · ↑ 22 tokens · esc to cancel)
───────────────────────────────────────────────────────────────────────────────────────────────────────────────────────────────────────────────────────────────────────────────
*   Type your message or @path/to/file
───────────────────────────────────────────────────────────────────────────────────────────────────────────────────────────────────────────────────────────────────────────────
  YOLO mode (shift + tab to cycle)                                                                                                                         10.9% context used
  ⟡ Thinking… 0s

    Let me translate "快速演進" and create the output content.

    "快速演進" means "rapid evolution" or

  ⠧ Constructing additional pylons... (16s · ↑ 22 tokens · esc to cancel)
───────────────────────────────────────────────────────────────────────────────────────────────────────────────────────────────────────────────────────────────────────────────
*   Type your message or @path/to/file
───────────────────────────────────────────────────────────────────────────────────────────────────────────────────────────────────────────────────────────────────────────────
  YOLO mode (shift + tab to cycle)                                                                                                                         10.9% context used
  ⟡ Thinking… 0s

    Let me translate "快速演進" and create the output content.

    "快速演進" means "rapid evolution" or

  ⠇ Constructing additional pylons... (16s · ↑ 22 tokens · esc to cancel)
───────────────────────────────────────────────────────────────────────────────────────────────────────────────────────────────────────────────────────────────────────────────
*   Type your message or @path/to/file
───────────────────────────────────────────────────────────────────────────────────────────────────────────────────────────────────────────────────────────────────────────────
  YOLO mode (shift + tab to cycle)                                                                                                                         10.9% context used
  ⟡ Thinking… 0s

    Let me translate "快速演進" and create the output content.

    "快速演進" means "rapid evolution" or

  ⠏ Constructing additional pylons... (16s · ↑ 22 tokens · esc to cancel)
───────────────────────────────────────────────────────────────────────────────────────────────────────────────────────────────────────────────────────────────────────────────
*   Type your message or @path/to/file
───────────────────────────────────────────────────────────────────────────────────────────────────────────────────────────────────────────────────────────────────────────────
  YOLO mode (shift + tab to cycle)                                                                                                                         10.9% context used
  ⟡ Thinking… 0s

    Let me translate "快速演進" and create the output content.

    "快速演進" means "rapid evolution" or

  ⠋ Constructing additional pylons... (16s · ↑ 22 tokens · esc to cancel)
───────────────────────────────────────────────────────────────────────────────────────────────────────────────────────────────────────────────────────────────────────────────
*   Type your message or @path/to/file
───────────────────────────────────────────────────────────────────────────────────────────────────────────────────────────────────────────────────────────────────────────────
  YOLO mode (shift + tab to cycle)                                                                                                                         10.9% context used
  ⟡ Thinking… 0s

    Let me translate "快速演進" and create the output content.

    "快速演進" means "rapid evolution" or

  ⠋ Constructing additional pylons... (17s · ↑ 22 tokens · esc to cancel)
───────────────────────────────────────────────────────────────────────────────────────────────────────────────────────────────────────────────────────────────────────────────
*   Type your message or @path/to/file
───────────────────────────────────────────────────────────────────────────────────────────────────────────────────────────────────────────────────────────────────────────────
  YOLO mode (shift + tab to cycle)                                                                                                                         10.9% context used
  ⟡ Thinking… 0s

    Let me translate "快速演進" and create the output content.

    "快速演進" means "rapid evolution" or

  ⠙ Constructing additional pylons... (17s · ↑ 22 tokens · esc to cancel)
───────────────────────────────────────────────────────────────────────────────────────────────────────────────────────────────────────────────────────────────────────────────
*   Type your message or @path/to/file
───────────────────────────────────────────────────────────────────────────────────────────────────────────────────────────────────────────────────────────────────────────────
  YOLO mode (shift + tab to cycle)                                                                                                                         10.9% context used
  ⟡ Thinking… 0s

    Let me translate "快速演進" and create the output content.

    "快速演進" means "rapid evolution" or

  ⠹ Constructing additional pylons... (17s · ↑ 22 tokens · esc to cancel)
───────────────────────────────────────────────────────────────────────────────────────────────────────────────────────────────────────────────────────────────────────────────
*   Type your message or @path/to/file
───────────────────────────────────────────────────────────────────────────────────────────────────────────────────────────────────────────────────────────────────────────────
  YOLO mode (shift + tab to cycle)                                                                                                                         10.9% context used
  ⟡ Thinking… 0s

    Let me translate "快速演進" and create the output content.

    "快速演進" means "rapid evolution" or

  ⠸ Constructing additional pylons... (17s · ↑ 22 tokens · esc to cancel)
───────────────────────────────────────────────────────────────────────────────────────────────────────────────────────────────────────────────────────────────────────────────
*   Type your message or @path/to/file
───────────────────────────────────────────────────────────────────────────────────────────────────────────────────────────────────────────────────────────────────────────────
  YOLO mode (shift + tab to cycle)                                                                                                                         10.9% context used
  ⟡ Thinking… 0s

    Let me translate "快速演進" and create the output content.

    "快速演進" means "rapid evolution" or

  ⠼ Constructing additional pylons... (17s · ↑ 22 tokens · esc to cancel)
───────────────────────────────────────────────────────────────────────────────────────────────────────────────────────────────────────────────────────────────────────────────
*   Type your message or @path/to/file
───────────────────────────────────────────────────────────────────────────────────────────────────────────────────────────────────────────────────────────────────────────────
  YOLO mode (shift + tab to cycle)                                                                                                                         10.9% context used
  ⟡ Thinking… 0s

    Let me translate "快速演進" and create the output content.

    "快速演進" means "rapid evolution" or

  ⠴ Constructing additional pylons... (17s · ↑ 22 tokens · esc to cancel)
───────────────────────────────────────────────────────────────────────────────────────────────────────────────────────────────────────────────────────────────────────────────
*   Type your message or @path/to/file
───────────────────────────────────────────────────────────────────────────────────────────────────────────────────────────────────────────────────────────────────────────────
  YOLO mode (shift + tab to cycle)                                                                                                                         10.9% context used
  ⟡ Thinking… 0s

    Let me translate "快速演進" and create the output content.

    "快速演進" means "rapid evolution" or

  ⠦ Constructing additional pylons... (17s · ↑ 22 tokens · esc to cancel)
───────────────────────────────────────────────────────────────────────────────────────────────────────────────────────────────────────────────────────────────────────────────
*   Type your message or @path/to/file
───────────────────────────────────────────────────────────────────────────────────────────────────────────────────────────────────────────────────────────────────────────────
  YOLO mode (shift + tab to cycle)                                                                                                                         10.9% context used
  ⟡ Thinking… 0s

    Let me translate "快速演進" and create the output content.

    "快速演進" means "rapid evolution" or

  ⠧ Constructing additional pylons... (17s · ↑ 22 tokens · esc to cancel)
───────────────────────────────────────────────────────────────────────────────────────────────────────────────────────────────────────────────────────────────────────────────
*   Type your message or @path/to/file
───────────────────────────────────────────────────────────────────────────────────────────────────────────────────────────────────────────────────────────────────────────────
  YOLO mode (shift + tab to cycle)                                                                                                                         10.9% context used
  ⟡ Thinking… 0s

    Let me translate "快速演進" and create the output content.

    "快速演進" means "rapid evolution" or

  ⠇ Constructing additional pylons... (17s · ↑ 22 tokens · esc to cancel)
───────────────────────────────────────────────────────────────────────────────────────────────────────────────────────────────────────────────────────────────────────────────
*   Type your message or @path/to/file
───────────────────────────────────────────────────────────────────────────────────────────────────────────────────────────────────────────────────────────────────────────────
  YOLO mode (shift + tab to cycle)                                                                                                                         10.9% context used
  ⟡ Thinking… 0s

    Let me translate "快速演進" and create the output content.

    "快速演進" means "rapid evolution" or

  ⠏ Constructing additional pylons... (17s · ↑ 22 tokens · esc to cancel)
───────────────────────────────────────────────────────────────────────────────────────────────────────────────────────────────────────────────────────────────────────────────
*   Type your message or @path/to/file
───────────────────────────────────────────────────────────────────────────────────────────────────────────────────────────────────────────────────────────────────────────────
  YOLO mode (shift + tab to cycle)                                                                                                                         10.9% context used
  ⟡ Thinking… 0s

    Let me translate "快速演進" and create the output content.

    "快速演進" means "rapid evolution" or

  ⠋ Constructing additional pylons... (17s · ↑ 22 tokens · esc to cancel)
───────────────────────────────────────────────────────────────────────────────────────────────────────────────────────────────────────────────────────────────────────────────
*   Type your message or @path/to/file
───────────────────────────────────────────────────────────────────────────────────────────────────────────────────────────────────────────────────────────────────────────────
  YOLO mode (shift + tab to cycle)                                                                                                                         10.9% context used
  ⟡ Thinking… 0s

    Let me translate "快速演進" and create the output content.

    "快速演進" means "rapid evolution" or

  ⠙ Constructing additional pylons... (17s · ↑ 22 tokens · esc to cancel)
───────────────────────────────────────────────────────────────────────────────────────────────────────────────────────────────────────────────────────────────────────────────
*   Type your message or @path/to/file
───────────────────────────────────────────────────────────────────────────────────────────────────────────────────────────────────────────────────────────────────────────────
  YOLO mode (shift + tab to cycle)                                                                                                                         10.9% context used
  ⟡ Thinking… 0s

    Let me translate "快速演進" and create the output content.

    "快速演進" means "rapid evolution" or

  ⠹ Constructing additional pylons... (17s · ↑ 22 tokens · esc to cancel)
───────────────────────────────────────────────────────────────────────────────────────────────────────────────────────────────────────────────────────────────────────────────
*   Type your message or @path/to/file
───────────────────────────────────────────────────────────────────────────────────────────────────────────────────────────────────────────────────────────────────────────────
  YOLO mode (shift + tab to cycle)                                                                                                                         10.9% context used
  ⟡ Thinking… 0s

    Let me translate "快速演進" and create the output content.

    "快速演進" means "rapid evolution" or

  ⠹ Constructing additional pylons... (18s · ↑ 22 tokens · esc to cancel)
───────────────────────────────────────────────────────────────────────────────────────────────────────────────────────────────────────────────────────────────────────────────
*   Type your message or @path/to/file
───────────────────────────────────────────────────────────────────────────────────────────────────────────────────────────────────────────────────────────────────────────────
  YOLO mode (shift + tab to cycle)                                                                                                                         10.9% context used
  ⟡ Thinking… 0s

    Let me translate "快速演進" and create the output content.

    "快速演進" means "rapid evolution" or

  ⠸ Constructing additional pylons... (18s · ↑ 22 tokens · esc to cancel)
───────────────────────────────────────────────────────────────────────────────────────────────────────────────────────────────────────────────────────────────────────────────
*   Type your message or @path/to/file
───────────────────────────────────────────────────────────────────────────────────────────────────────────────────────────────────────────────────────────────────────────────
  YOLO mode (shift + tab to cycle)                                                                                                                         10.9% context used
  ⟡ Thinking… 0s

    Let me translate "快速演進" and create the output content.

    "快速演進" means "rapid evolution" or

  ⠼ Constructing additional pylons... (18s · ↑ 22 tokens · esc to cancel)
───────────────────────────────────────────────────────────────────────────────────────────────────────────────────────────────────────────────────────────────────────────────
*   Type your message or @path/to/file
───────────────────────────────────────────────────────────────────────────────────────────────────────────────────────────────────────────────────────────────────────────────
  YOLO mode (shift + tab to cycle)                                                                                                                         10.9% context used
  ⟡ Thinking… 0s

    Let me translate "快速演進" and create the output content.

    "快速演進" means "rapid evolution" or

  ⠴ Constructing additional pylons... (18s · ↑ 22 tokens · esc to cancel)
───────────────────────────────────────────────────────────────────────────────────────────────────────────────────────────────────────────────────────────────────────────────
*   Type your message or @path/to/file
───────────────────────────────────────────────────────────────────────────────────────────────────────────────────────────────────────────────────────────────────────────────
  YOLO mode (shift + tab to cycle)                                                                                                                         10.9% context used
  ⟡ Thinking… 0s

    Let me translate "快速演進" and create the output content.

    "快速演進" means "rapid evolution" or

  ⠦ Constructing additional pylons... (18s · ↑ 22 tokens · esc to cancel)
───────────────────────────────────────────────────────────────────────────────────────────────────────────────────────────────────────────────────────────────────────────────
*   Type your message or @path/to/file
───────────────────────────────────────────────────────────────────────────────────────────────────────────────────────────────────────────────────────────────────────────────
  YOLO mode (shift + tab to cycle)                                                                                                                         10.9% context used
  ⟡ Thinking… 0s

    Let me translate "快速演進" and create the output content.

    "快速演進" means "rapid evolution" or

  ⠧ Constructing additional pylons... (18s · ↑ 22 tokens · esc to cancel)
───────────────────────────────────────────────────────────────────────────────────────────────────────────────────────────────────────────────────────────────────────────────
*   Type your message or @path/to/file
───────────────────────────────────────────────────────────────────────────────────────────────────────────────────────────────────────────────────────────────────────────────
  YOLO mode (shift + tab to cycle)                                                                                                                         10.9% context used
  ⟡ Thinking… 0s

    Let me translate "快速演進" and create the output content.

    "快速演進" means "rapid evolution" or

  ⠇ Constructing additional pylons... (18s · ↑ 22 tokens · esc to cancel)
───────────────────────────────────────────────────────────────────────────────────────────────────────────────────────────────────────────────────────────────────────────────
*   Type your message or @path/to/file
───────────────────────────────────────────────────────────────────────────────────────────────────────────────────────────────────────────────────────────────────────────────
  YOLO mode (shift + tab to cycle)                                                                                                                         10.9% context used
  ⟡ Thinking… 0s

    Let me translate "快速演進" and create the output content.

    "快速演進" means "rapid evolution" or

  ⠏ Constructing additional pylons... (18s · ↑ 22 tokens · esc to cancel)
───────────────────────────────────────────────────────────────────────────────────────────────────────────────────────────────────────────────────────────────────────────────
*   Type your message or @path/to/file
───────────────────────────────────────────────────────────────────────────────────────────────────────────────────────────────────────────────────────────────────────────────
  YOLO mode (shift + tab to cycle)                                                                                                                         10.9% context used
  ⟡ Thinking… 0s

    Let me translate "快速演進" and create the output content.

    "快速演進" means "rapid evolution" or

  ⠋ Constructing additional pylons... (18s · ↑ 22 tokens · esc to cancel)
───────────────────────────────────────────────────────────────────────────────────────────────────────────────────────────────────────────────────────────────────────────────
*   Type your message or @path/to/file
───────────────────────────────────────────────────────────────────────────────────────────────────────────────────────────────────────────────────────────────────────────────
  YOLO mode (shift + tab to cycle)                                                                                                                         10.9% context used
  ⟡ Thinking… 0s

    Let me translate "快速演進" and create the output content.

    "快速演進" means "rapid evolution" or

  ⠙ Constructing additional pylons... (18s · ↑ 22 tokens · esc to cancel)
───────────────────────────────────────────────────────────────────────────────────────────────────────────────────────────────────────────────────────────────────────────────
*   Type your message or @path/to/file
───────────────────────────────────────────────────────────────────────────────────────────────────────────────────────────────────────────────────────────────────────────────
  YOLO mode (shift + tab to cycle)                                                                                                                         10.9% context used
  ⟡ Thinking… 0s

    Let me translate "快速演進" and create the output content.

    "快速演進" means "rapid evolution" or

  ⠹ Constructing additional pylons... (18s · ↑ 22 tokens · esc to cancel)
───────────────────────────────────────────────────────────────────────────────────────────────────────────────────────────────────────────────────────────────────────────────
*   Type your message or @path/to/file
───────────────────────────────────────────────────────────────────────────────────────────────────────────────────────────────────────────────────────────────────────────────
  YOLO mode (shift + tab to cycle)                                                                                                                         10.9% context used
  ⟡ Thinking… 0s

    Let me translate "快速演進" and create the output content.

    "快速演進" means "rapid evolution" or

  ⠸ Constructing additional pylons... (18s · ↑ 22 tokens · esc to cancel)
───────────────────────────────────────────────────────────────────────────────────────────────────────────────────────────────────────────────────────────────────────────────
*   Type your message or @path/to/file
───────────────────────────────────────────────────────────────────────────────────────────────────────────────────────────────────────────────────────────────────────────────
  YOLO mode (shift + tab to cycle)                                                                                                                         10.9% context used
  ⟡ Thinking… 0s

    Let me translate "快速演進" and create the output content.

    "快速演進" means "rapid evolution" or

  ⠼ Constructing additional pylons... (18s · ↑ 22 tokens · esc to cancel)
───────────────────────────────────────────────────────────────────────────────────────────────────────────────────────────────────────────────────────────────────────────────
*   Type your message or @path/to/file
───────────────────────────────────────────────────────────────────────────────────────────────────────────────────────────────────────────────────────────────────────────────
  YOLO mode (shift + tab to cycle)                                                                                                                         10.9% context used
  ⟡ Thinking… 0s

    Let me translate "快速演進" and create the output content.

    "快速演進" means "rapid evolution" or

  ⠼ Constructing additional pylons... (19s · ↑ 22 tokens · esc to cancel)
───────────────────────────────────────────────────────────────────────────────────────────────────────────────────────────────────────────────────────────────────────────────
*   Type your message or @path/to/file
───────────────────────────────────────────────────────────────────────────────────────────────────────────────────────────────────────────────────────────────────────────────
  YOLO mode (shift + tab to cycle)                                                                                                                         10.9% context used
  ⟡ Thinking… 0s

    Let me translate "快速演進" and create the output content.

    "快速演進" means "rapid evolution" or

  ⠴ Constructing additional pylons... (19s · ↑ 22 tokens · esc to cancel)
───────────────────────────────────────────────────────────────────────────────────────────────────────────────────────────────────────────────────────────────────────────────
*   Type your message or @path/to/file
───────────────────────────────────────────────────────────────────────────────────────────────────────────────────────────────────────────────────────────────────────────────
  YOLO mode (shift + tab to cycle)                                                                                                                         10.9% context used
  ⟡ Thinking… 0s

    Let me translate "快速演進" and create the output content.

    "快速演進" means "rapid evolution" or

  ⠦ Constructing additional pylons... (19s · ↑ 22 tokens · esc to cancel)
───────────────────────────────────────────────────────────────────────────────────────────────────────────────────────────────────────────────────────────────────────────────
*   Type your message or @path/to/file
───────────────────────────────────────────────────────────────────────────────────────────────────────────────────────────────────────────────────────────────────────────────
  YOLO mode (shift + tab to cycle)                                                                                                                         10.9% context used
  ⟡ Thinking… 0s

    Let me translate "快速演進" and create the output content.

    "快速演進" means "rapid evolution" or

  ⠧ Constructing additional pylons... (19s · ↑ 22 tokens · esc to cancel)
───────────────────────────────────────────────────────────────────────────────────────────────────────────────────────────────────────────────────────────────────────────────
*   Type your message or @path/to/file
───────────────────────────────────────────────────────────────────────────────────────────────────────────────────────────────────────────────────────────────────────────────
  YOLO mode (shift + tab to cycle)                                                                                                                         10.9% context used
  ⟡ Thinking… 0s

    Let me translate "快速演進" and create the output content.

    "快速演進" means "rapid evolution" or

  ⠇ Constructing additional pylons... (19s · ↑ 22 tokens · esc to cancel)
───────────────────────────────────────────────────────────────────────────────────────────────────────────────────────────────────────────────────────────────────────────────
*   Type your message or @path/to/file
───────────────────────────────────────────────────────────────────────────────────────────────────────────────────────────────────────────────────────────────────────────────
  YOLO mode (shift + tab to cycle)                                                                                                                         10.9% context used
  ⟡ Thinking… 0s

    Let me translate "快速演進" and create the output content.

    "快速演進" means "rapid evolution" or

  ⠏ Constructing additional pylons... (19s · ↑ 22 tokens · esc to cancel)
───────────────────────────────────────────────────────────────────────────────────────────────────────────────────────────────────────────────────────────────────────────────
*   Type your message or @path/to/file
───────────────────────────────────────────────────────────────────────────────────────────────────────────────────────────────────────────────────────────────────────────────
  YOLO mode (shift + tab to cycle)                                                                                                                         10.9% context used
  ⟡ Thinking… 0s

    Let me translate "快速演進" and create the output content.

    "快速演進" means "rapid evolution" or

  ⠋ Constructing additional pylons... (19s · ↑ 22 tokens · esc to cancel)
───────────────────────────────────────────────────────────────────────────────────────────────────────────────────────────────────────────────────────────────────────────────
*   Type your message or @path/to/file
───────────────────────────────────────────────────────────────────────────────────────────────────────────────────────────────────────────────────────────────────────────────
  YOLO mode (shift + tab to cycle)                                                                                                                         10.9% context used
  ⟡ Thinking… 0s

    Let me translate "快速演進" and create the output content.

    "快速演進" means "rapid evolution" or

  ⠙ Constructing additional pylons... (19s · ↑ 22 tokens · esc to cancel)
───────────────────────────────────────────────────────────────────────────────────────────────────────────────────────────────────────────────────────────────────────────────
*   Type your message or @path/to/file
───────────────────────────────────────────────────────────────────────────────────────────────────────────────────────────────────────────────────────────────────────────────
  YOLO mode (shift + tab to cycle)                                                                                                                         10.9% context used
  ⟡ Thinking… 0s

    Let me translate "快速演進" and create the output content.

    "快速演進" means "rapid evolution" or

  ⠹ Constructing additional pylons... (19s · ↑ 22 tokens · esc to cancel)
───────────────────────────────────────────────────────────────────────────────────────────────────────────────────────────────────────────────────────────────────────────────
*   Type your message or @path/to/file
───────────────────────────────────────────────────────────────────────────────────────────────────────────────────────────────────────────────────────────────────────────────
  YOLO mode (shift + tab to cycle)                                                                                                                         10.9% context used
  ⟡ Thinking… 0s

    Let me translate "快速演進" and create the output content.

    "快速演進" means "rapid evolution" or

  ⠸ Constructing additional pylons... (19s · ↑ 22 tokens · esc to cancel)
───────────────────────────────────────────────────────────────────────────────────────────────────────────────────────────────────────────────────────────────────────────────
*   Type your message or @path/to/file
───────────────────────────────────────────────────────────────────────────────────────────────────────────────────────────────────────────────────────────────────────────────
  YOLO mode (shift + tab to cycle)                                                                                                                         10.9% context used
  Thought for 5s
  ╭─────────────────────────────────────────────────────────────────────────────────────────────────────────────────────────────────────────────────────────────────────────╮
  │ ⊶  WriteFile Writing to /Users/steward/App/ai-factory-portal/myenglish.md                                                                                               │
  ╰─────────────────────────────────────────────────────────────────────────────────────────────────────────────────────────────────────────────────────────────────────────╯

  ⠸ Constructing additional pylons... (19s · ↑ 22 tokens · esc to cancel)
───────────────────────────────────────────────────────────────────────────────────────────────────────────────────────────────────────────────────────────────────────────────
*   Type your message or @path/to/file
───────────────────────────────────────────────────────────────────────────────────────────────────────────────────────────────────────────────────────────────────────────────
  YOLO mode (shift + tab to cycle)                                                                                                                         11.4% context used
  ╭─────────────────────────────────────────────────────────────────────────────────────────────────────────────────────────────────────────────────────────────────────────╮
  │ ⊶  WriteFile Writing to /Users/steward/App/ai-factory-portal/myenglish.md                                                                                               │
  ╰─────────────────────────────────────────────────────────────────────────────────────────────────────────────────────────────────────────────────────────────────────────╯

  ⠼ Constructing additional pylons... (19s · ↑ 22 tokens · esc to cancel)
───────────────────────────────────────────────────────────────────────────────────────────────────────────────────────────────────────────────────────────────────────────────
*   Type your message or @path/to/file
───────────────────────────────────────────────────────────────────────────────────────────────────────────────────────────────────────────────────────────────────────────────
  YOLO mode (shift + tab to cycle)                                                                                                                         11.4% context used
  ╭─────────────────────────────────────────────────────────────────────────────────────────────────────────────────────────────────────────────────────────────────────────╮
  │ ✓  WriteFile Writing to /Users/steward/App/ai-factory-portal/myenglish.md                                                                                               │
  │     1 # Translation Learning Output                                                                                                                                     │
  │     2                                                                                                                                                                   │
  │     3 ## 1. Original Text                                                                                                                                               │
  │     4 快速演進                                                                                                                                                          │
  │     5                                                                                                                                                                   │
  │     6 ## 2. Natural Translation                                                                                                                                         │
  │     7 Rapid evolution                                                                                                                                                   │
  │     8                                                                                                                                                                   │
  │     9 ## 3. Simple Translation                                                                                                                                          │
  │    10 Fast progress                                                                                                                                                     │
  │    11                                                                                                                                                                   │
  │    12 ## 4. Key Vocabulary                                                                                                                                              │
  │    13                                                                                                                                                                   │
  │    14 | Word / Phrase | Meaning | Example Sentence |                                                                                                                    │
  │    15 |---|---|---|                                                                                                                                                     │
  │    16 | rapid | 快速的、急速的 | There has been a rapid increase in AI usage. |                                                                                         │
  │    17 | evolution | 演進、演化 | The evolution of technology never stops. |                                                                                             │
  │    18 | rapid evolution | 快速演進 | AI has undergone rapid evolution in the past few years. |                                                                          │
  │    19 | fast-paced | 快節奏的 | We live in a fast-paced world. |                                                                                                        │
  │    20 | advance | 進步、推進 | Technology advances every single day. |                                                                                                  │
  │    [38;2;61;65;73m21                                                                                                                                                                   │
  │    22 ## 5. Useful Sentence Pattern                                                                                                                                     │
  │    23                                                                                                                                                                   │
  │    24 **Pattern:**                                                                                                                                                      │
  │    [38;2;61;65;73m25 ___ is evolving rapidly.                                                                                                                                          │
  │    26                                                                                                                                                                   │
  │    27 **Example:**                                                                                                                                                      │
  │    28 The tech industry is evolving rapidly.                                                                                                                            │
  [38;2;108;112;134m│    29                                                                                                                                                                   │
  │    30 ## 6. Speaking Version                                                                                                                                            │
  │    31                                                                                                                                                                   │
  │    32 It's changing really fast.                                                                                                                                        │
  [38;2;108;112;134m│    33                                                                                                                                                                   │
  │    34 ## 7. Common Mistake                                                                                                                                              │
  │    35                                                                                                                                                                   │
  │    36 Don't say: "fast evolution" — it sounds a bit off.                                                                                                                │
  │    37 Say: "rapid evolution" — the natural collocation for formal or written English.                                                                                   │
  │    38 In casual speech, say: "It's changing really fast" or "It's moving quickly."                                                                                      │
  │    39                                                                                                                                                                   │
  │    40 ## 8. One Sentence to Remember                                                                                                                                    │
  │    41                                                                                                                                                                   │
  │    42 AI is going through rapid evolution.                                                                                                                              │
  ╰─────────────────────────────────────────────────────────────────────────────────────────────────────────────────────────────────────────────────────────────────────────╯

  ⠼ Constructing additional pylons... (19s · ↑ 22 tokens · esc to cancel)
───────────────────────────────────────────────────────────────────────────────────────────────────────────────────────────────────────────────────────────────────────────────
*   Type your message or @path/to/file
───────────────────────────────────────────────────────────────────────────────────────────────────────────────────────────────────────────────────────────────────────────────
  YOLO mode (shift + tab to cycle)                                                                                                                         11.4% context used

  ⠼ Constructing additional pylons... (19s · ↑ 34 tokens · esc to cancel)
───────────────────────────────────────────────────────────────────────────────────────────────────────────────────────────────────────────────────────────────────────────────
*   Type your message or @path/to/file
───────────────────────────────────────────────────────────────────────────────────────────────────────────────────────────────────────────────────────────────────────────────
  YOLO mode (shift + tab to cycle)                                                                                                                         11.4% context used

  ⠴ Constructing additional pylons... (19s · ↑ 34 tokens · esc to cancel)
───────────────────────────────────────────────────────────────────────────────────────────────────────────────────────────────────────────────────────────────────────────────
*   Type your message or @path/to/file
───────────────────────────────────────────────────────────────────────────────────────────────────────────────────────────────────────────────────────────────────────────────
  YOLO mode (shift + tab to cycle)                                                                                                                         11.4% context used

  ⠴ Constructing additional pylons... (19s · ↑ 47 tokens · esc to cancel)
───────────────────────────────────────────────────────────────────────────────────────────────────────────────────────────────────────────────────────────────────────────────
*   Type your message or @path/to/file
───────────────────────────────────────────────────────────────────────────────────────────────────────────────────────────────────────────────────────────────────────────────
  YOLO mode (shift + tab to cycle)                                                                                                                         11.4% context used

  ⠦ Constructing additional pylons... (19s · ↑ 47 tokens · esc to cancel)
───────────────────────────────────────────────────────────────────────────────────────────────────────────────────────────────────────────────────────────────────────────────
*   Type your message or @path/to/file
───────────────────────────────────────────────────────────────────────────────────────────────────────────────────────────────────────────────────────────────────────────────
  YOLO mode (shift + tab to cycle)                                                                                                                         11.4% context used

  ⠧ Constructing additional pylons... (19s · ↑ 47 tokens · esc to cancel)
───────────────────────────────────────────────────────────────────────────────────────────────────────────────────────────────────────────────────────────────────────────────
*   Type your message or @path/to/file
───────────────────────────────────────────────────────────────────────────────────────────────────────────────────────────────────────────────────────────────────────────────
  YOLO mode (shift + tab to cycle)                                                                                                                         11.4% context used

  ⠧ Constructing additional pylons... (20s · ↑ 59 tokens · esc to cancel)
───────────────────────────────────────────────────────────────────────────────────────────────────────────────────────────────────────────────────────────────────────────────
*   Type your message or @path/to/file
───────────────────────────────────────────────────────────────────────────────────────────────────────────────────────────────────────────────────────────────────────────────
  YOLO mode (shift + tab to cycle)                                                                                                                         11.4% context used

  ⠇ Constructing additional pylons... (20s · ↑ 59 tokens · esc to cancel)
───────────────────────────────────────────────────────────────────────────────────────────────────────────────────────────────────────────────────────────────────────────────
*   Type your message or @path/to/file
───────────────────────────────────────────────────────────────────────────────────────────────────────────────────────────────────────────────────────────────────────────────
  YOLO mode (shift + tab to cycle)                                                                                                                         11.4% context used

  ⠇ Constructing additional pylons... (20s · ↑ 72 tokens · esc to cancel)
───────────────────────────────────────────────────────────────────────────────────────────────────────────────────────────────────────────────────────────────────────────────
*   Type your message or @path/to/file
───────────────────────────────────────────────────────────────────────────────────────────────────────────────────────────────────────────────────────────────────────────────
  YOLO mode (shift + tab to cycle)                                                                                                                         11.4% context used

  ⠏ Constructing additional pylons... (20s · ↑ 72 tokens · esc to cancel)
───────────────────────────────────────────────────────────────────────────────────────────────────────────────────────────────────────────────────────────────────────────────
*   Type your message or @path/to/file
───────────────────────────────────────────────────────────────────────────────────────────────────────────────────────────────────────────────────────────────────────────────
  YOLO mode (shift + tab to cycle)                                                                                                                         11.4% context used

  ⠏ Constructing additional pylons... (20s · ↑ 84 tokens · esc to cancel)
───────────────────────────────────────────────────────────────────────────────────────────────────────────────────────────────────────────────────────────────────────────────
*   Type your message or @path/to/file
───────────────────────────────────────────────────────────────────────────────────────────────────────────────────────────────────────────────────────────────────────────────
  YOLO mode (shift + tab to cycle)                                                                                                                         11.4% context used

  ⠋ Constructing additional pylons... (20s · ↑ 84 tokens · esc to cancel)
───────────────────────────────────────────────────────────────────────────────────────────────────────────────────────────────────────────────────────────────────────────────
*   Type your message or @path/to/file
───────────────────────────────────────────────────────────────────────────────────────────────────────────────────────────────────────────────────────────────────────────────
  YOLO mode (shift + tab to cycle)                                                                                                                         11.4% context used

  ⠋ Constructing additional pylons... (20s · ↑ 97 tokens · esc to cancel)
───────────────────────────────────────────────────────────────────────────────────────────────────────────────────────────────────────────────────────────────────────────────
*   Type your message or @path/to/file
───────────────────────────────────────────────────────────────────────────────────────────────────────────────────────────────────────────────────────────────────────────────
  YOLO mode (shift + tab to cycle)                                                                                                                         11.4% context used

  ⠙ Constructing additional pylons... (20s · ↑ 97 tokens · esc to cancel)
───────────────────────────────────────────────────────────────────────────────────────────────────────────────────────────────────────────────────────────────────────────────
*   Type your message or @path/to/file
───────────────────────────────────────────────────────────────────────────────────────────────────────────────────────────────────────────────────────────────────────────────
  YOLO mode (shift + tab to cycle)                                                                                                                         11.4% context used

  ⠹ Constructing additional pylons... (20s · ↑ 97 tokens · esc to cancel)
───────────────────────────────────────────────────────────────────────────────────────────────────────────────────────────────────────────────────────────────────────────────
*   Type your message or @path/to/file
───────────────────────────────────────────────────────────────────────────────────────────────────────────────────────────────────────────────────────────────────────────────
  YOLO mode (shift + tab to cycle)                                                                                                                         11.4% context used

  ⠹ Constructing additional pylons... (20s · ↑ 109 tokens · esc to cancel)
───────────────────────────────────────────────────────────────────────────────────────────────────────────────────────────────────────────────────────────────────────────────
*   Type your message or @path/to/file
───────────────────────────────────────────────────────────────────────────────────────────────────────────────────────────────────────────────────────────────────────────────
  YOLO mode (shift + tab to cycle)                                                                                                                         11.4% context used

  ⠸ Constructing additional pylons... (20s · ↑ 109 tokens · esc to cancel)
───────────────────────────────────────────────────────────────────────────────────────────────────────────────────────────────────────────────────────────────────────────────
*   Type your message or @path/to/file
───────────────────────────────────────────────────────────────────────────────────────────────────────────────────────────────────────────────────────────────────────────────
  YOLO mode (shift + tab to cycle)                                                                                                                         11.4% context used

  ⠸ Constructing additional pylons... (20s · ↑ 122 tokens · esc to cancel)
───────────────────────────────────────────────────────────────────────────────────────────────────────────────────────────────────────────────────────────────────────────────
*   Type your message or @path/to/file
───────────────────────────────────────────────────────────────────────────────────────────────────────────────────────────────────────────────────────────────────────────────
  YOLO mode (shift + tab to cycle)                                                                                                                         11.4% context used

  ⠼ Constructing additional pylons... (20s · ↑ 122 tokens · esc to cancel)
───────────────────────────────────────────────────────────────────────────────────────────────────────────────────────────────────────────────────────────────────────────────
*   Type your message or @path/to/file
───────────────────────────────────────────────────────────────────────────────────────────────────────────────────────────────────────────────────────────────────────────────
  YOLO mode (shift + tab to cycle)                                                                                                                         11.4% context used

  ⠼ Constructing additional pylons... (20s · ↑ 134 tokens · esc to cancel)
───────────────────────────────────────────────────────────────────────────────────────────────────────────────────────────────────────────────────────────────────────────────
*   Type your message or @path/to/file
───────────────────────────────────────────────────────────────────────────────────────────────────────────────────────────────────────────────────────────────────────────────
  YOLO mode (shift + tab to cycle)                                                                                                                         11.4% context used

  ⠴ Constructing additional pylons... (20s · ↑ 134 tokens · esc to cancel)
───────────────────────────────────────────────────────────────────────────────────────────────────────────────────────────────────────────────────────────────────────────────
*   Type your message or @path/to/file
───────────────────────────────────────────────────────────────────────────────────────────────────────────────────────────────────────────────────────────────────────────────
  YOLO mode (shift + tab to cycle)                                                                                                                         11.4% context used

  ⠴ Constructing additional pylons... (20s · ↑ 147 tokens · esc to cancel)
───────────────────────────────────────────────────────────────────────────────────────────────────────────────────────────────────────────────────────────────────────────────
*   Type your message or @path/to/file
───────────────────────────────────────────────────────────────────────────────────────────────────────────────────────────────────────────────────────────────────────────────
  YOLO mode (shift + tab to cycle)                                                                                                                         11.4% context used

  ⠦ Constructing additional pylons... (20s · ↑ 147 tokens · esc to cancel)
───────────────────────────────────────────────────────────────────────────────────────────────────────────────────────────────────────────────────────────────────────────────
*   Type your message or @path/to/file
───────────────────────────────────────────────────────────────────────────────────────────────────────────────────────────────────────────────────────────────────────────────
  YOLO mode (shift + tab to cycle)                                                                                                                         11.4% context used

  ⠧ Constructing additional pylons... (20s · ↑ 147 tokens · esc to cancel)
───────────────────────────────────────────────────────────────────────────────────────────────────────────────────────────────────────────────────────────────────────────────
*   Type your message or @path/to/file
───────────────────────────────────────────────────────────────────────────────────────────────────────────────────────────────────────────────────────────────────────────────
  YOLO mode (shift + tab to cycle)                                                                                                                         11.4% context used

  ⠧ Constructing additional pylons... (20s · ↑ 159 tokens · esc to cancel)
───────────────────────────────────────────────────────────────────────────────────────────────────────────────────────────────────────────────────────────────────────────────
*   Type your message or @path/to/file
───────────────────────────────────────────────────────────────────────────────────────────────────────────────────────────────────────────────────────────────────────────────
  YOLO mode (shift + tab to cycle)                                                                                                                         11.4% context used

  ⠇ Constructing additional pylons... (20s · ↑ 159 tokens · esc to cancel)
───────────────────────────────────────────────────────────────────────────────────────────────────────────────────────────────────────────────────────────────────────────────
*   Type your message or @path/to/file
───────────────────────────────────────────────────────────────────────────────────────────────────────────────────────────────────────────────────────────────────────────────
  YOLO mode (shift + tab to cycle)                                                                                                                         11.4% context used

  ⠇ Constructing additional pylons... (20s · ↑ 172 tokens · esc to cancel)
───────────────────────────────────────────────────────────────────────────────────────────────────────────────────────────────────────────────────────────────────────────────
*   Type your message or @path/to/file
───────────────────────────────────────────────────────────────────────────────────────────────────────────────────────────────────────────────────────────────────────────────
  YOLO mode (shift + tab to cycle)                                                                                                                         11.4% context used

  ⠏ Constructing additional pylons... (20s · ↑ 172 tokens · esc to cancel)
───────────────────────────────────────────────────────────────────────────────────────────────────────────────────────────────────────────────────────────────────────────────
*   Type your message or @path/to/file
───────────────────────────────────────────────────────────────────────────────────────────────────────────────────────────────────────────────────────────────────────────────
  YOLO mode (shift + tab to cycle)                                                                                                                         11.4% context used

  ⠏ Constructing additional pylons... (21s · ↑ 172 tokens · esc to cancel)
───────────────────────────────────────────────────────────────────────────────────────────────────────────────────────────────────────────────────────────────────────────────
*   Type your message or @path/to/file
───────────────────────────────────────────────────────────────────────────────────────────────────────────────────────────────────────────────────────────────────────────────
  YOLO mode (shift + tab to cycle)                                                                                                                         11.4% context used

  ⠏ Constructing additional pylons... (21s · ↑ 184 tokens · esc to cancel)
───────────────────────────────────────────────────────────────────────────────────────────────────────────────────────────────────────────────────────────────────────────────
*   Type your message or @path/to/file
───────────────────────────────────────────────────────────────────────────────────────────────────────────────────────────────────────────────────────────────────────────────
  YOLO mode (shift + tab to cycle)                                                                                                                         11.4% context used

  ⠋ Constructing additional pylons... (21s · ↑ 184 tokens · esc to cancel)
───────────────────────────────────────────────────────────────────────────────────────────────────────────────────────────────────────────────────────────────────────────────
*   Type your message or @path/to/file
───────────────────────────────────────────────────────────────────────────────────────────────────────────────────────────────────────────────────────────────────────────────
  YOLO mode (shift + tab to cycle)                                                                                                                         11.4% context used

  ⠋ Constructing additional pylons... (21s · ↑ 197 tokens · esc to cancel)
───────────────────────────────────────────────────────────────────────────────────────────────────────────────────────────────────────────────────────────────────────────────
*   Type your message or @path/to/file
───────────────────────────────────────────────────────────────────────────────────────────────────────────────────────────────────────────────────────────────────────────────
  YOLO mode (shift + tab to cycle)                                                                                                                         11.4% context used

  ⠙ Constructing additional pylons... (21s · ↑ 197 tokens · esc to cancel)
───────────────────────────────────────────────────────────────────────────────────────────────────────────────────────────────────────────────────────────────────────────────
*   Type your message or @path/to/file
───────────────────────────────────────────────────────────────────────────────────────────────────────────────────────────────────────────────────────────────────────────────
  YOLO mode (shift + tab to cycle)                                                                                                                         11.4% context used

  ⠹ Constructing additional pylons... (21s · ↑ 197 tokens · esc to cancel)
───────────────────────────────────────────────────────────────────────────────────────────────────────────────────────────────────────────────────────────────────────────────
*   Type your message or @path/to/file
───────────────────────────────────────────────────────────────────────────────────────────────────────────────────────────────────────────────────────────────────────────────
  YOLO mode (shift + tab to cycle)                                                                                                                         11.4% context used

  ⠹ Constructing additional pylons... (21s · ↑ 209 tokens · esc to cancel)
───────────────────────────────────────────────────────────────────────────────────────────────────────────────────────────────────────────────────────────────────────────────
*   Type your message or @path/to/file
───────────────────────────────────────────────────────────────────────────────────────────────────────────────────────────────────────────────────────────────────────────────
  YOLO mode (shift + tab to cycle)                                                                                                                         11.4% context used

  ⠸ Constructing additional pylons... (21s · ↑ 209 tokens · esc to cancel)
───────────────────────────────────────────────────────────────────────────────────────────────────────────────────────────────────────────────────────────────────────────────
*   Type your message or @path/to/file
───────────────────────────────────────────────────────────────────────────────────────────────────────────────────────────────────────────────────────────────────────────────
  YOLO mode (shift + tab to cycle)                                                                                                                         11.4% context used

  ⠸ Constructing additional pylons... (21s · ↑ 222 tokens · esc to cancel)
───────────────────────────────────────────────────────────────────────────────────────────────────────────────────────────────────────────────────────────────────────────────
*   Type your message or @path/to/file
───────────────────────────────────────────────────────────────────────────────────────────────────────────────────────────────────────────────────────────────────────────────
  YOLO mode (shift + tab to cycle)                                                                                                                         11.4% context used

  ⠼ Constructing additional pylons... (21s · ↑ 222 tokens · esc to cancel)
───────────────────────────────────────────────────────────────────────────────────────────────────────────────────────────────────────────────────────────────────────────────
*   Type your message or @path/to/file
───────────────────────────────────────────────────────────────────────────────────────────────────────────────────────────────────────────────────────────────────────────────
  YOLO mode (shift + tab to cycle)                                                                                                                         11.4% context used

  ⠼ Constructing additional pylons... (21s · ↑ 234 tokens · esc to cancel)
───────────────────────────────────────────────────────────────────────────────────────────────────────────────────────────────────────────────────────────────────────────────
*   Type your message or @path/to/file
───────────────────────────────────────────────────────────────────────────────────────────────────────────────────────────────────────────────────────────────────────────────
  YOLO mode (shift + tab to cycle)                                                                                                                         11.4% context used

  ⠴ Constructing additional pylons... (21s · ↑ 234 tokens · esc to cancel)
───────────────────────────────────────────────────────────────────────────────────────────────────────────────────────────────────────────────────────────────────────────────
*   Type your message or @path/to/file
───────────────────────────────────────────────────────────────────────────────────────────────────────────────────────────────────────────────────────────────────────────────
  YOLO mode (shift + tab to cycle)                                                                                                                         11.4% context used

  ⠴ Constructing additional pylons... (21s · ↑ 247 tokens · esc to cancel)
───────────────────────────────────────────────────────────────────────────────────────────────────────────────────────────────────────────────────────────────────────────────
*   Type your message or @path/to/file
───────────────────────────────────────────────────────────────────────────────────────────────────────────────────────────────────────────────────────────────────────────────
  YOLO mode (shift + tab to cycle)                                                                                                                         11.4% context used

  ⠦ Constructing additional pylons... (21s · ↑ 247 tokens · esc to cancel)
───────────────────────────────────────────────────────────────────────────────────────────────────────────────────────────────────────────────────────────────────────────────
*   Type your message or @path/to/file
───────────────────────────────────────────────────────────────────────────────────────────────────────────────────────────────────────────────────────────────────────────────
  YOLO mode (shift + tab to cycle)                                                                                                                         11.4% context used

  ⠧ Constructing additional pylons... (21s · ↑ 247 tokens · esc to cancel)
───────────────────────────────────────────────────────────────────────────────────────────────────────────────────────────────────────────────────────────────────────────────
*   Type your message or @path/to/file
───────────────────────────────────────────────────────────────────────────────────────────────────────────────────────────────────────────────────────────────────────────────
  YOLO mode (shift + tab to cycle)                                                                                                                         11.4% context used

  ⠧ Constructing additional pylons... (21s · ↑ 259 tokens · esc to cancel)
───────────────────────────────────────────────────────────────────────────────────────────────────────────────────────────────────────────────────────────────────────────────
*   Type your message or @path/to/file
───────────────────────────────────────────────────────────────────────────────────────────────────────────────────────────────────────────────────────────────────────────────
  YOLO mode (shift + tab to cycle)                                                                                                                         11.4% context used

  ⠇ Constructing additional pylons... (21s · ↑ 259 tokens · esc to cancel)
───────────────────────────────────────────────────────────────────────────────────────────────────────────────────────────────────────────────────────────────────────────────
*   Type your message or @path/to/file
───────────────────────────────────────────────────────────────────────────────────────────────────────────────────────────────────────────────────────────────────────────────
  YOLO mode (shift + tab to cycle)                                                                                                                         11.4% context used

  ⠇ Constructing additional pylons... (21s · ↑ 272 tokens · esc to cancel)
───────────────────────────────────────────────────────────────────────────────────────────────────────────────────────────────────────────────────────────────────────────────
*   Type your message or @path/to/file
───────────────────────────────────────────────────────────────────────────────────────────────────────────────────────────────────────────────────────────────────────────────
  YOLO mode (shift + tab to cycle)                                                                                                                         11.4% context used

  ⠏ Constructing additional pylons... (21s · ↑ 272 tokens · esc to cancel)
───────────────────────────────────────────────────────────────────────────────────────────────────────────────────────────────────────────────────────────────────────────────
*   Type your message or @path/to/file
───────────────────────────────────────────────────────────────────────────────────────────────────────────────────────────────────────────────────────────────────────────────
  YOLO mode (shift + tab to cycle)                                                                                                                         11.4% context used

  ⠏ Constructing additional pylons... (21s · ↑ 280 tokens · esc to cancel)
───────────────────────────────────────────────────────────────────────────────────────────────────────────────────────────────────────────────────────────────────────────────
*   Type your message or @path/to/file
───────────────────────────────────────────────────────────────────────────────────────────────────────────────────────────────────────────────────────────────────────────────
  YOLO mode (shift + tab to cycle)                                                                                                                         11.4% context used

  ⠋ Constructing additional pylons... (21s · ↑ 280 tokens · esc to cancel)
───────────────────────────────────────────────────────────────────────────────────────────────────────────────────────────────────────────────────────────────────────────────
*   Type your message or @path/to/file
───────────────────────────────────────────────────────────────────────────────────────────────────────────────────────────────────────────────────────────────────────────────
  YOLO mode (shift + tab to cycle)                                                                                                                         11.4% context used

  ⠋ Constructing additional pylons... (21s · ↑ 286 tokens · esc to cancel)
───────────────────────────────────────────────────────────────────────────────────────────────────────────────────────────────────────────────────────────────────────────────
*   Type your message or @path/to/file
───────────────────────────────────────────────────────────────────────────────────────────────────────────────────────────────────────────────────────────────────────────────
  YOLO mode (shift + tab to cycle)                                                                                                                         11.4% context used

  ⠙ Constructing additional pylons... (21s · ↑ 286 tokens · esc to cancel)
───────────────────────────────────────────────────────────────────────────────────────────────────────────────────────────────────────────────────────────────────────────────
*   Type your message or @path/to/file
───────────────────────────────────────────────────────────────────────────────────────────────────────────────────────────────────────────────────────────────────────────────
  YOLO mode (shift + tab to cycle)                                                                                                                         11.4% context used

  ⠹ Constructing additional pylons... (22s · ↑ 286 tokens · esc to cancel)
───────────────────────────────────────────────────────────────────────────────────────────────────────────────────────────────────────────────────────────────────────────────
*   Type your message or @path/to/file
───────────────────────────────────────────────────────────────────────────────────────────────────────────────────────────────────────────────────────────────────────────────
  YOLO mode (shift + tab to cycle)                                                                                                                         11.4% context used

  ⠹ Constructing additional pylons... (22s · ↑ 291 tokens · esc to cancel)
───────────────────────────────────────────────────────────────────────────────────────────────────────────────────────────────────────────────────────────────────────────────
*   Type your message or @path/to/file
───────────────────────────────────────────────────────────────────────────────────────────────────────────────────────────────────────────────────────────────────────────────
  YOLO mode (shift + tab to cycle)                                                                                                                         11.4% context used

  ⠸ Constructing additional pylons... (22s · ↑ 291 tokens · esc to cancel)
───────────────────────────────────────────────────────────────────────────────────────────────────────────────────────────────────────────────────────────────────────────────
*   Type your message or @path/to/file
───────────────────────────────────────────────────────────────────────────────────────────────────────────────────────────────────────────────────────────────────────────────
  YOLO mode (shift + tab to cycle)                                                                                                                         11.4% context used

  ⠸ Constructing additional pylons... (22s · ↑ 295 tokens · esc to cancel)
───────────────────────────────────────────────────────────────────────────────────────────────────────────────────────────────────────────────────────────────────────────────
*   Type your message or @path/to/file
───────────────────────────────────────────────────────────────────────────────────────────────────────────────────────────────────────────────────────────────────────────────
  YOLO mode (shift + tab to cycle)                                                                                                                         11.4% context used

  ⠼ Constructing additional pylons... (22s · ↑ 295 tokens · esc to cancel)
───────────────────────────────────────────────────────────────────────────────────────────────────────────────────────────────────────────────────────────────────────────────
*   Type your message or @path/to/file
───────────────────────────────────────────────────────────────────────────────────────────────────────────────────────────────────────────────────────────────────────────────
  YOLO mode (shift + tab to cycle)                                                                                                                         11.4% context used

  ⠼ Constructing additional pylons... (22s · ↑ 296 tokens · esc to cancel)
───────────────────────────────────────────────────────────────────────────────────────────────────────────────────────────────────────────────────────────────────────────────
*   Type your message or @path/to/file
───────────────────────────────────────────────────────────────────────────────────────────────────────────────────────────────────────────────────────────────────────────────
  YOLO mode (shift + tab to cycle)                                                                                                                         11.4% context used

  ⠴ Constructing additional pylons... (22s · ↑ 296 tokens · esc to cancel)
───────────────────────────────────────────────────────────────────────────────────────────────────────────────────────────────────────────────────────────────────────────────
*   Type your message or @path/to/file
───────────────────────────────────────────────────────────────────────────────────────────────────────────────────────────────────────────────────────────────────────────────
  YOLO mode (shift + tab to cycle)                                                                                                                         11.4% context used

  ⠴ Constructing additional pylons... (22s · ↑ 297 tokens · esc to cancel)
───────────────────────────────────────────────────────────────────────────────────────────────────────────────────────────────────────────────────────────────────────────────
*   Type your message or @path/to/file
───────────────────────────────────────────────────────────────────────────────────────────────────────────────────────────────────────────────────────────────────────────────
  YOLO mode (shift + tab to cycle)                                                                                                                         11.4% context used

  ⠦ Constructing additional pylons... (22s · ↑ 297 tokens · esc to cancel)
───────────────────────────────────────────────────────────────────────────────────────────────────────────────────────────────────────────────────────────────────────────────
*   Type your message or @path/to/file
───────────────────────────────────────────────────────────────────────────────────────────────────────────────────────────────────────────────────────────────────────────────
  YOLO mode (shift + tab to cycle)                                                                                                                         11.4% context used

  ⠧ Constructing additional pylons... (22s · ↑ 297 tokens · esc to cancel)
───────────────────────────────────────────────────────────────────────────────────────────────────────────────────────────────────────────────────────────────────────────────
*   Type your message or @path/to/file
───────────────────────────────────────────────────────────────────────────────────────────────────────────────────────────────────────────────────────────────────────────────
  YOLO mode (shift + tab to cycle)                                                                                                                         11.4% context used

  ⠇ Constructing additional pylons... (22s · ↑ 297 tokens · esc to cancel)
───────────────────────────────────────────────────────────────────────────────────────────────────────────────────────────────────────────────────────────────────────────────
*   Type your message or @path/to/file
───────────────────────────────────────────────────────────────────────────────────────────────────────────────────────────────────────────────────────────────────────────────
  YOLO mode (shift + tab to cycle)                                                                                                                         11.4% context used

  ⠇ Constructing additional pylons... (22s · ↑ 298 tokens · esc to cancel)
───────────────────────────────────────────────────────────────────────────────────────────────────────────────────────────────────────────────────────────────────────────────
*   Type your message or @path/to/file
───────────────────────────────────────────────────────────────────────────────────────────────────────────────────────────────────────────────────────────────────────────────
  YOLO mode (shift + tab to cycle)                                                                                                                         11.4% context used

  ⠏ Constructing additional pylons... (22s · ↑ 298 tokens · esc to cancel)
───────────────────────────────────────────────────────────────────────────────────────────────────────────────────────────────────────────────────────────────────────────────
*   Type your message or @path/to/file
───────────────────────────────────────────────────────────────────────────────────────────────────────────────────────────────────────────────────────────────────────────────
  YOLO mode (shift + tab to cycle)                                                                                                                         11.4% context used

  ⠏ Constructing additional pylons... (22s · ↑ 299 tokens · esc to cancel)
───────────────────────────────────────────────────────────────────────────────────────────────────────────────────────────────────────────────────────────────────────────────
*   Type your message or @path/to/file
───────────────────────────────────────────────────────────────────────────────────────────────────────────────────────────────────────────────────────────────────────────────
  YOLO mode (shift + tab to cycle)                                                                                                                         11.4% context used

  ⠋ Constructing additional pylons... (22s · ↑ 299 tokens · esc to cancel)
───────────────────────────────────────────────────────────────────────────────────────────────────────────────────────────────────────────────────────────────────────────────
*   Type your message or @path/to/file
───────────────────────────────────────────────────────────────────────────────────────────────────────────────────────────────────────────────────────────────────────────────
  YOLO mode (shift + tab to cycle)                                                                                                                         11.4% context used

  ⠋ Constructing additional pylons... (22s · ↑ 300 tokens · esc to cancel)
───────────────────────────────────────────────────────────────────────────────────────────────────────────────────────────────────────────────────────────────────────────────
*   Type your message or @path/to/file
───────────────────────────────────────────────────────────────────────────────────────────────────────────────────────────────────────────────────────────────────────────────
  YOLO mode (shift + tab to cycle)                                                                                                                         11.4% context used

  ⠙ Constructing additional pylons... (22s · ↑ 300 tokens · esc to cancel)
───────────────────────────────────────────────────────────────────────────────────────────────────────────────────────────────────────────────────────────────────────────────
*   Type your message or @path/to/file
───────────────────────────────────────────────────────────────────────────────────────────────────────────────────────────────────────────────────────────────────────────────
  YOLO mode (shift + tab to cycle)                                                                                                                         11.4% context used

  ⠹ Constructing additional pylons... (22s · ↑ 300 tokens · esc to cancel)
───────────────────────────────────────────────────────────────────────────────────────────────────────────────────────────────────────────────────────────────────────────────
*   Type your message or @path/to/file
───────────────────────────────────────────────────────────────────────────────────────────────────────────────────────────────────────────────────────────────────────────────
  YOLO mode (shift + tab to cycle)                                                                                                                         11.4% context used

  ⠸ Constructing additional pylons... (22s · ↑ 300 tokens · esc to cancel)
───────────────────────────────────────────────────────────────────────────────────────────────────────────────────────────────────────────────────────────────────────────────
*   Type your message or @path/to/file
───────────────────────────────────────────────────────────────────────────────────────────────────────────────────────────────────────────────────────────────────────────────
  YOLO mode (shift + tab to cycle)                                                                                                                         11.4% context used

  ⠸ Constructing additional pylons... (22s · ↑ 301 tokens · esc to cancel)
───────────────────────────────────────────────────────────────────────────────────────────────────────────────────────────────────────────────────────────────────────────────
*   Type your message or @path/to/file
───────────────────────────────────────────────────────────────────────────────────────────────────────────────────────────────────────────────────────────────────────────────
  YOLO mode (shift + tab to cycle)                                                                                                                         11.4% context used

  ⠼ Constructing additional pylons... (22s · ↑ 301 tokens · esc to cancel)
───────────────────────────────────────────────────────────────────────────────────────────────────────────────────────────────────────────────────────────────────────────────
*   Type your message or @path/to/file
───────────────────────────────────────────────────────────────────────────────────────────────────────────────────────────────────────────────────────────────────────────────
  YOLO mode (shift + tab to cycle)                                                                                                                         11.4% context used

  ⠼ Constructing additional pylons... (23s · ↑ 301 tokens · esc to cancel)
───────────────────────────────────────────────────────────────────────────────────────────────────────────────────────────────────────────────────────────────────────────────
*   Type your message or @path/to/file
───────────────────────────────────────────────────────────────────────────────────────────────────────────────────────────────────────────────────────────────────────────────
  YOLO mode (shift + tab to cycle)                                                                                                                         11.4% context used

  ⠼ Constructing additional pylons... (23s · ↑ 302 tokens · esc to cancel)
───────────────────────────────────────────────────────────────────────────────────────────────────────────────────────────────────────────────────────────────────────────────
*   Type your message or @path/to/file
───────────────────────────────────────────────────────────────────────────────────────────────────────────────────────────────────────────────────────────────────────────────
  YOLO mode (shift + tab to cycle)                                                                                                                         11.4% context used

  ⠴ Constructing additional pylons... (23s · ↑ 302 tokens · esc to cancel)
───────────────────────────────────────────────────────────────────────────────────────────────────────────────────────────────────────────────────────────────────────────────
*   Type your message or @path/to/file
───────────────────────────────────────────────────────────────────────────────────────────────────────────────────────────────────────────────────────────────────────────────
  YOLO mode (shift + tab to cycle)                                                                                                                         11.4% context used

  ⠴ Constructing additional pylons... (23s · ↑ 303 tokens · esc to cancel)
───────────────────────────────────────────────────────────────────────────────────────────────────────────────────────────────────────────────────────────────────────────────
*   Type your message or @path/to/file
───────────────────────────────────────────────────────────────────────────────────────────────────────────────────────────────────────────────────────────────────────────────
  YOLO mode (shift + tab to cycle)                                                                                                                         11.4% context used

  ⠦ Constructing additional pylons... (23s · ↑ 303 tokens · esc to cancel)
───────────────────────────────────────────────────────────────────────────────────────────────────────────────────────────────────────────────────────────────────────────────
*   Type your message or @path/to/file
───────────────────────────────────────────────────────────────────────────────────────────────────────────────────────────────────────────────────────────────────────────────
  YOLO mode (shift + tab to cycle)                                                                                                                         11.4% context used

  ⠧ Constructing additional pylons... (23s · ↑ 303 tokens · esc to cancel)
───────────────────────────────────────────────────────────────────────────────────────────────────────────────────────────────────────────────────────────────────────────────
*   Type your message or @path/to/file
───────────────────────────────────────────────────────────────────────────────────────────────────────────────────────────────────────────────────────────────────────────────
  YOLO mode (shift + tab to cycle)                                                                                                                         11.4% context used

  ⠇ Constructing additional pylons... (23s · ↑ 303 tokens · esc to cancel)
───────────────────────────────────────────────────────────────────────────────────────────────────────────────────────────────────────────────────────────────────────────────
*   Type your message or @path/to/file
───────────────────────────────────────────────────────────────────────────────────────────────────────────────────────────────────────────────────────────────────────────────
  YOLO mode (shift + tab to cycle)                                                                                                                         11.4% context used

  ⠇ Constructing additional pylons... (23s · ↑ 304 tokens · esc to cancel)
───────────────────────────────────────────────────────────────────────────────────────────────────────────────────────────────────────────────────────────────────────────────
*   Type your message or @path/to/file
───────────────────────────────────────────────────────────────────────────────────────────────────────────────────────────────────────────────────────────────────────────────
  YOLO mode (shift + tab to cycle)                                                                                                                         11.4% context used

  ⠏ Constructing additional pylons... (23s · ↑ 304 tokens · esc to cancel)
───────────────────────────────────────────────────────────────────────────────────────────────────────────────────────────────────────────────────────────────────────────────
*   Type your message or @path/to/file
───────────────────────────────────────────────────────────────────────────────────────────────────────────────────────────────────────────────────────────────────────────────
  YOLO mode (shift + tab to cycle)                                                                                                                         11.4% context used

  ⠏ Constructing additional pylons... (23s · ↑ 305 tokens · esc to cancel)
───────────────────────────────────────────────────────────────────────────────────────────────────────────────────────────────────────────────────────────────────────────────
*   Type your message or @path/to/file
───────────────────────────────────────────────────────────────────────────────────────────────────────────────────────────────────────────────────────────────────────────────
  YOLO mode (shift + tab to cycle)                                                                                                                         11.4% context used

  ⠋ Constructing additional pylons... (23s · ↑ 305 tokens · esc to cancel)
───────────────────────────────────────────────────────────────────────────────────────────────────────────────────────────────────────────────────────────────────────────────
*   Type your message or @path/to/file
───────────────────────────────────────────────────────────────────────────────────────────────────────────────────────────────────────────────────────────────────────────────
  YOLO mode (shift + tab to cycle)                                                                                                                         11.4% context used

  ⠋ Constructing additional pylons... (23s · ↑ 306 tokens · esc to cancel)
───────────────────────────────────────────────────────────────────────────────────────────────────────────────────────────────────────────────────────────────────────────────
*   Type your message or @path/to/file
───────────────────────────────────────────────────────────────────────────────────────────────────────────────────────────────────────────────────────────────────────────────
  YOLO mode (shift + tab to cycle)                                                                                                                         11.4% context used

  ⠙ Constructing additional pylons... (23s · ↑ 306 tokens · esc to cancel)
───────────────────────────────────────────────────────────────────────────────────────────────────────────────────────────────────────────────────────────────────────────────
*   Type your message or @path/to/file
───────────────────────────────────────────────────────────────────────────────────────────────────────────────────────────────────────────────────────────────────────────────
  YOLO mode (shift + tab to cycle)                                                                                                                         11.4% context used

  ⠹ Constructing additional pylons... (23s · ↑ 306 tokens · esc to cancel)
───────────────────────────────────────────────────────────────────────────────────────────────────────────────────────────────────────────────────────────────────────────────
*   Type your message or @path/to/file
───────────────────────────────────────────────────────────────────────────────────────────────────────────────────────────────────────────────────────────────────────────────
  YOLO mode (shift + tab to cycle)                                                                                                                         11.4% context used

  ⠸ Constructing additional pylons... (23s · ↑ 306 tokens · esc to cancel)
───────────────────────────────────────────────────────────────────────────────────────────────────────────────────────────────────────────────────────────────────────────────
*   Type your message or @path/to/file
───────────────────────────────────────────────────────────────────────────────────────────────────────────────────────────────────────────────────────────────────────────────
  YOLO mode (shift + tab to cycle)                                                                                                                         11.4% context used

  ⠸ Constructing additional pylons... (23s · ↑ 307 tokens · esc to cancel)
───────────────────────────────────────────────────────────────────────────────────────────────────────────────────────────────────────────────────────────────────────────────
*   Type your message or @path/to/file
───────────────────────────────────────────────────────────────────────────────────────────────────────────────────────────────────────────────────────────────────────────────
  YOLO mode (shift + tab to cycle)                                                                                                                         11.4% context used

  ⠼ Constructing additional pylons... (23s · ↑ 307 tokens · esc to cancel)
───────────────────────────────────────────────────────────────────────────────────────────────────────────────────────────────────────────────────────────────────────────────
*   Type your message or @path/to/file
───────────────────────────────────────────────────────────────────────────────────────────────────────────────────────────────────────────────────────────────────────────────
  YOLO mode (shift + tab to cycle)                                                                                                                         11.4% context used

  ⠼ Constructing additional pylons... (23s · ↑ 308 tokens · esc to cancel)
───────────────────────────────────────────────────────────────────────────────────────────────────────────────────────────────────────────────────────────────────────────────
*   Type your message or @path/to/file
───────────────────────────────────────────────────────────────────────────────────────────────────────────────────────────────────────────────────────────────────────────────
  YOLO mode (shift + tab to cycle)                                                                                                                         11.4% context used

  ⠴ Constructing additional pylons... (23s · ↑ 308 tokens · esc to cancel)
───────────────────────────────────────────────────────────────────────────────────────────────────────────────────────────────────────────────────────────────────────────────
*   Type your message or @path/to/file
───────────────────────────────────────────────────────────────────────────────────────────────────────────────────────────────────────────────────────────────────────────────
  YOLO mode (shift + tab to cycle)                                                                                                                         11.4% context used

  ⠴ Constructing additional pylons... (23s · ↑ 309 tokens · esc to cancel)
───────────────────────────────────────────────────────────────────────────────────────────────────────────────────────────────────────────────────────────────────────────────
*   Type your message or @path/to/file
───────────────────────────────────────────────────────────────────────────────────────────────────────────────────────────────────────────────────────────────────────────────
  YOLO mode (shift + tab to cycle)                                                                                                                         11.4% context used

  ⠦ Constructing additional pylons... (23s · ↑ 309 tokens · esc to cancel)
───────────────────────────────────────────────────────────────────────────────────────────────────────────────────────────────────────────────────────────────────────────────
*   Type your message or @path/to/file
───────────────────────────────────────────────────────────────────────────────────────────────────────────────────────────────────────────────────────────────────────────────
  YOLO mode (shift + tab to cycle)                                                                                                                         11.4% context used

  ⠦ Constructing additional pylons... (24s · ↑ 309 tokens · esc to cancel)
───────────────────────────────────────────────────────────────────────────────────────────────────────────────────────────────────────────────────────────────────────────────
*   Type your message or @path/to/file
───────────────────────────────────────────────────────────────────────────────────────────────────────────────────────────────────────────────────────────────────────────────
  YOLO mode (shift + tab to cycle)                                                                                                                         11.4% context used

  ⠧ Constructing additional pylons... (24s · ↑ 309 tokens · esc to cancel)
───────────────────────────────────────────────────────────────────────────────────────────────────────────────────────────────────────────────────────────────────────────────
*   Type your message or @path/to/file
───────────────────────────────────────────────────────────────────────────────────────────────────────────────────────────────────────────────────────────────────────────────
  YOLO mode (shift + tab to cycle)                                                                                                                         11.4% context used

  ⠇ Constructing additional pylons... (24s · ↑ 309 tokens · esc to cancel)
───────────────────────────────────────────────────────────────────────────────────────────────────────────────────────────────────────────────────────────────────────────────
*   Type your message or @path/to/file
───────────────────────────────────────────────────────────────────────────────────────────────────────────────────────────────────────────────────────────────────────────────
  YOLO mode (shift + tab to cycle)                                                                                                                         11.4% context used

  ⠇ Constructing additional pylons... (24s · ↑ 310 tokens · esc to cancel)
───────────────────────────────────────────────────────────────────────────────────────────────────────────────────────────────────────────────────────────────────────────────
*   Type your message or @path/to/file
───────────────────────────────────────────────────────────────────────────────────────────────────────────────────────────────────────────────────────────────────────────────
  YOLO mode (shift + tab to cycle)                                                                                                                         11.4% context used

  ⠏ Constructing additional pylons... (24s · ↑ 310 tokens · esc to cancel)
───────────────────────────────────────────────────────────────────────────────────────────────────────────────────────────────────────────────────────────────────────────────
*   Type your message or @path/to/file
───────────────────────────────────────────────────────────────────────────────────────────────────────────────────────────────────────────────────────────────────────────────
  YOLO mode (shift + tab to cycle)                                                                                                                         11.4% context used

  ⠏ Constructing additional pylons... (24s · ↑ 311 tokens · esc to cancel)
───────────────────────────────────────────────────────────────────────────────────────────────────────────────────────────────────────────────────────────────────────────────
*   Type your message or @path/to/file
───────────────────────────────────────────────────────────────────────────────────────────────────────────────────────────────────────────────────────────────────────────────
  YOLO mode (shift + tab to cycle)                                                                                                                         11.4% context used

  ⠋ Constructing additional pylons... (24s · ↑ 311 tokens · esc to cancel)
───────────────────────────────────────────────────────────────────────────────────────────────────────────────────────────────────────────────────────────────────────────────
*   Type your message or @path/to/file
───────────────────────────────────────────────────────────────────────────────────────────────────────────────────────────────────────────────────────────────────────────────
  YOLO mode (shift + tab to cycle)                                                                                                                         11.4% context used

  ⠋ Constructing additional pylons... (24s · ↑ 312 tokens · esc to cancel)
───────────────────────────────────────────────────────────────────────────────────────────────────────────────────────────────────────────────────────────────────────────────
*   Type your message or @path/to/file
───────────────────────────────────────────────────────────────────────────────────────────────────────────────────────────────────────────────────────────────────────────────
  YOLO mode (shift + tab to cycle)                                                                                                                         11.4% context used

  ⠙ Constructing additional pylons... (24s · ↑ 312 tokens · esc to cancel)
───────────────────────────────────────────────────────────────────────────────────────────────────────────────────────────────────────────────────────────────────────────────
*   Type your message or @path/to/file
───────────────────────────────────────────────────────────────────────────────────────────────────────────────────────────────────────────────────────────────────────────────
  YOLO mode (shift + tab to cycle)                                                                                                                         11.4% context used

  ⠹ Constructing additional pylons... (24s · ↑ 312 tokens · esc to cancel)
───────────────────────────────────────────────────────────────────────────────────────────────────────────────────────────────────────────────────────────────────────────────
*   Type your message or @path/to/file
───────────────────────────────────────────────────────────────────────────────────────────────────────────────────────────────────────────────────────────────────────────────
  YOLO mode (shift + tab to cycle)                                                                                                                         11.4% context used

  ⠸ Constructing additional pylons... (24s · ↑ 312 tokens · esc to cancel)
───────────────────────────────────────────────────────────────────────────────────────────────────────────────────────────────────────────────────────────────────────────────
*   Type your message or @path/to/file
───────────────────────────────────────────────────────────────────────────────────────────────────────────────────────────────────────────────────────────────────────────────
  YOLO mode (shift + tab to cycle)                                                                                                                         11.4% context used

  ⠼ Constructing additional pylons... (24s · ↑ 312 tokens · esc to cancel)
───────────────────────────────────────────────────────────────────────────────────────────────────────────────────────────────────────────────────────────────────────────────
*   Type your message or @path/to/file
───────────────────────────────────────────────────────────────────────────────────────────────────────────────────────────────────────────────────────────────────────────────
  YOLO mode (shift + tab to cycle)                                                                                                                         11.4% context used

  ⠴ Constructing additional pylons... (24s · ↑ 312 tokens · esc to cancel)
───────────────────────────────────────────────────────────────────────────────────────────────────────────────────────────────────────────────────────────────────────────────
*   Type your message or @path/to/file
───────────────────────────────────────────────────────────────────────────────────────────────────────────────────────────────────────────────────────────────────────────────
  YOLO mode (shift + tab to cycle)                                                                                                                         11.4% context used

  ⠦ Constructing additional pylons... (24s · ↑ 312 tokens · esc to cancel)
───────────────────────────────────────────────────────────────────────────────────────────────────────────────────────────────────────────────────────────────────────────────
*   Type your message or @path/to/file
───────────────────────────────────────────────────────────────────────────────────────────────────────────────────────────────────────────────────────────────────────────────
  YOLO mode (shift + tab to cycle)                                                                                                                         11.4% context used

  ⠧ Constructing additional pylons... (24s · ↑ 312 tokens · esc to cancel)
───────────────────────────────────────────────────────────────────────────────────────────────────────────────────────────────────────────────────────────────────────────────
*   Type your message or @path/to/file
───────────────────────────────────────────────────────────────────────────────────────────────────────────────────────────────────────────────────────────────────────────────
  YOLO mode (shift + tab to cycle)                                                                                                                         11.4% context used

  ⠇ Constructing additional pylons... (24s · ↑ 312 tokens · esc to cancel)
───────────────────────────────────────────────────────────────────────────────────────────────────────────────────────────────────────────────────────────────────────────────
*   Type your message or @path/to/file
───────────────────────────────────────────────────────────────────────────────────────────────────────────────────────────────────────────────────────────────────────────────
  YOLO mode (shift + tab to cycle)                                                                                                                         11.4% context used

  ⠏ Constructing additional pylons... (24s · ↑ 312 tokens · esc to cancel)
───────────────────────────────────────────────────────────────────────────────────────────────────────────────────────────────────────────────────────────────────────────────
*   Type your message or @path/to/file
───────────────────────────────────────────────────────────────────────────────────────────────────────────────────────────────────────────────────────────────────────────────
  YOLO mode (shift + tab to cycle)                                                                                                                         11.4% context used

  ⠏ Constructing additional pylons... (25s · ↑ 312 tokens · esc to cancel)
───────────────────────────────────────────────────────────────────────────────────────────────────────────────────────────────────────────────────────────────────────────────
*   Type your message or @path/to/file
───────────────────────────────────────────────────────────────────────────────────────────────────────────────────────────────────────────────────────────────────────────────
  YOLO mode (shift + tab to cycle)                                                                                                                         11.4% context used

  ⠋ Constructing additional pylons... (25s · ↑ 312 tokens · esc to cancel)
───────────────────────────────────────────────────────────────────────────────────────────────────────────────────────────────────────────────────────────────────────────────
*   Type your message or @path/to/file
───────────────────────────────────────────────────────────────────────────────────────────────────────────────────────────────────────────────────────────────────────────────
  YOLO mode (shift + tab to cycle)                                                                                                                         11.4% context used

  ⠙ Constructing additional pylons... (25s · ↑ 312 tokens · esc to cancel)
───────────────────────────────────────────────────────────────────────────────────────────────────────────────────────────────────────────────────────────────────────────────
*   Type your message or @path/to/file
───────────────────────────────────────────────────────────────────────────────────────────────────────────────────────────────────────────────────────────────────────────────
  YOLO mode (shift + tab to cycle)                                                                                                                         11.4% context used

  ⠹ Constructing additional pylons... (25s · ↑ 312 tokens · esc to cancel)
───────────────────────────────────────────────────────────────────────────────────────────────────────────────────────────────────────────────────────────────────────────────
*   Type your message or @path/to/file
───────────────────────────────────────────────────────────────────────────────────────────────────────────────────────────────────────────────────────────────────────────────
  YOLO mode (shift + tab to cycle)                                                                                                                         11.4% context used

  ⠸ Constructing additional pylons... (25s · ↑ 312 tokens · esc to cancel)
───────────────────────────────────────────────────────────────────────────────────────────────────────────────────────────────────────────────────────────────────────────────
*   Type your message or @path/to/file
───────────────────────────────────────────────────────────────────────────────────────────────────────────────────────────────────────────────────────────────────────────────
  YOLO mode (shift + tab to cycle)                                                                                                                         11.4% context used

  ⠼ Constructing additional pylons... (25s · ↑ 312 tokens · esc to cancel)
───────────────────────────────────────────────────────────────────────────────────────────────────────────────────────────────────────────────────────────────────────────────
*   Type your message or @path/to/file
───────────────────────────────────────────────────────────────────────────────────────────────────────────────────────────────────────────────────────────────────────────────
  YOLO mode (shift + tab to cycle)                                                                                                                         11.4% context used

  ⠴ Constructing additional pylons... (25s · ↑ 312 tokens · esc to cancel)
───────────────────────────────────────────────────────────────────────────────────────────────────────────────────────────────────────────────────────────────────────────────
*   Type your message or @path/to/file
───────────────────────────────────────────────────────────────────────────────────────────────────────────────────────────────────────────────────────────────────────────────
  YOLO mode (shift + tab to cycle)                                                                                                                         11.4% context used

  ⠦ Constructing additional pylons... (25s · ↑ 312 tokens · esc to cancel)
───────────────────────────────────────────────────────────────────────────────────────────────────────────────────────────────────────────────────────────────────────────────
*   Type your message or @path/to/file
───────────────────────────────────────────────────────────────────────────────────────────────────────────────────────────────────────────────────────────────────────────────
  YOLO mode (shift + tab to cycle)                                                                                                                         11.4% context used

  ⠧ Constructing additional pylons... (25s · ↑ 312 tokens · esc to cancel)
───────────────────────────────────────────────────────────────────────────────────────────────────────────────────────────────────────────────────────────────────────────────
*   Type your message or @path/to/file
───────────────────────────────────────────────────────────────────────────────────────────────────────────────────────────────────────────────────────────────────────────────
  YOLO mode (shift + tab to cycle)                                                                                                                         11.4% context used

  ⠇ Constructing additional pylons... (25s · ↑ 312 tokens · esc to cancel)
───────────────────────────────────────────────────────────────────────────────────────────────────────────────────────────────────────────────────────────────────────────────
*   Type your message or @path/to/file
───────────────────────────────────────────────────────────────────────────────────────────────────────────────────────────────────────────────────────────────────────────────
  YOLO mode (shift + tab to cycle)                                                                                                                         11.4% context used

  ⠏ Constructing additional pylons... (25s · ↑ 312 tokens · esc to cancel)
───────────────────────────────────────────────────────────────────────────────────────────────────────────────────────────────────────────────────────────────────────────────
*   Type your message or @path/to/file
───────────────────────────────────────────────────────────────────────────────────────────────────────────────────────────────────────────────────────────────────────────────
  YOLO mode (shift + tab to cycle)                                                                                                                         11.4% context used

  ⠋ Constructing additional pylons... (25s · ↑ 312 tokens · esc to cancel)
───────────────────────────────────────────────────────────────────────────────────────────────────────────────────────────────────────────────────────────────────────────────
*   Type your message or @path/to/file
───────────────────────────────────────────────────────────────────────────────────────────────────────────────────────────────────────────────────────────────────────────────
  YOLO mode (shift + tab to cycle)                                                                                                                         11.4% context used

  ⠙ Constructing additional pylons... (25s · ↑ 312 tokens · esc to cancel)
───────────────────────────────────────────────────────────────────────────────────────────────────────────────────────────────────────────────────────────────────────────────
*   Type your message or @path/to/file
───────────────────────────────────────────────────────────────────────────────────────────────────────────────────────────────────────────────────────────────────────────────
  YOLO mode (shift + tab to cycle)                                                                                                                         11.4% context used

  ⠙ Constructing additional pylons... (26s · ↑ 312 tokens · esc to cancel)
───────────────────────────────────────────────────────────────────────────────────────────────────────────────────────────────────────────────────────────────────────────────
*   Type your message or @path/to/file
───────────────────────────────────────────────────────────────────────────────────────────────────────────────────────────────────────────────────────────────────────────────
  YOLO mode (shift + tab to cycle)                                                                                                                         11.4% context used

  ⠹ Constructing additional pylons... (26s · ↑ 312 tokens · esc to cancel)
───────────────────────────────────────────────────────────────────────────────────────────────────────────────────────────────────────────────────────────────────────────────
*   Type your message or @path/to/file
───────────────────────────────────────────────────────────────────────────────────────────────────────────────────────────────────────────────────────────────────────────────
  YOLO mode (shift + tab to cycle)                                                                                                                         11.4% context used

  ⠸ Constructing additional pylons... (26s · ↑ 312 tokens · esc to cancel)
───────────────────────────────────────────────────────────────────────────────────────────────────────────────────────────────────────────────────────────────────────────────
*   Type your message or @path/to/file
───────────────────────────────────────────────────────────────────────────────────────────────────────────────────────────────────────────────────────────────────────────────
  YOLO mode (shift + tab to cycle)                                                                                                                         11.4% context used

  ⠼ Constructing additional pylons... (26s · ↑ 312 tokens · esc to cancel)
───────────────────────────────────────────────────────────────────────────────────────────────────────────────────────────────────────────────────────────────────────────────
*   Type your message or @path/to/file
───────────────────────────────────────────────────────────────────────────────────────────────────────────────────────────────────────────────────────────────────────────────
  YOLO mode (shift + tab to cycle)                                                                                                                         11.4% context used

  ⠴ Constructing additional pylons... (26s · ↑ 312 tokens · esc to cancel)
───────────────────────────────────────────────────────────────────────────────────────────────────────────────────────────────────────────────────────────────────────────────
*   Type your message or @path/to/file
───────────────────────────────────────────────────────────────────────────────────────────────────────────────────────────────────────────────────────────────────────────────
  YOLO mode (shift + tab to cycle)                                                                                                                         11.4% context used

  ⠦ Constructing additional pylons... (26s · ↑ 312 tokens · esc to cancel)
───────────────────────────────────────────────────────────────────────────────────────────────────────────────────────────────────────────────────────────────────────────────
*   Type your message or @path/to/file
───────────────────────────────────────────────────────────────────────────────────────────────────────────────────────────────────────────────────────────────────────────────
  YOLO mode (shift + tab to cycle)                                                                                                                         11.4% context used

  ⠧ Constructing additional pylons... (26s · ↑ 312 tokens · esc to cancel)
───────────────────────────────────────────────────────────────────────────────────────────────────────────────────────────────────────────────────────────────────────────────
*   Type your message or @path/to/file
───────────────────────────────────────────────────────────────────────────────────────────────────────────────────────────────────────────────────────────────────────────────
  YOLO mode (shift + tab to cycle)                                                                                                                         11.4% context used

  ⠇ Constructing additional pylons... (26s · ↑ 312 tokens · esc to cancel)
───────────────────────────────────────────────────────────────────────────────────────────────────────────────────────────────────────────────────────────────────────────────
*   Type your message or @path/to/file
───────────────────────────────────────────────────────────────────────────────────────────────────────────────────────────────────────────────────────────────────────────────
  YOLO mode (shift + tab to cycle)                                                                                                                         11.4% context used

  ⠏ Constructing additional pylons... (26s · ↑ 312 tokens · esc to cancel)
───────────────────────────────────────────────────────────────────────────────────────────────────────────────────────────────────────────────────────────────────────────────
*   Type your message or @path/to/file
───────────────────────────────────────────────────────────────────────────────────────────────────────────────────────────────────────────────────────────────────────────────
  YOLO mode (shift + tab to cycle)                                                                                                                         11.4% context used

  ⠋ Constructing additional pylons... (26s · ↑ 312 tokens · esc to cancel)
───────────────────────────────────────────────────────────────────────────────────────────────────────────────────────────────────────────────────────────────────────────────
*   Type your message or @path/to/file
───────────────────────────────────────────────────────────────────────────────────────────────────────────────────────────────────────────────────────────────────────────────
  YOLO mode (shift + tab to cycle)                                                                                                                         11.4% context used

  ⠙ Constructing additional pylons... (26s · ↑ 312 tokens · esc to cancel)
───────────────────────────────────────────────────────────────────────────────────────────────────────────────────────────────────────────────────────────────────────────────
*   Type your message or @path/to/file
───────────────────────────────────────────────────────────────────────────────────────────────────────────────────────────────────────────────────────────────────────────────
  YOLO mode (shift + tab to cycle)                                                                                                                         11.4% context used

  ⠹ Constructing additional pylons... (26s · ↑ 312 tokens · esc to cancel)
───────────────────────────────────────────────────────────────────────────────────────────────────────────────────────────────────────────────────────────────────────────────
*   Type your message or @path/to/file
───────────────────────────────────────────────────────────────────────────────────────────────────────────────────────────────────────────────────────────────────────────────
  YOLO mode (shift + tab to cycle)                                                                                                                         11.4% context used

  ⠸ Constructing additional pylons... (26s · ↑ 312 tokens · esc to cancel)
───────────────────────────────────────────────────────────────────────────────────────────────────────────────────────────────────────────────────────────────────────────────
*   Type your message or @path/to/file
───────────────────────────────────────────────────────────────────────────────────────────────────────────────────────────────────────────────────────────────────────────────
  YOLO mode (shift + tab to cycle)                                                                                                                         11.4% context used

  ⠸ Constructing additional pylons... (27s · ↑ 312 tokens · esc to cancel)
───────────────────────────────────────────────────────────────────────────────────────────────────────────────────────────────────────────────────────────────────────────────
*   Type your message or @path/to/file
───────────────────────────────────────────────────────────────────────────────────────────────────────────────────────────────────────────────────────────────────────────────
  YOLO mode (shift + tab to cycle)                                                                                                                         11.4% context used

  ⠼ Constructing additional pylons... (27s · ↑ 312 tokens · esc to cancel)
───────────────────────────────────────────────────────────────────────────────────────────────────────────────────────────────────────────────────────────────────────────────
*   Type your message or @path/to/file
───────────────────────────────────────────────────────────────────────────────────────────────────────────────────────────────────────────────────────────────────────────────
  YOLO mode (shift + tab to cycle)                                                                                                                         11.4% context used

  ⠴ Constructing additional pylons... (27s · ↑ 312 tokens · esc to cancel)
───────────────────────────────────────────────────────────────────────────────────────────────────────────────────────────────────────────────────────────────────────────────
*   Type your message or @path/to/file
───────────────────────────────────────────────────────────────────────────────────────────────────────────────────────────────────────────────────────────────────────────────
  YOLO mode (shift + tab to cycle)                                                                                                                         11.4% context used

  ⠦ Constructing additional pylons... (27s · ↑ 312 tokens · esc to cancel)
───────────────────────────────────────────────────────────────────────────────────────────────────────────────────────────────────────────────────────────────────────────────
*   Type your message or @path/to/file
───────────────────────────────────────────────────────────────────────────────────────────────────────────────────────────────────────────────────────────────────────────────
  YOLO mode (shift + tab to cycle)                                                                                                                         11.4% context used

  ⠧ Constructing additional pylons... (27s · ↑ 312 tokens · esc to cancel)
───────────────────────────────────────────────────────────────────────────────────────────────────────────────────────────────────────────────────────────────────────────────
*   Type your message or @path/to/file
───────────────────────────────────────────────────────────────────────────────────────────────────────────────────────────────────────────────────────────────────────────────
  YOLO mode (shift + tab to cycle)                                                                                                                         11.4% context used

  ⠇ Constructing additional pylons... (27s · ↑ 312 tokens · esc to cancel)
───────────────────────────────────────────────────────────────────────────────────────────────────────────────────────────────────────────────────────────────────────────────
*   Type your message or @path/to/file
───────────────────────────────────────────────────────────────────────────────────────────────────────────────────────────────────────────────────────────────────────────────
  YOLO mode (shift + tab to cycle)                                                                                                                         11.4% context used

  ⠏ Constructing additional pylons... (27s · ↑ 312 tokens · esc to cancel)
───────────────────────────────────────────────────────────────────────────────────────────────────────────────────────────────────────────────────────────────────────────────
*   Type your message or @path/to/file
───────────────────────────────────────────────────────────────────────────────────────────────────────────────────────────────────────────────────────────────────────────────
  YOLO mode (shift + tab to cycle)                                                                                                                         11.4% context used

  ⠋ Constructing additional pylons... (27s · ↑ 312 tokens · esc to cancel)
───────────────────────────────────────────────────────────────────────────────────────────────────────────────────────────────────────────────────────────────────────────────
*   Type your message or @path/to/file
───────────────────────────────────────────────────────────────────────────────────────────────────────────────────────────────────────────────────────────────────────────────
  YOLO mode (shift + tab to cycle)                                                                                                                         11.4% context used

  ⠙ Constructing additional pylons... (27s · ↑ 312 tokens · esc to cancel)
───────────────────────────────────────────────────────────────────────────────────────────────────────────────────────────────────────────────────────────────────────────────
*   Type your message or @path/to/file
───────────────────────────────────────────────────────────────────────────────────────────────────────────────────────────────────────────────────────────────────────────────
  YOLO mode (shift + tab to cycle)                                                                                                                         11.4% context used

  ⠹ Constructing additional pylons... (27s · ↑ 312 tokens · esc to cancel)
───────────────────────────────────────────────────────────────────────────────────────────────────────────────────────────────────────────────────────────────────────────────
*   Type your message or @path/to/file
───────────────────────────────────────────────────────────────────────────────────────────────────────────────────────────────────────────────────────────────────────────────
  YOLO mode (shift + tab to cycle)                                                                                                                         11.4% context used

  ⠸ Constructing additional pylons... (27s · ↑ 312 tokens · esc to cancel)
───────────────────────────────────────────────────────────────────────────────────────────────────────────────────────────────────────────────────────────────────────────────
*   Type your message or @path/to/file
───────────────────────────────────────────────────────────────────────────────────────────────────────────────────────────────────────────────────────────────────────────────
  YOLO mode (shift + tab to cycle)                                                                                                                         11.4% context used

  ⠼ Constructing additional pylons... (27s · ↑ 312 tokens · esc to cancel)
───────────────────────────────────────────────────────────────────────────────────────────────────────────────────────────────────────────────────────────────────────────────
*   Type your message or @path/to/file
───────────────────────────────────────────────────────────────────────────────────────────────────────────────────────────────────────────────────────────────────────────────
  YOLO mode (shift + tab to cycle)                                                                                                                         11.4% context used

  ⠴ Constructing additional pylons... (27s · ↑ 312 tokens · esc to cancel)
───────────────────────────────────────────────────────────────────────────────────────────────────────────────────────────────────────────────────────────────────────────────
*   Type your message or @path/to/file
───────────────────────────────────────────────────────────────────────────────────────────────────────────────────────────────────────────────────────────────────────────────
  YOLO mode (shift + tab to cycle)                                                                                                                         11.4% context used

  ⠦ Constructing additional pylons... (27s · ↑ 312 tokens · esc to cancel)
───────────────────────────────────────────────────────────────────────────────────────────────────────────────────────────────────────────────────────────────────────────────
*   Type your message or @path/to/file
───────────────────────────────────────────────────────────────────────────────────────────────────────────────────────────────────────────────────────────────────────────────
  YOLO mode (shift + tab to cycle)                                                                                                                         11.4% context used

  ⠦ Constructing additional pylons... (28s · ↑ 312 tokens · esc to cancel)
───────────────────────────────────────────────────────────────────────────────────────────────────────────────────────────────────────────────────────────────────────────────
*   Type your message or @path/to/file
───────────────────────────────────────────────────────────────────────────────────────────────────────────────────────────────────────────────────────────────────────────────
  YOLO mode (shift + tab to cycle)                                                                                                                         11.4% context used

  ⠧ Constructing additional pylons... (28s · ↑ 312 tokens · esc to cancel)
───────────────────────────────────────────────────────────────────────────────────────────────────────────────────────────────────────────────────────────────────────────────
*   Type your message or @path/to/file
───────────────────────────────────────────────────────────────────────────────────────────────────────────────────────────────────────────────────────────────────────────────
  YOLO mode (shift + tab to cycle)                                                                                                                         11.4% context used

  ⠇ Constructing additional pylons... (28s · ↑ 312 tokens · esc to cancel)
───────────────────────────────────────────────────────────────────────────────────────────────────────────────────────────────────────────────────────────────────────────────
*   Type your message or @path/to/file
───────────────────────────────────────────────────────────────────────────────────────────────────────────────────────────────────────────────────────────────────────────────
  YOLO mode (shift + tab to cycle)                                                                                                                         11.4% context used

  ⠏ Constructing additional pylons... (28s · ↑ 312 tokens · esc to cancel)
───────────────────────────────────────────────────────────────────────────────────────────────────────────────────────────────────────────────────────────────────────────────
*   Type your message or @path/to/file
───────────────────────────────────────────────────────────────────────────────────────────────────────────────────────────────────────────────────────────────────────────────
  YOLO mode (shift + tab to cycle)                                                                                                                         11.4% context used

  ⠋ Constructing additional pylons... (28s · ↑ 312 tokens · esc to cancel)
───────────────────────────────────────────────────────────────────────────────────────────────────────────────────────────────────────────────────────────────────────────────
*   Type your message or @path/to/file
───────────────────────────────────────────────────────────────────────────────────────────────────────────────────────────────────────────────────────────────────────────────
  YOLO mode (shift + tab to cycle)                                                                                                                         11.4% context used

  ⠙ Constructing additional pylons... (28s · ↑ 312 tokens · esc to cancel)
───────────────────────────────────────────────────────────────────────────────────────────────────────────────────────────────────────────────────────────────────────────────
*   Type your message or @path/to/file
───────────────────────────────────────────────────────────────────────────────────────────────────────────────────────────────────────────────────────────────────────────────
  YOLO mode (shift + tab to cycle)                                                                                                                         11.4% context used

  ⠹ Constructing additional pylons... (28s · ↑ 312 tokens · esc to cancel)
───────────────────────────────────────────────────────────────────────────────────────────────────────────────────────────────────────────────────────────────────────────────
*   Type your message or @path/to/file
───────────────────────────────────────────────────────────────────────────────────────────────────────────────────────────────────────────────────────────────────────────────
  YOLO mode (shift + tab to cycle)                                                                                                                         11.4% context used

  ⠸ Constructing additional pylons... (28s · ↑ 312 tokens · esc to cancel)
───────────────────────────────────────────────────────────────────────────────────────────────────────────────────────────────────────────────────────────────────────────────
*   Type your message or @path/to/file
───────────────────────────────────────────────────────────────────────────────────────────────────────────────────────────────────────────────────────────────────────────────
  YOLO mode (shift + tab to cycle)                                                                                                                         11.4% context used

  ⠼ Constructing additional pylons... (28s · ↑ 312 tokens · esc to cancel)
───────────────────────────────────────────────────────────────────────────────────────────────────────────────────────────────────────────────────────────────────────────────
*   Type your message or @path/to/file
───────────────────────────────────────────────────────────────────────────────────────────────────────────────────────────────────────────────────────────────────────────────
  YOLO mode (shift + tab to cycle)                                                                                                                         11.4% context used

  ⠴ Constructing additional pylons... (28s · ↑ 312 tokens · esc to cancel)
───────────────────────────────────────────────────────────────────────────────────────────────────────────────────────────────────────────────────────────────────────────────
*   Type your message or @path/to/file
───────────────────────────────────────────────────────────────────────────────────────────────────────────────────────────────────────────────────────────────────────────────
  YOLO mode (shift + tab to cycle)                                                                                                                         11.4% context used

  ⠦ Constructing additional pylons... (28s · ↑ 312 tokens · esc to cancel)
───────────────────────────────────────────────────────────────────────────────────────────────────────────────────────────────────────────────────────────────────────────────
*   Type your message or @path/to/file
───────────────────────────────────────────────────────────────────────────────────────────────────────────────────────────────────────────────────────────────────────────────
  YOLO mode (shift + tab to cycle)                                                                                                                         11.4% context used

  ⠧ Constructing additional pylons... (28s · ↑ 312 tokens · esc to cancel)
───────────────────────────────────────────────────────────────────────────────────────────────────────────────────────────────────────────────────────────────────────────────
*   Type your message or @path/to/file
───────────────────────────────────────────────────────────────────────────────────────────────────────────────────────────────────────────────────────────────────────────────
  YOLO mode (shift + tab to cycle)                                                                                                                         11.4% context used

  ⠇ Constructing additional pylons... (28s · ↑ 312 tokens · esc to cancel)
───────────────────────────────────────────────────────────────────────────────────────────────────────────────────────────────────────────────────────────────────────────────
*   Type your message or @path/to/file
───────────────────────────────────────────────────────────────────────────────────────────────────────────────────────────────────────────────────────────────────────────────
  YOLO mode (shift + tab to cycle)                                                                                                                         11.4% context used

  ⠇ Constructing additional pylons... (29s · ↑ 312 tokens · esc to cancel)
───────────────────────────────────────────────────────────────────────────────────────────────────────────────────────────────────────────────────────────────────────────────
*   Type your message or @path/to/file
───────────────────────────────────────────────────────────────────────────────────────────────────────────────────────────────────────────────────────────────────────────────
  YOLO mode (shift + tab to cycle)                                                                                                                         11.4% context used

  ⠏ Constructing additional pylons... (29s · ↑ 312 tokens · esc to cancel)
───────────────────────────────────────────────────────────────────────────────────────────────────────────────────────────────────────────────────────────────────────────────
*   Type your message or @path/to/file
───────────────────────────────────────────────────────────────────────────────────────────────────────────────────────────────────────────────────────────────────────────────
  YOLO mode (shift + tab to cycle)                                                                                                                         11.4% context used

  ⠋ Constructing additional pylons... (29s · ↑ 312 tokens · esc to cancel)
───────────────────────────────────────────────────────────────────────────────────────────────────────────────────────────────────────────────────────────────────────────────
*   Type your message or @path/to/file
───────────────────────────────────────────────────────────────────────────────────────────────────────────────────────────────────────────────────────────────────────────────
  YOLO mode (shift + tab to cycle)                                                                                                                         11.4% context used

  ⠙ Constructing additional pylons... (29s · ↑ 312 tokens · esc to cancel)
───────────────────────────────────────────────────────────────────────────────────────────────────────────────────────────────────────────────────────────────────────────────
*   Type your message or @path/to/file
───────────────────────────────────────────────────────────────────────────────────────────────────────────────────────────────────────────────────────────────────────────────
  YOLO mode (shift + tab to cycle)                                                                                                                         11.4% context used

  ⠹ Constructing additional pylons... (29s · ↑ 312 tokens · esc to cancel)
───────────────────────────────────────────────────────────────────────────────────────────────────────────────────────────────────────────────────────────────────────────────
*   Type your message or @path/to/file
───────────────────────────────────────────────────────────────────────────────────────────────────────────────────────────────────────────────────────────────────────────────
  YOLO mode (shift + tab to cycle)                                                                                                                         11.4% context used

  ⠸ Constructing additional pylons... (29s · ↑ 312 tokens · esc to cancel)
───────────────────────────────────────────────────────────────────────────────────────────────────────────────────────────────────────────────────────────────────────────────
*   Type your message or @path/to/file
───────────────────────────────────────────────────────────────────────────────────────────────────────────────────────────────────────────────────────────────────────────────
  YOLO mode (shift + tab to cycle)                                                                                                                         11.4% context used

  ⠼ Constructing additional pylons... (29s · ↑ 312 tokens · esc to cancel)
───────────────────────────────────────────────────────────────────────────────────────────────────────────────────────────────────────────────────────────────────────────────
*   Type your message or @path/to/file
───────────────────────────────────────────────────────────────────────────────────────────────────────────────────────────────────────────────────────────────────────────────
  YOLO mode (shift + tab to cycle)                                                                                                                         11.4% context used

  ⠴ Constructing additional pylons... (29s · ↑ 312 tokens · esc to cancel)
───────────────────────────────────────────────────────────────────────────────────────────────────────────────────────────────────────────────────────────────────────────────
*   Type your message or @path/to/file
───────────────────────────────────────────────────────────────────────────────────────────────────────────────────────────────────────────────────────────────────────────────
  YOLO mode (shift + tab to cycle)                                                                                                                         11.4% context used

  ⠦ Constructing additional pylons... (29s · ↑ 312 tokens · esc to cancel)
───────────────────────────────────────────────────────────────────────────────────────────────────────────────────────────────────────────────────────────────────────────────
*   Type your message or @path/to/file
───────────────────────────────────────────────────────────────────────────────────────────────────────────────────────────────────────────────────────────────────────────────
  YOLO mode (shift + tab to cycle)                                                                                                                         11.4% context used

  ⠧ Constructing additional pylons... (29s · ↑ 312 tokens · esc to cancel)
───────────────────────────────────────────────────────────────────────────────────────────────────────────────────────────────────────────────────────────────────────────────
*   Type your message or @path/to/file
───────────────────────────────────────────────────────────────────────────────────────────────────────────────────────────────────────────────────────────────────────────────
  YOLO mode (shift + tab to cycle)                                                                                                                         11.4% context used

  ⠇ Constructing additional pylons... (29s · ↑ 312 tokens · esc to cancel)
───────────────────────────────────────────────────────────────────────────────────────────────────────────────────────────────────────────────────────────────────────────────
*   Type your message or @path/to/file
───────────────────────────────────────────────────────────────────────────────────────────────────────────────────────────────────────────────────────────────────────────────
  YOLO mode (shift + tab to cycle)                                                                                                                         11.4% context used

  ⠏ Constructing additional pylons... (29s · ↑ 312 tokens · esc to cancel)
───────────────────────────────────────────────────────────────────────────────────────────────────────────────────────────────────────────────────────────────────────────────
*   Type your message or @path/to/file
───────────────────────────────────────────────────────────────────────────────────────────────────────────────────────────────────────────────────────────────────────────────
  YOLO mode (shift + tab to cycle)                                                                                                                         11.4% context used

  ⠋ Constructing additional pylons... (29s · ↑ 312 tokens · esc to cancel)
───────────────────────────────────────────────────────────────────────────────────────────────────────────────────────────────────────────────────────────────────────────────
*   Type your message or @path/to/file
───────────────────────────────────────────────────────────────────────────────────────────────────────────────────────────────────────────────────────────────────────────────
  YOLO mode (shift + tab to cycle)                                                                                                                         11.4% context used

  ⠋ I'll be back... with an answer. (29s · ↑ 312 tokens · esc to cancel)
───────────────────────────────────────────────────────────────────────────────────────────────────────────────────────────────────────────────────────────────────────────────
*   Type your message or @path/to/file
───────────────────────────────────────────────────────────────────────────────────────────────────────────────────────────────────────────────────────────────────────────────
  YOLO mode (shift + tab to cycle)                                                                                                                         11.4% context used

  ⠋ I'll be back... with an answer. (30s · ↑ 312 tokens · esc to cancel)
───────────────────────────────────────────────────────────────────────────────────────────────────────────────────────────────────────────────────────────────────────────────
*   Type your message or @path/to/file
───────────────────────────────────────────────────────────────────────────────────────────────────────────────────────────────────────────────────────────────────────────────
  YOLO mode (shift + tab to cycle)                                                                                                                         11.4% context used

  ⠙ I'll be back... with an answer. (30s · ↑ 312 tokens · esc to cancel)
───────────────────────────────────────────────────────────────────────────────────────────────────────────────────────────────────────────────────────────────────────────────
*   Type your message or @path/to/file
───────────────────────────────────────────────────────────────────────────────────────────────────────────────────────────────────────────────────────────────────────────────
  YOLO mode (shift + tab to cycle)                                                                                                                         11.4% context used

  ⠹ I'll be back... with an answer. (30s · ↑ 312 tokens · esc to cancel)
───────────────────────────────────────────────────────────────────────────────────────────────────────────────────────────────────────────────────────────────────────────────
*   Type your message or @path/to/file
───────────────────────────────────────────────────────────────────────────────────────────────────────────────────────────────────────────────────────────────────────────────
  YOLO mode (shift + tab to cycle)                                                                                                                         11.4% context used

  ⠸ I'll be back... with an answer. (30s · ↑ 312 tokens · esc to cancel)
───────────────────────────────────────────────────────────────────────────────────────────────────────────────────────────────────────────────────────────────────────────────
*   Type your message or @path/to/file
───────────────────────────────────────────────────────────────────────────────────────────────────────────────────────────────────────────────────────────────────────────────
  YOLO mode (shift + tab to cycle)                                                                                                                         11.4% context used

  ⠼ I'll be back... with an answer. (30s · ↑ 312 tokens · esc to cancel)
───────────────────────────────────────────────────────────────────────────────────────────────────────────────────────────────────────────────────────────────────────────────
*   Type your message or @path/to/file
───────────────────────────────────────────────────────────────────────────────────────────────────────────────────────────────────────────────────────────────────────────────
  YOLO mode (shift + tab to cycle)                                                                                                                         11.4% context used

  ⠴ I'll be back... with an answer. (30s · ↑ 312 tokens · esc to cancel)
───────────────────────────────────────────────────────────────────────────────────────────────────────────────────────────────────────────────────────────────────────────────
*   Type your message or @path/to/file
───────────────────────────────────────────────────────────────────────────────────────────────────────────────────────────────────────────────────────────────────────────────
  YOLO mode (shift + tab to cycle)                                                                                                                         11.4% context used

  ⠦ I'll be back... with an answer. (30s · ↑ 312 tokens · esc to cancel)
───────────────────────────────────────────────────────────────────────────────────────────────────────────────────────────────────────────────────────────────────────────────
*   Type your message or @path/to/file
───────────────────────────────────────────────────────────────────────────────────────────────────────────────────────────────────────────────────────────────────────────────
  YOLO mode (shift + tab to cycle)                                                                                                                         11.4% context used

  ⠧ I'll be back... with an answer. (30s · ↑ 312 tokens · esc to cancel)
───────────────────────────────────────────────────────────────────────────────────────────────────────────────────────────────────────────────────────────────────────────────
*   Type your message or @path/to/file
───────────────────────────────────────────────────────────────────────────────────────────────────────────────────────────────────────────────────────────────────────────────
  YOLO mode (shift + tab to cycle)                                                                                                                         11.4% context used

  ⠇ I'll be back... with an answer. (30s · ↑ 312 tokens · esc to cancel)
───────────────────────────────────────────────────────────────────────────────────────────────────────────────────────────────────────────────────────────────────────────────
*   Type your message or @path/to/file
───────────────────────────────────────────────────────────────────────────────────────────────────────────────────────────────────────────────────────────────────────────────
  YOLO mode (shift + tab to cycle)                                                                                                                         11.4% context used

  ⠏ I'll be back... with an answer. (30s · ↑ 312 tokens · esc to cancel)
───────────────────────────────────────────────────────────────────────────────────────────────────────────────────────────────────────────────────────────────────────────────
*   Type your message or @path/to/file
───────────────────────────────────────────────────────────────────────────────────────────────────────────────────────────────────────────────────────────────────────────────
  YOLO mode (shift + tab to cycle)                                                                                                                         11.4% context used

  ⠋ I'll be back... with an answer. (30s · ↑ 312 tokens · esc to cancel)
───────────────────────────────────────────────────────────────────────────────────────────────────────────────────────────────────────────────────────────────────────────────
*   Type your message or @path/to/file
───────────────────────────────────────────────────────────────────────────────────────────────────────────────────────────────────────────────────────────────────────────────
  YOLO mode (shift + tab to cycle)                                                                                                                         11.4% context used

  ⠙ I'll be back... with an answer. (30s · ↑ 312 tokens · esc to cancel)
───────────────────────────────────────────────────────────────────────────────────────────────────────────────────────────────────────────────────────────────────────────────
*   Type your message or @path/to/file
───────────────────────────────────────────────────────────────────────────────────────────────────────────────────────────────────────────────────────────────────────────────
  YOLO mode (shift + tab to cycle)                                                                                                                         11.4% context used

  ⠹ I'll be back... with an answer. (30s · ↑ 312 tokens · esc to cancel)
───────────────────────────────────────────────────────────────────────────────────────────────────────────────────────────────────────────────────────────────────────────────
*   Type your message or @path/to/file
───────────────────────────────────────────────────────────────────────────────────────────────────────────────────────────────────────────────────────────────────────────────
  YOLO mode (shift + tab to cycle)                                                                                                                         11.4% context used

  ⠸ I'll be back... with an answer. (30s · ↑ 312 tokens · esc to cancel)
───────────────────────────────────────────────────────────────────────────────────────────────────────────────────────────────────────────────────────────────────────────────
*   Type your message or @path/to/file
───────────────────────────────────────────────────────────────────────────────────────────────────────────────────────────────────────────────────────────────────────────────
  YOLO mode (shift + tab to cycle)                                                                                                                         11.4% context used

  ⠸ I'll be back... with an answer. (31s · ↑ 312 tokens · esc to cancel)
───────────────────────────────────────────────────────────────────────────────────────────────────────────────────────────────────────────────────────────────────────────────
*   Type your message or @path/to/file
───────────────────────────────────────────────────────────────────────────────────────────────────────────────────────────────────────────────────────────────────────────────
  YOLO mode (shift + tab to cycle)                                                                                                                         11.4% context used

  ⠼ I'll be back... with an answer. (31s · ↑ 312 tokens · esc to cancel)
───────────────────────────────────────────────────────────────────────────────────────────────────────────────────────────────────────────────────────────────────────────────
*   Type your message or @path/to/file
───────────────────────────────────────────────────────────────────────────────────────────────────────────────────────────────────────────────────────────────────────────────
  YOLO mode (shift + tab to cycle)                                                                                                                         11.4% context used

  ⠴ I'll be back... with an answer. (31s · ↑ 312 tokens · esc to cancel)
───────────────────────────────────────────────────────────────────────────────────────────────────────────────────────────────────────────────────────────────────────────────
*   Type your message or @path/to/file
───────────────────────────────────────────────────────────────────────────────────────────────────────────────────────────────────────────────────────────────────────────────
  YOLO mode (shift + tab to cycle)                                                                                                                         11.4% context used

  ⠦ I'll be back... with an answer. (31s · ↑ 312 tokens · esc to cancel)
───────────────────────────────────────────────────────────────────────────────────────────────────────────────────────────────────────────────────────────────────────────────
*   Type your message or @path/to/file
───────────────────────────────────────────────────────────────────────────────────────────────────────────────────────────────────────────────────────────────────────────────
  YOLO mode (shift + tab to cycle)                                                                                                                         11.4% context used

  ⠧ I'll be back... with an answer. (31s · ↑ 312 tokens · esc to cancel)
───────────────────────────────────────────────────────────────────────────────────────────────────────────────────────────────────────────────────────────────────────────────
*   Type your message or @path/to/file
───────────────────────────────────────────────────────────────────────────────────────────────────────────────────────────────────────────────────────────────────────────────
  YOLO mode (shift + tab to cycle)                                                                                                                         11.4% context used

  ⠇ I'll be back... with an answer. (31s · ↑ 312 tokens · esc to cancel)
───────────────────────────────────────────────────────────────────────────────────────────────────────────────────────────────────────────────────────────────────────────────
*   Type your message or @path/to/file
───────────────────────────────────────────────────────────────────────────────────────────────────────────────────────────────────────────────────────────────────────────────
  YOLO mode (shift + tab to cycle)                                                                                                                         11.4% context used

  ⠏ I'll be back... with an answer. (31s · ↑ 312 tokens · esc to cancel)
───────────────────────────────────────────────────────────────────────────────────────────────────────────────────────────────────────────────────────────────────────────────
*   Type your message or @path/to/file
───────────────────────────────────────────────────────────────────────────────────────────────────────────────────────────────────────────────────────────────────────────────
  YOLO mode (shift + tab to cycle)                                                                                                                         11.4% context used

  ⠋ I'll be back... with an answer. (31s · ↑ 312 tokens · esc to cancel)
───────────────────────────────────────────────────────────────────────────────────────────────────────────────────────────────────────────────────────────────────────────────
*   Type your message or @path/to/file
───────────────────────────────────────────────────────────────────────────────────────────────────────────────────────────────────────────────────────────────────────────────
  YOLO mode (shift + tab to cycle)                                                                                                                         11.4% context used

  ⠙ I'll be back... with an answer. (31s · ↑ 312 tokens · esc to cancel)
───────────────────────────────────────────────────────────────────────────────────────────────────────────────────────────────────────────────────────────────────────────────
*   Type your message or @path/to/file
───────────────────────────────────────────────────────────────────────────────────────────────────────────────────────────────────────────────────────────────────────────────
  YOLO mode (shift + tab to cycle)                                                                                                                         11.4% context used

  ⠹ I'll be back... with an answer. (31s · ↑ 312 tokens · esc to cancel)
───────────────────────────────────────────────────────────────────────────────────────────────────────────────────────────────────────────────────────────────────────────────
*   Type your message or @path/to/file
───────────────────────────────────────────────────────────────────────────────────────────────────────────────────────────────────────────────────────────────────────────────
  YOLO mode (shift + tab to cycle)                                                                                                                         11.4% context used

  ⠸ I'll be back... with an answer. (31s · ↑ 312 tokens · esc to cancel)
───────────────────────────────────────────────────────────────────────────────────────────────────────────────────────────────────────────────────────────────────────────────
*   Type your message or @path/to/file
───────────────────────────────────────────────────────────────────────────────────────────────────────────────────────────────────────────────────────────────────────────────
  YOLO mode (shift + tab to cycle)                                                                                                                         11.4% context used

  ⠼ I'll be back... with an answer. (31s · ↑ 312 tokens · esc to cancel)
───────────────────────────────────────────────────────────────────────────────────────────────────────────────────────────────────────────────────────────────────────────────
*   Type your message or @path/to/file
───────────────────────────────────────────────────────────────────────────────────────────────────────────────────────────────────────────────────────────────────────────────
  YOLO mode (shift + tab to cycle)                                                                                                                         11.4% context used

  ⠴ I'll be back... with an answer. (31s · ↑ 312 tokens · esc to cancel)
───────────────────────────────────────────────────────────────────────────────────────────────────────────────────────────────────────────────────────────────────────────────
*   Type your message or @path/to/file
───────────────────────────────────────────────────────────────────────────────────────────────────────────────────────────────────────────────────────────────────────────────
  YOLO mode (shift + tab to cycle)                                                                                                                         11.4% context used

  ⠴ I'll be back... with an answer. (32s · ↑ 312 tokens · esc to cancel)
───────────────────────────────────────────────────────────────────────────────────────────────────────────────────────────────────────────────────────────────────────────────
*   Type your message or @path/to/file
───────────────────────────────────────────────────────────────────────────────────────────────────────────────────────────────────────────────────────────────────────────────
  YOLO mode (shift + tab to cycle)                                                                                                                         11.4% context used

  ⠦ I'll be back... with an answer. (32s · ↑ 312 tokens · esc to cancel)
───────────────────────────────────────────────────────────────────────────────────────────────────────────────────────────────────────────────────────────────────────────────
*   Type your message or @path/to/file
───────────────────────────────────────────────────────────────────────────────────────────────────────────────────────────────────────────────────────────────────────────────
  YOLO mode (shift + tab to cycle)                                                                                                                         11.4% context used

  ⠧ I'll be back... with an answer. (32s · ↑ 312 tokens · esc to cancel)
───────────────────────────────────────────────────────────────────────────────────────────────────────────────────────────────────────────────────────────────────────────────
*   Type your message or @path/to/file
───────────────────────────────────────────────────────────────────────────────────────────────────────────────────────────────────────────────────────────────────────────────
  YOLO mode (shift + tab to cycle)                                                                                                                         11.4% context used

  ⠇ I'll be back... with an answer. (32s · ↑ 312 tokens · esc to cancel)
───────────────────────────────────────────────────────────────────────────────────────────────────────────────────────────────────────────────────────────────────────────────
*   Type your message or @path/to/file
───────────────────────────────────────────────────────────────────────────────────────────────────────────────────────────────────────────────────────────────────────────────
  YOLO mode (shift + tab to cycle)                                                                                                                         11.4% context used

  ⠏ I'll be back... with an answer. (32s · ↑ 312 tokens · esc to cancel)
───────────────────────────────────────────────────────────────────────────────────────────────────────────────────────────────────────────────────────────────────────────────
*   Type your message or @path/to/file
───────────────────────────────────────────────────────────────────────────────────────────────────────────────────────────────────────────────────────────────────────────────
  YOLO mode (shift + tab to cycle)                                                                                                                         11.4% context used

  ⠋ I'll be back... with an answer. (32s · ↑ 312 tokens · esc to cancel)
───────────────────────────────────────────────────────────────────────────────────────────────────────────────────────────────────────────────────────────────────────────────
*   Type your message or @path/to/file
───────────────────────────────────────────────────────────────────────────────────────────────────────────────────────────────────────────────────────────────────────────────
  YOLO mode (shift + tab to cycle)                                                                                                                         11.4% context used

  ⠙ I'll be back... with an answer. (32s · ↑ 312 tokens · esc to cancel)
───────────────────────────────────────────────────────────────────────────────────────────────────────────────────────────────────────────────────────────────────────────────
*   Type your message or @path/to/file
───────────────────────────────────────────────────────────────────────────────────────────────────────────────────────────────────────────────────────────────────────────────
  YOLO mode (shift + tab to cycle)                                                                                                                         11.4% context used

  ⠹ I'll be back... with an answer. (32s · ↑ 312 tokens · esc to cancel)
───────────────────────────────────────────────────────────────────────────────────────────────────────────────────────────────────────────────────────────────────────────────
*   Type your message or @path/to/file
───────────────────────────────────────────────────────────────────────────────────────────────────────────────────────────────────────────────────────────────────────────────
  YOLO mode (shift + tab to cycle)                                                                                                                         11.4% context used

  ⠸ I'll be back... with an answer. (32s · ↑ 312 tokens · esc to cancel)
───────────────────────────────────────────────────────────────────────────────────────────────────────────────────────────────────────────────────────────────────────────────
*   Type your message or @path/to/file
───────────────────────────────────────────────────────────────────────────────────────────────────────────────────────────────────────────────────────────────────────────────
  YOLO mode (shift + tab to cycle)                                                                                                                         11.4% context used

  ⠼ I'll be back... with an answer. (32s · ↑ 312 tokens · esc to cancel)
───────────────────────────────────────────────────────────────────────────────────────────────────────────────────────────────────────────────────────────────────────────────
*   Type your message or @path/to/file
───────────────────────────────────────────────────────────────────────────────────────────────────────────────────────────────────────────────────────────────────────────────
  YOLO mode (shift + tab to cycle)                                                                                                                         11.4% context used

  ⠴ I'll be back... with an answer. (32s · ↑ 312 tokens · esc to cancel)
───────────────────────────────────────────────────────────────────────────────────────────────────────────────────────────────────────────────────────────────────────────────
*   Type your message or @path/to/file
───────────────────────────────────────────────────────────────────────────────────────────────────────────────────────────────────────────────────────────────────────────────
  YOLO mode (shift + tab to cycle)                                                                                                                         11.4% context used

  ⠦ I'll be back... with an answer. (32s · ↑ 312 tokens · esc to cancel)
───────────────────────────────────────────────────────────────────────────────────────────────────────────────────────────────────────────────────────────────────────────────
*   Type your message or @path/to/file
───────────────────────────────────────────────────────────────────────────────────────────────────────────────────────────────────────────────────────────────────────────────
  YOLO mode (shift + tab to cycle)                                                                                                                         11.4% context used

  ⠧ I'll be back... with an answer. (32s · ↑ 312 tokens · esc to cancel)
───────────────────────────────────────────────────────────────────────────────────────────────────────────────────────────────────────────────────────────────────────────────
*   Type your message or @path/to/file
───────────────────────────────────────────────────────────────────────────────────────────────────────────────────────────────────────────────────────────────────────────────
  YOLO mode (shift + tab to cycle)                                                                                                                         11.4% context used

  ⠇ I'll be back... with an answer. (32s · ↑ 312 tokens · esc to cancel)
───────────────────────────────────────────────────────────────────────────────────────────────────────────────────────────────────────────────────────────────────────────────
*   Type your message or @path/to/file
───────────────────────────────────────────────────────────────────────────────────────────────────────────────────────────────────────────────────────────────────────────────
  YOLO mode (shift + tab to cycle)                                                                                                                         11.4% context used

  ⠇ I'll be back... with an answer. (33s · ↑ 312 tokens · esc to cancel)
───────────────────────────────────────────────────────────────────────────────────────────────────────────────────────────────────────────────────────────────────────────────
*   Type your message or @path/to/file
───────────────────────────────────────────────────────────────────────────────────────────────────────────────────────────────────────────────────────────────────────────────
  YOLO mode (shift + tab to cycle)                                                                                                                         11.4% context used

  ⠏ I'll be back... with an answer. (33s · ↑ 312 tokens · esc to cancel)
───────────────────────────────────────────────────────────────────────────────────────────────────────────────────────────────────────────────────────────────────────────────
*   Type your message or @path/to/file
───────────────────────────────────────────────────────────────────────────────────────────────────────────────────────────────────────────────────────────────────────────────
  YOLO mode (shift + tab to cycle)                                                                                                                         11.4% context used

  ⠋ I'll be back... with an answer. (33s · ↑ 312 tokens · esc to cancel)
───────────────────────────────────────────────────────────────────────────────────────────────────────────────────────────────────────────────────────────────────────────────
*   Type your message or @path/to/file
───────────────────────────────────────────────────────────────────────────────────────────────────────────────────────────────────────────────────────────────────────────────
  YOLO mode (shift + tab to cycle)                                                                                                                         11.4% context used

  ⠙ I'll be back... with an answer. (33s · ↑ 312 tokens · esc to cancel)
───────────────────────────────────────────────────────────────────────────────────────────────────────────────────────────────────────────────────────────────────────────────
*   Type your message or @path/to/file
───────────────────────────────────────────────────────────────────────────────────────────────────────────────────────────────────────────────────────────────────────────────
  YOLO mode (shift + tab to cycle)                                                                                                                         11.4% context used

  ⠹ I'll be back... with an answer. (33s · ↑ 312 tokens · esc to cancel)
───────────────────────────────────────────────────────────────────────────────────────────────────────────────────────────────────────────────────────────────────────────────
*   Type your message or @path/to/file
───────────────────────────────────────────────────────────────────────────────────────────────────────────────────────────────────────────────────────────────────────────────
  YOLO mode (shift + tab to cycle)                                                                                                                         11.4% context used

  ⠸ I'll be back... with an answer. (33s · ↑ 312 tokens · esc to cancel)
───────────────────────────────────────────────────────────────────────────────────────────────────────────────────────────────────────────────────────────────────────────────
*   Type your message or @path/to/file
───────────────────────────────────────────────────────────────────────────────────────────────────────────────────────────────────────────────────────────────────────────────
  YOLO mode (shift + tab to cycle)                                                                                                                         11.4% context used

  ⠼ I'll be back... with an answer. (33s · ↑ 312 tokens · esc to cancel)
───────────────────────────────────────────────────────────────────────────────────────────────────────────────────────────────────────────────────────────────────────────────
*   Type your message or @path/to/file
───────────────────────────────────────────────────────────────────────────────────────────────────────────────────────────────────────────────────────────────────────────────
  YOLO mode (shift + tab to cycle)                                                                                                                         11.4% context used

  ⠴ I'll be back... with an answer. (33s · ↑ 312 tokens · esc to cancel)
───────────────────────────────────────────────────────────────────────────────────────────────────────────────────────────────────────────────────────────────────────────────
*   Type your message or @path/to/file
───────────────────────────────────────────────────────────────────────────────────────────────────────────────────────────────────────────────────────────────────────────────
  YOLO mode (shift + tab to cycle)                                                                                                                         11.4% context used

  ⠦ I'll be back... with an answer. (33s · ↑ 312 tokens · esc to cancel)
───────────────────────────────────────────────────────────────────────────────────────────────────────────────────────────────────────────────────────────────────────────────
*   Type your message or @path/to/file
───────────────────────────────────────────────────────────────────────────────────────────────────────────────────────────────────────────────────────────────────────────────
  YOLO mode (shift + tab to cycle)                                                                                                                         11.4% context used

  ⠧ I'll be back... with an answer. (33s · ↑ 312 tokens · esc to cancel)
───────────────────────────────────────────────────────────────────────────────────────────────────────────────────────────────────────────────────────────────────────────────
*   Type your message or @path/to/file
───────────────────────────────────────────────────────────────────────────────────────────────────────────────────────────────────────────────────────────────────────────────
  YOLO mode (shift + tab to cycle)                                                                                                                         11.4% context used

  ⠇ I'll be back... with an answer. (33s · ↑ 312 tokens · esc to cancel)
───────────────────────────────────────────────────────────────────────────────────────────────────────────────────────────────────────────────────────────────────────────────
*   Type your message or @path/to/file
───────────────────────────────────────────────────────────────────────────────────────────────────────────────────────────────────────────────────────────────────────────────
  YOLO mode (shift + tab to cycle)                                                                                                                         11.4% context used

  ⠏ I'll be back... with an answer. (33s · ↑ 312 tokens · esc to cancel)
───────────────────────────────────────────────────────────────────────────────────────────────────────────────────────────────────────────────────────────────────────────────
*   Type your message or @path/to/file
───────────────────────────────────────────────────────────────────────────────────────────────────────────────────────────────────────────────────────────────────────────────
  YOLO mode (shift + tab to cycle)                                                                                                                         11.4% context used

  ⠋ I'll be back... with an answer. (33s · ↑ 312 tokens · esc to cancel)
───────────────────────────────────────────────────────────────────────────────────────────────────────────────────────────────────────────────────────────────────────────────
*   Type your message or @path/to/file
───────────────────────────────────────────────────────────────────────────────────────────────────────────────────────────────────────────────────────────────────────────────
  YOLO mode (shift + tab to cycle)                                                                                                                         11.4% context used

  ⠋ I'll be back... with an answer. (34s · ↑ 312 tokens · esc to cancel)
───────────────────────────────────────────────────────────────────────────────────────────────────────────────────────────────────────────────────────────────────────────────
*   Type your message or @path/to/file
───────────────────────────────────────────────────────────────────────────────────────────────────────────────────────────────────────────────────────────────────────────────
  YOLO mode (shift + tab to cycle)                                                                                                                         11.4% context used

  ⠙ I'll be back... with an answer. (34s · ↑ 312 tokens · esc to cancel)
───────────────────────────────────────────────────────────────────────────────────────────────────────────────────────────────────────────────────────────────────────────────
*   Type your message or @path/to/file
───────────────────────────────────────────────────────────────────────────────────────────────────────────────────────────────────────────────────────────────────────────────
  YOLO mode (shift + tab to cycle)                                                                                                                         11.4% context used

  ⠹ I'll be back... with an answer. (34s · ↑ 312 tokens · esc to cancel)
───────────────────────────────────────────────────────────────────────────────────────────────────────────────────────────────────────────────────────────────────────────────
*   Type your message or @path/to/file
───────────────────────────────────────────────────────────────────────────────────────────────────────────────────────────────────────────────────────────────────────────────
  YOLO mode (shift + tab to cycle)                                                                                                                         11.4% context used

  ⠸ I'll be back... with an answer. (34s · ↑ 312 tokens · esc to cancel)
───────────────────────────────────────────────────────────────────────────────────────────────────────────────────────────────────────────────────────────────────────────────
*   Type your message or @path/to/file
───────────────────────────────────────────────────────────────────────────────────────────────────────────────────────────────────────────────────────────────────────────────
  YOLO mode (shift + tab to cycle)                                                                                                                         11.4% context used

  ⠼ I'll be back... with an answer. (34s · ↑ 312 tokens · esc to cancel)
───────────────────────────────────────────────────────────────────────────────────────────────────────────────────────────────────────────────────────────────────────────────
*   Type your message or @path/to/file
───────────────────────────────────────────────────────────────────────────────────────────────────────────────────────────────────────────────────────────────────────────────
  YOLO mode (shift + tab to cycle)                                                                                                                         11.4% context used

  ⠴ I'll be back... with an answer. (34s · ↑ 312 tokens · esc to cancel)
───────────────────────────────────────────────────────────────────────────────────────────────────────────────────────────────────────────────────────────────────────────────
*   Type your message or @path/to/file
───────────────────────────────────────────────────────────────────────────────────────────────────────────────────────────────────────────────────────────────────────────────
  YOLO mode (shift + tab to cycle)                                                                                                                         11.4% context used

  ⠦ I'll be back... with an answer. (34s · ↑ 312 tokens · esc to cancel)
───────────────────────────────────────────────────────────────────────────────────────────────────────────────────────────────────────────────────────────────────────────────
*   Type your message or @path/to/file
───────────────────────────────────────────────────────────────────────────────────────────────────────────────────────────────────────────────────────────────────────────────
  YOLO mode (shift + tab to cycle)                                                                                                                         11.4% context used

  ⠧ I'll be back... with an answer. (34s · ↑ 312 tokens · esc to cancel)
───────────────────────────────────────────────────────────────────────────────────────────────────────────────────────────────────────────────────────────────────────────────
*   Type your message or @path/to/file
───────────────────────────────────────────────────────────────────────────────────────────────────────────────────────────────────────────────────────────────────────────────
  YOLO mode (shift + tab to cycle)                                                                                                                         11.4% context used

  ⠇ I'll be back... with an answer. (34s · ↑ 312 tokens · esc to cancel)
───────────────────────────────────────────────────────────────────────────────────────────────────────────────────────────────────────────────────────────────────────────────
*   Type your message or @path/to/file
───────────────────────────────────────────────────────────────────────────────────────────────────────────────────────────────────────────────────────────────────────────────
  YOLO mode (shift + tab to cycle)                                                                                                                         11.4% context used

  ⠏ I'll be back... with an answer. (34s · ↑ 312 tokens · esc to cancel)
───────────────────────────────────────────────────────────────────────────────────────────────────────────────────────────────────────────────────────────────────────────────
*   Type your message or @path/to/file
───────────────────────────────────────────────────────────────────────────────────────────────────────────────────────────────────────────────────────────────────────────────
  YOLO mode (shift + tab to cycle)                                                                                                                         11.4% context used

  ⠋ I'll be back... with an answer. (34s · ↑ 312 tokens · esc to cancel)
───────────────────────────────────────────────────────────────────────────────────────────────────────────────────────────────────────────────────────────────────────────────
*   Type your message or @path/to/file
───────────────────────────────────────────────────────────────────────────────────────────────────────────────────────────────────────────────────────────────────────────────
  YOLO mode (shift + tab to cycle)                                                                                                                         11.4% context used

  ⠙ I'll be back... with an answer. (34s · ↑ 312 tokens · esc to cancel)
───────────────────────────────────────────────────────────────────────────────────────────────────────────────────────────────────────────────────────────────────────────────
*   Type your message or @path/to/file
───────────────────────────────────────────────────────────────────────────────────────────────────────────────────────────────────────────────────────────────────────────────
  YOLO mode (shift + tab to cycle)                                                                                                                         11.4% context used

  ⠹ I'll be back... with an answer. (34s · ↑ 312 tokens · esc to cancel)
───────────────────────────────────────────────────────────────────────────────────────────────────────────────────────────────────────────────────────────────────────────────
*   Type your message or @path/to/file
───────────────────────────────────────────────────────────────────────────────────────────────────────────────────────────────────────────────────────────────────────────────
  YOLO mode (shift + tab to cycle)                                                                                                                         11.4% context used

  ⠹ I'll be back... with an answer. (35s · ↑ 312 tokens · esc to cancel)
───────────────────────────────────────────────────────────────────────────────────────────────────────────────────────────────────────────────────────────────────────────────
*   Type your message or @path/to/file
───────────────────────────────────────────────────────────────────────────────────────────────────────────────────────────────────────────────────────────────────────────────
  YOLO mode (shift + tab to cycle)                                                                                                                         11.4% context used

  ⠸ I'll be back... with an answer. (35s · ↑ 312 tokens · esc to cancel)
───────────────────────────────────────────────────────────────────────────────────────────────────────────────────────────────────────────────────────────────────────────────
*   Type your message or @path/to/file
───────────────────────────────────────────────────────────────────────────────────────────────────────────────────────────────────────────────────────────────────────────────
  YOLO mode (shift + tab to cycle)                                                                                                                         11.4% context used

  ⠼ I'll be back... with an answer. (35s · ↑ 312 tokens · esc to cancel)
───────────────────────────────────────────────────────────────────────────────────────────────────────────────────────────────────────────────────────────────────────────────
*   Type your message or @path/to/file
───────────────────────────────────────────────────────────────────────────────────────────────────────────────────────────────────────────────────────────────────────────────
  YOLO mode (shift + tab to cycle)                                                                                                                         11.4% context used

  ⠴ I'll be back... with an answer. (35s · ↑ 312 tokens · esc to cancel)
───────────────────────────────────────────────────────────────────────────────────────────────────────────────────────────────────────────────────────────────────────────────
*   Type your message or @path/to/file
───────────────────────────────────────────────────────────────────────────────────────────────────────────────────────────────────────────────────────────────────────────────
  YOLO mode (shift + tab to cycle)                                                                                                                         11.4% context used

  ⠦ I'll be back... with an answer. (35s · ↑ 312 tokens · esc to cancel)
───────────────────────────────────────────────────────────────────────────────────────────────────────────────────────────────────────────────────────────────────────────────
*   Type your message or @path/to/file
───────────────────────────────────────────────────────────────────────────────────────────────────────────────────────────────────────────────────────────────────────────────
  YOLO mode (shift + tab to cycle)                                                                                                                         11.4% context used

  ⠧ I'll be back... with an answer. (35s · ↑ 312 tokens · esc to cancel)
───────────────────────────────────────────────────────────────────────────────────────────────────────────────────────────────────────────────────────────────────────────────
*   Type your message or @path/to/file
───────────────────────────────────────────────────────────────────────────────────────────────────────────────────────────────────────────────────────────────────────────────
  YOLO mode (shift + tab to cycle)                                                                                                                         11.4% context used

  ⠇ I'll be back... with an answer. (35s · ↑ 312 tokens · esc to cancel)
───────────────────────────────────────────────────────────────────────────────────────────────────────────────────────────────────────────────────────────────────────────────
*   Type your message or @path/to/file
───────────────────────────────────────────────────────────────────────────────────────────────────────────────────────────────────────────────────────────────────────────────
  YOLO mode (shift + tab to cycle)                                                                                                                         11.4% context used

  ⠏ I'll be back... with an answer. (35s · ↑ 312 tokens · esc to cancel)
───────────────────────────────────────────────────────────────────────────────────────────────────────────────────────────────────────────────────────────────────────────────
*   Type your message or @path/to/file
───────────────────────────────────────────────────────────────────────────────────────────────────────────────────────────────────────────────────────────────────────────────
  YOLO mode (shift + tab to cycle)                                                                                                                         11.4% context used

  ⠋ I'll be back... with an answer. (35s · ↑ 312 tokens · esc to cancel)
───────────────────────────────────────────────────────────────────────────────────────────────────────────────────────────────────────────────────────────────────────────────
*   Type your message or @path/to/file
───────────────────────────────────────────────────────────────────────────────────────────────────────────────────────────────────────────────────────────────────────────────
  YOLO mode (shift + tab to cycle)                                                                                                                         11.4% context used

  ⠙ I'll be back... with an answer. (35s · ↑ 312 tokens · esc to cancel)
───────────────────────────────────────────────────────────────────────────────────────────────────────────────────────────────────────────────────────────────────────────────
*   Type your message or @path/to/file
───────────────────────────────────────────────────────────────────────────────────────────────────────────────────────────────────────────────────────────────────────────────
  YOLO mode (shift + tab to cycle)                                                                                                                         11.4% context used

  ⠹ I'll be back... with an answer. (35s · ↑ 312 tokens · esc to cancel)
───────────────────────────────────────────────────────────────────────────────────────────────────────────────────────────────────────────────────────────────────────────────
*   Type your message or @path/to/file
───────────────────────────────────────────────────────────────────────────────────────────────────────────────────────────────────────────────────────────────────────────────
  YOLO mode (shift + tab to cycle)                                                                                                                         11.4% context used

  ⠸ I'll be back... with an answer. (35s · ↑ 312 tokens · esc to cancel)
───────────────────────────────────────────────────────────────────────────────────────────────────────────────────────────────────────────────────────────────────────────────
*   Type your message or @path/to/file
───────────────────────────────────────────────────────────────────────────────────────────────────────────────────────────────────────────────────────────────────────────────
  YOLO mode (shift + tab to cycle)                                                                                                                         11.4% context used
  Thought for 0s

  ⠸ I'll be back... with an answer. (35s · ↑ 312 tokens · esc to cancel)
───────────────────────────────────────────────────────────────────────────────────────────────────────────────────────────────────────────────────────────────────────────────
*   Type your message or @path/to/file
───────────────────────────────────────────────────────────────────────────────────────────────────────────────────────────────────────────────────────────────────────────────
  YOLO mode (shift + tab to cycle)                                                                                                                         11.4% context used

  ⠼ I'll be back... with an answer. (35s · ↑ 312 tokens · esc to cancel)
───────────────────────────────────────────────────────────────────────────────────────────────────────────────────────────────────────────────────────────────────────────────
*   Type your message or @path/to/file
───────────────────────────────────────────────────────────────────────────────────────────────────────────────────────────────────────────────────────────────────────────────
  YOLO mode (shift + tab to cycle)                                                                                                                         11.4% context used

  ✦ Translation Learning Output

    1. Original Text
    快速演進

    2. Natural Translation
    Rapid evolution

    3. Simple Translation
    Fast progress

    4. Key Vocabulary

    | rapid | 快速的、急速的 | There has been a rapid increase in

  ⠼ I'll be back... with an answer. (35s · ↓ 312 tokens · esc to cancel)
───────────────────────────────────────────────────────────────────────────────────────────────────────────────────────────────────────────────────────────────────────────────
[38;2;139;58;74m*   Type your message or @path/to/file
───────────────────────────────────────────────────────────────────────────────────────────────────────────────────────────────────────────────────────────────────────────────
  YOLO mode (shift + tab to cycle)                                                                                                                         11.4% context used
    | rapid | 快速的、急速的 | There has been a rapid increase in

  ⠴ I'll be back... with an answer. (36s · ↓ 312 tokens · esc to cancel)
───────────────────────────────────────────────────────────────────────────────────────────────────────────────────────────────────────────────────────────────────────────────
*   Type your message or @path/to/file
───────────────────────────────────────────────────────────────────────────────────────────────────────────────────────────────────────────────────────────────────────────────
  YOLO mode (shift + tab to cycle)                                                                                                                         11.4% context used
    | rapid | 快速的、急速的 | There has been a rapid increase in

  ⠴ I'll be back... with an answer. (36s · ↓ 324 tokens · esc to cancel)
───────────────────────────────────────────────────────────────────────────────────────────────────────────────────────────────────────────────────────────────────────────────
*   Type your message or @path/to/file
───────────────────────────────────────────────────────────────────────────────────────────────────────────────────────────────────────────────────────────────────────────────
  YOLO mode (shift + tab to cycle)                                                                                                                         11.4% context used
    | rapid | 快速的、急速的 | There has been a rapid increase in

  ⠦ I'll be back... with an answer. (36s · ↓ 324 tokens · esc to cancel)
───────────────────────────────────────────────────────────────────────────────────────────────────────────────────────────────────────────────────────────────────────────────
*   Type your message or @path/to/file
───────────────────────────────────────────────────────────────────────────────────────────────────────────────────────────────────────────────────────────────────────────────
  YOLO mode (shift + tab to cycle)                                                                                                                         11.4% context used
    | rapid | 快速的、急速的 | There has been a rapid increase in

  ⠦ I'll be back... with an answer. (36s · ↓ 337 tokens · esc to cancel)
───────────────────────────────────────────────────────────────────────────────────────────────────────────────────────────────────────────────────────────────────────────────
*   Type your message or @path/to/file
───────────────────────────────────────────────────────────────────────────────────────────────────────────────────────────────────────────────────────────────────────────────
  YOLO mode (shift + tab to cycle)                                                                                                                         11.4% context used
    | rapid | 快速的、急速的 | There has been a rapid increase in

  ⠧ I'll be back... with an answer. (36s · ↓ 337 tokens · esc to cancel)
───────────────────────────────────────────────────────────────────────────────────────────────────────────────────────────────────────────────────────────────────────────────
*   Type your message or @path/to/file
───────────────────────────────────────────────────────────────────────────────────────────────────────────────────────────────────────────────────────────────────────────────
  YOLO mode (shift + tab to cycle)                                                                                                                         11.4% context used
    | rapid | 快速的、急速的 | There has been a rapid increase in

  ⠧ I'll be back... with an answer. (36s · ↓ 345 tokens · esc to cancel)
───────────────────────────────────────────────────────────────────────────────────────────────────────────────────────────────────────────────────────────────────────────────
*   Type your message or @path/to/file
───────────────────────────────────────────────────────────────────────────────────────────────────────────────────────────────────────────────────────────────────────────────
  YOLO mode (shift + tab to cycle)                                                                                                                         11.4% context used
    | rapid | 快速的、急速的 | There has been a rapid increase in

  ⠇ I'll be back... with an answer. (36s · ↓ 345 tokens · esc to cancel)
───────────────────────────────────────────────────────────────────────────────────────────────────────────────────────────────────────────────────────────────────────────────
*   Type your message or @path/to/file
───────────────────────────────────────────────────────────────────────────────────────────────────────────────────────────────────────────────────────────────────────────────
  YOLO mode (shift + tab to cycle)                                                                                                                         11.4% context used
    | rapid | 快速的、急速的 | There has been a rapid increase in

  ⠏ I'll be back... with an answer. (36s · ↓ 345 tokens · esc to cancel)
───────────────────────────────────────────────────────────────────────────────────────────────────────────────────────────────────────────────────────────────────────────────
*   Type your message or @path/to/file
───────────────────────────────────────────────────────────────────────────────────────────────────────────────────────────────────────────────────────────────────────────────
  YOLO mode (shift + tab to cycle)                                                                                                                         11.4% context used
    | rapid | 快速的、急速的 | There has been a rapid increase in

  ⠏ I'll be back... with an answer. (36s · ↓ 352 tokens · esc to cancel)
───────────────────────────────────────────────────────────────────────────────────────────────────────────────────────────────────────────────────────────────────────────────
*   Type your message or @path/to/file
───────────────────────────────────────────────────────────────────────────────────────────────────────────────────────────────────────────────────────────────────────────────
  YOLO mode (shift + tab to cycle)                                                                                                                         11.4% context used

    ┌─────────────────┬────────────────┬─────────────────────────────────────────────────────────┐
    │ Word / Phrase   │ Meaning        │ Example Sentence                                        │
    ├─────────────────┼────────────────┼─────────────────────────────────────────────────────────┤
    │ rapid           │ 快速的、急速的 │ There has been a rapid increase in AI usage.            │
    ├─────────────────┼────────────────┼─────────────────────────────────────────────────────────┤
    │ evolution       │ 演進、演化     │ The evolution of technology never stops.                │
    ├─────────────────┼────────────────┼─────────────────────────────────────────────────────────┤
    │ rapid evolution │ 快速演進       │ AI has undergone rapid evolution in the past few years. │
    ├─────────────────┼────────────────┼─────────────────────────────────────────────────────────┤
    │ fast-paced      │ 快節奏的       │ We live in a fast-paced world.                          │
    ├─────────────────┼────────────────┼─────────────────────────────────────────────────────────┤
    │ advance         [38;2;108;112;134m│ 進步、推進     │ Technology advances every single day.                   │
    └─────────────────┴────────────────┴─────────────────────────────────────────────────────────┘

    5. Useful Sentence Pattern

    **

  ⠏ I'll be back... with an answer. (36s · ↓ 352 tokens · esc to cancel)
───────────────────────────────────────────────────────────────────────────────────────────────────────────────────────────────────────────────────────────────────────────────
*   Type your message or @path/to/file
───────────────────────────────────────────────────────────────────────────────────────────────────────────────────────────────────────────────────────────────────────────────
  YOLO mode (shift + tab to cycle)                                                                                                                         [38;2;108;112;134m11.4% context used
    **

  ⠋ I'll be back... with an answer. (36s · ↓ 365 tokens · esc to cancel)
───────────────────────────────────────────────────────────────────────────────────────────────────────────────────────────────────────────────────────────────────────────────
*   Type your message or @path/to/file
───────────────────────────────────────────────────────────────────────────────────────────────────────────────────────────────────────────────────────────────────────────────
  YOLO mode (shift + tab to cycle)                                                                                                                         11.4% context used
    **

  ⠙ I'll be back... with an answer. (36s · ↓ 365 tokens · esc to cancel)
───────────────────────────────────────────────────────────────────────────────────────────────────────────────────────────────────────────────────────────────────────────────
*   Type your message or @path/to/file
───────────────────────────────────────────────────────────────────────────────────────────────────────────────────────────────────────────────────────────────────────────────
  YOLO mode (shift + tab to cycle)                                                                                                                         11.4% context used
    **

  ⠙ I'll be back... with an answer. (36s · ↓ 377 tokens · esc to cancel)
───────────────────────────────────────────────────────────────────────────────────────────────────────────────────────────────────────────────────────────────────────────────
*   Type your message or @path/to/file
───────────────────────────────────────────────────────────────────────────────────────────────────────────────────────────────────────────────────────────────────────────────
  YOLO mode (shift + tab to cycle)                                                                                                                         11.4% context used
    **

  ⠹ I'll be back... with an answer. (36s · ↓ 377 tokens · esc to cancel)
───────────────────────────────────────────────────────────────────────────────────────────────────────────────────────────────────────────────────────────────────────────────
*   Type your message or @path/to/file
───────────────────────────────────────────────────────────────────────────────────────────────────────────────────────────────────────────────────────────────────────────────
  YOLO mode (shift + tab to cycle)                                                                                                                         11.4% context used
    **

  ⠹ I'll be back... with an answer. (36s · ↓ 390 tokens · esc to cancel)
───────────────────────────────────────────────────────────────────────────────────────────────────────────────────────────────────────────────────────────────────────────────
*   Type your message or @path/to/file
───────────────────────────────────────────────────────────────────────────────────────────────────────────────────────────────────────────────────────────────────────────────
  YOLO mode (shift + tab to cycle)                                                                                                                         11.4% context used
    **

  ⠸ I'll be back... with an answer. (36s · ↓ 390 tokens · esc to cancel)
───────────────────────────────────────────────────────────────────────────────────────────────────────────────────────────────────────────────────────────────────────────────
*   Type your message or @path/to/file
───────────────────────────────────────────────────────────────────────────────────────────────────────────────────────────────────────────────────────────────────────────────
  YOLO mode (shift + tab to cycle)                                                                                                                         11.4% context used
    **

  ⠼ I'll be back... with an answer. (36s · ↓ 390 tokens · esc to cancel)
───────────────────────────────────────────────────────────────────────────────────────────────────────────────────────────────────────────────────────────────────────────────
*   Type your message or @path/to/file
───────────────────────────────────────────────────────────────────────────────────────────────────────────────────────────────────────────────────────────────────────────────
  YOLO mode (shift + tab to cycle)                                                                                                                         11.4% context used
    **

  ⠼ I'll be back... with an answer. (36s · ↓ 402 tokens · esc to cancel)
───────────────────────────────────────────────────────────────────────────────────────────────────────────────────────────────────────────────────────────────────────────────
*   Type your message or @path/to/file
───────────────────────────────────────────────────────────────────────────────────────────────────────────────────────────────────────────────────────────────────────────────
  YOLO mode (shift + tab to cycle)                                                                                                                         11.4% context used
    **

  ⠴ I'll be back... with an answer. (36s · ↓ 402 tokens · esc to cancel)
───────────────────────────────────────────────────────────────────────────────────────────────────────────────────────────────────────────────────────────────────────────────
*   Type your message or @path/to/file
───────────────────────────────────────────────────────────────────────────────────────────────────────────────────────────────────────────────────────────────────────────────
  YOLO mode (shift + tab to cycle)                                                                                                                         11.4% context used
    **

  ⠴ I'll be back... with an answer. (36s · ↓ 415 tokens · esc to cancel)
───────────────────────────────────────────────────────────────────────────────────────────────────────────────────────────────────────────────────────────────────────────────
*   Type your message or @path/to/file
───────────────────────────────────────────────────────────────────────────────────────────────────────────────────────────────────────────────────────────────────────────────
  YOLO mode (shift + tab to cycle)                                                                                                                         11.4% context used
    **

  ⠦ I'll be back... with an answer. (36s · ↓ 415 tokens · esc to cancel)
───────────────────────────────────────────────────────────────────────────────────────────────────────────────────────────────────────────────────────────────────────────────
*   Type your message or @path/to/file
───────────────────────────────────────────────────────────────────────────────────────────────────────────────────────────────────────────────────────────────────────────────
  YOLO mode (shift + tab to cycle)                                                                                                                         11.4% context used
    **

  ⠦ I'll be back... with an answer. (36s · ↓ 424 tokens · esc to cancel)
───────────────────────────────────────────────────────────────────────────────────────────────────────────────────────────────────────────────────────────────────────────────
*   Type your message or @path/to/file
───────────────────────────────────────────────────────────────────────────────────────────────────────────────────────────────────────────────────────────────────────────────
  YOLO mode (shift + tab to cycle)                                                                                                                         11.4% context used
    **

  ⠧ I'll be back... with an answer. (36s · ↓ 424 tokens · esc to cancel)
───────────────────────────────────────────────────────────────────────────────────────────────────────────────────────────────────────────────────────────────────────────────
*   Type your message or @path/to/file
───────────────────────────────────────────────────────────────────────────────────────────────────────────────────────────────────────────────────────────────────────────────
  YOLO mode (shift + tab to cycle)                                                                                                                         11.4% context used
    **

  ⠧ I'll be back... with an answer. (37s · ↓ 424 tokens · esc to cancel)
───────────────────────────────────────────────────────────────────────────────────────────────────────────────────────────────────────────────────────────────────────────────
*   Type your message or @path/to/file
───────────────────────────────────────────────────────────────────────────────────────────────────────────────────────────────────────────────────────────────────────────────
  YOLO mode (shift + tab to cycle)                                                                                                                         11.4% context used
    **

  ⠧ I'll be back... with an answer. (37s · ↓ 431 tokens · esc to cancel)
───────────────────────────────────────────────────────────────────────────────────────────────────────────────────────────────────────────────────────────────────────────────
*   Type your message or @path/to/file
───────────────────────────────────────────────────────────────────────────────────────────────────────────────────────────────────────────────────────────────────────────────
  YOLO mode (shift + tab to cycle)                                                                                                                         11.4% context used
    **

  ⠇ I'll be back... with an answer. (37s · ↓ 431 tokens · esc to cancel)
───────────────────────────────────────────────────────────────────────────────────────────────────────────────────────────────────────────────────────────────────────────────
*   Type your message or @path/to/file
───────────────────────────────────────────────────────────────────────────────────────────────────────────────────────────────────────────────────────────────────────────────
  YOLO mode (shift + tab to cycle)                                                                                                                         11.4% context used
    Pattern:
    ___ is evolving rapidly.

    Example:
    The tech industry is evolving rapidly.

    6. Speaking Version

    It's changing really fast.

    7. Common Mistake

    Don't say: "fast evolution" — it sounds a bit off.
    Say: "rapid evolution" — the natural collocation for formal or written English.
    In casual speech, say: "It's changing really fast"

  ⠇ I'll be back... with an answer. (37s · ↓ 431 tokens · esc to cancel)
───────────────────────────────────────────────────────────────────────────────────────────────────────────────────────────────────────────────────────────────────────────────
*   Type your message or @path/to/file
───────────────────────────────────────────────────────────────────────────────────────────────────────────────────────────────────────────────────────────────────────────────
  YOLO mode (shift + tab to cycle)                                                                                                                         11.4% context used
    Don't say: "fast evolution" — it sounds a bit off.
    Say: "rapid evolution" — the natural collocation for formal or written English.
    In casual speech, say: "It's changing really fast"

  ⠏ I'll be back... with an answer. (37s · ↓ 443 tokens · esc to cancel)
───────────────────────────────────────────────────────────────────────────────────────────────────────────────────────────────────────────────────────────────────────────────
*   Type your message or @path/to/file
───────────────────────────────────────────────────────────────────────────────────────────────────────────────────────────────────────────────────────────────────────────────
  YOLO mode (shift + tab to cycle)                                                                                                                         11.4% context used
    Don't say: "fast evolution" — it sounds a bit off.
    Say: "rapid evolution" — the natural collocation for formal or written English.
    In casual speech, say: "It's changing really fast"

  ⠋ I'll be back... with an answer. (37s · ↓ 443 tokens · esc to cancel)
───────────────────────────────────────────────────────────────────────────────────────────────────────────────────────────────────────────────────────────────────────────────
*   Type your message or @path/to/file
───────────────────────────────────────────────────────────────────────────────────────────────────────────────────────────────────────────────────────────────────────────────
  YOLO mode (shift + tab to cycle)                                                                                                                         11.4% context used
    Don't say: "fast evolution" — it sounds a bit off.
    Say: "rapid evolution" — the natural collocation for formal or written English.
    In casual speech, say: "It's changing really fast"

  ⠋ I'll be back... with an answer. (37s · ↓ 456 tokens · esc to cancel)
───────────────────────────────────────────────────────────────────────────────────────────────────────────────────────────────────────────────────────────────────────────────
*   Type your message or @path/to/file
───────────────────────────────────────────────────────────────────────────────────────────────────────────────────────────────────────────────────────────────────────────────
  YOLO mode (shift + tab to cycle)                                                                                                                         11.4% context used
    Don't say: "fast evolution" — it sounds a bit off.
    Say: "rapid evolution" — the natural collocation for formal or written English.
    In casual speech, say: "It's changing really fast"

  ⠙ I'll be back... with an answer. (37s · ↓ 456 tokens · esc to cancel)
───────────────────────────────────────────────────────────────────────────────────────────────────────────────────────────────────────────────────────────────────────────────
*   Type your message or @path/to/file
───────────────────────────────────────────────────────────────────────────────────────────────────────────────────────────────────────────────────────────────────────────────
  YOLO mode (shift + tab to cycle)                                                                                                                         11.4% context used
    Don't say: "fast evolution" — it sounds a bit off.
    Say: "rapid evolution" — the natural collocation for formal or written English.
    In casual speech, say: "It's changing really fast"

  ⠙ I'll be back... with an answer. (37s · ↓ 468 tokens · esc to cancel)
───────────────────────────────────────────────────────────────────────────────────────────────────────────────────────────────────────────────────────────────────────────────
*   Type your message or @path/to/file
───────────────────────────────────────────────────────────────────────────────────────────────────────────────────────────────────────────────────────────────────────────────
  YOLO mode (shift + tab to cycle)                                                                                                                         11.4% context used
    Don't say: "fast evolution" — it sounds a bit off.
    Say: "rapid evolution" — the natural collocation for formal or written English.
    In casual speech, say: "It's changing really fast"

  ⠹ I'll be back... with an answer. (37s · ↓ 468 tokens · esc to cancel)
───────────────────────────────────────────────────────────────────────────────────────────────────────────────────────────────────────────────────────────────────────────────
*   Type your message or @path/to/file
───────────────────────────────────────────────────────────────────────────────────────────────────────────────────────────────────────────────────────────────────────────────
  YOLO mode (shift + tab to cycle)                                                                                                                         11.4% context used
    Don't say: "fast evolution" — it sounds a bit off.
    Say: "rapid evolution" — the natural collocation for formal or written English.
    In casual speech, say: "It's changing really fast"

  ⠹ I'll be back... with an answer. (37s · ↓ 481 tokens · esc to cancel)
───────────────────────────────────────────────────────────────────────────────────────────────────────────────────────────────────────────────────────────────────────────────
*   Type your message or @path/to/file
───────────────────────────────────────────────────────────────────────────────────────────────────────────────────────────────────────────────────────────────────────────────
  YOLO mode (shift + tab to cycle)                                                                                                                         11.4% context used
    Don't say: "fast evolution" — it sounds a bit off.
    Say: "rapid evolution" — the natural collocation for formal or written English.
    In casual speech, say: "It's changing really fast"

  ⠸ I'll be back... with an answer. (37s · ↓ 481 tokens · esc to cancel)
───────────────────────────────────────────────────────────────────────────────────────────────────────────────────────────────────────────────────────────────────────────────
*   Type your message or @path/to/file
───────────────────────────────────────────────────────────────────────────────────────────────────────────────────────────────────────────────────────────────────────────────
  YOLO mode (shift + tab to cycle)                                                                                                                         11.4% context used
    Don't say: "fast evolution" — it sounds a bit off.
    Say: "rapid evolution" — the natural collocation for formal or written English.
    In casual speech, say: "It's changing really fast"

  ⠼ I'll be back... with an answer. (37s · ↓ 481 tokens · esc to cancel)
───────────────────────────────────────────────────────────────────────────────────────────────────────────────────────────────────────────────────────────────────────────────
*   Type your message or @path/to/file
───────────────────────────────────────────────────────────────────────────────────────────────────────────────────────────────────────────────────────────────────────────────
  YOLO mode (shift + tab to cycle)                                                                                                                         11.4% context used
    Don't say: "fast evolution" — it sounds a bit off.
    Say: "rapid evolution" — the natural collocation for formal or written English.
    In casual speech, say: "It's changing really fast"

  ⠼ I'll be back... with an answer. (37s · ↓ 493 tokens · esc to cancel)
───────────────────────────────────────────────────────────────────────────────────────────────────────────────────────────────────────────────────────────────────────────────
*   Type your message or @path/to/file
───────────────────────────────────────────────────────────────────────────────────────────────────────────────────────────────────────────────────────────────────────────────
  YOLO mode (shift + tab to cycle)                                                                                                                         11.4% context used
    Don't say: "fast evolution" — it sounds a bit off.
    Say: "rapid evolution" — the natural collocation for formal or written English.
    In casual speech, say: "It's changing really fast"

  ⠴ I'll be back... with an answer. (37s · ↓ 493 tokens · esc to cancel)
───────────────────────────────────────────────────────────────────────────────────────────────────────────────────────────────────────────────────────────────────────────────
*   Type your message or @path/to/file
───────────────────────────────────────────────────────────────────────────────────────────────────────────────────────────────────────────────────────────────────────────────
  YOLO mode (shift + tab to cycle)                                                                                                                         11.4% context used
    Don't say: "fast evolution" — it sounds a bit off.
    Say: "rapid evolution" — the natural collocation for formal or written English.
    In casual speech, say: "It's changing really fast"

  ⠴ I'll be back... with an answer. (37s · ↓ 506 tokens · esc to cancel)
───────────────────────────────────────────────────────────────────────────────────────────────────────────────────────────────────────────────────────────────────────────────
*   Type your message or @path/to/file
───────────────────────────────────────────────────────────────────────────────────────────────────────────────────────────────────────────────────────────────────────────────
  YOLO mode (shift + tab to cycle)                                                                                                                         11.4% context used
    Don't say: "fast evolution" — it sounds a bit off.
    Say: "rapid evolution" — the natural collocation for formal or written English.
    In casual speech, say: "It's changing really fast"

  ⠦ I'll be back... with an answer. (37s · ↓ 506 tokens · esc to cancel)
───────────────────────────────────────────────────────────────────────────────────────────────────────────────────────────────────────────────────────────────────────────────
*   Type your message or @path/to/file
───────────────────────────────────────────────────────────────────────────────────────────────────────────────────────────────────────────────────────────────────────────────
  YOLO mode (shift + tab to cycle)                                                                                                                         11.4% context used
    Don't say: "fast evolution" — it sounds a bit off.
    Say: "rapid evolution" — the natural collocation for formal or written English.
    In casual speech, say: "It's changing really fast"

  ⠦ I'll be back... with an answer. (37s · ↓ 514 tokens · esc to cancel)
───────────────────────────────────────────────────────────────────────────────────────────────────────────────────────────────────────────────────────────────────────────────
*   Type your message or @path/to/file
───────────────────────────────────────────────────────────────────────────────────────────────────────────────────────────────────────────────────────────────────────────────
  YOLO mode (shift + tab to cycle)                                                                                                                         11.4% context used
    Don't say: "fast evolution" — it sounds a bit off.
    Say: "rapid evolution" — the natural collocation for formal or written English.
    In casual speech, say: "It's changing really fast"

  ⠧ I'll be back... with an answer. (37s · ↓ 514 tokens · esc to cancel)
───────────────────────────────────────────────────────────────────────────────────────────────────────────────────────────────────────────────────────────────────────────────
*   Type your message or @path/to/file
───────────────────────────────────────────────────────────────────────────────────────────────────────────────────────────────────────────────────────────────────────────────
  YOLO mode (shift + tab to cycle)                                                                                                                         11.4% context used
    Don't say: "fast evolution" — it sounds a bit off.
    Say: "rapid evolution" — the natural collocation for formal or written English.
    In casual speech, say: "It's changing really fast"

  ⠧ I'll be back... with an answer. (37s · ↓ 520 tokens · esc to cancel)
───────────────────────────────────────────────────────────────────────────────────────────────────────────────────────────────────────────────────────────────────────────────
*   Type your message or @path/to/file
───────────────────────────────────────────────────────────────────────────────────────────────────────────────────────────────────────────────────────────────────────────────
  YOLO mode (shift + tab to cycle)                                                                                                                         11.4% context used
    Don't say: "fast evolution" — it sounds a bit off.
    Say: "rapid evolution" — the natural collocation for formal or written English.
    In casual speech, say: "It's changing really fast"

  ⠇ I'll be back... with an answer. (37s · ↓ 520 tokens · esc to cancel)
───────────────────────────────────────────────────────────────────────────────────────────────────────────────────────────────────────────────────────────────────────────────
*   Type your message or @path/to/file
───────────────────────────────────────────────────────────────────────────────────────────────────────────────────────────────────────────────────────────────────────────────
  YOLO mode (shift + tab to cycle)                                                                                                                         11.4% context used
    Don't say: "fast evolution" — it sounds a bit off.
    Say: "rapid evolution" — the natural collocation for formal or written English.
    In casual speech, say: "It's changing really fast"

  ⠏ I'll be back... with an answer. (37s · ↓ 520 tokens · esc to cancel)
───────────────────────────────────────────────────────────────────────────────────────────────────────────────────────────────────────────────────────────────────────────────
*   Type your message or @path/to/file
───────────────────────────────────────────────────────────────────────────────────────────────────────────────────────────────────────────────────────────────────────────────
  YOLO mode (shift + tab to cycle)                                                                                                                         11.4% context used
    Don't say: "fast evolution" — it sounds a bit off.
    Say: "rapid evolution" — the natural collocation for formal or written English.
    In casual speech, say: "It's changing really fast"

  ⠏ I'll be back... with an answer. (37s · ↓ 525 tokens · esc to cancel)
───────────────────────────────────────────────────────────────────────────────────────────────────────────────────────────────────────────────────────────────────────────────
*   Type your message or @path/to/file
───────────────────────────────────────────────────────────────────────────────────────────────────────────────────────────────────────────────────────────────────────────────
  YOLO mode (shift + tab to cycle)                                                                                                                         11.4% context used
    Don't say: "fast evolution" — it sounds a bit off.
    Say: "rapid evolution" — the natural collocation for formal or written English.
    In casual speech, say: "It's changing really fast"

  ⠏ I'll be back... with an answer. (38s · ↓ 525 tokens · esc to cancel)
───────────────────────────────────────────────────────────────────────────────────────────────────────────────────────────────────────────────────────────────────────────────
*   Type your message or @path/to/file
───────────────────────────────────────────────────────────────────────────────────────────────────────────────────────────────────────────────────────────────────────────────
  YOLO mode (shift + tab to cycle)                                                                                                                         11.4% context used
    Don't say: "fast evolution" — it sounds a bit off.
    Say: "rapid evolution" — the natural collocation for formal or written English.
    In casual speech, say: "It's changing really fast"

  ⠋ I'll be back... with an answer. (38s · ↓ 525 tokens · esc to cancel)
───────────────────────────────────────────────────────────────────────────────────────────────────────────────────────────────────────────────────────────────────────────────
*   Type your message or @path/to/file
───────────────────────────────────────────────────────────────────────────────────────────────────────────────────────────────────────────────────────────────────────────────
  YOLO mode (shift + tab to cycle)                                                                                                                         11.4% context used
    Don't say: "fast evolution" — it sounds a bit off.
    Say: "rapid evolution" — the natural collocation for formal or written English.
    In casual speech, say: "It's changing really fast"

  ⠋ I'll be back... with an answer. (38s · ↓ 529 tokens · esc to cancel)
───────────────────────────────────────────────────────────────────────────────────────────────────────────────────────────────────────────────────────────────────────────────
*   Type your message or @path/to/file
───────────────────────────────────────────────────────────────────────────────────────────────────────────────────────────────────────────────────────────────────────────────
  YOLO mode (shift + tab to cycle)                                                                                                                         11.4% context used
    Don't say: "fast evolution" — it sounds a bit off.
    Say: "rapid evolution" — the natural collocation for formal or written English.
    In casual speech, say: "It's changing really fast"

  ⠙ I'll be back... with an answer. (38s · ↓ 529 tokens · esc to cancel)
───────────────────────────────────────────────────────────────────────────────────────────────────────────────────────────────────────────────────────────────────────────────
*   Type your message or @path/to/file
───────────────────────────────────────────────────────────────────────────────────────────────────────────────────────────────────────────────────────────────────────────────
  YOLO mode (shift + tab to cycle)                                                                                                                         11.4% context used
    Don't say: "fast evolution" — it sounds a bit off.
    Say: "rapid evolution" — the natural collocation for formal or written English.
    In casual speech, say: "It's changing really fast"

  ⠙ I'll be back... with an answer. (38s · ↓ 530 tokens · esc to cancel)
───────────────────────────────────────────────────────────────────────────────────────────────────────────────────────────────────────────────────────────────────────────────
*   Type your message or @path/to/file
───────────────────────────────────────────────────────────────────────────────────────────────────────────────────────────────────────────────────────────────────────────────
  YOLO mode (shift + tab to cycle)                                                                                                                         11.4% context used
    Don't say: "fast evolution" — it sounds a bit off.
    Say: "rapid evolution" — the natural collocation for formal or written English.
    In casual speech, say: "It's changing really fast"

  ⠹ I'll be back... with an answer. (38s · ↓ 530 tokens · esc to cancel)
───────────────────────────────────────────────────────────────────────────────────────────────────────────────────────────────────────────────────────────────────────────────
*   Type your message or @path/to/file
───────────────────────────────────────────────────────────────────────────────────────────────────────────────────────────────────────────────────────────────────────────────
  YOLO mode (shift + tab to cycle)                                                                                                                         11.4% context used
    Don't say: "fast evolution" — it sounds a bit off.
    Say: "rapid evolution" — the natural collocation for formal or written English.
    In casual speech, say: "It's changing really fast" or "It's moving quickly."

    8. One Sentence to Remember

    AI is going through rapid evolution.

───────────────────────────────────────────────────────────────────────────────────────────────────────────────────────────────────────────────────────────────────────────────
*   Type your message or @path/to/file
───────────────────────────────────────────────────────────────────────────────────────────────────────────────────────────────────────────────────────────────────────────────
  YOLO mode (shift + tab to cycle)                                                                                                                         12.0% context used
