# Vibe Coding Session: pty-1782384896235-0doc
# CLI: qwen | CWD: /Users/steward/App/tAgent | Mode: yolo
# Started: 2026-06-25T10:54:56.244Z

[?u
   ▄▄▄▄▄▄  ▄▄     ▄▄ ▄▄▄▄▄▄▄ ▄▄▄    ▄▄   ┌──────────────────────────────────────────────────────────┐
  ██[38;2;78;147;226m╔═══██╗██║    ██║██╔════╝████╗  ██║  │ >_ Qwen Code (v0.19.2)                                   │
  ██║  [38;2;88;142;222m ██║██║ █╗ ██║█████╗  ██╔██╗ ██║  │                                                          │
  ██║▄▄ ██║█[38;2;105;134;216m█║███╗██║██╔══╝  ██║╚██╗██║  │ Z.AI API Key | ZAI · GLM-5.1 (/model to change)          │
  ╚██████╔╝╚███[38;2;115;130;212m╔███╔╝███████╗██║ ╚████║  │ ~/App/tAgent                                             │
   ╚══▀▀═╝  ╚══╝╚══[38;2;129;124;207m╝ ╚══════╝╚═╝  ╚═══╝  └──────────────────────────────────────────────────────────┘

  Tips: Try /insight to generate personalized insights from your chat history.

───────────────────────────────────────────────────────────────────────────────────────────────────────────────────────────────────────────────────────────────────────────────
*   Type your message or @path/to/file
───────────────────────────────────────────────────────────────────────────────────────────────────────────────────────────────────────────────────────────────────────────────
  ⠋ Initializing...

───────────────────────────────────────────────────────────────────────────────────────────────────────────────────────────────────────────────────────────────────────────────
*   Type your message or @path/to/file
───────────────────────────────────────────────────────────────────────────────────────────────────────────────────────────────────────────────────────────────────────────────
  ⠋ Initializing...

───────────────────────────────────────────────────────────────────────────────────────────────────────────────────────────────────────────────────────────────────────────────
*   Type your message or @path/to/file
───────────────────────────────────────────────────────────────────────────────────────────────────────────────────────────────────────────────────────────────────────────────
  ⠙ Initializing...

───────────────────────────────────────────────────────────────────────────────────────────────────────────────────────────────────────────────────────────────────────────────
*   Type your message or @path/to/file
───────────────────────────────────────────────────────────────────────────────────────────────────────────────────────────────────────────────────────────────────────────────
  YOLO mode (shift + tab to cycle)

───────────────────────────────────────────────────────────────────────────────────────────────────────────────────────────────────────────────────────────────────────────────
* [Pasted Content 935 chars] ​
───────────────────────────────────────────────────────────────────────────────────────────────────────────────────────────────────────────────────────────────────────────────
  YOLO mode (shift + tab to cycle)


  # System Instructions 你是 PAAW 的助理，名叫林雨晴（Rainy Lin）。你負責陪伴使用者日常對話、回答問題、協助使用 PAAW 的各項功能。你能清楚解釋 PAAW 的操作方式，也能幫使用者查…
  Press ↑ to edit queued messages
───────────────────────────────────────────────────────────────────────────────────────────────────────────────────────────────────────────────────────────────────────────────
*   Type your message or @path/to/file
[38;2;139;58;74m───────────────────────────────────────────────────────────────────────────────────────────────────────────────────────────────────────────────────────────────────────────────
  YOLO mode (shift + tab to cycle)

───────────────────────────────────────────────────────────────────────────────────────────────────────────────────────────────────────────────────────────────────────────────
*   Type your message or @path/to/file
───────────────────────────────────────────────────────────────────────────────────────────────────────────────────────────────────────────────────────────────────────────────
  YOLO mode (shift + tab to cycle)

  > # System Instructions
    你是 PAAW 的助理，名叫林雨晴（Rainy Lin）。你負責陪伴使用者日常對話、回答問題、協助使用 PAAW 的各項功能。你能清楚解釋 PAAW 
    的操作方式，也能幫使用者查詢資料、整理筆記、提醒事項。回答時使用繁體中文，技術術語保留英文。語氣親切自然，像一位可靠的朋友。

    ## 環境路徑
    - **Root Base**: /Users/steward/App/tAgent
      - Physical Skills: /Users/steward/App/tAgent/data/skills/physical-skill/

    ## Workspaces 目錄
    - /Users/steward/App/ai-factory-portal

    # Skill 執行規則

    ## Crew Skill 使用方式

    [38;2;203;166;247m當 Crew 被分配 Skill 時，prompt 只會提供 Skill 名稱和 SKILL.md 路徑。

    ### 執行步驟

    1. 看到 `請使用 {skill name}` + `skill path : {path}` 時
    2. 用 `file_read` 讀取該 SKILL.md 路徑
    3. 理解 Skill 定義（Purpose、Inputs、Execution Steps、Output Contract）
    4. 按照定義執行任務

    ### 注意事項

    - **不要**猜測 Skill 內容，務必先讀取
    - 讀取後按照 SKILL.md 的 Execution Steps 執行
    - 如果 SKILL.md 有 Output Contract，輸出必須符合
    - user input 會接在 prompt 最後面


    請使用 我的翻譯
    skill path : /Users/steward/App/tAgent/data/skills/physical-skill/translate/SKILL.md

    [38;2;203;166;247m## 操作員提供的規格資料

    ### 輸出路徑
    /Users/steward/App/ai-factory-portal/myenglish.md

    ### 輸入你要翻譯的內容
    快速演進

  ⠋ I'm Feeling Lucky (0s · esc to cancel)
───────────────────────────────────────────────────────────────────────────────────────────────────────────────────────────────────────────────────────────────────────────────
*   Type your message or @path/to/file
───────────────────────────────────────────────────────────────────────────────────────────────────────────────────────────────────────────────────────────────────────────────
  YOLO mode (shift + tab to cycle)

  ⠋ Poking the bear... (0s · esc to cancel)
───────────────────────────────────────────────────────────────────────────────────────────────────────────────────────────────────────────────────────────────────────────────
*   Type your message or @path/to/file
───────────────────────────────────────────────────────────────────────────────────────────────────────────────────────────────────────────────────────────────────────────────
  YOLO mode (shift + tab to cycle)

  ⠙ Poking the bear... (0s · esc to cancel)
───────────────────────────────────────────────────────────────────────────────────────────────────────────────────────────────────────────────────────────────────────────────
*   Type your message or @path/to/file
───────────────────────────────────────────────────────────────────────────────────────────────────────────────────────────────────────────────────────────────────────────────
  YOLO mode (shift + tab to cycle)

  ⠹ Poking the bear... (0s · esc to cancel)
───────────────────────────────────────────────────────────────────────────────────────────────────────────────────────────────────────────────────────────────────────────────
*   Type your message or @path/to/file
───────────────────────────────────────────────────────────────────────────────────────────────────────────────────────────────────────────────────────────────────────────────
  YOLO mode (shift + tab to cycle)

  ⠸ Poking the bear... (0s · esc to cancel)
───────────────────────────────────────────────────────────────────────────────────────────────────────────────────────────────────────────────────────────────────────────────
*   Type your message or @path/to/file
───────────────────────────────────────────────────────────────────────────────────────────────────────────────────────────────────────────────────────────────────────────────
  YOLO mode (shift + tab to cycle)

  ⠼ Poking the bear... (0s · esc to cancel)
───────────────────────────────────────────────────────────────────────────────────────────────────────────────────────────────────────────────────────────────────────────────
*   Type your message or @path/to/file
───────────────────────────────────────────────────────────────────────────────────────────────────────────────────────────────────────────────────────────────────────────────
  YOLO mode (shift + tab to cycle)

  ⠴ Poking the bear... (0s · esc to cancel)
───────────────────────────────────────────────────────────────────────────────────────────────────────────────────────────────────────────────────────────────────────────────
*   Type your message or @path/to/file
───────────────────────────────────────────────────────────────────────────────────────────────────────────────────────────────────────────────────────────────────────────────
  YOLO mode (shift + tab to cycle)

  ⠦ Poking the bear... (0s · esc to cancel)
───────────────────────────────────────────────────────────────────────────────────────────────────────────────────────────────────────────────────────────────────────────────
*   Type your message or @path/to/file
───────────────────────────────────────────────────────────────────────────────────────────────────────────────────────────────────────────────────────────────────────────────
  YOLO mode (shift + tab to cycle)

  ⠧ Poking the bear... (0s · esc to cancel)
───────────────────────────────────────────────────────────────────────────────────────────────────────────────────────────────────────────────────────────────────────────────
*   Type your message or @path/to/file
───────────────────────────────────────────────────────────────────────────────────────────────────────────────────────────────────────────────────────────────────────────────
  YOLO mode (shift + tab to cycle)

  ⠇ Poking the bear... (0s · esc to cancel)
───────────────────────────────────────────────────────────────────────────────────────────────────────────────────────────────────────────────────────────────────────────────
*   Type your message or @path/to/file
───────────────────────────────────────────────────────────────────────────────────────────────────────────────────────────────────────────────────────────────────────────────
  YOLO mode (shift + tab to cycle)

  ⠏ Poking the bear... (0s · esc to cancel)
───────────────────────────────────────────────────────────────────────────────────────────────────────────────────────────────────────────────────────────────────────────────
*   Type your message or @path/to/file
───────────────────────────────────────────────────────────────────────────────────────────────────────────────────────────────────────────────────────────────────────────────
  YOLO mode (shift + tab to cycle)

  ⠋ Poking the bear... (0s · esc to cancel)
───────────────────────────────────────────────────────────────────────────────────────────────────────────────────────────────────────────────────────────────────────────────
*   Type your message or @path/to/file
───────────────────────────────────────────────────────────────────────────────────────────────────────────────────────────────────────────────────────────────────────────────
  YOLO mode (shift + tab to cycle)

  ⠙ Poking the bear... (0s · esc to cancel)
───────────────────────────────────────────────────────────────────────────────────────────────────────────────────────────────────────────────────────────────────────────────
*   Type your message or @path/to/file
───────────────────────────────────────────────────────────────────────────────────────────────────────────────────────────────────────────────────────────────────────────────
  YOLO mode (shift + tab to cycle)

  ⠹ Poking the bear... (0s · esc to cancel)
───────────────────────────────────────────────────────────────────────────────────────────────────────────────────────────────────────────────────────────────────────────────
*   Type your message or @path/to/file
───────────────────────────────────────────────────────────────────────────────────────────────────────────────────────────────────────────────────────────────────────────────
  YOLO mode (shift + tab to cycle)

  ⠹ Poking the bear... (1s · esc to cancel)
───────────────────────────────────────────────────────────────────────────────────────────────────────────────────────────────────────────────────────────────────────────────
*   Type your message or @path/to/file
───────────────────────────────────────────────────────────────────────────────────────────────────────────────────────────────────────────────────────────────────────────────
  YOLO mode (shift + tab to cycle)

  ⠸ Poking the bear... (1s · esc to cancel)
───────────────────────────────────────────────────────────────────────────────────────────────────────────────────────────────────────────────────────────────────────────────
*   Type your message or @path/to/file
───────────────────────────────────────────────────────────────────────────────────────────────────────────────────────────────────────────────────────────────────────────────
  YOLO mode (shift + tab to cycle)

  ⠼ Poking the bear... (1s · esc to cancel)
───────────────────────────────────────────────────────────────────────────────────────────────────────────────────────────────────────────────────────────────────────────────
*   Type your message or @path/to/file
───────────────────────────────────────────────────────────────────────────────────────────────────────────────────────────────────────────────────────────────────────────────
  YOLO mode (shift + tab to cycle)

  ⠴ Poking the bear... (1s · esc to cancel)
───────────────────────────────────────────────────────────────────────────────────────────────────────────────────────────────────────────────────────────────────────────────
*   Type your message or @path/to/file
───────────────────────────────────────────────────────────────────────────────────────────────────────────────────────────────────────────────────────────────────────────────
  YOLO mode (shift + tab to cycle)

  ⠦ Poking the bear... (1s · esc to cancel)
───────────────────────────────────────────────────────────────────────────────────────────────────────────────────────────────────────────────────────────────────────────────
*   Type your message or @path/to/file
───────────────────────────────────────────────────────────────────────────────────────────────────────────────────────────────────────────────────────────────────────────────
  YOLO mode (shift + tab to cycle)

  ⠧ Poking the bear... (1s · esc to cancel)
───────────────────────────────────────────────────────────────────────────────────────────────────────────────────────────────────────────────────────────────────────────────
*   Type your message or @path/to/file
───────────────────────────────────────────────────────────────────────────────────────────────────────────────────────────────────────────────────────────────────────────────
  YOLO mode (shift + tab to cycle)

  ⠇ Poking the bear... (1s · esc to cancel)
───────────────────────────────────────────────────────────────────────────────────────────────────────────────────────────────────────────────────────────────────────────────
*   Type your message or @path/to/file
───────────────────────────────────────────────────────────────────────────────────────────────────────────────────────────────────────────────────────────────────────────────
  YOLO mode (shift + tab to cycle)

  ⠏ Poking the bear... (1s · esc to cancel)
───────────────────────────────────────────────────────────────────────────────────────────────────────────────────────────────────────────────────────────────────────────────
*   Type your message or @path/to/file
───────────────────────────────────────────────────────────────────────────────────────────────────────────────────────────────────────────────────────────────────────────────
  YOLO mode (shift + tab to cycle)

  ⠋ Poking the bear... (1s · esc to cancel)
───────────────────────────────────────────────────────────────────────────────────────────────────────────────────────────────────────────────────────────────────────────────
*   Type your message or @path/to/file
───────────────────────────────────────────────────────────────────────────────────────────────────────────────────────────────────────────────────────────────────────────────
  YOLO mode (shift + tab to cycle)

  ⠙ Poking the bear... (1s · esc to cancel)
───────────────────────────────────────────────────────────────────────────────────────────────────────────────────────────────────────────────────────────────────────────────
*   Type your message or @path/to/file
───────────────────────────────────────────────────────────────────────────────────────────────────────────────────────────────────────────────────────────────────────────────
  YOLO mode (shift + tab to cycle)

  ⠹ Poking the bear... (1s · esc to cancel)
───────────────────────────────────────────────────────────────────────────────────────────────────────────────────────────────────────────────────────────────────────────────
*   Type your message or @path/to/file
───────────────────────────────────────────────────────────────────────────────────────────────────────────────────────────────────────────────────────────────────────────────
  YOLO mode (shift + tab to cycle)

  ⠸ Poking the bear... (1s · esc to cancel)
───────────────────────────────────────────────────────────────────────────────────────────────────────────────────────────────────────────────────────────────────────────────
*   Type your message or @path/to/file
───────────────────────────────────────────────────────────────────────────────────────────────────────────────────────────────────────────────────────────────────────────────
  YOLO mode (shift + tab to cycle)

  ⠼ Poking the bear... (1s · esc to cancel)
───────────────────────────────────────────────────────────────────────────────────────────────────────────────────────────────────────────────────────────────────────────────
*   Type your message or @path/to/file
───────────────────────────────────────────────────────────────────────────────────────────────────────────────────────────────────────────────────────────────────────────────
  YOLO mode (shift + tab to cycle)

  ⠼ Poking the bear... (2s · esc to cancel)
───────────────────────────────────────────────────────────────────────────────────────────────────────────────────────────────────────────────────────────────────────────────
*   Type your message or @path/to/file
───────────────────────────────────────────────────────────────────────────────────────────────────────────────────────────────────────────────────────────────────────────────
  YOLO mode (shift + tab to cycle)

  ⠴ Poking the bear... (2s · esc to cancel)
───────────────────────────────────────────────────────────────────────────────────────────────────────────────────────────────────────────────────────────────────────────────
*   Type your message or @path/to/file
───────────────────────────────────────────────────────────────────────────────────────────────────────────────────────────────────────────────────────────────────────────────
  YOLO mode (shift + tab to cycle)

  ⠦ Poking the bear... (2s · esc to cancel)
───────────────────────────────────────────────────────────────────────────────────────────────────────────────────────────────────────────────────────────────────────────────
*   Type your message or @path/to/file
───────────────────────────────────────────────────────────────────────────────────────────────────────────────────────────────────────────────────────────────────────────────
  YOLO mode (shift + tab to cycle)

  ⠧ Poking the bear... (2s · esc to cancel)
───────────────────────────────────────────────────────────────────────────────────────────────────────────────────────────────────────────────────────────────────────────────
*   Type your message or @path/to/file
───────────────────────────────────────────────────────────────────────────────────────────────────────────────────────────────────────────────────────────────────────────────
  YOLO mode (shift + tab to cycle)

  ⠇ Poking the bear... (2s · esc to cancel)
───────────────────────────────────────────────────────────────────────────────────────────────────────────────────────────────────────────────────────────────────────────────
*   Type your message or @path/to/file
───────────────────────────────────────────────────────────────────────────────────────────────────────────────────────────────────────────────────────────────────────────────
  YOLO mode (shift + tab to cycle)

  ⠏ Poking the bear... (2s · esc to cancel)
───────────────────────────────────────────────────────────────────────────────────────────────────────────────────────────────────────────────────────────────────────────────
*   Type your message or @path/to/file
───────────────────────────────────────────────────────────────────────────────────────────────────────────────────────────────────────────────────────────────────────────────
  YOLO mode (shift + tab to cycle)

  ⠋ Poking the bear... (2s · esc to cancel)
───────────────────────────────────────────────────────────────────────────────────────────────────────────────────────────────────────────────────────────────────────────────
*   Type your message or @path/to/file
───────────────────────────────────────────────────────────────────────────────────────────────────────────────────────────────────────────────────────────────────────────────
  YOLO mode (shift + tab to cycle)

  ⠙ Poking the bear... (2s · esc to cancel)
───────────────────────────────────────────────────────────────────────────────────────────────────────────────────────────────────────────────────────────────────────────────
*   Type your message or @path/to/file
───────────────────────────────────────────────────────────────────────────────────────────────────────────────────────────────────────────────────────────────────────────────
  YOLO mode (shift + tab to cycle)

  ⠹ Poking the bear... (2s · esc to cancel)
───────────────────────────────────────────────────────────────────────────────────────────────────────────────────────────────────────────────────────────────────────────────
*   Type your message or @path/to/file
───────────────────────────────────────────────────────────────────────────────────────────────────────────────────────────────────────────────────────────────────────────────
  YOLO mode (shift + tab to cycle)

  ⠸ Poking the bear... (2s · esc to cancel)
───────────────────────────────────────────────────────────────────────────────────────────────────────────────────────────────────────────────────────────────────────────────
*   Type your message or @path/to/file
───────────────────────────────────────────────────────────────────────────────────────────────────────────────────────────────────────────────────────────────────────────────
  YOLO mode (shift + tab to cycle)

  ⠼ Poking the bear... (2s · esc to cancel)
───────────────────────────────────────────────────────────────────────────────────────────────────────────────────────────────────────────────────────────────────────────────
*   Type your message or @path/to/file
───────────────────────────────────────────────────────────────────────────────────────────────────────────────────────────────────────────────────────────────────────────────
  YOLO mode (shift + tab to cycle)

  ⠴ Poking the bear... (2s · esc to cancel)
───────────────────────────────────────────────────────────────────────────────────────────────────────────────────────────────────────────────────────────────────────────────
*   Type your message or @path/to/file
───────────────────────────────────────────────────────────────────────────────────────────────────────────────────────────────────────────────────────────────────────────────
  YOLO mode (shift + tab to cycle)

  ⠦ Poking the bear... (2s · esc to cancel)
───────────────────────────────────────────────────────────────────────────────────────────────────────────────────────────────────────────────────────────────────────────────
*   Type your message or @path/to/file
───────────────────────────────────────────────────────────────────────────────────────────────────────────────────────────────────────────────────────────────────────────────
  YOLO mode (shift + tab to cycle)

  ⠧ Poking the bear... (2s · esc to cancel)
───────────────────────────────────────────────────────────────────────────────────────────────────────────────────────────────────────────────────────────────────────────────
*   Type your message or @path/to/file
───────────────────────────────────────────────────────────────────────────────────────────────────────────────────────────────────────────────────────────────────────────────
  YOLO mode (shift + tab to cycle)

  ⠧ Poking the bear... (3s · esc to cancel)
───────────────────────────────────────────────────────────────────────────────────────────────────────────────────────────────────────────────────────────────────────────────
*   Type your message or @path/to/file
───────────────────────────────────────────────────────────────────────────────────────────────────────────────────────────────────────────────────────────────────────────────
  YOLO mode (shift + tab to cycle)

  ⠇ Poking the bear... (3s · esc to cancel)
───────────────────────────────────────────────────────────────────────────────────────────────────────────────────────────────────────────────────────────────────────────────
*   Type your message or @path/to/file
───────────────────────────────────────────────────────────────────────────────────────────────────────────────────────────────────────────────────────────────────────────────
  YOLO mode (shift + tab to cycle)

  ⠏ Poking the bear... (3s · esc to cancel)
───────────────────────────────────────────────────────────────────────────────────────────────────────────────────────────────────────────────────────────────────────────────
*   Type your message or @path/to/file
───────────────────────────────────────────────────────────────────────────────────────────────────────────────────────────────────────────────────────────────────────────────
  YOLO mode (shift + tab to cycle)

  ⠋ Poking the bear... (3s · esc to cancel)
───────────────────────────────────────────────────────────────────────────────────────────────────────────────────────────────────────────────────────────────────────────────
*   Type your message or @path/to/file
───────────────────────────────────────────────────────────────────────────────────────────────────────────────────────────────────────────────────────────────────────────────
  YOLO mode (shift + tab to cycle)

  ⠙ Poking the bear... (3s · esc to cancel)
───────────────────────────────────────────────────────────────────────────────────────────────────────────────────────────────────────────────────────────────────────────────
*   Type your message or @path/to/file
───────────────────────────────────────────────────────────────────────────────────────────────────────────────────────────────────────────────────────────────────────────────
  YOLO mode (shift + tab to cycle)

  ⠹ Poking the bear... (3s · esc to cancel)
───────────────────────────────────────────────────────────────────────────────────────────────────────────────────────────────────────────────────────────────────────────────
*   Type your message or @path/to/file
───────────────────────────────────────────────────────────────────────────────────────────────────────────────────────────────────────────────────────────────────────────────
  YOLO mode (shift + tab to cycle)

  ⠸ Poking the bear... (3s · esc to cancel)
───────────────────────────────────────────────────────────────────────────────────────────────────────────────────────────────────────────────────────────────────────────────
*   Type your message or @path/to/file
───────────────────────────────────────────────────────────────────────────────────────────────────────────────────────────────────────────────────────────────────────────────
  YOLO mode (shift + tab to cycle)

  ⠼ Poking the bear... (3s · esc to cancel)
───────────────────────────────────────────────────────────────────────────────────────────────────────────────────────────────────────────────────────────────────────────────
*   Type your message or @path/to/file
───────────────────────────────────────────────────────────────────────────────────────────────────────────────────────────────────────────────────────────────────────────────
  YOLO mode (shift + tab to cycle)

  ⠴ Poking the bear... (3s · esc to cancel)
───────────────────────────────────────────────────────────────────────────────────────────────────────────────────────────────────────────────────────────────────────────────
*   Type your message or @path/to/file
───────────────────────────────────────────────────────────────────────────────────────────────────────────────────────────────────────────────────────────────────────────────
  YOLO mode (shift + tab to cycle)

  ⠦ Poking the bear... (3s · esc to cancel)
───────────────────────────────────────────────────────────────────────────────────────────────────────────────────────────────────────────────────────────────────────────────
*   Type your message or @path/to/file
───────────────────────────────────────────────────────────────────────────────────────────────────────────────────────────────────────────────────────────────────────────────
  YOLO mode (shift + tab to cycle)

  ⠧ Poking the bear... (3s · esc to cancel)
───────────────────────────────────────────────────────────────────────────────────────────────────────────────────────────────────────────────────────────────────────────────
*   Type your message or @path/to/file
───────────────────────────────────────────────────────────────────────────────────────────────────────────────────────────────────────────────────────────────────────────────
  YOLO mode (shift + tab to cycle)

  ⠇ Poking the bear... (3s · esc to cancel)
───────────────────────────────────────────────────────────────────────────────────────────────────────────────────────────────────────────────────────────────────────────────
*   Type your message or @path/to/file
───────────────────────────────────────────────────────────────────────────────────────────────────────────────────────────────────────────────────────────────────────────────
  YOLO mode (shift + tab to cycle)

  ⠏ Poking the bear... (3s · esc to cancel)
───────────────────────────────────────────────────────────────────────────────────────────────────────────────────────────────────────────────────────────────────────────────
*   Type your message or @path/to/file
───────────────────────────────────────────────────────────────────────────────────────────────────────────────────────────────────────────────────────────────────────────────
  YOLO mode (shift + tab to cycle)

  ⠏ Poking the bear... (4s · esc to cancel)
───────────────────────────────────────────────────────────────────────────────────────────────────────────────────────────────────────────────────────────────────────────────
*   Type your message or @path/to/file
───────────────────────────────────────────────────────────────────────────────────────────────────────────────────────────────────────────────────────────────────────────────
  YOLO mode (shift + tab to cycle)

  ⠋ Poking the bear... (4s · esc to cancel)
───────────────────────────────────────────────────────────────────────────────────────────────────────────────────────────────────────────────────────────────────────────────
*   Type your message or @path/to/file
───────────────────────────────────────────────────────────────────────────────────────────────────────────────────────────────────────────────────────────────────────────────
  YOLO mode (shift + tab to cycle)

  ⠙ Poking the bear... (4s · esc to cancel)
───────────────────────────────────────────────────────────────────────────────────────────────────────────────────────────────────────────────────────────────────────────────
*   Type your message or @path/to/file
───────────────────────────────────────────────────────────────────────────────────────────────────────────────────────────────────────────────────────────────────────────────
  YOLO mode (shift + tab to cycle)

  ⠹ Poking the bear... (4s · esc to cancel)
───────────────────────────────────────────────────────────────────────────────────────────────────────────────────────────────────────────────────────────────────────────────
*   Type your message or @path/to/file
───────────────────────────────────────────────────────────────────────────────────────────────────────────────────────────────────────────────────────────────────────────────
  YOLO mode (shift + tab to cycle)

  ⠸ Poking the bear... (4s · esc to cancel)
───────────────────────────────────────────────────────────────────────────────────────────────────────────────────────────────────────────────────────────────────────────────
*   Type your message or @path/to/file
───────────────────────────────────────────────────────────────────────────────────────────────────────────────────────────────────────────────────────────────────────────────
  YOLO mode (shift + tab to cycle)

  ⠼ Poking the bear... (4s · esc to cancel)
───────────────────────────────────────────────────────────────────────────────────────────────────────────────────────────────────────────────────────────────────────────────
*   Type your message or @path/to/file
───────────────────────────────────────────────────────────────────────────────────────────────────────────────────────────────────────────────────────────────────────────────
  YOLO mode (shift + tab to cycle)

  ⠴ Poking the bear... (4s · esc to cancel)
───────────────────────────────────────────────────────────────────────────────────────────────────────────────────────────────────────────────────────────────────────────────
*   Type your message or @path/to/file
───────────────────────────────────────────────────────────────────────────────────────────────────────────────────────────────────────────────────────────────────────────────
  YOLO mode (shift + tab to cycle)

  ⠦ Poking the bear... (4s · esc to cancel)
───────────────────────────────────────────────────────────────────────────────────────────────────────────────────────────────────────────────────────────────────────────────
*   Type your message or @path/to/file
───────────────────────────────────────────────────────────────────────────────────────────────────────────────────────────────────────────────────────────────────────────────
  YOLO mode (shift + tab to cycle)

  ⠧ Poking the bear... (4s · esc to cancel)
───────────────────────────────────────────────────────────────────────────────────────────────────────────────────────────────────────────────────────────────────────────────
*   Type your message or @path/to/file
───────────────────────────────────────────────────────────────────────────────────────────────────────────────────────────────────────────────────────────────────────────────
  YOLO mode (shift + tab to cycle)

  ⠇ Poking the bear... (4s · esc to cancel)
───────────────────────────────────────────────────────────────────────────────────────────────────────────────────────────────────────────────────────────────────────────────
*   Type your message or @path/to/file
───────────────────────────────────────────────────────────────────────────────────────────────────────────────────────────────────────────────────────────────────────────────
  YOLO mode (shift + tab to cycle)

  ⠏ Poking the bear... (4s · esc to cancel)
───────────────────────────────────────────────────────────────────────────────────────────────────────────────────────────────────────────────────────────────────────────────
*   Type your message or @path/to/file
───────────────────────────────────────────────────────────────────────────────────────────────────────────────────────────────────────────────────────────────────────────────
  YOLO mode (shift + tab to cycle)

  ⠋ Poking the bear... (4s · esc to cancel)
───────────────────────────────────────────────────────────────────────────────────────────────────────────────────────────────────────────────────────────────────────────────
*   Type your message or @path/to/file
───────────────────────────────────────────────────────────────────────────────────────────────────────────────────────────────────────────────────────────────────────────────
  YOLO mode (shift + tab to cycle)

  ⠙ Poking the bear... (4s · esc to cancel)
───────────────────────────────────────────────────────────────────────────────────────────────────────────────────────────────────────────────────────────────────────────────
*   Type your message or @path/to/file
───────────────────────────────────────────────────────────────────────────────────────────────────────────────────────────────────────────────────────────────────────────────
  YOLO mode (shift + tab to cycle)

  ⠙ Poking the bear... (5s · esc to cancel)
───────────────────────────────────────────────────────────────────────────────────────────────────────────────────────────────────────────────────────────────────────────────
*   Type your message or @path/to/file
───────────────────────────────────────────────────────────────────────────────────────────────────────────────────────────────────────────────────────────────────────────────
  YOLO mode (shift + tab to cycle)

  ⠹ Poking the bear... (5s · esc to cancel)
───────────────────────────────────────────────────────────────────────────────────────────────────────────────────────────────────────────────────────────────────────────────
*   Type your message or @path/to/file
───────────────────────────────────────────────────────────────────────────────────────────────────────────────────────────────────────────────────────────────────────────────
  YOLO mode (shift + tab to cycle)

  ⠸ Poking the bear... (5s · esc to cancel)
───────────────────────────────────────────────────────────────────────────────────────────────────────────────────────────────────────────────────────────────────────────────
*   Type your message or @path/to/file
───────────────────────────────────────────────────────────────────────────────────────────────────────────────────────────────────────────────────────────────────────────────
  YOLO mode (shift + tab to cycle)

  ⠼ Poking the bear... (5s · esc to cancel)
───────────────────────────────────────────────────────────────────────────────────────────────────────────────────────────────────────────────────────────────────────────────
*   Type your message or @path/to/file
───────────────────────────────────────────────────────────────────────────────────────────────────────────────────────────────────────────────────────────────────────────────
  YOLO mode (shift + tab to cycle)

  ⠴ Poking the bear... (5s · esc to cancel)
───────────────────────────────────────────────────────────────────────────────────────────────────────────────────────────────────────────────────────────────────────────────
*   Type your message or @path/to/file
───────────────────────────────────────────────────────────────────────────────────────────────────────────────────────────────────────────────────────────────────────────────
  YOLO mode (shift + tab to cycle)

  ⠦ Poking the bear... (5s · esc to cancel)
───────────────────────────────────────────────────────────────────────────────────────────────────────────────────────────────────────────────────────────────────────────────
*   Type your message or @path/to/file
───────────────────────────────────────────────────────────────────────────────────────────────────────────────────────────────────────────────────────────────────────────────
  YOLO mode (shift + tab to cycle)

  ⠧ Poking the bear... (5s · esc to cancel)
───────────────────────────────────────────────────────────────────────────────────────────────────────────────────────────────────────────────────────────────────────────────
*   Type your message or @path/to/file
───────────────────────────────────────────────────────────────────────────────────────────────────────────────────────────────────────────────────────────────────────────────
  YOLO mode (shift + tab to cycle)

  ⠇ Poking the bear... (5s · esc to cancel)
───────────────────────────────────────────────────────────────────────────────────────────────────────────────────────────────────────────────────────────────────────────────
*   Type your message or @path/to/file
───────────────────────────────────────────────────────────────────────────────────────────────────────────────────────────────────────────────────────────────────────────────
  YOLO mode (shift + tab to cycle)

  ⠏ Poking the bear... (5s · esc to cancel)
───────────────────────────────────────────────────────────────────────────────────────────────────────────────────────────────────────────────────────────────────────────────
*   Type your message or @path/to/file
───────────────────────────────────────────────────────────────────────────────────────────────────────────────────────────────────────────────────────────────────────────────
  YOLO mode (shift + tab to cycle)

  ⠋ Poking the bear... (5s · esc to cancel)
───────────────────────────────────────────────────────────────────────────────────────────────────────────────────────────────────────────────────────────────────────────────
*   Type your message or @path/to/file
───────────────────────────────────────────────────────────────────────────────────────────────────────────────────────────────────────────────────────────────────────────────
  YOLO mode (shift + tab to cycle)

  ⠙ Poking the bear... (5s · esc to cancel)
───────────────────────────────────────────────────────────────────────────────────────────────────────────────────────────────────────────────────────────────────────────────
*   Type your message or @path/to/file
───────────────────────────────────────────────────────────────────────────────────────────────────────────────────────────────────────────────────────────────────────────────
  YOLO mode (shift + tab to cycle)

  ⠹ Poking the bear... (5s · esc to cancel)
───────────────────────────────────────────────────────────────────────────────────────────────────────────────────────────────────────────────────────────────────────────────
*   Type your message or @path/to/file
───────────────────────────────────────────────────────────────────────────────────────────────────────────────────────────────────────────────────────────────────────────────
  YOLO mode (shift + tab to cycle)

  ⠸ Poking the bear... (5s · esc to cancel)
───────────────────────────────────────────────────────────────────────────────────────────────────────────────────────────────────────────────────────────────────────────────
*   Type your message or @path/to/file
───────────────────────────────────────────────────────────────────────────────────────────────────────────────────────────────────────────────────────────────────────────────
  YOLO mode (shift + tab to cycle)

  ⠼ Poking the bear... (5s · esc to cancel)
───────────────────────────────────────────────────────────────────────────────────────────────────────────────────────────────────────────────────────────────────────────────
*   Type your message or @path/to/file
───────────────────────────────────────────────────────────────────────────────────────────────────────────────────────────────────────────────────────────────────────────────
  YOLO mode (shift + tab to cycle)

  ⠼ Poking the bear... (6s · esc to cancel)
───────────────────────────────────────────────────────────────────────────────────────────────────────────────────────────────────────────────────────────────────────────────
*   Type your message or @path/to/file
───────────────────────────────────────────────────────────────────────────────────────────────────────────────────────────────────────────────────────────────────────────────
  YOLO mode (shift + tab to cycle)

  ⠴ Poking the bear... (6s · esc to cancel)
───────────────────────────────────────────────────────────────────────────────────────────────────────────────────────────────────────────────────────────────────────────────
*   Type your message or @path/to/file
───────────────────────────────────────────────────────────────────────────────────────────────────────────────────────────────────────────────────────────────────────────────
  YOLO mode (shift + tab to cycle)

  ⠦ Poking the bear... (6s · esc to cancel)
───────────────────────────────────────────────────────────────────────────────────────────────────────────────────────────────────────────────────────────────────────────────
*   Type your message or @path/to/file
───────────────────────────────────────────────────────────────────────────────────────────────────────────────────────────────────────────────────────────────────────────────
  YOLO mode (shift + tab to cycle)

  ⠧ Poking the bear... (6s · esc to cancel)
───────────────────────────────────────────────────────────────────────────────────────────────────────────────────────────────────────────────────────────────────────────────
*   Type your message or @path/to/file
───────────────────────────────────────────────────────────────────────────────────────────────────────────────────────────────────────────────────────────────────────────────
  YOLO mode (shift + tab to cycle)

  ⠇ Poking the bear... (6s · esc to cancel)
───────────────────────────────────────────────────────────────────────────────────────────────────────────────────────────────────────────────────────────────────────────────
*   Type your message or @path/to/file
───────────────────────────────────────────────────────────────────────────────────────────────────────────────────────────────────────────────────────────────────────────────
  YOLO mode (shift + tab to cycle)

  ⠏ Poking the bear... (6s · esc to cancel)
───────────────────────────────────────────────────────────────────────────────────────────────────────────────────────────────────────────────────────────────────────────────
*   Type your message or @path/to/file
───────────────────────────────────────────────────────────────────────────────────────────────────────────────────────────────────────────────────────────────────────────────
  YOLO mode (shift + tab to cycle)

  ⠋ Poking the bear... (6s · esc to cancel)
───────────────────────────────────────────────────────────────────────────────────────────────────────────────────────────────────────────────────────────────────────────────
*   Type your message or @path/to/file
───────────────────────────────────────────────────────────────────────────────────────────────────────────────────────────────────────────────────────────────────────────────
  YOLO mode (shift + tab to cycle)

  ⠙ Poking the bear... (6s · esc to cancel)
───────────────────────────────────────────────────────────────────────────────────────────────────────────────────────────────────────────────────────────────────────────────
*   Type your message or @path/to/file
───────────────────────────────────────────────────────────────────────────────────────────────────────────────────────────────────────────────────────────────────────────────
  YOLO mode (shift + tab to cycle)

  ⠹ Poking the bear... (6s · esc to cancel)
───────────────────────────────────────────────────────────────────────────────────────────────────────────────────────────────────────────────────────────────────────────────
*   Type your message or @path/to/file
───────────────────────────────────────────────────────────────────────────────────────────────────────────────────────────────────────────────────────────────────────────────
  YOLO mode (shift + tab to cycle)

  ⠸ Poking the bear... (6s · esc to cancel)
───────────────────────────────────────────────────────────────────────────────────────────────────────────────────────────────────────────────────────────────────────────────
*   Type your message or @path/to/file
───────────────────────────────────────────────────────────────────────────────────────────────────────────────────────────────────────────────────────────────────────────────
  YOLO mode (shift + tab to cycle)

  ⠼ Poking the bear... (6s · esc to cancel)
───────────────────────────────────────────────────────────────────────────────────────────────────────────────────────────────────────────────────────────────────────────────
*   Type your message or @path/to/file
───────────────────────────────────────────────────────────────────────────────────────────────────────────────────────────────────────────────────────────────────────────────
  YOLO mode (shift + tab to cycle)

  ⠴ Poking the bear... (6s · esc to cancel)
───────────────────────────────────────────────────────────────────────────────────────────────────────────────────────────────────────────────────────────────────────────────
*   Type your message or @path/to/file
───────────────────────────────────────────────────────────────────────────────────────────────────────────────────────────────────────────────────────────────────────────────
  YOLO mode (shift + tab to cycle)

  ⠦ Poking the bear... (6s · esc to cancel)
───────────────────────────────────────────────────────────────────────────────────────────────────────────────────────────────────────────────────────────────────────────────
*   Type your message or @path/to/file
───────────────────────────────────────────────────────────────────────────────────────────────────────────────────────────────────────────────────────────────────────────────
  YOLO mode (shift + tab to cycle)

  ⠦ Poking the bear... (7s · esc to cancel)
───────────────────────────────────────────────────────────────────────────────────────────────────────────────────────────────────────────────────────────────────────────────
*   Type your message or @path/to/file
───────────────────────────────────────────────────────────────────────────────────────────────────────────────────────────────────────────────────────────────────────────────
  YOLO mode (shift + tab to cycle)

  ⠧ Poking the bear... (7s · esc to cancel)
───────────────────────────────────────────────────────────────────────────────────────────────────────────────────────────────────────────────────────────────────────────────
*   Type your message or @path/to/file
───────────────────────────────────────────────────────────────────────────────────────────────────────────────────────────────────────────────────────────────────────────────
  YOLO mode (shift + tab to cycle)

  ⠇ Poking the bear... (7s · esc to cancel)
───────────────────────────────────────────────────────────────────────────────────────────────────────────────────────────────────────────────────────────────────────────────
*   Type your message or @path/to/file
───────────────────────────────────────────────────────────────────────────────────────────────────────────────────────────────────────────────────────────────────────────────
  YOLO mode (shift + tab to cycle)

  ⠏ Poking the bear... (7s · esc to cancel)
───────────────────────────────────────────────────────────────────────────────────────────────────────────────────────────────────────────────────────────────────────────────
*   Type your message or @path/to/file
───────────────────────────────────────────────────────────────────────────────────────────────────────────────────────────────────────────────────────────────────────────────
  YOLO mode (shift + tab to cycle)

  ⠋ Poking the bear... (7s · esc to cancel)
───────────────────────────────────────────────────────────────────────────────────────────────────────────────────────────────────────────────────────────────────────────────
*   Type your message or @path/to/file
───────────────────────────────────────────────────────────────────────────────────────────────────────────────────────────────────────────────────────────────────────────────
  YOLO mode (shift + tab to cycle)

  ⠙ Poking the bear... (7s · esc to cancel)
───────────────────────────────────────────────────────────────────────────────────────────────────────────────────────────────────────────────────────────────────────────────
*   Type your message or @path/to/file
───────────────────────────────────────────────────────────────────────────────────────────────────────────────────────────────────────────────────────────────────────────────
  YOLO mode (shift + tab to cycle)

  ⠹ Poking the bear... (7s · esc to cancel)
───────────────────────────────────────────────────────────────────────────────────────────────────────────────────────────────────────────────────────────────────────────────
*   Type your message or @path/to/file
───────────────────────────────────────────────────────────────────────────────────────────────────────────────────────────────────────────────────────────────────────────────
  YOLO mode (shift + tab to cycle)

  ⠸ Poking the bear... (7s · esc to cancel)
───────────────────────────────────────────────────────────────────────────────────────────────────────────────────────────────────────────────────────────────────────────────
*   Type your message or @path/to/file
───────────────────────────────────────────────────────────────────────────────────────────────────────────────────────────────────────────────────────────────────────────────
  YOLO mode (shift + tab to cycle)

  ⠼ Poking the bear... (7s · esc to cancel)
───────────────────────────────────────────────────────────────────────────────────────────────────────────────────────────────────────────────────────────────────────────────
*   Type your message or @path/to/file
───────────────────────────────────────────────────────────────────────────────────────────────────────────────────────────────────────────────────────────────────────────────
  YOLO mode (shift + tab to cycle)

  ⠴ Poking the bear... (7s · esc to cancel)
───────────────────────────────────────────────────────────────────────────────────────────────────────────────────────────────────────────────────────────────────────────────
*   Type your message or @path/to/file
───────────────────────────────────────────────────────────────────────────────────────────────────────────────────────────────────────────────────────────────────────────────
  YOLO mode (shift + tab to cycle)

  ⠦ Poking the bear... (7s · esc to cancel)
───────────────────────────────────────────────────────────────────────────────────────────────────────────────────────────────────────────────────────────────────────────────
*   Type your message or @path/to/file
───────────────────────────────────────────────────────────────────────────────────────────────────────────────────────────────────────────────────────────────────────────────
  YOLO mode (shift + tab to cycle)

  ⠧ Poking the bear... (7s · esc to cancel)
───────────────────────────────────────────────────────────────────────────────────────────────────────────────────────────────────────────────────────────────────────────────
*   Type your message or @path/to/file
───────────────────────────────────────────────────────────────────────────────────────────────────────────────────────────────────────────────────────────────────────────────
  YOLO mode (shift + tab to cycle)

  ⠇ Poking the bear... (7s · esc to cancel)
───────────────────────────────────────────────────────────────────────────────────────────────────────────────────────────────────────────────────────────────────────────────
*   Type your message or @path/to/file
───────────────────────────────────────────────────────────────────────────────────────────────────────────────────────────────────────────────────────────────────────────────
  YOLO mode (shift + tab to cycle)

  ⠇ Poking the bear... (8s · esc to cancel)
───────────────────────────────────────────────────────────────────────────────────────────────────────────────────────────────────────────────────────────────────────────────
*   Type your message or @path/to/file
───────────────────────────────────────────────────────────────────────────────────────────────────────────────────────────────────────────────────────────────────────────────
  YOLO mode (shift + tab to cycle)

  ⠏ Poking the bear... (8s · esc to cancel)
───────────────────────────────────────────────────────────────────────────────────────────────────────────────────────────────────────────────────────────────────────────────
*   Type your message or @path/to/file
───────────────────────────────────────────────────────────────────────────────────────────────────────────────────────────────────────────────────────────────────────────────
  YOLO mode (shift + tab to cycle)

  ⠋ Poking the bear... (8s · esc to cancel)
───────────────────────────────────────────────────────────────────────────────────────────────────────────────────────────────────────────────────────────────────────────────
*   Type your message or @path/to/file
───────────────────────────────────────────────────────────────────────────────────────────────────────────────────────────────────────────────────────────────────────────────
  YOLO mode (shift + tab to cycle)

  ⠙ Poking the bear... (8s · esc to cancel)
───────────────────────────────────────────────────────────────────────────────────────────────────────────────────────────────────────────────────────────────────────────────
*   Type your message or @path/to/file
───────────────────────────────────────────────────────────────────────────────────────────────────────────────────────────────────────────────────────────────────────────────
  YOLO mode (shift + tab to cycle)

  ⠹ Poking the bear... (8s · esc to cancel)
───────────────────────────────────────────────────────────────────────────────────────────────────────────────────────────────────────────────────────────────────────────────
*   Type your message or @path/to/file
───────────────────────────────────────────────────────────────────────────────────────────────────────────────────────────────────────────────────────────────────────────────
  YOLO mode (shift + tab to cycle)

  ⠸ Poking the bear... (8s · esc to cancel)
───────────────────────────────────────────────────────────────────────────────────────────────────────────────────────────────────────────────────────────────────────────────
*   Type your message or @path/to/file
───────────────────────────────────────────────────────────────────────────────────────────────────────────────────────────────────────────────────────────────────────────────
  YOLO mode (shift + tab to cycle)

  ⠼ Poking the bear... (8s · esc to cancel)
───────────────────────────────────────────────────────────────────────────────────────────────────────────────────────────────────────────────────────────────────────────────
*   Type your message or @path/to/file
───────────────────────────────────────────────────────────────────────────────────────────────────────────────────────────────────────────────────────────────────────────────
  YOLO mode (shift + tab to cycle)

  ⠴ Poking the bear... (8s · esc to cancel)
───────────────────────────────────────────────────────────────────────────────────────────────────────────────────────────────────────────────────────────────────────────────
*   Type your message or @path/to/file
───────────────────────────────────────────────────────────────────────────────────────────────────────────────────────────────────────────────────────────────────────────────
  YOLO mode (shift + tab to cycle)

  ⠦ Poking the bear... (8s · esc to cancel)
───────────────────────────────────────────────────────────────────────────────────────────────────────────────────────────────────────────────────────────────────────────────
*   Type your message or @path/to/file
───────────────────────────────────────────────────────────────────────────────────────────────────────────────────────────────────────────────────────────────────────────────
  YOLO mode (shift + tab to cycle)

  ⠧ Poking the bear... (8s · esc to cancel)
───────────────────────────────────────────────────────────────────────────────────────────────────────────────────────────────────────────────────────────────────────────────
*   Type your message or @path/to/file
───────────────────────────────────────────────────────────────────────────────────────────────────────────────────────────────────────────────────────────────────────────────
  YOLO mode (shift + tab to cycle)

  ⠇ Poking the bear... (8s · esc to cancel)
───────────────────────────────────────────────────────────────────────────────────────────────────────────────────────────────────────────────────────────────────────────────
*   Type your message or @path/to/file
───────────────────────────────────────────────────────────────────────────────────────────────────────────────────────────────────────────────────────────────────────────────
  YOLO mode (shift + tab to cycle)

  ⠏ Poking the bear... (8s · esc to cancel)
───────────────────────────────────────────────────────────────────────────────────────────────────────────────────────────────────────────────────────────────────────────────
*   Type your message or @path/to/file
───────────────────────────────────────────────────────────────────────────────────────────────────────────────────────────────────────────────────────────────────────────────
  YOLO mode (shift + tab to cycle)

  ⠋ Poking the bear... (8s · esc to cancel)
───────────────────────────────────────────────────────────────────────────────────────────────────────────────────────────────────────────────────────────────────────────────
*   Type your message or @path/to/file
───────────────────────────────────────────────────────────────────────────────────────────────────────────────────────────────────────────────────────────────────────────────
  YOLO mode (shift + tab to cycle)

  ⠙ Poking the bear... (8s · esc to cancel)
───────────────────────────────────────────────────────────────────────────────────────────────────────────────────────────────────────────────────────────────────────────────
*   Type your message or @path/to/file
───────────────────────────────────────────────────────────────────────────────────────────────────────────────────────────────────────────────────────────────────────────────
  YOLO mode (shift + tab to cycle)

  ⠙ Poking the bear... (9s · esc to cancel)
───────────────────────────────────────────────────────────────────────────────────────────────────────────────────────────────────────────────────────────────────────────────
*   Type your message or @path/to/file
───────────────────────────────────────────────────────────────────────────────────────────────────────────────────────────────────────────────────────────────────────────────
  YOLO mode (shift + tab to cycle)

  ⠹ Poking the bear... (9s · esc to cancel)
───────────────────────────────────────────────────────────────────────────────────────────────────────────────────────────────────────────────────────────────────────────────
*   Type your message or @path/to/file
───────────────────────────────────────────────────────────────────────────────────────────────────────────────────────────────────────────────────────────────────────────────
  YOLO mode (shift + tab to cycle)

  ⠸ Poking the bear... (9s · esc to cancel)
───────────────────────────────────────────────────────────────────────────────────────────────────────────────────────────────────────────────────────────────────────────────
*   Type your message or @path/to/file
───────────────────────────────────────────────────────────────────────────────────────────────────────────────────────────────────────────────────────────────────────────────
  YOLO mode (shift + tab to cycle)

  ⠼ Poking the bear... (9s · esc to cancel)
───────────────────────────────────────────────────────────────────────────────────────────────────────────────────────────────────────────────────────────────────────────────
*   Type your message or @path/to/file
───────────────────────────────────────────────────────────────────────────────────────────────────────────────────────────────────────────────────────────────────────────────
  YOLO mode (shift + tab to cycle)

  ⠴ Poking the bear... (9s · esc to cancel)
───────────────────────────────────────────────────────────────────────────────────────────────────────────────────────────────────────────────────────────────────────────────
*   Type your message or @path/to/file
───────────────────────────────────────────────────────────────────────────────────────────────────────────────────────────────────────────────────────────────────────────────
  YOLO mode (shift + tab to cycle)

  ⠦ Poking the bear... (9s · esc to cancel)
───────────────────────────────────────────────────────────────────────────────────────────────────────────────────────────────────────────────────────────────────────────────
*   Type your message or @path/to/file
───────────────────────────────────────────────────────────────────────────────────────────────────────────────────────────────────────────────────────────────────────────────
  YOLO mode (shift + tab to cycle)

  ⠧ Poking the bear... (9s · esc to cancel)
───────────────────────────────────────────────────────────────────────────────────────────────────────────────────────────────────────────────────────────────────────────────
*   Type your message or @path/to/file
───────────────────────────────────────────────────────────────────────────────────────────────────────────────────────────────────────────────────────────────────────────────
  YOLO mode (shift + tab to cycle)

  ⠇ Poking the bear... (9s · esc to cancel)
───────────────────────────────────────────────────────────────────────────────────────────────────────────────────────────────────────────────────────────────────────────────
*   Type your message or @path/to/file
───────────────────────────────────────────────────────────────────────────────────────────────────────────────────────────────────────────────────────────────────────────────
  YOLO mode (shift + tab to cycle)

  ⠏ Poking the bear... (9s · esc to cancel)
───────────────────────────────────────────────────────────────────────────────────────────────────────────────────────────────────────────────────────────────────────────────
*   Type your message or @path/to/file
───────────────────────────────────────────────────────────────────────────────────────────────────────────────────────────────────────────────────────────────────────────────
  YOLO mode (shift + tab to cycle)

  ⠋ Poking the bear... (9s · esc to cancel)
───────────────────────────────────────────────────────────────────────────────────────────────────────────────────────────────────────────────────────────────────────────────
*   Type your message or @path/to/file
───────────────────────────────────────────────────────────────────────────────────────────────────────────────────────────────────────────────────────────────────────────────
  YOLO mode (shift + tab to cycle)

  ⠙ Poking the bear... (9s · esc to cancel)
───────────────────────────────────────────────────────────────────────────────────────────────────────────────────────────────────────────────────────────────────────────────
*   Type your message or @path/to/file
───────────────────────────────────────────────────────────────────────────────────────────────────────────────────────────────────────────────────────────────────────────────
  YOLO mode (shift + tab to cycle)

  ⠹ Poking the bear... (9s · esc to cancel)
───────────────────────────────────────────────────────────────────────────────────────────────────────────────────────────────────────────────────────────────────────────────
*   Type your message or @path/to/file
───────────────────────────────────────────────────────────────────────────────────────────────────────────────────────────────────────────────────────────────────────────────
  YOLO mode (shift + tab to cycle)

  ⠸ Poking the bear... (9s · esc to cancel)
───────────────────────────────────────────────────────────────────────────────────────────────────────────────────────────────────────────────────────────────────────────────
*   Type your message or @path/to/file
───────────────────────────────────────────────────────────────────────────────────────────────────────────────────────────────────────────────────────────────────────────────
  YOLO mode (shift + tab to cycle)

  ⠸ Poking the bear... (10s · esc to cancel)
───────────────────────────────────────────────────────────────────────────────────────────────────────────────────────────────────────────────────────────────────────────────
*   Type your message or @path/to/file
───────────────────────────────────────────────────────────────────────────────────────────────────────────────────────────────────────────────────────────────────────────────
  YOLO mode (shift + tab to cycle)

  ⠼ Poking the bear... (10s · esc to cancel)
───────────────────────────────────────────────────────────────────────────────────────────────────────────────────────────────────────────────────────────────────────────────
*   Type your message or @path/to/file
───────────────────────────────────────────────────────────────────────────────────────────────────────────────────────────────────────────────────────────────────────────────
  YOLO mode (shift + tab to cycle)

  ⠴ Poking the bear... (10s · esc to cancel)
───────────────────────────────────────────────────────────────────────────────────────────────────────────────────────────────────────────────────────────────────────────────
*   Type your message or @path/to/file
───────────────────────────────────────────────────────────────────────────────────────────────────────────────────────────────────────────────────────────────────────────────
  YOLO mode (shift + tab to cycle)

  ⠦ Poking the bear... (10s · esc to cancel)
───────────────────────────────────────────────────────────────────────────────────────────────────────────────────────────────────────────────────────────────────────────────
*   Type your message or @path/to/file
───────────────────────────────────────────────────────────────────────────────────────────────────────────────────────────────────────────────────────────────────────────────
  YOLO mode (shift + tab to cycle)

  ⠧ Poking the bear... (10s · esc to cancel)
───────────────────────────────────────────────────────────────────────────────────────────────────────────────────────────────────────────────────────────────────────────────
*   Type your message or @path/to/file
───────────────────────────────────────────────────────────────────────────────────────────────────────────────────────────────────────────────────────────────────────────────
  YOLO mode (shift + tab to cycle)

  ⠇ Poking the bear... (10s · esc to cancel)
───────────────────────────────────────────────────────────────────────────────────────────────────────────────────────────────────────────────────────────────────────────────
*   Type your message or @path/to/file
───────────────────────────────────────────────────────────────────────────────────────────────────────────────────────────────────────────────────────────────────────────────
  YOLO mode (shift + tab to cycle)

  ⠏ Poking the bear... (10s · esc to cancel)
───────────────────────────────────────────────────────────────────────────────────────────────────────────────────────────────────────────────────────────────────────────────
*   Type your message or @path/to/file
───────────────────────────────────────────────────────────────────────────────────────────────────────────────────────────────────────────────────────────────────────────────
  YOLO mode (shift + tab to cycle)

  ⠋ Poking the bear... (10s · esc to cancel)
───────────────────────────────────────────────────────────────────────────────────────────────────────────────────────────────────────────────────────────────────────────────
*   Type your message or @path/to/file
───────────────────────────────────────────────────────────────────────────────────────────────────────────────────────────────────────────────────────────────────────────────
  YOLO mode (shift + tab to cycle)

  ⠙ Poking the bear... (10s · esc to cancel)
───────────────────────────────────────────────────────────────────────────────────────────────────────────────────────────────────────────────────────────────────────────────
*   Type your message or @path/to/file
───────────────────────────────────────────────────────────────────────────────────────────────────────────────────────────────────────────────────────────────────────────────
  YOLO mode (shift + tab to cycle)

  ⠹ Poking the bear... (10s · esc to cancel)
───────────────────────────────────────────────────────────────────────────────────────────────────────────────────────────────────────────────────────────────────────────────
*   Type your message or @path/to/file
───────────────────────────────────────────────────────────────────────────────────────────────────────────────────────────────────────────────────────────────────────────────
  YOLO mode (shift + tab to cycle)

  ⠸ Poking the bear... (10s · esc to cancel)
───────────────────────────────────────────────────────────────────────────────────────────────────────────────────────────────────────────────────────────────────────────────
*   Type your message or @path/to/file
───────────────────────────────────────────────────────────────────────────────────────────────────────────────────────────────────────────────────────────────────────────────
  YOLO mode (shift + tab to cycle)

  ⠼ Poking the bear... (10s · esc to cancel)
───────────────────────────────────────────────────────────────────────────────────────────────────────────────────────────────────────────────────────────────────────────────
*   Type your message or @path/to/file
───────────────────────────────────────────────────────────────────────────────────────────────────────────────────────────────────────────────────────────────────────────────
  YOLO mode (shift + tab to cycle)

  ⠴ Poking the bear... (10s · esc to cancel)
───────────────────────────────────────────────────────────────────────────────────────────────────────────────────────────────────────────────────────────────────────────────
*   Type your message or @path/to/file
───────────────────────────────────────────────────────────────────────────────────────────────────────────────────────────────────────────────────────────────────────────────
  YOLO mode (shift + tab to cycle)

  ⠦ Poking the bear... (11s · esc to cancel)
───────────────────────────────────────────────────────────────────────────────────────────────────────────────────────────────────────────────────────────────────────────────
*   Type your message or @path/to/file
───────────────────────────────────────────────────────────────────────────────────────────────────────────────────────────────────────────────────────────────────────────────
  YOLO mode (shift + tab to cycle)

  ⠧ Poking the bear... (11s · esc to cancel)
───────────────────────────────────────────────────────────────────────────────────────────────────────────────────────────────────────────────────────────────────────────────
*   Type your message or @path/to/file
───────────────────────────────────────────────────────────────────────────────────────────────────────────────────────────────────────────────────────────────────────────────
  YOLO mode (shift + tab to cycle)

  ⠇ Poking the bear... (11s · esc to cancel)
───────────────────────────────────────────────────────────────────────────────────────────────────────────────────────────────────────────────────────────────────────────────
*   Type your message or @path/to/file
───────────────────────────────────────────────────────────────────────────────────────────────────────────────────────────────────────────────────────────────────────────────
  YOLO mode (shift + tab to cycle)

  ⠏ Poking the bear... (11s · esc to cancel)
───────────────────────────────────────────────────────────────────────────────────────────────────────────────────────────────────────────────────────────────────────────────
*   Type your message or @path/to/file
───────────────────────────────────────────────────────────────────────────────────────────────────────────────────────────────────────────────────────────────────────────────
  YOLO mode (shift + tab to cycle)

  ⠋ Poking the bear... (11s · esc to cancel)
───────────────────────────────────────────────────────────────────────────────────────────────────────────────────────────────────────────────────────────────────────────────
*   Type your message or @path/to/file
───────────────────────────────────────────────────────────────────────────────────────────────────────────────────────────────────────────────────────────────────────────────
  YOLO mode (shift + tab to cycle)

  ⠙ Poking the bear... (11s · esc to cancel)
───────────────────────────────────────────────────────────────────────────────────────────────────────────────────────────────────────────────────────────────────────────────
*   Type your message or @path/to/file
───────────────────────────────────────────────────────────────────────────────────────────────────────────────────────────────────────────────────────────────────────────────
  YOLO mode (shift + tab to cycle)

  ⠹ Poking the bear... (11s · esc to cancel)
───────────────────────────────────────────────────────────────────────────────────────────────────────────────────────────────────────────────────────────────────────────────
*   Type your message or @path/to/file
───────────────────────────────────────────────────────────────────────────────────────────────────────────────────────────────────────────────────────────────────────────────
  YOLO mode (shift + tab to cycle)

  ⠸ Poking the bear... (11s · esc to cancel)
───────────────────────────────────────────────────────────────────────────────────────────────────────────────────────────────────────────────────────────────────────────────
*   Type your message or @path/to/file
───────────────────────────────────────────────────────────────────────────────────────────────────────────────────────────────────────────────────────────────────────────────
  YOLO mode (shift + tab to cycle)

  ⠼ Poking the bear... (11s · esc to cancel)
───────────────────────────────────────────────────────────────────────────────────────────────────────────────────────────────────────────────────────────────────────────────
*   Type your message or @path/to/file
───────────────────────────────────────────────────────────────────────────────────────────────────────────────────────────────────────────────────────────────────────────────
  YOLO mode (shift + tab to cycle)

  ⠴ Poking the bear... (11s · esc to cancel)
───────────────────────────────────────────────────────────────────────────────────────────────────────────────────────────────────────────────────────────────────────────────
*   Type your message or @path/to/file
───────────────────────────────────────────────────────────────────────────────────────────────────────────────────────────────────────────────────────────────────────────────
  YOLO mode (shift + tab to cycle)

  ⠦ Poking the bear... (11s · esc to cancel)
───────────────────────────────────────────────────────────────────────────────────────────────────────────────────────────────────────────────────────────────────────────────
*   Type your message or @path/to/file
───────────────────────────────────────────────────────────────────────────────────────────────────────────────────────────────────────────────────────────────────────────────
  YOLO mode (shift + tab to cycle)

  ⠧ Poking the bear... (11s · esc to cancel)
───────────────────────────────────────────────────────────────────────────────────────────────────────────────────────────────────────────────────────────────────────────────
*   Type your message or @path/to/file
───────────────────────────────────────────────────────────────────────────────────────────────────────────────────────────────────────────────────────────────────────────────
  YOLO mode (shift + tab to cycle)

  ⠇ Poking the bear... (11s · esc to cancel)
───────────────────────────────────────────────────────────────────────────────────────────────────────────────────────────────────────────────────────────────────────────────
*   Type your message or @path/to/file
───────────────────────────────────────────────────────────────────────────────────────────────────────────────────────────────────────────────────────────────────────────────
  YOLO mode (shift + tab to cycle)

  ⠇ Poking the bear... (12s · esc to cancel)
───────────────────────────────────────────────────────────────────────────────────────────────────────────────────────────────────────────────────────────────────────────────
*   Type your message or @path/to/file
───────────────────────────────────────────────────────────────────────────────────────────────────────────────────────────────────────────────────────────────────────────────
  YOLO mode (shift + tab to cycle)

  ⠏ Poking the bear... (12s · esc to cancel)
───────────────────────────────────────────────────────────────────────────────────────────────────────────────────────────────────────────────────────────────────────────────
*   Type your message or @path/to/file
───────────────────────────────────────────────────────────────────────────────────────────────────────────────────────────────────────────────────────────────────────────────
  YOLO mode (shift + tab to cycle)

  ⠋ Poking the bear... (12s · esc to cancel)
───────────────────────────────────────────────────────────────────────────────────────────────────────────────────────────────────────────────────────────────────────────────
*   Type your message or @path/to/file
───────────────────────────────────────────────────────────────────────────────────────────────────────────────────────────────────────────────────────────────────────────────
  YOLO mode (shift + tab to cycle)

  ⠙ Poking the bear... (12s · esc to cancel)
───────────────────────────────────────────────────────────────────────────────────────────────────────────────────────────────────────────────────────────────────────────────
*   Type your message or @path/to/file
───────────────────────────────────────────────────────────────────────────────────────────────────────────────────────────────────────────────────────────────────────────────
  YOLO mode (shift + tab to cycle)

  ⠹ Poking the bear... (12s · esc to cancel)
───────────────────────────────────────────────────────────────────────────────────────────────────────────────────────────────────────────────────────────────────────────────
*   Type your message or @path/to/file
───────────────────────────────────────────────────────────────────────────────────────────────────────────────────────────────────────────────────────────────────────────────
  YOLO mode (shift + tab to cycle)

  ⠸ Poking the bear... (12s · esc to cancel)
───────────────────────────────────────────────────────────────────────────────────────────────────────────────────────────────────────────────────────────────────────────────
*   Type your message or @path/to/file
───────────────────────────────────────────────────────────────────────────────────────────────────────────────────────────────────────────────────────────────────────────────
  YOLO mode (shift + tab to cycle)

  ⠼ Poking the bear... (12s · esc to cancel)
───────────────────────────────────────────────────────────────────────────────────────────────────────────────────────────────────────────────────────────────────────────────
*   Type your message or @path/to/file
───────────────────────────────────────────────────────────────────────────────────────────────────────────────────────────────────────────────────────────────────────────────
  YOLO mode (shift + tab to cycle)

  ⠴ Poking the bear... (12s · esc to cancel)
───────────────────────────────────────────────────────────────────────────────────────────────────────────────────────────────────────────────────────────────────────────────
*   Type your message or @path/to/file
───────────────────────────────────────────────────────────────────────────────────────────────────────────────────────────────────────────────────────────────────────────────
  YOLO mode (shift + tab to cycle)

  ⠦ Poking the bear... (12s · esc to cancel)
───────────────────────────────────────────────────────────────────────────────────────────────────────────────────────────────────────────────────────────────────────────────
*   Type your message or @path/to/file
───────────────────────────────────────────────────────────────────────────────────────────────────────────────────────────────────────────────────────────────────────────────
  YOLO mode (shift + tab to cycle)

  ⠧ Poking the bear... (12s · esc to cancel)
───────────────────────────────────────────────────────────────────────────────────────────────────────────────────────────────────────────────────────────────────────────────
*   Type your message or @path/to/file
───────────────────────────────────────────────────────────────────────────────────────────────────────────────────────────────────────────────────────────────────────────────
  YOLO mode (shift + tab to cycle)

  ⠇ Poking the bear... (12s · esc to cancel)
───────────────────────────────────────────────────────────────────────────────────────────────────────────────────────────────────────────────────────────────────────────────
*   Type your message or @path/to/file
───────────────────────────────────────────────────────────────────────────────────────────────────────────────────────────────────────────────────────────────────────────────
  YOLO mode (shift + tab to cycle)

  ⠏ Poking the bear... (12s · esc to cancel)
───────────────────────────────────────────────────────────────────────────────────────────────────────────────────────────────────────────────────────────────────────────────
*   Type your message or @path/to/file
───────────────────────────────────────────────────────────────────────────────────────────────────────────────────────────────────────────────────────────────────────────────
  YOLO mode (shift + tab to cycle)

  ⠋ Poking the bear... (12s · esc to cancel)
───────────────────────────────────────────────────────────────────────────────────────────────────────────────────────────────────────────────────────────────────────────────
*   Type your message or @path/to/file
───────────────────────────────────────────────────────────────────────────────────────────────────────────────────────────────────────────────────────────────────────────────
  YOLO mode (shift + tab to cycle)

  ⠋ Poking the bear... (13s · esc to cancel)
───────────────────────────────────────────────────────────────────────────────────────────────────────────────────────────────────────────────────────────────────────────────
*   Type your message or @path/to/file
───────────────────────────────────────────────────────────────────────────────────────────────────────────────────────────────────────────────────────────────────────────────
  YOLO mode (shift + tab to cycle)

  ⠙ Poking the bear... (13s · esc to cancel)
───────────────────────────────────────────────────────────────────────────────────────────────────────────────────────────────────────────────────────────────────────────────
*   Type your message or @path/to/file
───────────────────────────────────────────────────────────────────────────────────────────────────────────────────────────────────────────────────────────────────────────────
  YOLO mode (shift + tab to cycle)

  ⠹ Poking the bear... (13s · esc to cancel)
───────────────────────────────────────────────────────────────────────────────────────────────────────────────────────────────────────────────────────────────────────────────
*   Type your message or @path/to/file
───────────────────────────────────────────────────────────────────────────────────────────────────────────────────────────────────────────────────────────────────────────────
  YOLO mode (shift + tab to cycle)

  ⠸ Poking the bear... (13s · esc to cancel)
───────────────────────────────────────────────────────────────────────────────────────────────────────────────────────────────────────────────────────────────────────────────
*   Type your message or @path/to/file
───────────────────────────────────────────────────────────────────────────────────────────────────────────────────────────────────────────────────────────────────────────────
  YOLO mode (shift + tab to cycle)

  ⠼ Poking the bear... (13s · esc to cancel)
───────────────────────────────────────────────────────────────────────────────────────────────────────────────────────────────────────────────────────────────────────────────
*   Type your message or @path/to/file
───────────────────────────────────────────────────────────────────────────────────────────────────────────────────────────────────────────────────────────────────────────────
  YOLO mode (shift + tab to cycle)

  ⠴ Poking the bear... (13s · esc to cancel)
───────────────────────────────────────────────────────────────────────────────────────────────────────────────────────────────────────────────────────────────────────────────
*   Type your message or @path/to/file
───────────────────────────────────────────────────────────────────────────────────────────────────────────────────────────────────────────────────────────────────────────────
  YOLO mode (shift + tab to cycle)

  ⠦ Poking the bear... (13s · esc to cancel)
───────────────────────────────────────────────────────────────────────────────────────────────────────────────────────────────────────────────────────────────────────────────
*   Type your message or @path/to/file
───────────────────────────────────────────────────────────────────────────────────────────────────────────────────────────────────────────────────────────────────────────────
  YOLO mode (shift + tab to cycle)

  ⠧ Poking the bear... (13s · esc to cancel)
───────────────────────────────────────────────────────────────────────────────────────────────────────────────────────────────────────────────────────────────────────────────
*   Type your message or @path/to/file
───────────────────────────────────────────────────────────────────────────────────────────────────────────────────────────────────────────────────────────────────────────────
  YOLO mode (shift + tab to cycle)

  ⠇ Poking the bear... (13s · esc to cancel)
───────────────────────────────────────────────────────────────────────────────────────────────────────────────────────────────────────────────────────────────────────────────
*   Type your message or @path/to/file
───────────────────────────────────────────────────────────────────────────────────────────────────────────────────────────────────────────────────────────────────────────────
  YOLO mode (shift + tab to cycle)

  ⠏ Poking the bear... (13s · esc to cancel)
───────────────────────────────────────────────────────────────────────────────────────────────────────────────────────────────────────────────────────────────────────────────
*   Type your message or @path/to/file
───────────────────────────────────────────────────────────────────────────────────────────────────────────────────────────────────────────────────────────────────────────────
  YOLO mode (shift + tab to cycle)

  ⠋ Poking the bear... (13s · esc to cancel)
───────────────────────────────────────────────────────────────────────────────────────────────────────────────────────────────────────────────────────────────────────────────
*   Type your message or @path/to/file
───────────────────────────────────────────────────────────────────────────────────────────────────────────────────────────────────────────────────────────────────────────────
  YOLO mode (shift + tab to cycle)

  ⠙ Poking the bear... (13s · esc to cancel)
───────────────────────────────────────────────────────────────────────────────────────────────────────────────────────────────────────────────────────────────────────────────
*   Type your message or @path/to/file
───────────────────────────────────────────────────────────────────────────────────────────────────────────────────────────────────────────────────────────────────────────────
  YOLO mode (shift + tab to cycle)

  ⠹ Poking the bear... (13s · esc to cancel)
───────────────────────────────────────────────────────────────────────────────────────────────────────────────────────────────────────────────────────────────────────────────
*   Type your message or @path/to/file
───────────────────────────────────────────────────────────────────────────────────────────────────────────────────────────────────────────────────────────────────────────────
  YOLO mode (shift + tab to cycle)

  ⠸ Poking the bear... (13s · esc to cancel)
───────────────────────────────────────────────────────────────────────────────────────────────────────────────────────────────────────────────────────────────────────────────
*   Type your message or @path/to/file
───────────────────────────────────────────────────────────────────────────────────────────────────────────────────────────────────────────────────────────────────────────────
  YOLO mode (shift + tab to cycle)

  ⠸ Poking the bear... (14s · esc to cancel)
───────────────────────────────────────────────────────────────────────────────────────────────────────────────────────────────────────────────────────────────────────────────
*   Type your message or @path/to/file
───────────────────────────────────────────────────────────────────────────────────────────────────────────────────────────────────────────────────────────────────────────────
  YOLO mode (shift + tab to cycle)

  ⠼ Poking the bear... (14s · esc to cancel)
───────────────────────────────────────────────────────────────────────────────────────────────────────────────────────────────────────────────────────────────────────────────
*   Type your message or @path/to/file
───────────────────────────────────────────────────────────────────────────────────────────────────────────────────────────────────────────────────────────────────────────────
  YOLO mode (shift + tab to cycle)

  ⠴ Poking the bear... (14s · esc to cancel)
───────────────────────────────────────────────────────────────────────────────────────────────────────────────────────────────────────────────────────────────────────────────
*   Type your message or @path/to/file
───────────────────────────────────────────────────────────────────────────────────────────────────────────────────────────────────────────────────────────────────────────────
  YOLO mode (shift + tab to cycle)

  ⠦ Poking the bear... (14s · esc to cancel)
───────────────────────────────────────────────────────────────────────────────────────────────────────────────────────────────────────────────────────────────────────────────
*   Type your message or @path/to/file
───────────────────────────────────────────────────────────────────────────────────────────────────────────────────────────────────────────────────────────────────────────────
  YOLO mode (shift + tab to cycle)

  ⠧ Poking the bear... (14s · esc to cancel)
───────────────────────────────────────────────────────────────────────────────────────────────────────────────────────────────────────────────────────────────────────────────
*   Type your message or @path/to/file
───────────────────────────────────────────────────────────────────────────────────────────────────────────────────────────────────────────────────────────────────────────────
  YOLO mode (shift + tab to cycle)

  ⠇ Poking the bear... (14s · esc to cancel)
───────────────────────────────────────────────────────────────────────────────────────────────────────────────────────────────────────────────────────────────────────────────
*   Type your message or @path/to/file
───────────────────────────────────────────────────────────────────────────────────────────────────────────────────────────────────────────────────────────────────────────────
  YOLO mode (shift + tab to cycle)

  ⠏ Poking the bear... (14s · esc to cancel)
───────────────────────────────────────────────────────────────────────────────────────────────────────────────────────────────────────────────────────────────────────────────
*   Type your message or @path/to/file
───────────────────────────────────────────────────────────────────────────────────────────────────────────────────────────────────────────────────────────────────────────────
  YOLO mode (shift + tab to cycle)

  ⠋ Poking the bear... (14s · esc to cancel)
───────────────────────────────────────────────────────────────────────────────────────────────────────────────────────────────────────────────────────────────────────────────
*   Type your message or @path/to/file
───────────────────────────────────────────────────────────────────────────────────────────────────────────────────────────────────────────────────────────────────────────────
  YOLO mode (shift + tab to cycle)

  ⠙ Poking the bear... (14s · esc to cancel)
───────────────────────────────────────────────────────────────────────────────────────────────────────────────────────────────────────────────────────────────────────────────
*   Type your message or @path/to/file
───────────────────────────────────────────────────────────────────────────────────────────────────────────────────────────────────────────────────────────────────────────────
  YOLO mode (shift + tab to cycle)

  ⠹ Poking the bear... (14s · esc to cancel)
───────────────────────────────────────────────────────────────────────────────────────────────────────────────────────────────────────────────────────────────────────────────
*   Type your message or @path/to/file
───────────────────────────────────────────────────────────────────────────────────────────────────────────────────────────────────────────────────────────────────────────────
  YOLO mode (shift + tab to cycle)

  ⠸ Poking the bear... (14s · esc to cancel)
───────────────────────────────────────────────────────────────────────────────────────────────────────────────────────────────────────────────────────────────────────────────
*   Type your message or @path/to/file
───────────────────────────────────────────────────────────────────────────────────────────────────────────────────────────────────────────────────────────────────────────────
  YOLO mode (shift + tab to cycle)

  ⠼ Poking the bear... (14s · esc to cancel)
───────────────────────────────────────────────────────────────────────────────────────────────────────────────────────────────────────────────────────────────────────────────
*   Type your message or @path/to/file
───────────────────────────────────────────────────────────────────────────────────────────────────────────────────────────────────────────────────────────────────────────────
  YOLO mode (shift + tab to cycle)

  ⠴ Poking the bear... (14s · esc to cancel)
───────────────────────────────────────────────────────────────────────────────────────────────────────────────────────────────────────────────────────────────────────────────
*   Type your message or @path/to/file
───────────────────────────────────────────────────────────────────────────────────────────────────────────────────────────────────────────────────────────────────────────────
  YOLO mode (shift + tab to cycle)

  ⠴ Polishing the algorithms... (14s · esc to cancel)
───────────────────────────────────────────────────────────────────────────────────────────────────────────────────────────────────────────────────────────────────────────────
*   Type your message or @path/to/file
───────────────────────────────────────────────────────────────────────────────────────────────────────────────────────────────────────────────────────────────────────────────
  YOLO mode (shift + tab to cycle)

  ⠴ Polishing the algorithms... (15s · esc to cancel)
───────────────────────────────────────────────────────────────────────────────────────────────────────────────────────────────────────────────────────────────────────────────
*   Type your message or @path/to/file
───────────────────────────────────────────────────────────────────────────────────────────────────────────────────────────────────────────────────────────────────────────────
  YOLO mode (shift + tab to cycle)

  ⠦ Polishing the algorithms... (15s · esc to cancel)
───────────────────────────────────────────────────────────────────────────────────────────────────────────────────────────────────────────────────────────────────────────────
*   Type your message or @path/to/file
───────────────────────────────────────────────────────────────────────────────────────────────────────────────────────────────────────────────────────────────────────────────
  YOLO mode (shift + tab to cycle)

  ⠧ Polishing the algorithms... (15s · esc to cancel)
───────────────────────────────────────────────────────────────────────────────────────────────────────────────────────────────────────────────────────────────────────────────
*   Type your message or @path/to/file
───────────────────────────────────────────────────────────────────────────────────────────────────────────────────────────────────────────────────────────────────────────────
  YOLO mode (shift + tab to cycle)

  ⠇ Polishing the algorithms... (15s · esc to cancel)
───────────────────────────────────────────────────────────────────────────────────────────────────────────────────────────────────────────────────────────────────────────────
*   Type your message or @path/to/file
───────────────────────────────────────────────────────────────────────────────────────────────────────────────────────────────────────────────────────────────────────────────
  YOLO mode (shift + tab to cycle)

  ⠏ Polishing the algorithms... (15s · esc to cancel)
───────────────────────────────────────────────────────────────────────────────────────────────────────────────────────────────────────────────────────────────────────────────
*   Type your message or @path/to/file
───────────────────────────────────────────────────────────────────────────────────────────────────────────────────────────────────────────────────────────────────────────────
  YOLO mode (shift + tab to cycle)

  ⠋ Polishing the algorithms... (15s · esc to cancel)
───────────────────────────────────────────────────────────────────────────────────────────────────────────────────────────────────────────────────────────────────────────────
*   Type your message or @path/to/file
───────────────────────────────────────────────────────────────────────────────────────────────────────────────────────────────────────────────────────────────────────────────
  YOLO mode (shift + tab to cycle)

  ⠙ Polishing the algorithms... (15s · esc to cancel)
───────────────────────────────────────────────────────────────────────────────────────────────────────────────────────────────────────────────────────────────────────────────
*   Type your message or @path/to/file
───────────────────────────────────────────────────────────────────────────────────────────────────────────────────────────────────────────────────────────────────────────────
  YOLO mode (shift + tab to cycle)

  ⠹ Polishing the algorithms... (15s · esc to cancel)
───────────────────────────────────────────────────────────────────────────────────────────────────────────────────────────────────────────────────────────────────────────────
*   Type your message or @path/to/file
───────────────────────────────────────────────────────────────────────────────────────────────────────────────────────────────────────────────────────────────────────────────
  YOLO mode (shift + tab to cycle)

  ⠸ Polishing the algorithms... (15s · esc to cancel)
───────────────────────────────────────────────────────────────────────────────────────────────────────────────────────────────────────────────────────────────────────────────
*   Type your message or @path/to/file
───────────────────────────────────────────────────────────────────────────────────────────────────────────────────────────────────────────────────────────────────────────────
  YOLO mode (shift + tab to cycle)

  ⠼ Polishing the algorithms... (15s · esc to cancel)
───────────────────────────────────────────────────────────────────────────────────────────────────────────────────────────────────────────────────────────────────────────────
*   Type your message or @path/to/file
───────────────────────────────────────────────────────────────────────────────────────────────────────────────────────────────────────────────────────────────────────────────
  YOLO mode (shift + tab to cycle)

  ⠴ Polishing the algorithms... (15s · esc to cancel)
───────────────────────────────────────────────────────────────────────────────────────────────────────────────────────────────────────────────────────────────────────────────
*   Type your message or @path/to/file
───────────────────────────────────────────────────────────────────────────────────────────────────────────────────────────────────────────────────────────────────────────────
  YOLO mode (shift + tab to cycle)

  ⠦ Polishing the algorithms... (15s · esc to cancel)
───────────────────────────────────────────────────────────────────────────────────────────────────────────────────────────────────────────────────────────────────────────────
*   Type your message or @path/to/file
───────────────────────────────────────────────────────────────────────────────────────────────────────────────────────────────────────────────────────────────────────────────
  YOLO mode (shift + tab to cycle)

  ⠧ Polishing the algorithms... (15s · esc to cancel)
───────────────────────────────────────────────────────────────────────────────────────────────────────────────────────────────────────────────────────────────────────────────
*   Type your message or @path/to/file
───────────────────────────────────────────────────────────────────────────────────────────────────────────────────────────────────────────────────────────────────────────────
  YOLO mode (shift + tab to cycle)

  ⠧ Polishing the algorithms... (16s · esc to cancel)
───────────────────────────────────────────────────────────────────────────────────────────────────────────────────────────────────────────────────────────────────────────────
*   Type your message or @path/to/file
───────────────────────────────────────────────────────────────────────────────────────────────────────────────────────────────────────────────────────────────────────────────
  YOLO mode (shift + tab to cycle)

  ⠇ Polishing the algorithms... (16s · esc to cancel)
───────────────────────────────────────────────────────────────────────────────────────────────────────────────────────────────────────────────────────────────────────────────
*   Type your message or @path/to/file
───────────────────────────────────────────────────────────────────────────────────────────────────────────────────────────────────────────────────────────────────────────────
  YOLO mode (shift + tab to cycle)

  ⠏ Polishing the algorithms... (16s · esc to cancel)
───────────────────────────────────────────────────────────────────────────────────────────────────────────────────────────────────────────────────────────────────────────────
*   Type your message or @path/to/file
───────────────────────────────────────────────────────────────────────────────────────────────────────────────────────────────────────────────────────────────────────────────
  YOLO mode (shift + tab to cycle)

  ⠋ Polishing the algorithms... (16s · esc to cancel)
───────────────────────────────────────────────────────────────────────────────────────────────────────────────────────────────────────────────────────────────────────────────
*   Type your message or @path/to/file
───────────────────────────────────────────────────────────────────────────────────────────────────────────────────────────────────────────────────────────────────────────────
  YOLO mode (shift + tab to cycle)

  ⠙ Polishing the algorithms... (16s · esc to cancel)
───────────────────────────────────────────────────────────────────────────────────────────────────────────────────────────────────────────────────────────────────────────────
*   Type your message or @path/to/file
───────────────────────────────────────────────────────────────────────────────────────────────────────────────────────────────────────────────────────────────────────────────
  YOLO mode (shift + tab to cycle)

  ⠹ Polishing the algorithms... (16s · esc to cancel)
───────────────────────────────────────────────────────────────────────────────────────────────────────────────────────────────────────────────────────────────────────────────
*   Type your message or @path/to/file
───────────────────────────────────────────────────────────────────────────────────────────────────────────────────────────────────────────────────────────────────────────────
  YOLO mode (shift + tab to cycle)

  ⠸ Polishing the algorithms... (16s · esc to cancel)
───────────────────────────────────────────────────────────────────────────────────────────────────────────────────────────────────────────────────────────────────────────────
*   Type your message or @path/to/file
───────────────────────────────────────────────────────────────────────────────────────────────────────────────────────────────────────────────────────────────────────────────
  YOLO mode (shift + tab to cycle)

  ⠼ Polishing the algorithms... (16s · esc to cancel)
───────────────────────────────────────────────────────────────────────────────────────────────────────────────────────────────────────────────────────────────────────────────
*   Type your message or @path/to/file
───────────────────────────────────────────────────────────────────────────────────────────────────────────────────────────────────────────────────────────────────────────────
  YOLO mode (shift + tab to cycle)

  ⠴ Polishing the algorithms... (16s · esc to cancel)
───────────────────────────────────────────────────────────────────────────────────────────────────────────────────────────────────────────────────────────────────────────────
*   Type your message or @path/to/file
───────────────────────────────────────────────────────────────────────────────────────────────────────────────────────────────────────────────────────────────────────────────
  YOLO mode (shift + tab to cycle)

  ⠦ Polishing the algorithms... (16s · esc to cancel)
───────────────────────────────────────────────────────────────────────────────────────────────────────────────────────────────────────────────────────────────────────────────
*   Type your message or @path/to/file
───────────────────────────────────────────────────────────────────────────────────────────────────────────────────────────────────────────────────────────────────────────────
  YOLO mode (shift + tab to cycle)

  ⠧ Polishing the algorithms... (16s · esc to cancel)
───────────────────────────────────────────────────────────────────────────────────────────────────────────────────────────────────────────────────────────────────────────────
*   Type your message or @path/to/file
───────────────────────────────────────────────────────────────────────────────────────────────────────────────────────────────────────────────────────────────────────────────
  YOLO mode (shift + tab to cycle)

  ⠇ Polishing the algorithms... (16s · esc to cancel)
───────────────────────────────────────────────────────────────────────────────────────────────────────────────────────────────────────────────────────────────────────────────
*   Type your message or @path/to/file
───────────────────────────────────────────────────────────────────────────────────────────────────────────────────────────────────────────────────────────────────────────────
  YOLO mode (shift + tab to cycle)

  ⠏ Polishing the algorithms... (16s · esc to cancel)
───────────────────────────────────────────────────────────────────────────────────────────────────────────────────────────────────────────────────────────────────────────────
*   Type your message or @path/to/file
───────────────────────────────────────────────────────────────────────────────────────────────────────────────────────────────────────────────────────────────────────────────
  YOLO mode (shift + tab to cycle)

  ⠋ Polishing the algorithms... (16s · esc to cancel)
───────────────────────────────────────────────────────────────────────────────────────────────────────────────────────────────────────────────────────────────────────────────
*   Type your message or @path/to/file
───────────────────────────────────────────────────────────────────────────────────────────────────────────────────────────────────────────────────────────────────────────────
  YOLO mode (shift + tab to cycle)

  ⠋ Polishing the algorithms... (17s · esc to cancel)
───────────────────────────────────────────────────────────────────────────────────────────────────────────────────────────────────────────────────────────────────────────────
*   Type your message or @path/to/file
───────────────────────────────────────────────────────────────────────────────────────────────────────────────────────────────────────────────────────────────────────────────
  YOLO mode (shift + tab to cycle)

  ⠙ Polishing the algorithms... (17s · esc to cancel)
───────────────────────────────────────────────────────────────────────────────────────────────────────────────────────────────────────────────────────────────────────────────
*   Type your message or @path/to/file
───────────────────────────────────────────────────────────────────────────────────────────────────────────────────────────────────────────────────────────────────────────────
  YOLO mode (shift + tab to cycle)

  ⠹ Polishing the algorithms... (17s · esc to cancel)
───────────────────────────────────────────────────────────────────────────────────────────────────────────────────────────────────────────────────────────────────────────────
*   Type your message or @path/to/file
───────────────────────────────────────────────────────────────────────────────────────────────────────────────────────────────────────────────────────────────────────────────
  YOLO mode (shift + tab to cycle)

  ⠸ Polishing the algorithms... (17s · esc to cancel)
───────────────────────────────────────────────────────────────────────────────────────────────────────────────────────────────────────────────────────────────────────────────
*   Type your message or @path/to/file
───────────────────────────────────────────────────────────────────────────────────────────────────────────────────────────────────────────────────────────────────────────────
  YOLO mode (shift + tab to cycle)

  ⠼ Polishing the algorithms... (17s · esc to cancel)
───────────────────────────────────────────────────────────────────────────────────────────────────────────────────────────────────────────────────────────────────────────────
*   Type your message or @path/to/file
───────────────────────────────────────────────────────────────────────────────────────────────────────────────────────────────────────────────────────────────────────────────
  YOLO mode (shift + tab to cycle)

  ⠴ Polishing the algorithms... (17s · esc to cancel)
───────────────────────────────────────────────────────────────────────────────────────────────────────────────────────────────────────────────────────────────────────────────
*   Type your message or @path/to/file
───────────────────────────────────────────────────────────────────────────────────────────────────────────────────────────────────────────────────────────────────────────────
  YOLO mode (shift + tab to cycle)

  ⠦ Polishing the algorithms... (17s · esc to cancel)
───────────────────────────────────────────────────────────────────────────────────────────────────────────────────────────────────────────────────────────────────────────────
*   Type your message or @path/to/file
───────────────────────────────────────────────────────────────────────────────────────────────────────────────────────────────────────────────────────────────────────────────
  YOLO mode (shift + tab to cycle)

  ⠧ Polishing the algorithms... (17s · esc to cancel)
───────────────────────────────────────────────────────────────────────────────────────────────────────────────────────────────────────────────────────────────────────────────
*   Type your message or @path/to/file
───────────────────────────────────────────────────────────────────────────────────────────────────────────────────────────────────────────────────────────────────────────────
  YOLO mode (shift + tab to cycle)

  ⠇ Polishing the algorithms... (17s · esc to cancel)
───────────────────────────────────────────────────────────────────────────────────────────────────────────────────────────────────────────────────────────────────────────────
*   Type your message or @path/to/file
───────────────────────────────────────────────────────────────────────────────────────────────────────────────────────────────────────────────────────────────────────────────
  YOLO mode (shift + tab to cycle)

  ⠏ Polishing the algorithms... (17s · esc to cancel)
───────────────────────────────────────────────────────────────────────────────────────────────────────────────────────────────────────────────────────────────────────────────
*   Type your message or @path/to/file
───────────────────────────────────────────────────────────────────────────────────────────────────────────────────────────────────────────────────────────────────────────────
  YOLO mode (shift + tab to cycle)

  ⠋ Polishing the algorithms... (17s · esc to cancel)
───────────────────────────────────────────────────────────────────────────────────────────────────────────────────────────────────────────────────────────────────────────────
*   Type your message or @path/to/file
───────────────────────────────────────────────────────────────────────────────────────────────────────────────────────────────────────────────────────────────────────────────
  YOLO mode (shift + tab to cycle)

  ⠙ Polishing the algorithms... (17s · esc to cancel)
───────────────────────────────────────────────────────────────────────────────────────────────────────────────────────────────────────────────────────────────────────────────
*   Type your message or @path/to/file
───────────────────────────────────────────────────────────────────────────────────────────────────────────────────────────────────────────────────────────────────────────────
  YOLO mode (shift + tab to cycle)

  ⠹ Polishing the algorithms... (17s · esc to cancel)
───────────────────────────────────────────────────────────────────────────────────────────────────────────────────────────────────────────────────────────────────────────────
*   Type your message or @path/to/file
───────────────────────────────────────────────────────────────────────────────────────────────────────────────────────────────────────────────────────────────────────────────
  YOLO mode (shift + tab to cycle)

  ⠹ Polishing the algorithms... (18s · esc to cancel)
───────────────────────────────────────────────────────────────────────────────────────────────────────────────────────────────────────────────────────────────────────────────
*   Type your message or @path/to/file
───────────────────────────────────────────────────────────────────────────────────────────────────────────────────────────────────────────────────────────────────────────────
  YOLO mode (shift + tab to cycle)

  ⠸ Polishing the algorithms... (18s · esc to cancel)
───────────────────────────────────────────────────────────────────────────────────────────────────────────────────────────────────────────────────────────────────────────────
*   Type your message or @path/to/file
───────────────────────────────────────────────────────────────────────────────────────────────────────────────────────────────────────────────────────────────────────────────
  YOLO mode (shift + tab to cycle)

  ⠼ Polishing the algorithms... (18s · esc to cancel)
───────────────────────────────────────────────────────────────────────────────────────────────────────────────────────────────────────────────────────────────────────────────
*   Type your message or @path/to/file
───────────────────────────────────────────────────────────────────────────────────────────────────────────────────────────────────────────────────────────────────────────────
  YOLO mode (shift + tab to cycle)

  ⠴ Polishing the algorithms... (18s · esc to cancel)
───────────────────────────────────────────────────────────────────────────────────────────────────────────────────────────────────────────────────────────────────────────────
*   Type your message or @path/to/file
───────────────────────────────────────────────────────────────────────────────────────────────────────────────────────────────────────────────────────────────────────────────
  YOLO mode (shift + tab to cycle)

  ⠦ Polishing the algorithms... (18s · esc to cancel)
───────────────────────────────────────────────────────────────────────────────────────────────────────────────────────────────────────────────────────────────────────────────
*   Type your message or @path/to/file
───────────────────────────────────────────────────────────────────────────────────────────────────────────────────────────────────────────────────────────────────────────────
  YOLO mode (shift + tab to cycle)

  ⠧ Polishing the algorithms... (18s · esc to cancel)
───────────────────────────────────────────────────────────────────────────────────────────────────────────────────────────────────────────────────────────────────────────────
*   Type your message or @path/to/file
───────────────────────────────────────────────────────────────────────────────────────────────────────────────────────────────────────────────────────────────────────────────
  YOLO mode (shift + tab to cycle)

  ⠇ Polishing the algorithms... (18s · esc to cancel)
───────────────────────────────────────────────────────────────────────────────────────────────────────────────────────────────────────────────────────────────────────────────
*   Type your message or @path/to/file
───────────────────────────────────────────────────────────────────────────────────────────────────────────────────────────────────────────────────────────────────────────────
  YOLO mode (shift + tab to cycle)

  ⠏ Polishing the algorithms... (18s · esc to cancel)
───────────────────────────────────────────────────────────────────────────────────────────────────────────────────────────────────────────────────────────────────────────────
*   Type your message or @path/to/file
───────────────────────────────────────────────────────────────────────────────────────────────────────────────────────────────────────────────────────────────────────────────
  YOLO mode (shift + tab to cycle)

  ⠋ Polishing the algorithms... (18s · esc to cancel)
───────────────────────────────────────────────────────────────────────────────────────────────────────────────────────────────────────────────────────────────────────────────
*   Type your message or @path/to/file
───────────────────────────────────────────────────────────────────────────────────────────────────────────────────────────────────────────────────────────────────────────────
  YOLO mode (shift + tab to cycle)

  ⠙ Polishing the algorithms... (18s · esc to cancel)
───────────────────────────────────────────────────────────────────────────────────────────────────────────────────────────────────────────────────────────────────────────────
*   Type your message or @path/to/file
───────────────────────────────────────────────────────────────────────────────────────────────────────────────────────────────────────────────────────────────────────────────
  YOLO mode (shift + tab to cycle)

  ⠹ Polishing the algorithms... (18s · esc to cancel)
───────────────────────────────────────────────────────────────────────────────────────────────────────────────────────────────────────────────────────────────────────────────
*   Type your message or @path/to/file
───────────────────────────────────────────────────────────────────────────────────────────────────────────────────────────────────────────────────────────────────────────────
  YOLO mode (shift + tab to cycle)

  ⠸ Polishing the algorithms... (18s · esc to cancel)
───────────────────────────────────────────────────────────────────────────────────────────────────────────────────────────────────────────────────────────────────────────────
*   Type your message or @path/to/file
───────────────────────────────────────────────────────────────────────────────────────────────────────────────────────────────────────────────────────────────────────────────
  YOLO mode (shift + tab to cycle)

  ⠼ Polishing the algorithms... (18s · esc to cancel)
───────────────────────────────────────────────────────────────────────────────────────────────────────────────────────────────────────────────────────────────────────────────
*   Type your message or @path/to/file
───────────────────────────────────────────────────────────────────────────────────────────────────────────────────────────────────────────────────────────────────────────────
  YOLO mode (shift + tab to cycle)

  ⠼ Polishing the algorithms... (19s · esc to cancel)
───────────────────────────────────────────────────────────────────────────────────────────────────────────────────────────────────────────────────────────────────────────────
*   Type your message or @path/to/file
───────────────────────────────────────────────────────────────────────────────────────────────────────────────────────────────────────────────────────────────────────────────
  YOLO mode (shift + tab to cycle)

  ⠴ Polishing the algorithms... (19s · esc to cancel)
───────────────────────────────────────────────────────────────────────────────────────────────────────────────────────────────────────────────────────────────────────────────
*   Type your message or @path/to/file
───────────────────────────────────────────────────────────────────────────────────────────────────────────────────────────────────────────────────────────────────────────────
  YOLO mode (shift + tab to cycle)

  ⠦ Polishing the algorithms... (19s · esc to cancel)
───────────────────────────────────────────────────────────────────────────────────────────────────────────────────────────────────────────────────────────────────────────────
*   Type your message or @path/to/file
───────────────────────────────────────────────────────────────────────────────────────────────────────────────────────────────────────────────────────────────────────────────
  YOLO mode (shift + tab to cycle)

  ⠧ Polishing the algorithms... (19s · esc to cancel)
───────────────────────────────────────────────────────────────────────────────────────────────────────────────────────────────────────────────────────────────────────────────
*   Type your message or @path/to/file
───────────────────────────────────────────────────────────────────────────────────────────────────────────────────────────────────────────────────────────────────────────────
  YOLO mode (shift + tab to cycle)

  ⠇ Polishing the algorithms... (19s · esc to cancel)
───────────────────────────────────────────────────────────────────────────────────────────────────────────────────────────────────────────────────────────────────────────────
*   Type your message or @path/to/file
───────────────────────────────────────────────────────────────────────────────────────────────────────────────────────────────────────────────────────────────────────────────
  YOLO mode (shift + tab to cycle)

  ⠏ Polishing the algorithms... (19s · esc to cancel)
───────────────────────────────────────────────────────────────────────────────────────────────────────────────────────────────────────────────────────────────────────────────
*   Type your message or @path/to/file
───────────────────────────────────────────────────────────────────────────────────────────────────────────────────────────────────────────────────────────────────────────────
  YOLO mode (shift + tab to cycle)

  ⠋ Polishing the algorithms... (19s · esc to cancel)
───────────────────────────────────────────────────────────────────────────────────────────────────────────────────────────────────────────────────────────────────────────────
*   Type your message or @path/to/file
───────────────────────────────────────────────────────────────────────────────────────────────────────────────────────────────────────────────────────────────────────────────
  YOLO mode (shift + tab to cycle)

  ⠙ Polishing the algorithms... (19s · esc to cancel)
───────────────────────────────────────────────────────────────────────────────────────────────────────────────────────────────────────────────────────────────────────────────
*   Type your message or @path/to/file
───────────────────────────────────────────────────────────────────────────────────────────────────────────────────────────────────────────────────────────────────────────────
  YOLO mode (shift + tab to cycle)

  ⠹ Polishing the algorithms... (19s · esc to cancel)
───────────────────────────────────────────────────────────────────────────────────────────────────────────────────────────────────────────────────────────────────────────────
*   Type your message or @path/to/file
───────────────────────────────────────────────────────────────────────────────────────────────────────────────────────────────────────────────────────────────────────────────
  YOLO mode (shift + tab to cycle)

  ⠸ Polishing the algorithms... (19s · esc to cancel)
───────────────────────────────────────────────────────────────────────────────────────────────────────────────────────────────────────────────────────────────────────────────
*   Type your message or @path/to/file
───────────────────────────────────────────────────────────────────────────────────────────────────────────────────────────────────────────────────────────────────────────────
  YOLO mode (shift + tab to cycle)

  ⠼ Polishing the algorithms... (19s · esc to cancel)
───────────────────────────────────────────────────────────────────────────────────────────────────────────────────────────────────────────────────────────────────────────────
*   Type your message or @path/to/file
───────────────────────────────────────────────────────────────────────────────────────────────────────────────────────────────────────────────────────────────────────────────
  YOLO mode (shift + tab to cycle)

  ∴ Thought for 0s (alt+t to expand)
   ⊶  ReadFile data/skills/physical-skill/translate/SKILL.md

  ⠼ Polishing the algorithms... (19s · esc to cancel)
───────────────────────────────────────────────────────────────────────────────────────────────────────────────────────────────────────────────────────────────────────────────
*   Type your message or @path/to/file
───────────────────────────────────────────────────────────────────────────────────────────────────────────────────────────────────────────────────────────────────────────────
  YOLO mode (shift + tab to cycle)                                                                                                                         11.1% context used
   ⊶  ReadFile data/skills/physical-skill/translate/SKILL.md

  ⠼ Polishing the algorithms... (19s · ↑ 4 tokens · esc to cancel)
───────────────────────────────────────────────────────────────────────────────────────────────────────────────────────────────────────────────────────────────────────────────
*   Type your message or @path/to/file
───────────────────────────────────────────────────────────────────────────────────────────────────────────────────────────────────────────────────────────────────────────────
  YOLO mode (shift + tab to cycle)                                                                                                                         11.1% context used
   ✓  ReadFile data/skills/physical-skill/translate/SKILL.md

  ⠼ Polishing the algorithms... (19s · ↑ 4 tokens · esc to cancel)
───────────────────────────────────────────────────────────────────────────────────────────────────────────────────────────────────────────────────────────────────────────────
*   Type your message or @path/to/file
───────────────────────────────────────────────────────────────────────────────────────────────────────────────────────────────────────────────────────────────────────────────
  YOLO mode (shift + tab to cycle)                                                                                                                         11.1% context used

  ⠴ Polishing the algorithms... (19s · ↑ 4 tokens · esc to cancel)
───────────────────────────────────────────────────────────────────────────────────────────────────────────────────────────────────────────────────────────────────────────────
*   Type your message or @path/to/file
───────────────────────────────────────────────────────────────────────────────────────────────────────────────────────────────────────────────────────────────────────────────
  YOLO mode (shift + tab to cycle)                                                                                                                         11.1% context used

  ⠴ Polishing the algorithms... (19s · ↑ 8 tokens · esc to cancel)
───────────────────────────────────────────────────────────────────────────────────────────────────────────────────────────────────────────────────────────────────────────────
*   Type your message or @path/to/file
───────────────────────────────────────────────────────────────────────────────────────────────────────────────────────────────────────────────────────────────────────────────
  YOLO mode (shift + tab to cycle)                                                                                                                         11.1% context used

  ⠦ Polishing the algorithms... (19s · ↑ 8 tokens · esc to cancel)
───────────────────────────────────────────────────────────────────────────────────────────────────────────────────────────────────────────────────────────────────────────────
*   Type your message or @path/to/file
───────────────────────────────────────────────────────────────────────────────────────────────────────────────────────────────────────────────────────────────────────────────
  YOLO mode (shift + tab to cycle)                                                                                                                         11.1% context used

  ⠧ Polishing the algorithms... (19s · ↑ 8 tokens · esc to cancel)
───────────────────────────────────────────────────────────────────────────────────────────────────────────────────────────────────────────────────────────────────────────────
*   Type your message or @path/to/file
───────────────────────────────────────────────────────────────────────────────────────────────────────────────────────────────────────────────────────────────────────────────
  YOLO mode (shift + tab to cycle)                                                                                                                         11.1% context used

  ⠧ Polishing the algorithms... (20s · ↑ 9 tokens · esc to cancel)
───────────────────────────────────────────────────────────────────────────────────────────────────────────────────────────────────────────────────────────────────────────────
*   Type your message or @path/to/file
───────────────────────────────────────────────────────────────────────────────────────────────────────────────────────────────────────────────────────────────────────────────
  YOLO mode (shift + tab to cycle)                                                                                                                         11.1% context used

  ⠇ Polishing the algorithms... (20s · ↑ 9 tokens · esc to cancel)
───────────────────────────────────────────────────────────────────────────────────────────────────────────────────────────────────────────────────────────────────────────────
*   Type your message or @path/to/file
───────────────────────────────────────────────────────────────────────────────────────────────────────────────────────────────────────────────────────────────────────────────
  YOLO mode (shift + tab to cycle)                                                                                                                         11.1% context used

  ⠏ Polishing the algorithms... (20s · ↑ 9 tokens · esc to cancel)
───────────────────────────────────────────────────────────────────────────────────────────────────────────────────────────────────────────────────────────────────────────────
*   Type your message or @path/to/file
───────────────────────────────────────────────────────────────────────────────────────────────────────────────────────────────────────────────────────────────────────────────
  YOLO mode (shift + tab to cycle)                                                                                                                         11.1% context used

  ⠏ Polishing the algorithms... (20s · ↑ 10 tokens · esc to cancel)
───────────────────────────────────────────────────────────────────────────────────────────────────────────────────────────────────────────────────────────────────────────────
*   Type your message or @path/to/file
───────────────────────────────────────────────────────────────────────────────────────────────────────────────────────────────────────────────────────────────────────────────
  YOLO mode (shift + tab to cycle)                                                                                                                         11.1% context used

  ⠋ Polishing the algorithms... (20s · ↑ 10 tokens · esc to cancel)
───────────────────────────────────────────────────────────────────────────────────────────────────────────────────────────────────────────────────────────────────────────────
*   Type your message or @path/to/file
───────────────────────────────────────────────────────────────────────────────────────────────────────────────────────────────────────────────────────────────────────────────
  YOLO mode (shift + tab to cycle)                                                                                                                         11.1% context used

  ⠋ Polishing the algorithms... (20s · ↑ 11 tokens · esc to cancel)
───────────────────────────────────────────────────────────────────────────────────────────────────────────────────────────────────────────────────────────────────────────────
*   Type your message or @path/to/file
───────────────────────────────────────────────────────────────────────────────────────────────────────────────────────────────────────────────────────────────────────────────
  YOLO mode (shift + tab to cycle)                                                                                                                         11.1% context used

  ⠙ Polishing the algorithms... (20s · ↑ 11 tokens · esc to cancel)
───────────────────────────────────────────────────────────────────────────────────────────────────────────────────────────────────────────────────────────────────────────────
*   Type your message or @path/to/file
───────────────────────────────────────────────────────────────────────────────────────────────────────────────────────────────────────────────────────────────────────────────
  YOLO mode (shift + tab to cycle)                                                                                                                         11.1% context used

  ⠹ Polishing the algorithms... (20s · ↑ 11 tokens · esc to cancel)
───────────────────────────────────────────────────────────────────────────────────────────────────────────────────────────────────────────────────────────────────────────────
*   Type your message or @path/to/file
───────────────────────────────────────────────────────────────────────────────────────────────────────────────────────────────────────────────────────────────────────────────
  YOLO mode (shift + tab to cycle)                                                                                                                         11.1% context used

  ⠹ Polishing the algorithms... (20s · ↑ 12 tokens · esc to cancel)
───────────────────────────────────────────────────────────────────────────────────────────────────────────────────────────────────────────────────────────────────────────────
*   Type your message or @path/to/file
───────────────────────────────────────────────────────────────────────────────────────────────────────────────────────────────────────────────────────────────────────────────
  YOLO mode (shift + tab to cycle)                                                                                                                         11.1% context used

  ⠸ Polishing the algorithms... (20s · ↑ 12 tokens · esc to cancel)
───────────────────────────────────────────────────────────────────────────────────────────────────────────────────────────────────────────────────────────────────────────────
*   Type your message or @path/to/file
───────────────────────────────────────────────────────────────────────────────────────────────────────────────────────────────────────────────────────────────────────────────
  YOLO mode (shift + tab to cycle)                                                                                                                         11.1% context used

  ⠼ Polishing the algorithms... (20s · ↑ 12 tokens · esc to cancel)
───────────────────────────────────────────────────────────────────────────────────────────────────────────────────────────────────────────────────────────────────────────────
*   Type your message or @path/to/file
───────────────────────────────────────────────────────────────────────────────────────────────────────────────────────────────────────────────────────────────────────────────
  YOLO mode (shift + tab to cycle)                                                                                                                         11.1% context used

  ⠼ Polishing the algorithms... (20s · ↑ 13 tokens · esc to cancel)
───────────────────────────────────────────────────────────────────────────────────────────────────────────────────────────────────────────────────────────────────────────────
*   Type your message or @path/to/file
───────────────────────────────────────────────────────────────────────────────────────────────────────────────────────────────────────────────────────────────────────────────
  YOLO mode (shift + tab to cycle)                                                                                                                         11.1% context used

  ⠴ Polishing the algorithms... (20s · ↑ 13 tokens · esc to cancel)
───────────────────────────────────────────────────────────────────────────────────────────────────────────────────────────────────────────────────────────────────────────────
*   Type your message or @path/to/file
───────────────────────────────────────────────────────────────────────────────────────────────────────────────────────────────────────────────────────────────────────────────
  YOLO mode (shift + tab to cycle)                                                                                                                         11.1% context used

  ⠴ Polishing the algorithms... (20s · ↑ 14 tokens · esc to cancel)
───────────────────────────────────────────────────────────────────────────────────────────────────────────────────────────────────────────────────────────────────────────────
*   Type your message or @path/to/file
───────────────────────────────────────────────────────────────────────────────────────────────────────────────────────────────────────────────────────────────────────────────
  YOLO mode (shift + tab to cycle)                                                                                                                         11.1% context used

  ⠦ Polishing the algorithms... (20s · ↑ 14 tokens · esc to cancel)
───────────────────────────────────────────────────────────────────────────────────────────────────────────────────────────────────────────────────────────────────────────────
*   Type your message or @path/to/file
───────────────────────────────────────────────────────────────────────────────────────────────────────────────────────────────────────────────────────────────────────────────
  YOLO mode (shift + tab to cycle)                                                                                                                         11.1% context used

  ⠧ Polishing the algorithms... (20s · ↑ 14 tokens · esc to cancel)
───────────────────────────────────────────────────────────────────────────────────────────────────────────────────────────────────────────────────────────────────────────────
*   Type your message or @path/to/file
───────────────────────────────────────────────────────────────────────────────────────────────────────────────────────────────────────────────────────────────────────────────
  YOLO mode (shift + tab to cycle)                                                                                                                         11.1% context used

  ⠧ Polishing the algorithms... (20s · ↑ 15 tokens · esc to cancel)
───────────────────────────────────────────────────────────────────────────────────────────────────────────────────────────────────────────────────────────────────────────────
*   Type your message or @path/to/file
───────────────────────────────────────────────────────────────────────────────────────────────────────────────────────────────────────────────────────────────────────────────
  YOLO mode (shift + tab to cycle)                                                                                                                         11.1% context used

  ⠇ Polishing the algorithms... (20s · ↑ 15 tokens · esc to cancel)
───────────────────────────────────────────────────────────────────────────────────────────────────────────────────────────────────────────────────────────────────────────────
*   Type your message or @path/to/file
───────────────────────────────────────────────────────────────────────────────────────────────────────────────────────────────────────────────────────────────────────────────
  YOLO mode (shift + tab to cycle)                                                                                                                         11.1% context used

  ⠏ Polishing the algorithms... (20s · ↑ 15 tokens · esc to cancel)
───────────────────────────────────────────────────────────────────────────────────────────────────────────────────────────────────────────────────────────────────────────────
*   Type your message or @path/to/file
───────────────────────────────────────────────────────────────────────────────────────────────────────────────────────────────────────────────────────────────────────────────
  YOLO mode (shift + tab to cycle)                                                                                                                         11.1% context used

  ⠏ Polishing the algorithms... (21s · ↑ 15 tokens · esc to cancel)
───────────────────────────────────────────────────────────────────────────────────────────────────────────────────────────────────────────────────────────────────────────────
*   Type your message or @path/to/file
───────────────────────────────────────────────────────────────────────────────────────────────────────────────────────────────────────────────────────────────────────────────
  YOLO mode (shift + tab to cycle)                                                                                                                         11.1% context used

  ⠏ Polishing the algorithms... (21s · ↑ 16 tokens · esc to cancel)
───────────────────────────────────────────────────────────────────────────────────────────────────────────────────────────────────────────────────────────────────────────────
*   Type your message or @path/to/file
───────────────────────────────────────────────────────────────────────────────────────────────────────────────────────────────────────────────────────────────────────────────
  YOLO mode (shift + tab to cycle)                                                                                                                         11.1% context used

  ⠋ Polishing the algorithms... (21s · ↑ 16 tokens · esc to cancel)
───────────────────────────────────────────────────────────────────────────────────────────────────────────────────────────────────────────────────────────────────────────────
*   Type your message or @path/to/file
───────────────────────────────────────────────────────────────────────────────────────────────────────────────────────────────────────────────────────────────────────────────
  YOLO mode (shift + tab to cycle)                                                                                                                         11.1% context used

  ⠋ Polishing the algorithms... (21s · ↑ 17 tokens · esc to cancel)
───────────────────────────────────────────────────────────────────────────────────────────────────────────────────────────────────────────────────────────────────────────────
*   Type your message or @path/to/file
───────────────────────────────────────────────────────────────────────────────────────────────────────────────────────────────────────────────────────────────────────────────
  YOLO mode (shift + tab to cycle)                                                                                                                         11.1% context used

  ⠙ Polishing the algorithms... (21s · ↑ 17 tokens · esc to cancel)
───────────────────────────────────────────────────────────────────────────────────────────────────────────────────────────────────────────────────────────────────────────────
*   Type your message or @path/to/file
───────────────────────────────────────────────────────────────────────────────────────────────────────────────────────────────────────────────────────────────────────────────
  YOLO mode (shift + tab to cycle)                                                                                                                         11.1% context used

  ⠹ Polishing the algorithms... (21s · ↑ 17 tokens · esc to cancel)
───────────────────────────────────────────────────────────────────────────────────────────────────────────────────────────────────────────────────────────────────────────────
*   Type your message or @path/to/file
───────────────────────────────────────────────────────────────────────────────────────────────────────────────────────────────────────────────────────────────────────────────
  YOLO mode (shift + tab to cycle)                                                                                                                         11.1% context used

  ⠹ Polishing the algorithms... (21s · ↑ 18 tokens · esc to cancel)
───────────────────────────────────────────────────────────────────────────────────────────────────────────────────────────────────────────────────────────────────────────────
*   Type your message or @path/to/file
───────────────────────────────────────────────────────────────────────────────────────────────────────────────────────────────────────────────────────────────────────────────
  YOLO mode (shift + tab to cycle)                                                                                                                         11.1% context used

  ⠸ Polishing the algorithms... (21s · ↑ 18 tokens · esc to cancel)
───────────────────────────────────────────────────────────────────────────────────────────────────────────────────────────────────────────────────────────────────────────────
*   Type your message or @path/to/file
───────────────────────────────────────────────────────────────────────────────────────────────────────────────────────────────────────────────────────────────────────────────
  YOLO mode (shift + tab to cycle)                                                                                                                         11.1% context used

  ⠼ Polishing the algorithms... (21s · ↑ 18 tokens · esc to cancel)
───────────────────────────────────────────────────────────────────────────────────────────────────────────────────────────────────────────────────────────────────────────────
*   Type your message or @path/to/file
───────────────────────────────────────────────────────────────────────────────────────────────────────────────────────────────────────────────────────────────────────────────
  YOLO mode (shift + tab to cycle)                                                                                                                         11.1% context used

  ⠼ Polishing the algorithms... (21s · ↑ 19 tokens · esc to cancel)
───────────────────────────────────────────────────────────────────────────────────────────────────────────────────────────────────────────────────────────────────────────────
*   Type your message or @path/to/file
───────────────────────────────────────────────────────────────────────────────────────────────────────────────────────────────────────────────────────────────────────────────
  YOLO mode (shift + tab to cycle)                                                                                                                         11.1% context used

  ⠴ Polishing the algorithms... (21s · ↑ 19 tokens · esc to cancel)
───────────────────────────────────────────────────────────────────────────────────────────────────────────────────────────────────────────────────────────────────────────────
*   Type your message or @path/to/file
───────────────────────────────────────────────────────────────────────────────────────────────────────────────────────────────────────────────────────────────────────────────
  YOLO mode (shift + tab to cycle)                                                                                                                         11.1% context used

  ⠴ Polishing the algorithms... (21s · ↑ 20 tokens · esc to cancel)
───────────────────────────────────────────────────────────────────────────────────────────────────────────────────────────────────────────────────────────────────────────────
*   Type your message or @path/to/file
───────────────────────────────────────────────────────────────────────────────────────────────────────────────────────────────────────────────────────────────────────────────
  YOLO mode (shift + tab to cycle)                                                                                                                         11.1% context used

  ⠦ Polishing the algorithms... (21s · ↑ 20 tokens · esc to cancel)
───────────────────────────────────────────────────────────────────────────────────────────────────────────────────────────────────────────────────────────────────────────────
*   Type your message or @path/to/file
───────────────────────────────────────────────────────────────────────────────────────────────────────────────────────────────────────────────────────────────────────────────
  YOLO mode (shift + tab to cycle)                                                                                                                         11.1% context used

  ⠧ Polishing the algorithms... (21s · ↑ 20 tokens · esc to cancel)
───────────────────────────────────────────────────────────────────────────────────────────────────────────────────────────────────────────────────────────────────────────────
*   Type your message or @path/to/file
───────────────────────────────────────────────────────────────────────────────────────────────────────────────────────────────────────────────────────────────────────────────
  YOLO mode (shift + tab to cycle)                                                                                                                         11.1% context used

  ⠧ Polishing the algorithms... (21s · ↑ 21 tokens · esc to cancel)
───────────────────────────────────────────────────────────────────────────────────────────────────────────────────────────────────────────────────────────────────────────────
*   Type your message or @path/to/file
───────────────────────────────────────────────────────────────────────────────────────────────────────────────────────────────────────────────────────────────────────────────
  YOLO mode (shift + tab to cycle)                                                                                                                         11.1% context used

  ⠇ Polishing the algorithms... (21s · ↑ 21 tokens · esc to cancel)
───────────────────────────────────────────────────────────────────────────────────────────────────────────────────────────────────────────────────────────────────────────────
*   Type your message or @path/to/file
───────────────────────────────────────────────────────────────────────────────────────────────────────────────────────────────────────────────────────────────────────────────
  YOLO mode (shift + tab to cycle)                                                                                                                         11.1% context used

  ⠏ Polishing the algorithms... (21s · ↑ 21 tokens · esc to cancel)
───────────────────────────────────────────────────────────────────────────────────────────────────────────────────────────────────────────────────────────────────────────────
*   Type your message or @path/to/file
───────────────────────────────────────────────────────────────────────────────────────────────────────────────────────────────────────────────────────────────────────────────
  YOLO mode (shift + tab to cycle)                                                                                                                         11.1% context used

  ⠏ Polishing the algorithms... (21s · ↑ 22 tokens · esc to cancel)
───────────────────────────────────────────────────────────────────────────────────────────────────────────────────────────────────────────────────────────────────────────────
*   Type your message or @path/to/file
───────────────────────────────────────────────────────────────────────────────────────────────────────────────────────────────────────────────────────────────────────────────
  YOLO mode (shift + tab to cycle)                                                                                                                         11.1% context used

  ⠋ Polishing the algorithms... (21s · ↑ 22 tokens · esc to cancel)
───────────────────────────────────────────────────────────────────────────────────────────────────────────────────────────────────────────────────────────────────────────────
*   Type your message or @path/to/file
───────────────────────────────────────────────────────────────────────────────────────────────────────────────────────────────────────────────────────────────────────────────
  YOLO mode (shift + tab to cycle)                                                                                                                         11.1% context used

  ⠙ Polishing the algorithms... (21s · ↑ 22 tokens · esc to cancel)
───────────────────────────────────────────────────────────────────────────────────────────────────────────────────────────────────────────────────────────────────────────────
*   Type your message or @path/to/file
───────────────────────────────────────────────────────────────────────────────────────────────────────────────────────────────────────────────────────────────────────────────
  YOLO mode (shift + tab to cycle)                                                                                                                         11.1% context used

  ⠙ Polishing the algorithms... (22s · ↑ 22 tokens · esc to cancel)
───────────────────────────────────────────────────────────────────────────────────────────────────────────────────────────────────────────────────────────────────────────────
*   Type your message or @path/to/file
───────────────────────────────────────────────────────────────────────────────────────────────────────────────────────────────────────────────────────────────────────────────
  YOLO mode (shift + tab to cycle)                                                                                                                         11.1% context used

  ⠹ Polishing the algorithms... (22s · ↑ 22 tokens · esc to cancel)
───────────────────────────────────────────────────────────────────────────────────────────────────────────────────────────────────────────────────────────────────────────────
*   Type your message or @path/to/file
───────────────────────────────────────────────────────────────────────────────────────────────────────────────────────────────────────────────────────────────────────────────
  YOLO mode (shift + tab to cycle)                                                                                                                         11.1% context used

  ⠸ Polishing the algorithms... (22s · ↑ 22 tokens · esc to cancel)
───────────────────────────────────────────────────────────────────────────────────────────────────────────────────────────────────────────────────────────────────────────────
*   Type your message or @path/to/file
───────────────────────────────────────────────────────────────────────────────────────────────────────────────────────────────────────────────────────────────────────────────
  YOLO mode (shift + tab to cycle)                                                                                                                         11.1% context used

  ⠼ Polishing the algorithms... (22s · ↑ 22 tokens · esc to cancel)
───────────────────────────────────────────────────────────────────────────────────────────────────────────────────────────────────────────────────────────────────────────────
*   Type your message or @path/to/file
───────────────────────────────────────────────────────────────────────────────────────────────────────────────────────────────────────────────────────────────────────────────
  YOLO mode (shift + tab to cycle)                                                                                                                         11.1% context used

  ⠴ Polishing the algorithms... (22s · ↑ 22 tokens · esc to cancel)
───────────────────────────────────────────────────────────────────────────────────────────────────────────────────────────────────────────────────────────────────────────────
*   Type your message or @path/to/file
───────────────────────────────────────────────────────────────────────────────────────────────────────────────────────────────────────────────────────────────────────────────
  YOLO mode (shift + tab to cycle)                                                                                                                         11.1% context used

  ⠦ Polishing the algorithms... (22s · ↑ 22 tokens · esc to cancel)
───────────────────────────────────────────────────────────────────────────────────────────────────────────────────────────────────────────────────────────────────────────────
*   Type your message or @path/to/file
───────────────────────────────────────────────────────────────────────────────────────────────────────────────────────────────────────────────────────────────────────────────
  YOLO mode (shift + tab to cycle)                                                                                                                         11.1% context used

  ⠧ Polishing the algorithms... (22s · ↑ 22 tokens · esc to cancel)
───────────────────────────────────────────────────────────────────────────────────────────────────────────────────────────────────────────────────────────────────────────────
*   Type your message or @path/to/file
───────────────────────────────────────────────────────────────────────────────────────────────────────────────────────────────────────────────────────────────────────────────
  YOLO mode (shift + tab to cycle)                                                                                                                         11.1% context used

  ⠇ Polishing the algorithms... (22s · ↑ 22 tokens · esc to cancel)
───────────────────────────────────────────────────────────────────────────────────────────────────────────────────────────────────────────────────────────────────────────────
*   Type your message or @path/to/file
───────────────────────────────────────────────────────────────────────────────────────────────────────────────────────────────────────────────────────────────────────────────
  YOLO mode (shift + tab to cycle)                                                                                                                         11.1% context used

  ⠏ Polishing the algorithms... (22s · ↑ 22 tokens · esc to cancel)
───────────────────────────────────────────────────────────────────────────────────────────────────────────────────────────────────────────────────────────────────────────────
*   Type your message or @path/to/file
───────────────────────────────────────────────────────────────────────────────────────────────────────────────────────────────────────────────────────────────────────────────
  YOLO mode (shift + tab to cycle)                                                                                                                         11.1% context used

  ⠋ Polishing the algorithms... (22s · ↑ 22 tokens · esc to cancel)
───────────────────────────────────────────────────────────────────────────────────────────────────────────────────────────────────────────────────────────────────────────────
*   Type your message or @path/to/file
───────────────────────────────────────────────────────────────────────────────────────────────────────────────────────────────────────────────────────────────────────────────
  YOLO mode (shift + tab to cycle)                                                                                                                         11.1% context used

  ⠙ Polishing the algorithms... (22s · ↑ 22 tokens · esc to cancel)
───────────────────────────────────────────────────────────────────────────────────────────────────────────────────────────────────────────────────────────────────────────────
*   Type your message or @path/to/file
───────────────────────────────────────────────────────────────────────────────────────────────────────────────────────────────────────────────────────────────────────────────
  YOLO mode (shift + tab to cycle)                                                                                                                         11.1% context used

  ⠹ Polishing the algorithms... (22s · ↑ 22 tokens · esc to cancel)
───────────────────────────────────────────────────────────────────────────────────────────────────────────────────────────────────────────────────────────────────────────────
*   Type your message or @path/to/file
───────────────────────────────────────────────────────────────────────────────────────────────────────────────────────────────────────────────────────────────────────────────
  YOLO mode (shift + tab to cycle)                                                                                                                         11.1% context used

  ⠸ Polishing the algorithms... (22s · ↑ 22 tokens · esc to cancel)
───────────────────────────────────────────────────────────────────────────────────────────────────────────────────────────────────────────────────────────────────────────────
*   Type your message or @path/to/file
───────────────────────────────────────────────────────────────────────────────────────────────────────────────────────────────────────────────────────────────────────────────
  YOLO mode (shift + tab to cycle)                                                                                                                         11.1% context used

  ⠼ Polishing the algorithms... (22s · ↑ 22 tokens · esc to cancel)
───────────────────────────────────────────────────────────────────────────────────────────────────────────────────────────────────────────────────────────────────────────────
*   Type your message or @path/to/file
───────────────────────────────────────────────────────────────────────────────────────────────────────────────────────────────────────────────────────────────────────────────
  YOLO mode (shift + tab to cycle)                                                                                                                         11.1% context used

  ⠼ Polishing the algorithms... (23s · ↑ 22 tokens · esc to cancel)
───────────────────────────────────────────────────────────────────────────────────────────────────────────────────────────────────────────────────────────────────────────────
*   Type your message or @path/to/file
───────────────────────────────────────────────────────────────────────────────────────────────────────────────────────────────────────────────────────────────────────────────
  YOLO mode (shift + tab to cycle)                                                                                                                         11.1% context used

  ⠴ Polishing the algorithms... (23s · ↑ 22 tokens · esc to cancel)
───────────────────────────────────────────────────────────────────────────────────────────────────────────────────────────────────────────────────────────────────────────────
*   Type your message or @path/to/file
───────────────────────────────────────────────────────────────────────────────────────────────────────────────────────────────────────────────────────────────────────────────
  YOLO mode (shift + tab to cycle)                                                                                                                         11.1% context used

  ⠦ Polishing the algorithms... (23s · ↑ 22 tokens · esc to cancel)
───────────────────────────────────────────────────────────────────────────────────────────────────────────────────────────────────────────────────────────────────────────────
*   Type your message or @path/to/file
───────────────────────────────────────────────────────────────────────────────────────────────────────────────────────────────────────────────────────────────────────────────
  YOLO mode (shift + tab to cycle)                                                                                                                         11.1% context used

  ⠧ Polishing the algorithms... (23s · ↑ 22 tokens · esc to cancel)
───────────────────────────────────────────────────────────────────────────────────────────────────────────────────────────────────────────────────────────────────────────────
*   Type your message or @path/to/file
───────────────────────────────────────────────────────────────────────────────────────────────────────────────────────────────────────────────────────────────────────────────
  YOLO mode (shift + tab to cycle)                                                                                                                         11.1% context used

  ⠇ Polishing the algorithms... (23s · ↑ 22 tokens · esc to cancel)
───────────────────────────────────────────────────────────────────────────────────────────────────────────────────────────────────────────────────────────────────────────────
*   Type your message or @path/to/file
───────────────────────────────────────────────────────────────────────────────────────────────────────────────────────────────────────────────────────────────────────────────
  YOLO mode (shift + tab to cycle)                                                                                                                         11.1% context used

  ⠏ Polishing the algorithms... (23s · ↑ 22 tokens · esc to cancel)
───────────────────────────────────────────────────────────────────────────────────────────────────────────────────────────────────────────────────────────────────────────────
*   Type your message or @path/to/file
───────────────────────────────────────────────────────────────────────────────────────────────────────────────────────────────────────────────────────────────────────────────
  YOLO mode (shift + tab to cycle)                                                                                                                         11.1% context used

  ⠋ Polishing the algorithms... (23s · ↑ 22 tokens · esc to cancel)
───────────────────────────────────────────────────────────────────────────────────────────────────────────────────────────────────────────────────────────────────────────────
*   Type your message or @path/to/file
───────────────────────────────────────────────────────────────────────────────────────────────────────────────────────────────────────────────────────────────────────────────
  YOLO mode (shift + tab to cycle)                                                                                                                         11.1% context used

  ⠙ Polishing the algorithms... (23s · ↑ 22 tokens · esc to cancel)
───────────────────────────────────────────────────────────────────────────────────────────────────────────────────────────────────────────────────────────────────────────────
*   Type your message or @path/to/file
───────────────────────────────────────────────────────────────────────────────────────────────────────────────────────────────────────────────────────────────────────────────
  YOLO mode (shift + tab to cycle)                                                                                                                         11.1% context used

  ⠹ Polishing the algorithms... (23s · ↑ 22 tokens · esc to cancel)
───────────────────────────────────────────────────────────────────────────────────────────────────────────────────────────────────────────────────────────────────────────────
*   Type your message or @path/to/file
───────────────────────────────────────────────────────────────────────────────────────────────────────────────────────────────────────────────────────────────────────────────
  YOLO mode (shift + tab to cycle)                                                                                                                         11.1% context used

  ⠸ Polishing the algorithms... (23s · ↑ 22 tokens · esc to cancel)
───────────────────────────────────────────────────────────────────────────────────────────────────────────────────────────────────────────────────────────────────────────────
*   Type your message or @path/to/file
───────────────────────────────────────────────────────────────────────────────────────────────────────────────────────────────────────────────────────────────────────────────
  YOLO mode (shift + tab to cycle)                                                                                                                         11.1% context used

  ⠼ Polishing the algorithms... (23s · ↑ 22 tokens · esc to cancel)
───────────────────────────────────────────────────────────────────────────────────────────────────────────────────────────────────────────────────────────────────────────────
*   Type your message or @path/to/file
───────────────────────────────────────────────────────────────────────────────────────────────────────────────────────────────────────────────────────────────────────────────
  YOLO mode (shift + tab to cycle)                                                                                                                         11.1% context used

  ⠴ Polishing the algorithms... (23s · ↑ 22 tokens · esc to cancel)
───────────────────────────────────────────────────────────────────────────────────────────────────────────────────────────────────────────────────────────────────────────────
*   Type your message or @path/to/file
───────────────────────────────────────────────────────────────────────────────────────────────────────────────────────────────────────────────────────────────────────────────
  YOLO mode (shift + tab to cycle)                                                                                                                         11.1% context used

  ⠦ Polishing the algorithms... (23s · ↑ 22 tokens · esc to cancel)
───────────────────────────────────────────────────────────────────────────────────────────────────────────────────────────────────────────────────────────────────────────────
*   Type your message or @path/to/file
───────────────────────────────────────────────────────────────────────────────────────────────────────────────────────────────────────────────────────────────────────────────
  YOLO mode (shift + tab to cycle)                                                                                                                         11.1% context used

  ⠦ Polishing the algorithms... (24s · ↑ 22 tokens · esc to cancel)
───────────────────────────────────────────────────────────────────────────────────────────────────────────────────────────────────────────────────────────────────────────────
*   Type your message or @path/to/file
───────────────────────────────────────────────────────────────────────────────────────────────────────────────────────────────────────────────────────────────────────────────
  YOLO mode (shift + tab to cycle)                                                                                                                         11.1% context used

  ⠧ Polishing the algorithms... (24s · ↑ 22 tokens · esc to cancel)
───────────────────────────────────────────────────────────────────────────────────────────────────────────────────────────────────────────────────────────────────────────────
*   Type your message or @path/to/file
───────────────────────────────────────────────────────────────────────────────────────────────────────────────────────────────────────────────────────────────────────────────
  YOLO mode (shift + tab to cycle)                                                                                                                         11.1% context used

  ⠇ Polishing the algorithms... (24s · ↑ 22 tokens · esc to cancel)
───────────────────────────────────────────────────────────────────────────────────────────────────────────────────────────────────────────────────────────────────────────────
*   Type your message or @path/to/file
───────────────────────────────────────────────────────────────────────────────────────────────────────────────────────────────────────────────────────────────────────────────
  YOLO mode (shift + tab to cycle)                                                                                                                         11.1% context used

  ⠏ Polishing the algorithms... (24s · ↑ 22 tokens · esc to cancel)
───────────────────────────────────────────────────────────────────────────────────────────────────────────────────────────────────────────────────────────────────────────────
*   Type your message or @path/to/file
───────────────────────────────────────────────────────────────────────────────────────────────────────────────────────────────────────────────────────────────────────────────
  YOLO mode (shift + tab to cycle)                                                                                                                         11.1% context used

  ⠋ Polishing the algorithms... (24s · ↑ 22 tokens · esc to cancel)
───────────────────────────────────────────────────────────────────────────────────────────────────────────────────────────────────────────────────────────────────────────────
*   Type your message or @path/to/file
───────────────────────────────────────────────────────────────────────────────────────────────────────────────────────────────────────────────────────────────────────────────
  YOLO mode (shift + tab to cycle)                                                                                                                         11.1% context used

  ⠙ Polishing the algorithms... (24s · ↑ 22 tokens · esc to cancel)
───────────────────────────────────────────────────────────────────────────────────────────────────────────────────────────────────────────────────────────────────────────────
*   Type your message or @path/to/file
───────────────────────────────────────────────────────────────────────────────────────────────────────────────────────────────────────────────────────────────────────────────
  YOLO mode (shift + tab to cycle)                                                                                                                         11.1% context used

  ⠹ Polishing the algorithms... (24s · ↑ 22 tokens · esc to cancel)
───────────────────────────────────────────────────────────────────────────────────────────────────────────────────────────────────────────────────────────────────────────────
*   Type your message or @path/to/file
───────────────────────────────────────────────────────────────────────────────────────────────────────────────────────────────────────────────────────────────────────────────
  YOLO mode (shift + tab to cycle)                                                                                                                         11.1% context used

  ⠸ Polishing the algorithms... (24s · ↑ 22 tokens · esc to cancel)
───────────────────────────────────────────────────────────────────────────────────────────────────────────────────────────────────────────────────────────────────────────────
*   Type your message or @path/to/file
───────────────────────────────────────────────────────────────────────────────────────────────────────────────────────────────────────────────────────────────────────────────
  YOLO mode (shift + tab to cycle)                                                                                                                         11.1% context used

  ⠼ Polishing the algorithms... (24s · ↑ 22 tokens · esc to cancel)
───────────────────────────────────────────────────────────────────────────────────────────────────────────────────────────────────────────────────────────────────────────────
*   Type your message or @path/to/file
───────────────────────────────────────────────────────────────────────────────────────────────────────────────────────────────────────────────────────────────────────────────
  YOLO mode (shift + tab to cycle)                                                                                                                         11.1% context used

  ⠴ Polishing the algorithms... (24s · ↑ 22 tokens · esc to cancel)
───────────────────────────────────────────────────────────────────────────────────────────────────────────────────────────────────────────────────────────────────────────────
*   Type your message or @path/to/file
───────────────────────────────────────────────────────────────────────────────────────────────────────────────────────────────────────────────────────────────────────────────
  YOLO mode (shift + tab to cycle)                                                                                                                         11.1% context used

  ⠦ Polishing the algorithms... (24s · ↑ 22 tokens · esc to cancel)
───────────────────────────────────────────────────────────────────────────────────────────────────────────────────────────────────────────────────────────────────────────────
*   Type your message or @path/to/file
───────────────────────────────────────────────────────────────────────────────────────────────────────────────────────────────────────────────────────────────────────────────
  YOLO mode (shift + tab to cycle)                                                                                                                         11.1% context used

  ∴ Thinking… 0s

    Source language: zh-TW, Target language: en

    Let me translate "快速演進" and produce the markdown output,

  ⠦ Polishing the algorithms... (24s · ↑ 22 tokens · esc to cancel)
───────────────────────────────────────────────────────────────────────────────────────────────────────────────────────────────────────────────────────────────────────────────
*   Type your message or @path/to/file

───────────────────────────────────────────────────────────────────────────────────────────────────────────────────────────────────────────────────────────────────────────────
  YOLO mode (shift + tab to cycle)                                                                                                                         11.1% context used

  ∴ Thinking… 0s

    Source language: zh-TW, Target language: en

    Let me translate "快速演進" and produce the markdown output,

  ⠧ Polishing the algorithms... (24s · ↑ 22 tokens · esc to cancel)
───────────────────────────────────────────────────────────────────────────────────────────────────────────────────────────────────────────────────────────────────────────────
*  [38;2;108;112;134m Type your message or @path/to/file
───────────────────────────────────────────────────────────────────────────────────────────────────────────────────────────────────────────────────────────────────────────────
  YOLO mode (shift + tab to cycle)                                                                                                                         11.1% context used

  ∴ Thinking… 0s

    Source language: zh-TW, Target language: en

    Let me translate "快速演進" and produce the markdown output,

  ⠇ Polishing the algorithms... (24s · ↑ 22 tokens · esc to cancel)
───────────────────────────────────────────────────────────────────────────────────────────────────────────────────────────────────────────────────────────────────────────────
*  [38;2;108;112;134m Type your message or @path/to/file
───────────────────────────────────────────────────────────────────────────────────────────────────────────────────────────────────────────────────────────────────────────────
  YOLO mode (shift + tab to cycle)                                                                                                                         11.1% context used

  ∴ Thinking… 0s

    Source language: zh-TW, Target language: en

    Let me translate "快速演進" and produce the markdown output,

  ⠏ Polishing the algorithms... (24s · ↑ 22 tokens · esc to cancel)
───────────────────────────────────────────────────────────────────────────────────────────────────────────────────────────────────────────────────────────────────────────────
*  [38;2;108;112;134m Type your message or @path/to/file
───────────────────────────────────────────────────────────────────────────────────────────────────────────────────────────────────────────────────────────────────────────────
  YOLO mode (shift + tab to cycle)                                                                                                                         11.1% context used

  ∴ Thinking… 0s

    Source language: zh-TW, Target language: en

    Let me translate "快速演進" and produce the markdown output,

  ⠏ Polishing the algorithms... (25s · ↑ 22 tokens · esc to cancel)
───────────────────────────────────────────────────────────────────────────────────────────────────────────────────────────────────────────────────────────────────────────────
*  [38;2;108;112;134m Type your message or @path/to/file
───────────────────────────────────────────────────────────────────────────────────────────────────────────────────────────────────────────────────────────────────────────────
  YOLO mode (shift + tab to cycle)                                                                                                                         11.1% context used

  ∴ Thinking… 0s

    Source language: zh-TW, Target language: en

    Let me translate "快速演進" and produce the markdown output,

  ⠋ Polishing the algorithms... (25s · ↑ 22 tokens · esc to cancel)
───────────────────────────────────────────────────────────────────────────────────────────────────────────────────────────────────────────────────────────────────────────────
*  [38;2;108;112;134m Type your message or @path/to/file
───────────────────────────────────────────────────────────────────────────────────────────────────────────────────────────────────────────────────────────────────────────────
  YOLO mode (shift + tab to cycle)                                                                                                                         11.1% context used

  ∴ Thinking… 0s

    Source language: zh-TW, Target language: en

    Let me translate "快速演進" and produce the markdown output,

  ⠙ Polishing the algorithms... (25s · ↑ 22 tokens · esc to cancel)
───────────────────────────────────────────────────────────────────────────────────────────────────────────────────────────────────────────────────────────────────────────────
*  [38;2;108;112;134m Type your message or @path/to/file
───────────────────────────────────────────────────────────────────────────────────────────────────────────────────────────────────────────────────────────────────────────────
  YOLO mode (shift + tab to cycle)                                                                                                                         11.1% context used

  ∴ Thinking… 0s

    Source language: zh-TW, Target language: en

    Let me translate "快速演進" and produce the markdown output,

  ⠹ Polishing the algorithms... (25s · ↑ 22 tokens · esc to cancel)
───────────────────────────────────────────────────────────────────────────────────────────────────────────────────────────────────────────────────────────────────────────────
*  [38;2;108;112;134m Type your message or @path/to/file
───────────────────────────────────────────────────────────────────────────────────────────────────────────────────────────────────────────────────────────────────────────────
  YOLO mode (shift + tab to cycle)                                                                                                                         11.1% context used

  ∴ Thinking… 0s

    Source language: zh-TW, Target language: en

    Let me translate "快速演進" and produce the markdown output,

  ⠸ Polishing the algorithms... (25s · ↑ 22 tokens · esc to cancel)
───────────────────────────────────────────────────────────────────────────────────────────────────────────────────────────────────────────────────────────────────────────────
*  [38;2;108;112;134m Type your message or @path/to/file
───────────────────────────────────────────────────────────────────────────────────────────────────────────────────────────────────────────────────────────────────────────────
  YOLO mode (shift + tab to cycle)                                                                                                                         11.1% context used

  ∴ Thinking… 0s

    Source language: zh-TW, Target language: en

    Let me translate "快速演進" and produce the markdown output,

  ⠼ Polishing the algorithms... (25s · ↑ 22 tokens · esc to cancel)
───────────────────────────────────────────────────────────────────────────────────────────────────────────────────────────────────────────────────────────────────────────────
*  [38;2;108;112;134m Type your message or @path/to/file
───────────────────────────────────────────────────────────────────────────────────────────────────────────────────────────────────────────────────────────────────────────────
  YOLO mode (shift + tab to cycle)                                                                                                                         11.1% context used

  ∴ Thinking… 0s

    Source language: zh-TW, Target language: en

    Let me translate "快速演進" and produce the markdown output,

  ⠴ Polishing the algorithms... (25s · ↑ 22 tokens · esc to cancel)
───────────────────────────────────────────────────────────────────────────────────────────────────────────────────────────────────────────────────────────────────────────────
*  [38;2;108;112;134m Type your message or @path/to/file
───────────────────────────────────────────────────────────────────────────────────────────────────────────────────────────────────────────────────────────────────────────────
  YOLO mode (shift + tab to cycle)                                                                                                                         11.1% context used

  ∴ Thinking… 0s

    Source language: zh-TW, Target language: en

    Let me translate "快速演進" and produce the markdown output,

  ⠦ Polishing the algorithms... (25s · ↑ 22 tokens · esc to cancel)
───────────────────────────────────────────────────────────────────────────────────────────────────────────────────────────────────────────────────────────────────────────────
*  [38;2;108;112;134m Type your message or @path/to/file
───────────────────────────────────────────────────────────────────────────────────────────────────────────────────────────────────────────────────────────────────────────────
  YOLO mode (shift + tab to cycle)                                                                                                                         11.1% context used

  ∴ Thinking… 0s

    Source language: zh-TW, Target language: en

    Let me translate "快速演進" and produce the markdown output,

  ⠧ Polishing the algorithms... (25s · ↑ 22 tokens · esc to cancel)
───────────────────────────────────────────────────────────────────────────────────────────────────────────────────────────────────────────────────────────────────────────────
*  [38;2;108;112;134m Type your message or @path/to/file
───────────────────────────────────────────────────────────────────────────────────────────────────────────────────────────────────────────────────────────────────────────────
  YOLO mode (shift + tab to cycle)                                                                                                                         11.1% context used

  ∴ Thinking… 0s

    Source language: zh-TW, Target language: en

    Let me translate "快速演進" and produce the markdown output,

  ⠇ Polishing the algorithms... (25s · ↑ 22 tokens · esc to cancel)
───────────────────────────────────────────────────────────────────────────────────────────────────────────────────────────────────────────────────────────────────────────────
*  [38;2;108;112;134m Type your message or @path/to/file
───────────────────────────────────────────────────────────────────────────────────────────────────────────────────────────────────────────────────────────────────────────────
  YOLO mode (shift + tab to cycle)                                                                                                                         11.1% context used

  ∴ Thinking… 0s

    Source language: zh-TW, Target language: en

    Let me translate "快速演進" and produce the markdown output,

  ⠏ Polishing the algorithms... (25s · ↑ 22 tokens · esc to cancel)
───────────────────────────────────────────────────────────────────────────────────────────────────────────────────────────────────────────────────────────────────────────────
*  [38;2;108;112;134m Type your message or @path/to/file
───────────────────────────────────────────────────────────────────────────────────────────────────────────────────────────────────────────────────────────────────────────────
  YOLO mode (shift + tab to cycle)                                                                                                                         11.1% context used

  ∴ Thinking… 0s

    Source language: zh-TW, Target language: en

    Let me translate "快速演進" and produce the markdown output,

  ⠋ Polishing the algorithms... (25s · ↑ 22 tokens · esc to cancel)
───────────────────────────────────────────────────────────────────────────────────────────────────────────────────────────────────────────────────────────────────────────────
*  [38;2;108;112;134m Type your message or @path/to/file
───────────────────────────────────────────────────────────────────────────────────────────────────────────────────────────────────────────────────────────────────────────────
  YOLO mode (shift + tab to cycle)                                                                                                                         11.1% context used

  ∴ Thinking… 0s

    Source language: zh-TW, Target language: en

    Let me translate "快速演進" and produce the markdown output,

  ⠙ Polishing the algorithms... (25s · ↑ 22 tokens · esc to cancel)
───────────────────────────────────────────────────────────────────────────────────────────────────────────────────────────────────────────────────────────────────────────────
*  [38;2;108;112;134m Type your message or @path/to/file
───────────────────────────────────────────────────────────────────────────────────────────────────────────────────────────────────────────────────────────────────────────────
  YOLO mode (shift + tab to cycle)                                                                                                                         11.1% context used

  ∴ Thinking… 0s

    Source language: zh-TW, Target language: en

    Let me translate "快速演進" and produce the markdown output,

  ⠙ Polishing the algorithms... (26s · ↑ 22 tokens · esc to cancel)
───────────────────────────────────────────────────────────────────────────────────────────────────────────────────────────────────────────────────────────────────────────────
*  [38;2;108;112;134m Type your message or @path/to/file
───────────────────────────────────────────────────────────────────────────────────────────────────────────────────────────────────────────────────────────────────────────────
  YOLO mode (shift + tab to cycle)                                                                                                                         11.1% context used

  ∴ Thinking… 0s

    Source language: zh-TW, Target language: en

    Let me translate "快速演進" and produce the markdown output,

  ⠹ Polishing the algorithms... (26s · ↑ 22 tokens · esc to cancel)
───────────────────────────────────────────────────────────────────────────────────────────────────────────────────────────────────────────────────────────────────────────────
*  [38;2;108;112;134m Type your message or @path/to/file
───────────────────────────────────────────────────────────────────────────────────────────────────────────────────────────────────────────────────────────────────────────────
  YOLO mode (shift + tab to cycle)                                                                                                                         11.1% context used

  ∴ Thinking… 0s

    Source language: zh-TW, Target language: en

    Let me translate "快速演進" and produce the markdown output,

  ⠸ Polishing the algorithms... (26s · ↑ 22 tokens · esc to cancel)
───────────────────────────────────────────────────────────────────────────────────────────────────────────────────────────────────────────────────────────────────────────────
*  [38;2;108;112;134m Type your message or @path/to/file
───────────────────────────────────────────────────────────────────────────────────────────────────────────────────────────────────────────────────────────────────────────────
  YOLO mode (shift + tab to cycle)                                                                                                                         11.1% context used

  ∴ Thinking… 0s

    Source language: zh-TW, Target language: en

    Let me translate "快速演進" and produce the markdown output,

  ⠼ Polishing the algorithms... (26s · ↑ 22 tokens · esc to cancel)
───────────────────────────────────────────────────────────────────────────────────────────────────────────────────────────────────────────────────────────────────────────────
*  [38;2;108;112;134m Type your message or @path/to/file
───────────────────────────────────────────────────────────────────────────────────────────────────────────────────────────────────────────────────────────────────────────────
  YOLO mode (shift + tab to cycle)                                                                                                                         11.1% context used

  ∴ Thinking… 0s

    Source language: zh-TW, Target language: en

    Let me translate "快速演進" and produce the markdown output,

  ⠴ Polishing the algorithms... (26s · ↑ 22 tokens · esc to cancel)
───────────────────────────────────────────────────────────────────────────────────────────────────────────────────────────────────────────────────────────────────────────────
*  [38;2;108;112;134m Type your message or @path/to/file
───────────────────────────────────────────────────────────────────────────────────────────────────────────────────────────────────────────────────────────────────────────────
  YOLO mode (shift + tab to cycle)                                                                                                                         11.1% context used

  ∴ Thinking… 0s

    Source language: zh-TW, Target language: en

    Let me translate "快速演進" and produce the markdown output,

  ⠦ Polishing the algorithms... (26s · ↑ 22 tokens · esc to cancel)
───────────────────────────────────────────────────────────────────────────────────────────────────────────────────────────────────────────────────────────────────────────────
*  [38;2;108;112;134m Type your message or @path/to/file
───────────────────────────────────────────────────────────────────────────────────────────────────────────────────────────────────────────────────────────────────────────────
  YOLO mode (shift + tab to cycle)                                                                                                                         11.1% context used

  ∴ Thinking… 0s

    Source language: zh-TW, Target language: en

    Let me translate "快速演進" and produce the markdown output,

  ⠧ Polishing the algorithms... (26s · ↑ 22 tokens · esc to cancel)
───────────────────────────────────────────────────────────────────────────────────────────────────────────────────────────────────────────────────────────────────────────────
*  [38;2;108;112;134m Type your message or @path/to/file
───────────────────────────────────────────────────────────────────────────────────────────────────────────────────────────────────────────────────────────────────────────────
  YOLO mode (shift + tab to cycle)                                                                                                                         11.1% context used

  ∴ Thinking… 0s

    Source language: zh-TW, Target language: en

    Let me translate "快速演進" and produce the markdown output,

  ⠇ Polishing the algorithms... (26s · ↑ 22 tokens · esc to cancel)
───────────────────────────────────────────────────────────────────────────────────────────────────────────────────────────────────────────────────────────────────────────────
*  [38;2;108;112;134m Type your message or @path/to/file
───────────────────────────────────────────────────────────────────────────────────────────────────────────────────────────────────────────────────────────────────────────────
  YOLO mode (shift + tab to cycle)                                                                                                                         11.1% context used

  ∴ Thinking… 0s

    Source language: zh-TW, Target language: en

    Let me translate "快速演進" and produce the markdown output,

  ⠏ Polishing the algorithms... (26s · ↑ 22 tokens · esc to cancel)
───────────────────────────────────────────────────────────────────────────────────────────────────────────────────────────────────────────────────────────────────────────────
*  [38;2;108;112;134m Type your message or @path/to/file
───────────────────────────────────────────────────────────────────────────────────────────────────────────────────────────────────────────────────────────────────────────────
  YOLO mode (shift + tab to cycle)                                                                                                                         11.1% context used

  ∴ Thinking… 0s

    Source language: zh-TW, Target language: en

    Let me translate "快速演進" and produce the markdown output,

  ⠋ Polishing the algorithms... (26s · ↑ 22 tokens · esc to cancel)
───────────────────────────────────────────────────────────────────────────────────────────────────────────────────────────────────────────────────────────────────────────────
*  [38;2;108;112;134m Type your message or @path/to/file
───────────────────────────────────────────────────────────────────────────────────────────────────────────────────────────────────────────────────────────────────────────────
  YOLO mode (shift + tab to cycle)                                                                                                                         11.1% context used

  ∴ Thinking… 0s

    Source language: zh-TW, Target language: en

    Let me translate "快速演進" and produce the markdown output,

  ⠙ Polishing the algorithms... (26s · ↑ 22 tokens · esc to cancel)
───────────────────────────────────────────────────────────────────────────────────────────────────────────────────────────────────────────────────────────────────────────────
*  [38;2;108;112;134m Type your message or @path/to/file
───────────────────────────────────────────────────────────────────────────────────────────────────────────────────────────────────────────────────────────────────────────────
  YOLO mode (shift + tab to cycle)                                                                                                                         11.1% context used

  ∴ Thinking… 0s

    Source language: zh-TW, Target language: en

    Let me translate "快速演進" and produce the markdown output,

  ⠹ Polishing the algorithms... (26s · ↑ 22 tokens · esc to cancel)
───────────────────────────────────────────────────────────────────────────────────────────────────────────────────────────────────────────────────────────────────────────────
*  [38;2;108;112;134m Type your message or @path/to/file
───────────────────────────────────────────────────────────────────────────────────────────────────────────────────────────────────────────────────────────────────────────────
  YOLO mode (shift + tab to cycle)                                                                                                                         11.1% context used

  ∴ Thinking… 0s

    Source language: zh-TW, Target language: en

    Let me translate "快速演進" and produce the markdown output,

  ⠸ Polishing the algorithms... (26s · ↑ 22 tokens · esc to cancel)
───────────────────────────────────────────────────────────────────────────────────────────────────────────────────────────────────────────────────────────────────────────────
*  [38;2;108;112;134m Type your message or @path/to/file
───────────────────────────────────────────────────────────────────────────────────────────────────────────────────────────────────────────────────────────────────────────────
  YOLO mode (shift + tab to cycle)                                                                                                                         11.1% context used

  ∴ Thinking… 0s

    Source language: zh-TW, Target language: en

    Let me translate "快速演進" and produce the markdown output,

  ⠸ Polishing the algorithms... (27s · ↑ 22 tokens · esc to cancel)
───────────────────────────────────────────────────────────────────────────────────────────────────────────────────────────────────────────────────────────────────────────────
*  [38;2;108;112;134m Type your message or @path/to/file
───────────────────────────────────────────────────────────────────────────────────────────────────────────────────────────────────────────────────────────────────────────────
  YOLO mode (shift + tab to cycle)                                                                                                                         11.1% context used

  ∴ Thinking… 0s

    Source language: zh-TW, Target language: en

    Let me translate "快速演進" and produce the markdown output,

  ⠼ Polishing the algorithms... (27s · ↑ 22 tokens · esc to cancel)
───────────────────────────────────────────────────────────────────────────────────────────────────────────────────────────────────────────────────────────────────────────────
*  [38;2;108;112;134m Type your message or @path/to/file
───────────────────────────────────────────────────────────────────────────────────────────────────────────────────────────────────────────────────────────────────────────────
  YOLO mode (shift + tab to cycle)                                                                                                                         11.1% context used

  ∴ Thinking… 0s

    Source language: zh-TW, Target language: en

    Let me translate "快速演進" and produce the markdown output,

  ⠴ Polishing the algorithms... (27s · ↑ 22 tokens · esc to cancel)
───────────────────────────────────────────────────────────────────────────────────────────────────────────────────────────────────────────────────────────────────────────────
*  [38;2;108;112;134m Type your message or @path/to/file
───────────────────────────────────────────────────────────────────────────────────────────────────────────────────────────────────────────────────────────────────────────────
  YOLO mode (shift + tab to cycle)                                                                                                                         11.1% context used

  ∴ Thinking… 0s

    Source language: zh-TW, Target language: en

    Let me translate "快速演進" and produce the markdown output,

  ⠦ Polishing the algorithms... (27s · ↑ 22 tokens · esc to cancel)
───────────────────────────────────────────────────────────────────────────────────────────────────────────────────────────────────────────────────────────────────────────────
*  [38;2;108;112;134m Type your message or @path/to/file
───────────────────────────────────────────────────────────────────────────────────────────────────────────────────────────────────────────────────────────────────────────────
  YOLO mode (shift + tab to cycle)                                                                                                                         11.1% context used

  ∴ Thinking… 0s

    Source language: zh-TW, Target language: en

    Let me translate "快速演進" and produce the markdown output,

  ⠧ Polishing the algorithms... (27s · ↑ 22 tokens · esc to cancel)
───────────────────────────────────────────────────────────────────────────────────────────────────────────────────────────────────────────────────────────────────────────────
*  [38;2;108;112;134m Type your message or @path/to/file
───────────────────────────────────────────────────────────────────────────────────────────────────────────────────────────────────────────────────────────────────────────────
  YOLO mode (shift + tab to cycle)                                                                                                                         11.1% context used

  ∴ Thinking… 0s

    Source language: zh-TW, Target language: en

    Let me translate "快速演進" and produce the markdown output,

  ⠇ Polishing the algorithms... (27s · ↑ 22 tokens · esc to cancel)
───────────────────────────────────────────────────────────────────────────────────────────────────────────────────────────────────────────────────────────────────────────────
*  [38;2;108;112;134m Type your message or @path/to/file
───────────────────────────────────────────────────────────────────────────────────────────────────────────────────────────────────────────────────────────────────────────────
  YOLO mode (shift + tab to cycle)                                                                                                                         11.1% context used

  ∴ Thinking… 0s

    Source language: zh-TW, Target language: en

    Let me translate "快速演進" and produce the markdown output,

  ⠏ Polishing the algorithms... (27s · ↑ 22 tokens · esc to cancel)
───────────────────────────────────────────────────────────────────────────────────────────────────────────────────────────────────────────────────────────────────────────────
*  [38;2;108;112;134m Type your message or @path/to/file
───────────────────────────────────────────────────────────────────────────────────────────────────────────────────────────────────────────────────────────────────────────────
  YOLO mode (shift + tab to cycle)                                                                                                                         11.1% context used

  ∴ Thinking… 0s

    Source language: zh-TW, Target language: en

    Let me translate "快速演進" and produce the markdown output,

  ⠋ Polishing the algorithms... (27s · ↑ 22 tokens · esc to cancel)
───────────────────────────────────────────────────────────────────────────────────────────────────────────────────────────────────────────────────────────────────────────────
*  [38;2;108;112;134m Type your message or @path/to/file
───────────────────────────────────────────────────────────────────────────────────────────────────────────────────────────────────────────────────────────────────────────────
  YOLO mode (shift + tab to cycle)                                                                                                                         11.1% context used

  ∴ Thinking… 0s

    Source language: zh-TW, Target language: en

    Let me translate "快速演進" and produce the markdown output,

  ⠙ Polishing the algorithms... (27s · ↑ 22 tokens · esc to cancel)
───────────────────────────────────────────────────────────────────────────────────────────────────────────────────────────────────────────────────────────────────────────────
*  [38;2;108;112;134m Type your message or @path/to/file
───────────────────────────────────────────────────────────────────────────────────────────────────────────────────────────────────────────────────────────────────────────────
  YOLO mode (shift + tab to cycle)                                                                                                                         11.1% context used

  ∴ Thinking… 0s

    Source language: zh-TW, Target language: en

    Let me translate "快速演進" and produce the markdown output,

  ⠹ Polishing the algorithms... (27s · ↑ 22 tokens · esc to cancel)
───────────────────────────────────────────────────────────────────────────────────────────────────────────────────────────────────────────────────────────────────────────────
*  [38;2;108;112;134m Type your message or @path/to/file
───────────────────────────────────────────────────────────────────────────────────────────────────────────────────────────────────────────────────────────────────────────────
  YOLO mode (shift + tab to cycle)                                                                                                                         11.1% context used

  ∴ Thinking… 0s

    Source language: zh-TW, Target language: en

    Let me translate "快速演進" and produce the markdown output,

  ⠸ Polishing the algorithms... (27s · ↑ 22 tokens · esc to cancel)
───────────────────────────────────────────────────────────────────────────────────────────────────────────────────────────────────────────────────────────────────────────────
*  [38;2;108;112;134m Type your message or @path/to/file
───────────────────────────────────────────────────────────────────────────────────────────────────────────────────────────────────────────────────────────────────────────────
  YOLO mode (shift + tab to cycle)                                                                                                                         11.1% context used

  ∴ Thinking… 0s

    Source language: zh-TW, Target language: en

    Let me translate "快速演進" and produce the markdown output,

  ⠼ Polishing the algorithms... (27s · ↑ 22 tokens · esc to cancel)
───────────────────────────────────────────────────────────────────────────────────────────────────────────────────────────────────────────────────────────────────────────────
*  [38;2;108;112;134m Type your message or @path/to/file
───────────────────────────────────────────────────────────────────────────────────────────────────────────────────────────────────────────────────────────────────────────────
  YOLO mode (shift + tab to cycle)                                                                                                                         11.1% context used

  ∴ Thinking… 0s

    Source language: zh-TW, Target language: en

    Let me translate "快速演進" and produce the markdown output,

  ⠴ Polishing the algorithms... (27s · ↑ 22 tokens · esc to cancel)
───────────────────────────────────────────────────────────────────────────────────────────────────────────────────────────────────────────────────────────────────────────────
*  [38;2;108;112;134m Type your message or @path/to/file
───────────────────────────────────────────────────────────────────────────────────────────────────────────────────────────────────────────────────────────────────────────────
  YOLO mode (shift + tab to cycle)                                                                                                                         11.1% context used

  ∴ Thinking… 0s

    Source language: zh-TW, Target language: en

    Let me translate "快速演進" and produce the markdown output,

  ⠦ Polishing the algorithms... (27s · ↑ 22 tokens · esc to cancel)
───────────────────────────────────────────────────────────────────────────────────────────────────────────────────────────────────────────────────────────────────────────────
*  [38;2;108;112;134m Type your message or @path/to/file
───────────────────────────────────────────────────────────────────────────────────────────────────────────────────────────────────────────────────────────────────────────────
  YOLO mode (shift + tab to cycle)                                                                                                                         11.1% context used

  ∴ Thinking… 0s

    Source language: zh-TW, Target language: en

    Let me translate "快速演進" and produce the markdown output,

  ⠦ Polishing the algorithms... (28s · ↑ 22 tokens · esc to cancel)
───────────────────────────────────────────────────────────────────────────────────────────────────────────────────────────────────────────────────────────────────────────────
*  [38;2;108;112;134m Type your message or @path/to/file
───────────────────────────────────────────────────────────────────────────────────────────────────────────────────────────────────────────────────────────────────────────────
  YOLO mode (shift + tab to cycle)                                                                                                                         11.1% context used

  ∴ Thinking… 0s

    Source language: zh-TW, Target language: en

    Let me translate "快速演進" and produce the markdown output,

  ⠧ Polishing the algorithms... (28s · ↑ 22 tokens · esc to cancel)
───────────────────────────────────────────────────────────────────────────────────────────────────────────────────────────────────────────────────────────────────────────────
*  [38;2;108;112;134m Type your message or @path/to/file
───────────────────────────────────────────────────────────────────────────────────────────────────────────────────────────────────────────────────────────────────────────────
  YOLO mode (shift + tab to cycle)                                                                                                                         11.1% context used

  ∴ Thinking… 0s

    Source language: zh-TW, Target language: en

    Let me translate "快速演進" and produce the markdown output,

  ⠇ Polishing the algorithms... (28s · ↑ 22 tokens · esc to cancel)
───────────────────────────────────────────────────────────────────────────────────────────────────────────────────────────────────────────────────────────────────────────────
*  [38;2;108;112;134m Type your message or @path/to/file
───────────────────────────────────────────────────────────────────────────────────────────────────────────────────────────────────────────────────────────────────────────────
  YOLO mode (shift + tab to cycle)                                                                                                                         11.1% context used

  ∴ Thinking… 0s

    Source language: zh-TW, Target language: en

    Let me translate "快速演進" and produce the markdown output,

  ⠏ Polishing the algorithms... (28s · ↑ 22 tokens · esc to cancel)
───────────────────────────────────────────────────────────────────────────────────────────────────────────────────────────────────────────────────────────────────────────────
*  [38;2;108;112;134m Type your message or @path/to/file
───────────────────────────────────────────────────────────────────────────────────────────────────────────────────────────────────────────────────────────────────────────────
  YOLO mode (shift + tab to cycle)                                                                                                                         11.1% context used

  ∴ Thinking… 0s

    Source language: zh-TW, Target language: en

    Let me translate "快速演進" and produce the markdown output,

  ⠋ Polishing the algorithms... (28s · ↑ 22 tokens · esc to cancel)
───────────────────────────────────────────────────────────────────────────────────────────────────────────────────────────────────────────────────────────────────────────────
*  [38;2;108;112;134m Type your message or @path/to/file
───────────────────────────────────────────────────────────────────────────────────────────────────────────────────────────────────────────────────────────────────────────────
  YOLO mode (shift + tab to cycle)                                                                                                                         11.1% context used

  ∴ Thinking… 0s

    Source language: zh-TW, Target language: en

    Let me translate "快速演進" and produce the markdown output,

  ⠙ Polishing the algorithms... (28s · ↑ 22 tokens · esc to cancel)
───────────────────────────────────────────────────────────────────────────────────────────────────────────────────────────────────────────────────────────────────────────────
*  [38;2;108;112;134m Type your message or @path/to/file
───────────────────────────────────────────────────────────────────────────────────────────────────────────────────────────────────────────────────────────────────────────────
  YOLO mode (shift + tab to cycle)                                                                                                                         11.1% context used

  ∴ Thinking… 0s

    Source language: zh-TW, Target language: en

    Let me translate "快速演進" and produce the markdown output,

  ⠹ Polishing the algorithms... (28s · ↑ 22 tokens · esc to cancel)
───────────────────────────────────────────────────────────────────────────────────────────────────────────────────────────────────────────────────────────────────────────────
*  [38;2;108;112;134m Type your message or @path/to/file
───────────────────────────────────────────────────────────────────────────────────────────────────────────────────────────────────────────────────────────────────────────────
  YOLO mode (shift + tab to cycle)                                                                                                                         11.1% context used

  ∴ Thinking… 0s

    Source language: zh-TW, Target language: en

    Let me translate "快速演進" and produce the markdown output,

  ⠸ Polishing the algorithms... (28s · ↑ 22 tokens · esc to cancel)
───────────────────────────────────────────────────────────────────────────────────────────────────────────────────────────────────────────────────────────────────────────────
*  [38;2;108;112;134m Type your message or @path/to/file
───────────────────────────────────────────────────────────────────────────────────────────────────────────────────────────────────────────────────────────────────────────────
  YOLO mode (shift + tab to cycle)                                                                                                                         11.1% context used

  ∴ Thinking… 0s

    Source language: zh-TW, Target language: en

    Let me translate "快速演進" and produce the markdown output,

  ⠼ Polishing the algorithms... (28s · ↑ 22 tokens · esc to cancel)
───────────────────────────────────────────────────────────────────────────────────────────────────────────────────────────────────────────────────────────────────────────────
*  [38;2;108;112;134m Type your message or @path/to/file
───────────────────────────────────────────────────────────────────────────────────────────────────────────────────────────────────────────────────────────────────────────────
  YOLO mode (shift + tab to cycle)                                                                                                                         11.1% context used

  ∴ Thinking… 0s

    Source language: zh-TW, Target language: en

    Let me translate "快速演進" and produce the markdown output,

  ⠴ Polishing the algorithms... (28s · ↑ 22 tokens · esc to cancel)
───────────────────────────────────────────────────────────────────────────────────────────────────────────────────────────────────────────────────────────────────────────────
*  [38;2;108;112;134m Type your message or @path/to/file
───────────────────────────────────────────────────────────────────────────────────────────────────────────────────────────────────────────────────────────────────────────────
  YOLO mode (shift + tab to cycle)                                                                                                                         11.1% context used

  ∴ Thinking… 0s

    Source language: zh-TW, Target language: en

    Let me translate "快速演進" and produce the markdown output,

  ⠦ Polishing the algorithms... (28s · ↑ 22 tokens · esc to cancel)
───────────────────────────────────────────────────────────────────────────────────────────────────────────────────────────────────────────────────────────────────────────────
*  [38;2;108;112;134m Type your message or @path/to/file
───────────────────────────────────────────────────────────────────────────────────────────────────────────────────────────────────────────────────────────────────────────────
  YOLO mode (shift + tab to cycle)                                                                                                                         11.1% context used

  ∴ Thinking… 0s

    Source language: zh-TW, Target language: en

    Let me translate "快速演進" and produce the markdown output,

  ⠧ Polishing the algorithms... (28s · ↑ 22 tokens · esc to cancel)
───────────────────────────────────────────────────────────────────────────────────────────────────────────────────────────────────────────────────────────────────────────────
*  [38;2;108;112;134m Type your message or @path/to/file
───────────────────────────────────────────────────────────────────────────────────────────────────────────────────────────────────────────────────────────────────────────────
  YOLO mode (shift + tab to cycle)                                                                                                                         11.1% context used

  ∴ Thinking… 0s

    Source language: zh-TW, Target language: en

    Let me translate "快速演進" and produce the markdown output,

  ⠇ Polishing the algorithms... (28s · ↑ 22 tokens · esc to cancel)
───────────────────────────────────────────────────────────────────────────────────────────────────────────────────────────────────────────────────────────────────────────────
*  [38;2;108;112;134m Type your message or @path/to/file
───────────────────────────────────────────────────────────────────────────────────────────────────────────────────────────────────────────────────────────────────────────────
  YOLO mode (shift + tab to cycle)                                                                                                                         11.1% context used

  ∴ Thinking… 0s

    Source language: zh-TW, Target language: en

    Let me translate "快速演進" and produce the markdown output,

  ⠇ Polishing the algorithms... (29s · ↑ 22 tokens · esc to cancel)
───────────────────────────────────────────────────────────────────────────────────────────────────────────────────────────────────────────────────────────────────────────────
*  [38;2;108;112;134m Type your message or @path/to/file
───────────────────────────────────────────────────────────────────────────────────────────────────────────────────────────────────────────────────────────────────────────────
  YOLO mode (shift + tab to cycle)                                                                                                                         11.1% context used

  ∴ Thinking… 0s

    Source language: zh-TW, Target language: en

    Let me translate "快速演進" and produce the markdown output,

  ⠏ Polishing the algorithms... (29s · ↑ 22 tokens · esc to cancel)
───────────────────────────────────────────────────────────────────────────────────────────────────────────────────────────────────────────────────────────────────────────────
*  [38;2;108;112;134m Type your message or @path/to/file
───────────────────────────────────────────────────────────────────────────────────────────────────────────────────────────────────────────────────────────────────────────────
  YOLO mode (shift + tab to cycle)                                                                                                                         11.1% context used

  ∴ Thinking… 0s

    Source language: zh-TW, Target language: en

    Let me translate "快速演進" and produce the markdown output,

  ⠋ Polishing the algorithms... (29s · ↑ 22 tokens · esc to cancel)
───────────────────────────────────────────────────────────────────────────────────────────────────────────────────────────────────────────────────────────────────────────────
*  [38;2;108;112;134m Type your message or @path/to/file
───────────────────────────────────────────────────────────────────────────────────────────────────────────────────────────────────────────────────────────────────────────────
  YOLO mode (shift + tab to cycle)                                                                                                                         11.1% context used

  ∴ Thinking… 0s

    Source language: zh-TW, Target language: en

    Let me translate "快速演進" and produce the markdown output,

  ⠙ Polishing the algorithms... (29s · ↑ 22 tokens · esc to cancel)
───────────────────────────────────────────────────────────────────────────────────────────────────────────────────────────────────────────────────────────────────────────────
*  [38;2;108;112;134m Type your message or @path/to/file
───────────────────────────────────────────────────────────────────────────────────────────────────────────────────────────────────────────────────────────────────────────────
  YOLO mode (shift + tab to cycle)                                                                                                                         11.1% context used

  ∴ Thought for 4s (alt+t to expand)
   ⊶  WriteFile Writing to /Users/steward/App/ai-factory-portal/myenglish.md

  ⠙ Polishing the algorithms... (29s · ↑ 22 tokens · esc to cancel)
───────────────────────────────────────────────────────────────────────────────────────────────────────────────────────────────────────────────────────────────────────────────
*   Type your message or @path/to/file
───────────────────────────────────────────────────────────────────────────────────────────────────────────────────────────────────────────────────────────────────────────────
  YOLO mode (shift + tab to cycle)                                                                                                                         12.0% context used
   ⊶  WriteFile Writing to /Users/steward/App/ai-factory-portal/myenglish.md

  ⠙ Polishing the algorithms... (29s · ↑ 34 tokens · esc to cancel)
───────────────────────────────────────────────────────────────────────────────────────────────────────────────────────────────────────────────────────────────────────────────
*   Type your message or @path/to/file
───────────────────────────────────────────────────────────────────────────────────────────────────────────────────────────────────────────────────────────────────────────────
  YOLO mode (shift + tab to cycle)                                                                                                                         12.0% context used
   x  WriteFile {"file_path":"/Users/steward/App/ai-factory-portal/myenglish.md","content":"# Translation Learning Output\n\n## 1. Original Text\n快速演進\n\n## 2. Natural…
      File /Users/steward/App/ai-factory-portal/myenglish.md has not been read in this session. Use the read_file tool first to load the current content (read the full file
      — overwriting replaces every byte, so any unseen bytes would be discarded) before overwriting it.

  ⠙ Polishing the algorithms... (29s · ↑ 34 tokens · esc to cancel)
───────────────────────────────────────────────────────────────────────────────────────────────────────────────────────────────────────────────────────────────────────────────
*   Type your message or @path/to/file
───────────────────────────────────────────────────────────────────────────────────────────────────────────────────────────────────────────────────────────────────────────────
  YOLO mode (shift + tab to cycle)                                                                                                                         12.0% context used

  ⠹ Polishing the algorithms... (29s · ↑ 34 tokens · esc to cancel)
───────────────────────────────────────────────────────────────────────────────────────────────────────────────────────────────────────────────────────────────────────────────
*   Type your message or @path/to/file
───────────────────────────────────────────────────────────────────────────────────────────────────────────────────────────────────────────────────────────────────────────────
  YOLO mode (shift + tab to cycle)                                                                                                                         12.0% context used

  ⠸ Polishing the algorithms... (29s · ↑ 34 tokens · esc to cancel)
───────────────────────────────────────────────────────────────────────────────────────────────────────────────────────────────────────────────────────────────────────────────
*   Type your message or @path/to/file
───────────────────────────────────────────────────────────────────────────────────────────────────────────────────────────────────────────────────────────────────────────────
  YOLO mode (shift + tab to cycle)                                                                                                                         12.0% context used

  ⠸ Polishing the algorithms... (29s · ↑ 47 tokens · esc to cancel)
───────────────────────────────────────────────────────────────────────────────────────────────────────────────────────────────────────────────────────────────────────────────
*   Type your message or @path/to/file
───────────────────────────────────────────────────────────────────────────────────────────────────────────────────────────────────────────────────────────────────────────────
  YOLO mode (shift + tab to cycle)                                                                                                                         12.0% context used

  ⠼ Polishing the algorithms... (29s · ↑ 47 tokens · esc to cancel)
───────────────────────────────────────────────────────────────────────────────────────────────────────────────────────────────────────────────────────────────────────────────
*   Type your message or @path/to/file
───────────────────────────────────────────────────────────────────────────────────────────────────────────────────────────────────────────────────────────────────────────────
  YOLO mode (shift + tab to cycle)                                                                                                                         12.0% context used

  ⠼ Polishing the algorithms... (29s · ↑ 59 tokens · esc to cancel)
───────────────────────────────────────────────────────────────────────────────────────────────────────────────────────────────────────────────────────────────────────────────
*   Type your message or @path/to/file
───────────────────────────────────────────────────────────────────────────────────────────────────────────────────────────────────────────────────────────────────────────────
  YOLO mode (shift + tab to cycle)                                                                                                                         12.0% context used

  ⠴ Polishing the algorithms... (29s · ↑ 59 tokens · esc to cancel)
───────────────────────────────────────────────────────────────────────────────────────────────────────────────────────────────────────────────────────────────────────────────
*   Type your message or @path/to/file
───────────────────────────────────────────────────────────────────────────────────────────────────────────────────────────────────────────────────────────────────────────────
  YOLO mode (shift + tab to cycle)                                                                                                                         12.0% context used

  ⠴ Polishing the algorithms... (29s · ↑ 72 tokens · esc to cancel)
───────────────────────────────────────────────────────────────────────────────────────────────────────────────────────────────────────────────────────────────────────────────
*   Type your message or @path/to/file
───────────────────────────────────────────────────────────────────────────────────────────────────────────────────────────────────────────────────────────────────────────────
  YOLO mode (shift + tab to cycle)                                                                                                                         12.0% context used

  ⠦ Polishing the algorithms... (29s · ↑ 72 tokens · esc to cancel)
───────────────────────────────────────────────────────────────────────────────────────────────────────────────────────────────────────────────────────────────────────────────
*   Type your message or @path/to/file
───────────────────────────────────────────────────────────────────────────────────────────────────────────────────────────────────────────────────────────────────────────────
  YOLO mode (shift + tab to cycle)                                                                                                                         12.0% context used

  ⠦ Polishing the algorithms... (29s · ↑ 84 tokens · esc to cancel)
───────────────────────────────────────────────────────────────────────────────────────────────────────────────────────────────────────────────────────────────────────────────
*   Type your message or @path/to/file
───────────────────────────────────────────────────────────────────────────────────────────────────────────────────────────────────────────────────────────────────────────────
  YOLO mode (shift + tab to cycle)                                                                                                                         12.0% context used

  ⠧ Polishing the algorithms... (29s · ↑ 84 tokens · esc to cancel)
───────────────────────────────────────────────────────────────────────────────────────────────────────────────────────────────────────────────────────────────────────────────
*   Type your message or @path/to/file
───────────────────────────────────────────────────────────────────────────────────────────────────────────────────────────────────────────────────────────────────────────────
  YOLO mode (shift + tab to cycle)                                                                                                                         12.0% context used

  ⠇ Polishing the algorithms... (29s · ↑ 84 tokens · esc to cancel)
───────────────────────────────────────────────────────────────────────────────────────────────────────────────────────────────────────────────────────────────────────────────
*   Type your message or @path/to/file
───────────────────────────────────────────────────────────────────────────────────────────────────────────────────────────────────────────────────────────────────────────────
  YOLO mode (shift + tab to cycle)                                                                                                                         12.0% context used

  ⠇ Polishing the algorithms... (29s · ↑ 97 tokens · esc to cancel)
───────────────────────────────────────────────────────────────────────────────────────────────────────────────────────────────────────────────────────────────────────────────
*   Type your message or @path/to/file
───────────────────────────────────────────────────────────────────────────────────────────────────────────────────────────────────────────────────────────────────────────────
  YOLO mode (shift + tab to cycle)                                                                                                                         12.0% context used

  ⠏ Polishing the algorithms... (29s · ↑ 97 tokens · esc to cancel)
───────────────────────────────────────────────────────────────────────────────────────────────────────────────────────────────────────────────────────────────────────────────
*   Type your message or @path/to/file
───────────────────────────────────────────────────────────────────────────────────────────────────────────────────────────────────────────────────────────────────────────────
  YOLO mode (shift + tab to cycle)                                                                                                                         12.0% context used

  ⠏ Polishing the algorithms... (29s · ↑ 109 tokens · esc to cancel)
───────────────────────────────────────────────────────────────────────────────────────────────────────────────────────────────────────────────────────────────────────────────
*   Type your message or @path/to/file
───────────────────────────────────────────────────────────────────────────────────────────────────────────────────────────────────────────────────────────────────────────────
  YOLO mode (shift + tab to cycle)                                                                                                                         12.0% context used

  ⠋ Polishing the algorithms... (29s · ↑ 109 tokens · esc to cancel)
───────────────────────────────────────────────────────────────────────────────────────────────────────────────────────────────────────────────────────────────────────────────
*   Type your message or @path/to/file
───────────────────────────────────────────────────────────────────────────────────────────────────────────────────────────────────────────────────────────────────────────────
  YOLO mode (shift + tab to cycle)                                                                                                                         12.0% context used

  ⠋ Herding digital cats... (29s · ↑ 109 tokens · esc to cancel)
───────────────────────────────────────────────────────────────────────────────────────────────────────────────────────────────────────────────────────────────────────────────
*   Type your message or @path/to/file
───────────────────────────────────────────────────────────────────────────────────────────────────────────────────────────────────────────────────────────────────────────────
  YOLO mode (shift + tab to cycle)                                                                                                                         12.0% context used

  ⠋ Herding digital cats... (29s · ↑ 122 tokens · esc to cancel)
───────────────────────────────────────────────────────────────────────────────────────────────────────────────────────────────────────────────────────────────────────────────
*   Type your message or @path/to/file
───────────────────────────────────────────────────────────────────────────────────────────────────────────────────────────────────────────────────────────────────────────────
  YOLO mode (shift + tab to cycle)                                                                                                                         12.0% context used

  ⠋ Herding digital cats... (30s · ↑ 122 tokens · esc to cancel)
───────────────────────────────────────────────────────────────────────────────────────────────────────────────────────────────────────────────────────────────────────────────
*   Type your message or @path/to/file
───────────────────────────────────────────────────────────────────────────────────────────────────────────────────────────────────────────────────────────────────────────────
  YOLO mode (shift + tab to cycle)                                                                                                                         12.0% context used

  ⠙ Herding digital cats... (30s · ↑ 122 tokens · esc to cancel)
───────────────────────────────────────────────────────────────────────────────────────────────────────────────────────────────────────────────────────────────────────────────
*   Type your message or @path/to/file
───────────────────────────────────────────────────────────────────────────────────────────────────────────────────────────────────────────────────────────────────────────────
  YOLO mode (shift + tab to cycle)                                                                                                                         12.0% context used

  ⠙ Herding digital cats... (30s · ↑ 134 tokens · esc to cancel)
───────────────────────────────────────────────────────────────────────────────────────────────────────────────────────────────────────────────────────────────────────────────
*   Type your message or @path/to/file
───────────────────────────────────────────────────────────────────────────────────────────────────────────────────────────────────────────────────────────────────────────────
  YOLO mode (shift + tab to cycle)                                                                                                                         12.0% context used

  ⠹ Herding digital cats... (30s · ↑ 134 tokens · esc to cancel)
───────────────────────────────────────────────────────────────────────────────────────────────────────────────────────────────────────────────────────────────────────────────
*   Type your message or @path/to/file
───────────────────────────────────────────────────────────────────────────────────────────────────────────────────────────────────────────────────────────────────────────────
  YOLO mode (shift + tab to cycle)                                                                                                                         12.0% context used

  ⠸ Herding digital cats... (30s · ↑ 134 tokens · esc to cancel)
───────────────────────────────────────────────────────────────────────────────────────────────────────────────────────────────────────────────────────────────────────────────
*   Type your message or @path/to/file
───────────────────────────────────────────────────────────────────────────────────────────────────────────────────────────────────────────────────────────────────────────────
  YOLO mode (shift + tab to cycle)                                                                                                                         12.0% context used

  ⠸ Herding digital cats... (30s · ↑ 147 tokens · esc to cancel)
───────────────────────────────────────────────────────────────────────────────────────────────────────────────────────────────────────────────────────────────────────────────
*   Type your message or @path/to/file
───────────────────────────────────────────────────────────────────────────────────────────────────────────────────────────────────────────────────────────────────────────────
  YOLO mode (shift + tab to cycle)                                                                                                                         12.0% context used

  ⠼ Herding digital cats... (30s · ↑ 147 tokens · esc to cancel)
───────────────────────────────────────────────────────────────────────────────────────────────────────────────────────────────────────────────────────────────────────────────
*   Type your message or @path/to/file
───────────────────────────────────────────────────────────────────────────────────────────────────────────────────────────────────────────────────────────────────────────────
  YOLO mode (shift + tab to cycle)                                                                                                                         12.0% context used

  ⠼ Herding digital cats... (30s · ↑ 159 tokens · esc to cancel)
───────────────────────────────────────────────────────────────────────────────────────────────────────────────────────────────────────────────────────────────────────────────
*   Type your message or @path/to/file
───────────────────────────────────────────────────────────────────────────────────────────────────────────────────────────────────────────────────────────────────────────────
  YOLO mode (shift + tab to cycle)                                                                                                                         12.0% context used

  ⠴ Herding digital cats... (30s · ↑ 159 tokens · esc to cancel)
───────────────────────────────────────────────────────────────────────────────────────────────────────────────────────────────────────────────────────────────────────────────
*   Type your message or @path/to/file
───────────────────────────────────────────────────────────────────────────────────────────────────────────────────────────────────────────────────────────────────────────────
  YOLO mode (shift + tab to cycle)                                                                                                                         12.0% context used

  ⠴ Herding digital cats... (30s · ↑ 172 tokens · esc to cancel)
───────────────────────────────────────────────────────────────────────────────────────────────────────────────────────────────────────────────────────────────────────────────
*   Type your message or @path/to/file
───────────────────────────────────────────────────────────────────────────────────────────────────────────────────────────────────────────────────────────────────────────────
  YOLO mode (shift + tab to cycle)                                                                                                                         12.0% context used

  ⠦ Herding digital cats... (30s · ↑ 172 tokens · esc to cancel)
───────────────────────────────────────────────────────────────────────────────────────────────────────────────────────────────────────────────────────────────────────────────
*   Type your message or @path/to/file
───────────────────────────────────────────────────────────────────────────────────────────────────────────────────────────────────────────────────────────────────────────────
  YOLO mode (shift + tab to cycle)                                                                                                                         12.0% context used

  ⠦ Herding digital cats... (30s · ↑ 184 tokens · esc to cancel)
───────────────────────────────────────────────────────────────────────────────────────────────────────────────────────────────────────────────────────────────────────────────
*   Type your message or @path/to/file
───────────────────────────────────────────────────────────────────────────────────────────────────────────────────────────────────────────────────────────────────────────────
  YOLO mode (shift + tab to cycle)                                                                                                                         12.0% context used

  ⠧ Herding digital cats... (30s · ↑ 184 tokens · esc to cancel)
───────────────────────────────────────────────────────────────────────────────────────────────────────────────────────────────────────────────────────────────────────────────
*   Type your message or @path/to/file
───────────────────────────────────────────────────────────────────────────────────────────────────────────────────────────────────────────────────────────────────────────────
  YOLO mode (shift + tab to cycle)                                                                                                                         12.0% context used

  ⠇ Herding digital cats... (30s · ↑ 184 tokens · esc to cancel)
───────────────────────────────────────────────────────────────────────────────────────────────────────────────────────────────────────────────────────────────────────────────
*   Type your message or @path/to/file
───────────────────────────────────────────────────────────────────────────────────────────────────────────────────────────────────────────────────────────────────────────────
  YOLO mode (shift + tab to cycle)                                                                                                                         12.0% context used

  ⠇ Herding digital cats... (30s · ↑ 197 tokens · esc to cancel)
───────────────────────────────────────────────────────────────────────────────────────────────────────────────────────────────────────────────────────────────────────────────
*   Type your message or @path/to/file
───────────────────────────────────────────────────────────────────────────────────────────────────────────────────────────────────────────────────────────────────────────────
  YOLO mode (shift + tab to cycle)                                                                                                                         12.0% context used

  ⠏ Herding digital cats... (30s · ↑ 197 tokens · esc to cancel)
───────────────────────────────────────────────────────────────────────────────────────────────────────────────────────────────────────────────────────────────────────────────
*   Type your message or @path/to/file
───────────────────────────────────────────────────────────────────────────────────────────────────────────────────────────────────────────────────────────────────────────────
  YOLO mode (shift + tab to cycle)                                                                                                                         12.0% context used

  ⠏ Herding digital cats... (30s · ↑ 209 tokens · esc to cancel)
───────────────────────────────────────────────────────────────────────────────────────────────────────────────────────────────────────────────────────────────────────────────
*   Type your message or @path/to/file
───────────────────────────────────────────────────────────────────────────────────────────────────────────────────────────────────────────────────────────────────────────────
  YOLO mode (shift + tab to cycle)                                                                                                                         12.0% context used

  ⠋ Herding digital cats... (30s · ↑ 209 tokens · esc to cancel)
───────────────────────────────────────────────────────────────────────────────────────────────────────────────────────────────────────────────────────────────────────────────
*   Type your message or @path/to/file
───────────────────────────────────────────────────────────────────────────────────────────────────────────────────────────────────────────────────────────────────────────────
  YOLO mode (shift + tab to cycle)                                                                                                                         12.0% context used

  ⠋ Herding digital cats... (30s · ↑ 222 tokens · esc to cancel)
───────────────────────────────────────────────────────────────────────────────────────────────────────────────────────────────────────────────────────────────────────────────
*   Type your message or @path/to/file
───────────────────────────────────────────────────────────────────────────────────────────────────────────────────────────────────────────────────────────────────────────────
  YOLO mode (shift + tab to cycle)                                                                                                                         12.0% context used

  ⠙ Herding digital cats... (30s · ↑ 222 tokens · esc to cancel)
───────────────────────────────────────────────────────────────────────────────────────────────────────────────────────────────────────────────────────────────────────────────
*   Type your message or @path/to/file
───────────────────────────────────────────────────────────────────────────────────────────────────────────────────────────────────────────────────────────────────────────────
  YOLO mode (shift + tab to cycle)                                                                                                                         12.0% context used

  ⠙ Herding digital cats... (30s · ↑ 234 tokens · esc to cancel)
───────────────────────────────────────────────────────────────────────────────────────────────────────────────────────────────────────────────────────────────────────────────
*   Type your message or @path/to/file
───────────────────────────────────────────────────────────────────────────────────────────────────────────────────────────────────────────────────────────────────────────────
  YOLO mode (shift + tab to cycle)                                                                                                                         12.0% context used

  ⠹ Herding digital cats... (30s · ↑ 234 tokens · esc to cancel)
───────────────────────────────────────────────────────────────────────────────────────────────────────────────────────────────────────────────────────────────────────────────
*   Type your message or @path/to/file
───────────────────────────────────────────────────────────────────────────────────────────────────────────────────────────────────────────────────────────────────────────────
  YOLO mode (shift + tab to cycle)                                                                                                                         12.0% context used

  ⠸ Herding digital cats... (30s · ↑ 234 tokens · esc to cancel)
───────────────────────────────────────────────────────────────────────────────────────────────────────────────────────────────────────────────────────────────────────────────
*   Type your message or @path/to/file
───────────────────────────────────────────────────────────────────────────────────────────────────────────────────────────────────────────────────────────────────────────────
  YOLO mode (shift + tab to cycle)                                                                                                                         12.0% context used

  ⠸ Herding digital cats... (31s · ↑ 247 tokens · esc to cancel)
───────────────────────────────────────────────────────────────────────────────────────────────────────────────────────────────────────────────────────────────────────────────
*   Type your message or @path/to/file
───────────────────────────────────────────────────────────────────────────────────────────────────────────────────────────────────────────────────────────────────────────────
  YOLO mode (shift + tab to cycle)                                                                                                                         12.0% context used

  ⠼ Herding digital cats... (31s · ↑ 247 tokens · esc to cancel)
───────────────────────────────────────────────────────────────────────────────────────────────────────────────────────────────────────────────────────────────────────────────
*   Type your message or @path/to/file
───────────────────────────────────────────────────────────────────────────────────────────────────────────────────────────────────────────────────────────────────────────────
  YOLO mode (shift + tab to cycle)                                                                                                                         12.0% context used

  ⠼ Herding digital cats... (31s · ↑ 255 tokens · esc to cancel)
───────────────────────────────────────────────────────────────────────────────────────────────────────────────────────────────────────────────────────────────────────────────
*   Type your message or @path/to/file
───────────────────────────────────────────────────────────────────────────────────────────────────────────────────────────────────────────────────────────────────────────────
  YOLO mode (shift + tab to cycle)                                                                                                                         12.0% context used

  ⠴ Herding digital cats... (31s · ↑ 255 tokens · esc to cancel)
───────────────────────────────────────────────────────────────────────────────────────────────────────────────────────────────────────────────────────────────────────────────
*   Type your message or @path/to/file
───────────────────────────────────────────────────────────────────────────────────────────────────────────────────────────────────────────────────────────────────────────────
  YOLO mode (shift + tab to cycle)                                                                                                                         12.0% context used

  ⠴ Herding digital cats... (31s · ↑ 261 tokens · esc to cancel)
───────────────────────────────────────────────────────────────────────────────────────────────────────────────────────────────────────────────────────────────────────────────
*   Type your message or @path/to/file
───────────────────────────────────────────────────────────────────────────────────────────────────────────────────────────────────────────────────────────────────────────────
  YOLO mode (shift + tab to cycle)                                                                                                                         12.0% context used

  ⠦ Herding digital cats... (31s · ↑ 261 tokens · esc to cancel)
───────────────────────────────────────────────────────────────────────────────────────────────────────────────────────────────────────────────────────────────────────────────
*   Type your message or @path/to/file
───────────────────────────────────────────────────────────────────────────────────────────────────────────────────────────────────────────────────────────────────────────────
  YOLO mode (shift + tab to cycle)                                                                                                                         12.0% context used

  ⠦ Herding digital cats... (31s · ↑ 266 tokens · esc to cancel)
───────────────────────────────────────────────────────────────────────────────────────────────────────────────────────────────────────────────────────────────────────────────
*   Type your message or @path/to/file
───────────────────────────────────────────────────────────────────────────────────────────────────────────────────────────────────────────────────────────────────────────────
  YOLO mode (shift + tab to cycle)                                                                                                                         12.0% context used

  ⠧ Herding digital cats... (31s · ↑ 266 tokens · esc to cancel)
───────────────────────────────────────────────────────────────────────────────────────────────────────────────────────────────────────────────────────────────────────────────
*   Type your message or @path/to/file
───────────────────────────────────────────────────────────────────────────────────────────────────────────────────────────────────────────────────────────────────────────────
  YOLO mode (shift + tab to cycle)                                                                                                                         12.0% context used

  ⠇ Herding digital cats... (31s · ↑ 266 tokens · esc to cancel)
───────────────────────────────────────────────────────────────────────────────────────────────────────────────────────────────────────────────────────────────────────────────
*   Type your message or @path/to/file
───────────────────────────────────────────────────────────────────────────────────────────────────────────────────────────────────────────────────────────────────────────────
  YOLO mode (shift + tab to cycle)                                                                                                                         12.0% context used

  ⠇ Herding digital cats... (31s · ↑ 270 tokens · esc to cancel)
───────────────────────────────────────────────────────────────────────────────────────────────────────────────────────────────────────────────────────────────────────────────
*   Type your message or @path/to/file
───────────────────────────────────────────────────────────────────────────────────────────────────────────────────────────────────────────────────────────────────────────────
  YOLO mode (shift + tab to cycle)                                                                                                                         12.0% context used

  ⠏ Herding digital cats... (31s · ↑ 270 tokens · esc to cancel)
───────────────────────────────────────────────────────────────────────────────────────────────────────────────────────────────────────────────────────────────────────────────
*   Type your message or @path/to/file
───────────────────────────────────────────────────────────────────────────────────────────────────────────────────────────────────────────────────────────────────────────────
  YOLO mode (shift + tab to cycle)                                                                                                                         12.0% context used

  ⠏ Herding digital cats... (31s · ↑ 271 tokens · esc to cancel)
───────────────────────────────────────────────────────────────────────────────────────────────────────────────────────────────────────────────────────────────────────────────
*   Type your message or @path/to/file
───────────────────────────────────────────────────────────────────────────────────────────────────────────────────────────────────────────────────────────────────────────────
  YOLO mode (shift + tab to cycle)                                                                                                                         12.0% context used

  ⠋ Herding digital cats... (31s · ↑ 271 tokens · esc to cancel)
───────────────────────────────────────────────────────────────────────────────────────────────────────────────────────────────────────────────────────────────────────────────
*   Type your message or @path/to/file
───────────────────────────────────────────────────────────────────────────────────────────────────────────────────────────────────────────────────────────────────────────────
  YOLO mode (shift + tab to cycle)                                                                                                                         12.0% context used

  ⠙ Herding digital cats... (31s · ↑ 271 tokens · esc to cancel)
───────────────────────────────────────────────────────────────────────────────────────────────────────────────────────────────────────────────────────────────────────────────
*   Type your message or @path/to/file
───────────────────────────────────────────────────────────────────────────────────────────────────────────────────────────────────────────────────────────────────────────────
  YOLO mode (shift + tab to cycle)                                                                                                                         12.0% context used

  ⠙ Herding digital cats... (31s · ↑ 272 tokens · esc to cancel)
───────────────────────────────────────────────────────────────────────────────────────────────────────────────────────────────────────────────────────────────────────────────
*   Type your message or @path/to/file
───────────────────────────────────────────────────────────────────────────────────────────────────────────────────────────────────────────────────────────────────────────────
  YOLO mode (shift + tab to cycle)                                                                                                                         12.0% context used

  ⠹ Herding digital cats... (31s · ↑ 272 tokens · esc to cancel)
───────────────────────────────────────────────────────────────────────────────────────────────────────────────────────────────────────────────────────────────────────────────
*   Type your message or @path/to/file
───────────────────────────────────────────────────────────────────────────────────────────────────────────────────────────────────────────────────────────────────────────────
  YOLO mode (shift + tab to cycle)                                                                                                                         12.0% context used

  ⠸ Herding digital cats... (31s · ↑ 273 tokens · esc to cancel)
───────────────────────────────────────────────────────────────────────────────────────────────────────────────────────────────────────────────────────────────────────────────
*   Type your message or @path/to/file
───────────────────────────────────────────────────────────────────────────────────────────────────────────────────────────────────────────────────────────────────────────────
  YOLO mode (shift + tab to cycle)                                                                                                                         12.0% context used

  ⠼ Herding digital cats... (31s · ↑ 273 tokens · esc to cancel)
───────────────────────────────────────────────────────────────────────────────────────────────────────────────────────────────────────────────────────────────────────────────
*   Type your message or @path/to/file
───────────────────────────────────────────────────────────────────────────────────────────────────────────────────────────────────────────────────────────────────────────────
  YOLO mode (shift + tab to cycle)                                                                                                                         12.0% context used

  ⠼ Herding digital cats... (31s · ↑ 274 tokens · esc to cancel)
───────────────────────────────────────────────────────────────────────────────────────────────────────────────────────────────────────────────────────────────────────────────
*   Type your message or @path/to/file
───────────────────────────────────────────────────────────────────────────────────────────────────────────────────────────────────────────────────────────────────────────────
  YOLO mode (shift + tab to cycle)                                                                                                                         12.0% context used

  ⠴ Herding digital cats... (31s · ↑ 274 tokens · esc to cancel)
───────────────────────────────────────────────────────────────────────────────────────────────────────────────────────────────────────────────────────────────────────────────
*   Type your message or @path/to/file
───────────────────────────────────────────────────────────────────────────────────────────────────────────────────────────────────────────────────────────────────────────────
  YOLO mode (shift + tab to cycle)                                                                                                                         12.0% context used

  ⠴ Herding digital cats... (32s · ↑ 274 tokens · esc to cancel)
───────────────────────────────────────────────────────────────────────────────────────────────────────────────────────────────────────────────────────────────────────────────
*   Type your message or @path/to/file
───────────────────────────────────────────────────────────────────────────────────────────────────────────────────────────────────────────────────────────────────────────────
  YOLO mode (shift + tab to cycle)                                                                                                                         12.0% context used

  ⠦ Herding digital cats... (32s · ↑ 274 tokens · esc to cancel)
───────────────────────────────────────────────────────────────────────────────────────────────────────────────────────────────────────────────────────────────────────────────
*   Type your message or @path/to/file
───────────────────────────────────────────────────────────────────────────────────────────────────────────────────────────────────────────────────────────────────────────────
  YOLO mode (shift + tab to cycle)                                                                                                                         12.0% context used

  ⠦ Herding digital cats... (32s · ↑ 275 tokens · esc to cancel)
───────────────────────────────────────────────────────────────────────────────────────────────────────────────────────────────────────────────────────────────────────────────
*   Type your message or @path/to/file
───────────────────────────────────────────────────────────────────────────────────────────────────────────────────────────────────────────────────────────────────────────────
  YOLO mode (shift + tab to cycle)                                                                                                                         12.0% context used

  ⠧ Herding digital cats... (32s · ↑ 275 tokens · esc to cancel)
───────────────────────────────────────────────────────────────────────────────────────────────────────────────────────────────────────────────────────────────────────────────
*   Type your message or @path/to/file
───────────────────────────────────────────────────────────────────────────────────────────────────────────────────────────────────────────────────────────────────────────────
  YOLO mode (shift + tab to cycle)                                                                                                                         12.0% context used

  ⠇ Herding digital cats... (32s · ↑ 276 tokens · esc to cancel)
───────────────────────────────────────────────────────────────────────────────────────────────────────────────────────────────────────────────────────────────────────────────
*   Type your message or @path/to/file
───────────────────────────────────────────────────────────────────────────────────────────────────────────────────────────────────────────────────────────────────────────────
  YOLO mode (shift + tab to cycle)                                                                                                                         12.0% context used

  ⠏ Herding digital cats... (32s · ↑ 276 tokens · esc to cancel)
───────────────────────────────────────────────────────────────────────────────────────────────────────────────────────────────────────────────────────────────────────────────
*   Type your message or @path/to/file
───────────────────────────────────────────────────────────────────────────────────────────────────────────────────────────────────────────────────────────────────────────────
  YOLO mode (shift + tab to cycle)                                                                                                                         12.0% context used

  ⠏ Herding digital cats... (32s · ↑ 277 tokens · esc to cancel)
───────────────────────────────────────────────────────────────────────────────────────────────────────────────────────────────────────────────────────────────────────────────
*   Type your message or @path/to/file
───────────────────────────────────────────────────────────────────────────────────────────────────────────────────────────────────────────────────────────────────────────────
  YOLO mode (shift + tab to cycle)                                                                                                                         12.0% context used

  ⠋ Herding digital cats... (32s · ↑ 277 tokens · esc to cancel)
───────────────────────────────────────────────────────────────────────────────────────────────────────────────────────────────────────────────────────────────────────────────
*   Type your message or @path/to/file
───────────────────────────────────────────────────────────────────────────────────────────────────────────────────────────────────────────────────────────────────────────────
  YOLO mode (shift + tab to cycle)                                                                                                                         12.0% context used

  ⠙ Herding digital cats... (32s · ↑ 277 tokens · esc to cancel)
───────────────────────────────────────────────────────────────────────────────────────────────────────────────────────────────────────────────────────────────────────────────
*   Type your message or @path/to/file
───────────────────────────────────────────────────────────────────────────────────────────────────────────────────────────────────────────────────────────────────────────────
  YOLO mode (shift + tab to cycle)                                                                                                                         12.0% context used

  ⠙ Herding digital cats... (32s · ↑ 278 tokens · esc to cancel)
───────────────────────────────────────────────────────────────────────────────────────────────────────────────────────────────────────────────────────────────────────────────
*   Type your message or @path/to/file
───────────────────────────────────────────────────────────────────────────────────────────────────────────────────────────────────────────────────────────────────────────────
  YOLO mode (shift + tab to cycle)                                                                                                                         12.0% context used

  ⠹ Herding digital cats... (32s · ↑ 278 tokens · esc to cancel)
───────────────────────────────────────────────────────────────────────────────────────────────────────────────────────────────────────────────────────────────────────────────
*   Type your message or @path/to/file
───────────────────────────────────────────────────────────────────────────────────────────────────────────────────────────────────────────────────────────────────────────────
  YOLO mode (shift + tab to cycle)                                                                                                                         12.0% context used

  ⠹ Herding digital cats... (32s · ↑ 279 tokens · esc to cancel)
───────────────────────────────────────────────────────────────────────────────────────────────────────────────────────────────────────────────────────────────────────────────
*   Type your message or @path/to/file
───────────────────────────────────────────────────────────────────────────────────────────────────────────────────────────────────────────────────────────────────────────────
  YOLO mode (shift + tab to cycle)                                                                                                                         12.0% context used

  ⠸ Herding digital cats... (32s · ↑ 279 tokens · esc to cancel)
───────────────────────────────────────────────────────────────────────────────────────────────────────────────────────────────────────────────────────────────────────────────
*   Type your message or @path/to/file
───────────────────────────────────────────────────────────────────────────────────────────────────────────────────────────────────────────────────────────────────────────────
  YOLO mode (shift + tab to cycle)                                                                                                                         12.0% context used

  ⠼ Herding digital cats... (32s · ↑ 279 tokens · esc to cancel)
───────────────────────────────────────────────────────────────────────────────────────────────────────────────────────────────────────────────────────────────────────────────
*   Type your message or @path/to/file
───────────────────────────────────────────────────────────────────────────────────────────────────────────────────────────────────────────────────────────────────────────────
  YOLO mode (shift + tab to cycle)                                                                                                                         12.0% context used

  ⠼ Herding digital cats... (32s · ↑ 280 tokens · esc to cancel)
───────────────────────────────────────────────────────────────────────────────────────────────────────────────────────────────────────────────────────────────────────────────
*   Type your message or @path/to/file
───────────────────────────────────────────────────────────────────────────────────────────────────────────────────────────────────────────────────────────────────────────────
  YOLO mode (shift + tab to cycle)                                                                                                                         12.0% context used

  ⠴ Herding digital cats... (32s · ↑ 280 tokens · esc to cancel)
───────────────────────────────────────────────────────────────────────────────────────────────────────────────────────────────────────────────────────────────────────────────
*   Type your message or @path/to/file
───────────────────────────────────────────────────────────────────────────────────────────────────────────────────────────────────────────────────────────────────────────────
  YOLO mode (shift + tab to cycle)                                                                                                                         12.0% context used

  ⠦ Herding digital cats... (32s · ↑ 280 tokens · esc to cancel)
───────────────────────────────────────────────────────────────────────────────────────────────────────────────────────────────────────────────────────────────────────────────
*   Type your message or @path/to/file
───────────────────────────────────────────────────────────────────────────────────────────────────────────────────────────────────────────────────────────────────────────────
  YOLO mode (shift + tab to cycle)                                                                                                                         12.0% context used

  ⠦ Herding digital cats... (32s · ↑ 281 tokens · esc to cancel)
───────────────────────────────────────────────────────────────────────────────────────────────────────────────────────────────────────────────────────────────────────────────
*   Type your message or @path/to/file
───────────────────────────────────────────────────────────────────────────────────────────────────────────────────────────────────────────────────────────────────────────────
  YOLO mode (shift + tab to cycle)                                                                                                                         12.0% context used

  ⠧ Herding digital cats... (32s · ↑ 281 tokens · esc to cancel)
───────────────────────────────────────────────────────────────────────────────────────────────────────────────────────────────────────────────────────────────────────────────
*   Type your message or @path/to/file
───────────────────────────────────────────────────────────────────────────────────────────────────────────────────────────────────────────────────────────────────────────────
  YOLO mode (shift + tab to cycle)                                                                                                                         12.0% context used

  ⠧ Herding digital cats... (33s · ↑ 282 tokens · esc to cancel)
───────────────────────────────────────────────────────────────────────────────────────────────────────────────────────────────────────────────────────────────────────────────
*   Type your message or @path/to/file
───────────────────────────────────────────────────────────────────────────────────────────────────────────────────────────────────────────────────────────────────────────────
  YOLO mode (shift + tab to cycle)                                                                                                                         12.0% context used

  ⠇ Herding digital cats... (33s · ↑ 282 tokens · esc to cancel)
───────────────────────────────────────────────────────────────────────────────────────────────────────────────────────────────────────────────────────────────────────────────
*   Type your message or @path/to/file
───────────────────────────────────────────────────────────────────────────────────────────────────────────────────────────────────────────────────────────────────────────────
  YOLO mode (shift + tab to cycle)                                                                                                                         12.0% context used

  ⠏ Herding digital cats... (33s · ↑ 282 tokens · esc to cancel)
───────────────────────────────────────────────────────────────────────────────────────────────────────────────────────────────────────────────────────────────────────────────
*   Type your message or @path/to/file
───────────────────────────────────────────────────────────────────────────────────────────────────────────────────────────────────────────────────────────────────────────────
  YOLO mode (shift + tab to cycle)                                                                                                                         12.0% context used

  ⠏ Herding digital cats... (33s · ↑ 283 tokens · esc to cancel)
───────────────────────────────────────────────────────────────────────────────────────────────────────────────────────────────────────────────────────────────────────────────
*   Type your message or @path/to/file
───────────────────────────────────────────────────────────────────────────────────────────────────────────────────────────────────────────────────────────────────────────────
  YOLO mode (shift + tab to cycle)                                                                                                                         12.0% context used

  ⠋ Herding digital cats... (33s · ↑ 283 tokens · esc to cancel)
───────────────────────────────────────────────────────────────────────────────────────────────────────────────────────────────────────────────────────────────────────────────
*   Type your message or @path/to/file
───────────────────────────────────────────────────────────────────────────────────────────────────────────────────────────────────────────────────────────────────────────────
  YOLO mode (shift + tab to cycle)                                                                                                                         12.0% context used

  ⠙ Herding digital cats... (33s · ↑ 283 tokens · esc to cancel)
───────────────────────────────────────────────────────────────────────────────────────────────────────────────────────────────────────────────────────────────────────────────
*   Type your message or @path/to/file
───────────────────────────────────────────────────────────────────────────────────────────────────────────────────────────────────────────────────────────────────────────────
  YOLO mode (shift + tab to cycle)                                                                                                                         12.0% context used

  ⠙ Herding digital cats... (33s · ↑ 284 tokens · esc to cancel)
───────────────────────────────────────────────────────────────────────────────────────────────────────────────────────────────────────────────────────────────────────────────
*   Type your message or @path/to/file
───────────────────────────────────────────────────────────────────────────────────────────────────────────────────────────────────────────────────────────────────────────────
  YOLO mode (shift + tab to cycle)                                                                                                                         12.0% context used
   ⊶  ReadFile /Users/steward/App/ai-factory-portal/myenglish.md

  ⠙ Herding digital cats... (33s · ↑ 284 tokens · esc to cancel)
───────────────────────────────────────────────────────────────────────────────────────────────────────────────────────────────────────────────────────────────────────────────
*   Type your message or @path/to/file
───────────────────────────────────────────────────────────────────────────────────────────────────────────────────────────────────────────────────────────────────────────────
  YOLO mode (shift + tab to cycle)                                                                                                                         12.2% context used
   ✓  ReadFile /Users/steward/App/ai-factory-portal/myenglish.md

  ⠹ Herding digital cats... (33s · ↑ 284 tokens · esc to cancel)
───────────────────────────────────────────────────────────────────────────────────────────────────────────────────────────────────────────────────────────────────────────────
*   Type your message or @path/to/file
───────────────────────────────────────────────────────────────────────────────────────────────────────────────────────────────────────────────────────────────────────────────
  YOLO mode (shift + tab to cycle)                                                                                                                         12.2% context used

  ⠹ Herding digital cats... (33s · ↑ 288 tokens · esc to cancel)
───────────────────────────────────────────────────────────────────────────────────────────────────────────────────────────────────────────────────────────────────────────────
*   Type your message or @path/to/file
───────────────────────────────────────────────────────────────────────────────────────────────────────────────────────────────────────────────────────────────────────────────
  YOLO mode (shift + tab to cycle)                                                                                                                         12.2% context used

  ⠸ Herding digital cats... (33s · ↑ 288 tokens · esc to cancel)
───────────────────────────────────────────────────────────────────────────────────────────────────────────────────────────────────────────────────────────────────────────────
*   Type your message or @path/to/file
───────────────────────────────────────────────────────────────────────────────────────────────────────────────────────────────────────────────────────────────────────────────
  YOLO mode (shift + tab to cycle)                                                                                                                         12.2% context used

  ⠼ Herding digital cats... (33s · ↑ 288 tokens · esc to cancel)
───────────────────────────────────────────────────────────────────────────────────────────────────────────────────────────────────────────────────────────────────────────────
*   Type your message or @path/to/file
───────────────────────────────────────────────────────────────────────────────────────────────────────────────────────────────────────────────────────────────────────────────
  YOLO mode (shift + tab to cycle)                                                                                                                         12.2% context used

  ⠼ Herding digital cats... (33s · ↑ 289 tokens · esc to cancel)
───────────────────────────────────────────────────────────────────────────────────────────────────────────────────────────────────────────────────────────────────────────────
*   Type your message or @path/to/file
───────────────────────────────────────────────────────────────────────────────────────────────────────────────────────────────────────────────────────────────────────────────
  YOLO mode (shift + tab to cycle)                                                                                                                         12.2% context used

  ⠴ Herding digital cats... (33s · ↑ 289 tokens · esc to cancel)
───────────────────────────────────────────────────────────────────────────────────────────────────────────────────────────────────────────────────────────────────────────────
*   Type your message or @path/to/file
───────────────────────────────────────────────────────────────────────────────────────────────────────────────────────────────────────────────────────────────────────────────
  YOLO mode (shift + tab to cycle)                                                                                                                         12.2% context used

  ⠦ Herding digital cats... (33s · ↑ 289 tokens · esc to cancel)
───────────────────────────────────────────────────────────────────────────────────────────────────────────────────────────────────────────────────────────────────────────────
*   Type your message or @path/to/file
───────────────────────────────────────────────────────────────────────────────────────────────────────────────────────────────────────────────────────────────────────────────
  YOLO mode (shift + tab to cycle)                                                                                                                         12.2% context used

  ⠦ Herding digital cats... (33s · ↑ 290 tokens · esc to cancel)
───────────────────────────────────────────────────────────────────────────────────────────────────────────────────────────────────────────────────────────────────────────────
*   Type your message or @path/to/file
───────────────────────────────────────────────────────────────────────────────────────────────────────────────────────────────────────────────────────────────────────────────
  YOLO mode (shift + tab to cycle)                                                                                                                         12.2% context used

  ⠧ Herding digital cats... (33s · ↑ 290 tokens · esc to cancel)
───────────────────────────────────────────────────────────────────────────────────────────────────────────────────────────────────────────────────────────────────────────────
*   Type your message or @path/to/file
───────────────────────────────────────────────────────────────────────────────────────────────────────────────────────────────────────────────────────────────────────────────
  YOLO mode (shift + tab to cycle)                                                                                                                         12.2% context used

  ⠧ Herding digital cats... (33s · ↑ 291 tokens · esc to cancel)
───────────────────────────────────────────────────────────────────────────────────────────────────────────────────────────────────────────────────────────────────────────────
*   Type your message or @path/to/file
───────────────────────────────────────────────────────────────────────────────────────────────────────────────────────────────────────────────────────────────────────────────
  YOLO mode (shift + tab to cycle)                                                                                                                         12.2% context used

  ⠇ Herding digital cats... (33s · ↑ 291 tokens · esc to cancel)
───────────────────────────────────────────────────────────────────────────────────────────────────────────────────────────────────────────────────────────────────────────────
*   Type your message or @path/to/file
───────────────────────────────────────────────────────────────────────────────────────────────────────────────────────────────────────────────────────────────────────────────
  YOLO mode (shift + tab to cycle)                                                                                                                         12.2% context used

  ⠏ Herding digital cats... (33s · ↑ 291 tokens · esc to cancel)
───────────────────────────────────────────────────────────────────────────────────────────────────────────────────────────────────────────────────────────────────────────────
*   Type your message or @path/to/file
───────────────────────────────────────────────────────────────────────────────────────────────────────────────────────────────────────────────────────────────────────────────
  YOLO mode (shift + tab to cycle)                                                                                                                         12.2% context used

  ⠏ Herding digital cats... (34s · ↑ 291 tokens · esc to cancel)
───────────────────────────────────────────────────────────────────────────────────────────────────────────────────────────────────────────────────────────────────────────────
*   Type your message or @path/to/file
───────────────────────────────────────────────────────────────────────────────────────────────────────────────────────────────────────────────────────────────────────────────
  YOLO mode (shift + tab to cycle)                                                                                                                         12.2% context used

  ⠏ Herding digital cats... (34s · ↑ 292 tokens · esc to cancel)
───────────────────────────────────────────────────────────────────────────────────────────────────────────────────────────────────────────────────────────────────────────────
*   Type your message or @path/to/file
───────────────────────────────────────────────────────────────────────────────────────────────────────────────────────────────────────────────────────────────────────────────
  YOLO mode (shift + tab to cycle)                                                                                                                         12.2% context used

  ⠋ Herding digital cats... (34s · ↑ 292 tokens · esc to cancel)
───────────────────────────────────────────────────────────────────────────────────────────────────────────────────────────────────────────────────────────────────────────────
*   Type your message or @path/to/file
───────────────────────────────────────────────────────────────────────────────────────────────────────────────────────────────────────────────────────────────────────────────
  YOLO mode (shift + tab to cycle)                                                                                                                         12.2% context used

  ⠙ Herding digital cats... (34s · ↑ 292 tokens · esc to cancel)
───────────────────────────────────────────────────────────────────────────────────────────────────────────────────────────────────────────────────────────────────────────────
*   Type your message or @path/to/file
───────────────────────────────────────────────────────────────────────────────────────────────────────────────────────────────────────────────────────────────────────────────
  YOLO mode (shift + tab to cycle)                                                                                                                         12.2% context used

  ⠙ Herding digital cats... (34s · ↑ 293 tokens · esc to cancel)
───────────────────────────────────────────────────────────────────────────────────────────────────────────────────────────────────────────────────────────────────────────────
*   Type your message or @path/to/file
───────────────────────────────────────────────────────────────────────────────────────────────────────────────────────────────────────────────────────────────────────────────
  YOLO mode (shift + tab to cycle)                                                                                                                         12.2% context used

  ⠹ Herding digital cats... (34s · ↑ 293 tokens · esc to cancel)
───────────────────────────────────────────────────────────────────────────────────────────────────────────────────────────────────────────────────────────────────────────────
*   Type your message or @path/to/file
───────────────────────────────────────────────────────────────────────────────────────────────────────────────────────────────────────────────────────────────────────────────
  YOLO mode (shift + tab to cycle)                                                                                                                         12.2% context used

  ⠹ Herding digital cats... (34s · ↑ 294 tokens · esc to cancel)
───────────────────────────────────────────────────────────────────────────────────────────────────────────────────────────────────────────────────────────────────────────────
*   Type your message or @path/to/file
───────────────────────────────────────────────────────────────────────────────────────────────────────────────────────────────────────────────────────────────────────────────
  YOLO mode (shift + tab to cycle)                                                                                                                         12.2% context used

  ⠸ Herding digital cats... (34s · ↑ 294 tokens · esc to cancel)
───────────────────────────────────────────────────────────────────────────────────────────────────────────────────────────────────────────────────────────────────────────────
*   Type your message or @path/to/file
───────────────────────────────────────────────────────────────────────────────────────────────────────────────────────────────────────────────────────────────────────────────
  YOLO mode (shift + tab to cycle)                                                                                                                         12.2% context used

  ⠼ Herding digital cats... (34s · ↑ 294 tokens · esc to cancel)
───────────────────────────────────────────────────────────────────────────────────────────────────────────────────────────────────────────────────────────────────────────────
*   Type your message or @path/to/file
───────────────────────────────────────────────────────────────────────────────────────────────────────────────────────────────────────────────────────────────────────────────
  YOLO mode (shift + tab to cycle)                                                                                                                         12.2% context used

  ⠼ Herding digital cats... (34s · ↑ 295 tokens · esc to cancel)
───────────────────────────────────────────────────────────────────────────────────────────────────────────────────────────────────────────────────────────────────────────────
*   Type your message or @path/to/file
───────────────────────────────────────────────────────────────────────────────────────────────────────────────────────────────────────────────────────────────────────────────
  YOLO mode (shift + tab to cycle)                                                                                                                         12.2% context used

  ⠴ Herding digital cats... (34s · ↑ 295 tokens · esc to cancel)
───────────────────────────────────────────────────────────────────────────────────────────────────────────────────────────────────────────────────────────────────────────────
*   Type your message or @path/to/file
───────────────────────────────────────────────────────────────────────────────────────────────────────────────────────────────────────────────────────────────────────────────
  YOLO mode (shift + tab to cycle)                                                                                                                         12.2% context used

  ⠦ Herding digital cats... (34s · ↑ 295 tokens · esc to cancel)
───────────────────────────────────────────────────────────────────────────────────────────────────────────────────────────────────────────────────────────────────────────────
*   Type your message or @path/to/file
───────────────────────────────────────────────────────────────────────────────────────────────────────────────────────────────────────────────────────────────────────────────
  YOLO mode (shift + tab to cycle)                                                                                                                         12.2% context used

  ⠦ Herding digital cats... (34s · ↑ 296 tokens · esc to cancel)
───────────────────────────────────────────────────────────────────────────────────────────────────────────────────────────────────────────────────────────────────────────────
*   Type your message or @path/to/file
───────────────────────────────────────────────────────────────────────────────────────────────────────────────────────────────────────────────────────────────────────────────
  YOLO mode (shift + tab to cycle)                                                                                                                         12.2% context used

  ⠧ Herding digital cats... (34s · ↑ 296 tokens · esc to cancel)
───────────────────────────────────────────────────────────────────────────────────────────────────────────────────────────────────────────────────────────────────────────────
*   Type your message or @path/to/file
───────────────────────────────────────────────────────────────────────────────────────────────────────────────────────────────────────────────────────────────────────────────
  YOLO mode (shift + tab to cycle)                                                                                                                         12.2% context used

  ⠧ Herding digital cats... (34s · ↑ 297 tokens · esc to cancel)
───────────────────────────────────────────────────────────────────────────────────────────────────────────────────────────────────────────────────────────────────────────────
*   Type your message or @path/to/file
───────────────────────────────────────────────────────────────────────────────────────────────────────────────────────────────────────────────────────────────────────────────
  YOLO mode (shift + tab to cycle)                                                                                                                         12.2% context used

  ⠇ Herding digital cats... (34s · ↑ 297 tokens · esc to cancel)
───────────────────────────────────────────────────────────────────────────────────────────────────────────────────────────────────────────────────────────────────────────────
*   Type your message or @path/to/file
───────────────────────────────────────────────────────────────────────────────────────────────────────────────────────────────────────────────────────────────────────────────
  YOLO mode (shift + tab to cycle)                                                                                                                         12.2% context used

  ⠏ Herding digital cats... (34s · ↑ 297 tokens · esc to cancel)
───────────────────────────────────────────────────────────────────────────────────────────────────────────────────────────────────────────────────────────────────────────────
*   Type your message or @path/to/file
───────────────────────────────────────────────────────────────────────────────────────────────────────────────────────────────────────────────────────────────────────────────
  YOLO mode (shift + tab to cycle)                                                                                                                         12.2% context used

  ⠏ Herding digital cats... (34s · ↑ 298 tokens · esc to cancel)
───────────────────────────────────────────────────────────────────────────────────────────────────────────────────────────────────────────────────────────────────────────────
*   Type your message or @path/to/file
───────────────────────────────────────────────────────────────────────────────────────────────────────────────────────────────────────────────────────────────────────────────
  YOLO mode (shift + tab to cycle)                                                                                                                         12.2% context used

  ⠋ Herding digital cats... (34s · ↑ 298 tokens · esc to cancel)
───────────────────────────────────────────────────────────────────────────────────────────────────────────────────────────────────────────────────────────────────────────────
*   Type your message or @path/to/file
───────────────────────────────────────────────────────────────────────────────────────────────────────────────────────────────────────────────────────────────────────────────
  YOLO mode (shift + tab to cycle)                                                                                                                         12.2% context used

  ⠙ Herding digital cats... (34s · ↑ 298 tokens · esc to cancel)
───────────────────────────────────────────────────────────────────────────────────────────────────────────────────────────────────────────────────────────────────────────────
*   Type your message or @path/to/file
───────────────────────────────────────────────────────────────────────────────────────────────────────────────────────────────────────────────────────────────────────────────
  YOLO mode (shift + tab to cycle)                                                                                                                         12.2% context used

  ⠙ Herding digital cats... (34s · ↑ 299 tokens · esc to cancel)
───────────────────────────────────────────────────────────────────────────────────────────────────────────────────────────────────────────────────────────────────────────────
*   Type your message or @path/to/file
───────────────────────────────────────────────────────────────────────────────────────────────────────────────────────────────────────────────────────────────────────────────
  YOLO mode (shift + tab to cycle)                                                                                                                         12.2% context used

  ⠹ Herding digital cats... (34s · ↑ 299 tokens · esc to cancel)
───────────────────────────────────────────────────────────────────────────────────────────────────────────────────────────────────────────────────────────────────────────────
*   Type your message or @path/to/file
───────────────────────────────────────────────────────────────────────────────────────────────────────────────────────────────────────────────────────────────────────────────
  YOLO mode (shift + tab to cycle)                                                                                                                         12.2% context used

  ⠹ Herding digital cats... (35s · ↑ 299 tokens · esc to cancel)
───────────────────────────────────────────────────────────────────────────────────────────────────────────────────────────────────────────────────────────────────────────────
*   Type your message or @path/to/file
───────────────────────────────────────────────────────────────────────────────────────────────────────────────────────────────────────────────────────────────────────────────
  YOLO mode (shift + tab to cycle)                                                                                                                         12.2% context used

  ⠹ Herding digital cats... (35s · ↑ 300 tokens · esc to cancel)
───────────────────────────────────────────────────────────────────────────────────────────────────────────────────────────────────────────────────────────────────────────────
*   Type your message or @path/to/file
───────────────────────────────────────────────────────────────────────────────────────────────────────────────────────────────────────────────────────────────────────────────
  YOLO mode (shift + tab to cycle)                                                                                                                         12.2% context used

  ⠸ Herding digital cats... (35s · ↑ 300 tokens · esc to cancel)
───────────────────────────────────────────────────────────────────────────────────────────────────────────────────────────────────────────────────────────────────────────────
*   Type your message or @path/to/file
───────────────────────────────────────────────────────────────────────────────────────────────────────────────────────────────────────────────────────────────────────────────
  YOLO mode (shift + tab to cycle)                                                                                                                         12.2% context used

  ⠼ Herding digital cats... (35s · ↑ 300 tokens · esc to cancel)
───────────────────────────────────────────────────────────────────────────────────────────────────────────────────────────────────────────────────────────────────────────────
*   Type your message or @path/to/file
───────────────────────────────────────────────────────────────────────────────────────────────────────────────────────────────────────────────────────────────────────────────
  YOLO mode (shift + tab to cycle)                                                                                                                         12.2% context used

  ⠼ Herding digital cats... (35s · ↑ 301 tokens · esc to cancel)
───────────────────────────────────────────────────────────────────────────────────────────────────────────────────────────────────────────────────────────────────────────────
*   Type your message or @path/to/file
───────────────────────────────────────────────────────────────────────────────────────────────────────────────────────────────────────────────────────────────────────────────
  YOLO mode (shift + tab to cycle)                                                                                                                         12.2% context used

  ⠴ Herding digital cats... (35s · ↑ 301 tokens · esc to cancel)
───────────────────────────────────────────────────────────────────────────────────────────────────────────────────────────────────────────────────────────────────────────────
*   Type your message or @path/to/file
───────────────────────────────────────────────────────────────────────────────────────────────────────────────────────────────────────────────────────────────────────────────
  YOLO mode (shift + tab to cycle)                                                                                                                         12.2% context used

  ⠦ Herding digital cats... (35s · ↑ 301 tokens · esc to cancel)
───────────────────────────────────────────────────────────────────────────────────────────────────────────────────────────────────────────────────────────────────────────────
*   Type your message or @path/to/file
───────────────────────────────────────────────────────────────────────────────────────────────────────────────────────────────────────────────────────────────────────────────
  YOLO mode (shift + tab to cycle)                                                                                                                         12.2% context used

  ⠦ Herding digital cats... (35s · ↑ 302 tokens · esc to cancel)
───────────────────────────────────────────────────────────────────────────────────────────────────────────────────────────────────────────────────────────────────────────────
*   Type your message or @path/to/file
───────────────────────────────────────────────────────────────────────────────────────────────────────────────────────────────────────────────────────────────────────────────
  YOLO mode (shift + tab to cycle)                                                                                                                         12.2% context used

  ⠧ Herding digital cats... (35s · ↑ 302 tokens · esc to cancel)
───────────────────────────────────────────────────────────────────────────────────────────────────────────────────────────────────────────────────────────────────────────────
*   Type your message or @path/to/file
───────────────────────────────────────────────────────────────────────────────────────────────────────────────────────────────────────────────────────────────────────────────
  YOLO mode (shift + tab to cycle)                                                                                                                         12.2% context used

  ⠇ Herding digital cats... (35s · ↑ 302 tokens · esc to cancel)
───────────────────────────────────────────────────────────────────────────────────────────────────────────────────────────────────────────────────────────────────────────────
*   Type your message or @path/to/file
───────────────────────────────────────────────────────────────────────────────────────────────────────────────────────────────────────────────────────────────────────────────
  YOLO mode (shift + tab to cycle)                                                                                                                         12.2% context used

  ⠏ Herding digital cats... (35s · ↑ 302 tokens · esc to cancel)
───────────────────────────────────────────────────────────────────────────────────────────────────────────────────────────────────────────────────────────────────────────────
*   Type your message or @path/to/file
───────────────────────────────────────────────────────────────────────────────────────────────────────────────────────────────────────────────────────────────────────────────
  YOLO mode (shift + tab to cycle)                                                                                                                         12.2% context used

  ⠋ Herding digital cats... (35s · ↑ 302 tokens · esc to cancel)
───────────────────────────────────────────────────────────────────────────────────────────────────────────────────────────────────────────────────────────────────────────────
*   Type your message or @path/to/file
───────────────────────────────────────────────────────────────────────────────────────────────────────────────────────────────────────────────────────────────────────────────
  YOLO mode (shift + tab to cycle)                                                                                                                         12.2% context used

  ⠙ Herding digital cats... (35s · ↑ 302 tokens · esc to cancel)
───────────────────────────────────────────────────────────────────────────────────────────────────────────────────────────────────────────────────────────────────────────────
*   Type your message or @path/to/file
───────────────────────────────────────────────────────────────────────────────────────────────────────────────────────────────────────────────────────────────────────────────
  YOLO mode (shift + tab to cycle)                                                                                                                         12.2% context used

  ⠹ Herding digital cats... (35s · ↑ 302 tokens · esc to cancel)
───────────────────────────────────────────────────────────────────────────────────────────────────────────────────────────────────────────────────────────────────────────────
*   Type your message or @path/to/file
───────────────────────────────────────────────────────────────────────────────────────────────────────────────────────────────────────────────────────────────────────────────
  YOLO mode (shift + tab to cycle)                                                                                                                         12.2% context used

  ⠸ Herding digital cats... (35s · ↑ 302 tokens · esc to cancel)
───────────────────────────────────────────────────────────────────────────────────────────────────────────────────────────────────────────────────────────────────────────────
*   Type your message or @path/to/file
───────────────────────────────────────────────────────────────────────────────────────────────────────────────────────────────────────────────────────────────────────────────
  YOLO mode (shift + tab to cycle)                                                                                                                         12.2% context used

  ⠼ Herding digital cats... (35s · ↑ 302 tokens · esc to cancel)
───────────────────────────────────────────────────────────────────────────────────────────────────────────────────────────────────────────────────────────────────────────────
*   Type your message or @path/to/file
───────────────────────────────────────────────────────────────────────────────────────────────────────────────────────────────────────────────────────────────────────────────
  YOLO mode (shift + tab to cycle)                                                                                                                         12.2% context used

  ⠼ Herding digital cats... (36s · ↑ 302 tokens · esc to cancel)
───────────────────────────────────────────────────────────────────────────────────────────────────────────────────────────────────────────────────────────────────────────────
*   Type your message or @path/to/file
───────────────────────────────────────────────────────────────────────────────────────────────────────────────────────────────────────────────────────────────────────────────
  YOLO mode (shift + tab to cycle)                                                                                                                         12.2% context used

  ⠴ Herding digital cats... (36s · ↑ 302 tokens · esc to cancel)
───────────────────────────────────────────────────────────────────────────────────────────────────────────────────────────────────────────────────────────────────────────────
*   Type your message or @path/to/file
───────────────────────────────────────────────────────────────────────────────────────────────────────────────────────────────────────────────────────────────────────────────
  YOLO mode (shift + tab to cycle)                                                                                                                         12.2% context used

  ⠦ Herding digital cats... (36s · ↑ 302 tokens · esc to cancel)
───────────────────────────────────────────────────────────────────────────────────────────────────────────────────────────────────────────────────────────────────────────────
*   Type your message or @path/to/file
───────────────────────────────────────────────────────────────────────────────────────────────────────────────────────────────────────────────────────────────────────────────
  YOLO mode (shift + tab to cycle)                                                                                                                         12.2% context used

  ⠧ Herding digital cats... (36s · ↑ 302 tokens · esc to cancel)
───────────────────────────────────────────────────────────────────────────────────────────────────────────────────────────────────────────────────────────────────────────────
*   Type your message or @path/to/file
───────────────────────────────────────────────────────────────────────────────────────────────────────────────────────────────────────────────────────────────────────────────
  YOLO mode (shift + tab to cycle)                                                                                                                         12.2% context used

  ⠇ Herding digital cats... (36s · ↑ 302 tokens · esc to cancel)
───────────────────────────────────────────────────────────────────────────────────────────────────────────────────────────────────────────────────────────────────────────────
*   Type your message or @path/to/file
───────────────────────────────────────────────────────────────────────────────────────────────────────────────────────────────────────────────────────────────────────────────
  YOLO mode (shift + tab to cycle)                                                                                                                         12.2% context used

  ⠏ Herding digital cats... (36s · ↑ 302 tokens · esc to cancel)
───────────────────────────────────────────────────────────────────────────────────────────────────────────────────────────────────────────────────────────────────────────────
*   Type your message or @path/to/file
───────────────────────────────────────────────────────────────────────────────────────────────────────────────────────────────────────────────────────────────────────────────
  YOLO mode (shift + tab to cycle)                                                                                                                         12.2% context used

  ⠋ Herding digital cats... (36s · ↑ 302 tokens · esc to cancel)
───────────────────────────────────────────────────────────────────────────────────────────────────────────────────────────────────────────────────────────────────────────────
*   Type your message or @path/to/file
───────────────────────────────────────────────────────────────────────────────────────────────────────────────────────────────────────────────────────────────────────────────
  YOLO mode (shift + tab to cycle)                                                                                                                         12.2% context used

  ⠙ Herding digital cats... (36s · ↑ 302 tokens · esc to cancel)
───────────────────────────────────────────────────────────────────────────────────────────────────────────────────────────────────────────────────────────────────────────────
*   Type your message or @path/to/file
───────────────────────────────────────────────────────────────────────────────────────────────────────────────────────────────────────────────────────────────────────────────
  YOLO mode (shift + tab to cycle)                                                                                                                         12.2% context used

  ⠹ Herding digital cats... (36s · ↑ 302 tokens · esc to cancel)
───────────────────────────────────────────────────────────────────────────────────────────────────────────────────────────────────────────────────────────────────────────────
*   Type your message or @path/to/file
───────────────────────────────────────────────────────────────────────────────────────────────────────────────────────────────────────────────────────────────────────────────
  YOLO mode (shift + tab to cycle)                                                                                                                         12.2% context used

  ⠸ Herding digital cats... (36s · ↑ 302 tokens · esc to cancel)
───────────────────────────────────────────────────────────────────────────────────────────────────────────────────────────────────────────────────────────────────────────────
*   Type your message or @path/to/file
───────────────────────────────────────────────────────────────────────────────────────────────────────────────────────────────────────────────────────────────────────────────
  YOLO mode (shift + tab to cycle)                                                                                                                         12.2% context used

  ⠼ Herding digital cats... (36s · ↑ 302 tokens · esc to cancel)
───────────────────────────────────────────────────────────────────────────────────────────────────────────────────────────────────────────────────────────────────────────────
*   Type your message or @path/to/file
───────────────────────────────────────────────────────────────────────────────────────────────────────────────────────────────────────────────────────────────────────────────
  YOLO mode (shift + tab to cycle)                                                                                                                         12.2% context used

  ⠴ Herding digital cats... (36s · ↑ 302 tokens · esc to cancel)
───────────────────────────────────────────────────────────────────────────────────────────────────────────────────────────────────────────────────────────────────────────────
*   Type your message or @path/to/file
───────────────────────────────────────────────────────────────────────────────────────────────────────────────────────────────────────────────────────────────────────────────
  YOLO mode (shift + tab to cycle)                                                                                                                         12.2% context used

  ⠦ Herding digital cats... (36s · ↑ 302 tokens · esc to cancel)
───────────────────────────────────────────────────────────────────────────────────────────────────────────────────────────────────────────────────────────────────────────────
*   Type your message or @path/to/file
───────────────────────────────────────────────────────────────────────────────────────────────────────────────────────────────────────────────────────────────────────────────
  YOLO mode (shift + tab to cycle)                                                                                                                         12.2% context used

  ⠦ Herding digital cats... (37s · ↑ 302 tokens · esc to cancel)
───────────────────────────────────────────────────────────────────────────────────────────────────────────────────────────────────────────────────────────────────────────────
*   Type your message or @path/to/file
───────────────────────────────────────────────────────────────────────────────────────────────────────────────────────────────────────────────────────────────────────────────
  YOLO mode (shift + tab to cycle)                                                                                                                         12.2% context used

  ⠧ Herding digital cats... (37s · ↑ 302 tokens · esc to cancel)
───────────────────────────────────────────────────────────────────────────────────────────────────────────────────────────────────────────────────────────────────────────────
*   Type your message or @path/to/file
───────────────────────────────────────────────────────────────────────────────────────────────────────────────────────────────────────────────────────────────────────────────
  YOLO mode (shift + tab to cycle)                                                                                                                         12.2% context used

  ⠇ Herding digital cats... (37s · ↑ 302 tokens · esc to cancel)
───────────────────────────────────────────────────────────────────────────────────────────────────────────────────────────────────────────────────────────────────────────────
*   Type your message or @path/to/file
───────────────────────────────────────────────────────────────────────────────────────────────────────────────────────────────────────────────────────────────────────────────
  YOLO mode (shift + tab to cycle)                                                                                                                         12.2% context used

  ⠏ Herding digital cats... (37s · ↑ 302 tokens · esc to cancel)
───────────────────────────────────────────────────────────────────────────────────────────────────────────────────────────────────────────────────────────────────────────────
*   Type your message or @path/to/file
───────────────────────────────────────────────────────────────────────────────────────────────────────────────────────────────────────────────────────────────────────────────
  YOLO mode (shift + tab to cycle)                                                                                                                         12.2% context used

  ⠋ Herding digital cats... (37s · ↑ 302 tokens · esc to cancel)
───────────────────────────────────────────────────────────────────────────────────────────────────────────────────────────────────────────────────────────────────────────────
*   Type your message or @path/to/file
───────────────────────────────────────────────────────────────────────────────────────────────────────────────────────────────────────────────────────────────────────────────
  YOLO mode (shift + tab to cycle)                                                                                                                         12.2% context used

  ⠙ Herding digital cats... (37s · ↑ 302 tokens · esc to cancel)
───────────────────────────────────────────────────────────────────────────────────────────────────────────────────────────────────────────────────────────────────────────────
*   Type your message or @path/to/file
───────────────────────────────────────────────────────────────────────────────────────────────────────────────────────────────────────────────────────────────────────────────
  YOLO mode (shift + tab to cycle)                                                                                                                         12.2% context used

  ⠹ Herding digital cats... (37s · ↑ 302 tokens · esc to cancel)
───────────────────────────────────────────────────────────────────────────────────────────────────────────────────────────────────────────────────────────────────────────────
*   Type your message or @path/to/file
───────────────────────────────────────────────────────────────────────────────────────────────────────────────────────────────────────────────────────────────────────────────
  YOLO mode (shift + tab to cycle)                                                                                                                         12.2% context used

  ⠸ Herding digital cats... (37s · ↑ 302 tokens · esc to cancel)
───────────────────────────────────────────────────────────────────────────────────────────────────────────────────────────────────────────────────────────────────────────────
*   Type your message or @path/to/file
───────────────────────────────────────────────────────────────────────────────────────────────────────────────────────────────────────────────────────────────────────────────
  YOLO mode (shift + tab to cycle)                                                                                                                         12.2% context used

  ⠼ Herding digital cats... (37s · ↑ 302 tokens · esc to cancel)
───────────────────────────────────────────────────────────────────────────────────────────────────────────────────────────────────────────────────────────────────────────────
*   Type your message or @path/to/file
───────────────────────────────────────────────────────────────────────────────────────────────────────────────────────────────────────────────────────────────────────────────
  YOLO mode (shift + tab to cycle)                                                                                                                         12.2% context used

  ⠴ Herding digital cats... (37s · ↑ 302 tokens · esc to cancel)
───────────────────────────────────────────────────────────────────────────────────────────────────────────────────────────────────────────────────────────────────────────────
*   Type your message or @path/to/file
───────────────────────────────────────────────────────────────────────────────────────────────────────────────────────────────────────────────────────────────────────────────
  YOLO mode (shift + tab to cycle)                                                                                                                         12.2% context used

  ⠦ Herding digital cats... (37s · ↑ 302 tokens · esc to cancel)
───────────────────────────────────────────────────────────────────────────────────────────────────────────────────────────────────────────────────────────────────────────────
*   Type your message or @path/to/file
───────────────────────────────────────────────────────────────────────────────────────────────────────────────────────────────────────────────────────────────────────────────
  YOLO mode (shift + tab to cycle)                                                                                                                         12.2% context used

  ⠧ Herding digital cats... (37s · ↑ 302 tokens · esc to cancel)
───────────────────────────────────────────────────────────────────────────────────────────────────────────────────────────────────────────────────────────────────────────────
*   Type your message or @path/to/file
───────────────────────────────────────────────────────────────────────────────────────────────────────────────────────────────────────────────────────────────────────────────
  YOLO mode (shift + tab to cycle)                                                                                                                         12.2% context used

  ⠇ Herding digital cats... (37s · ↑ 302 tokens · esc to cancel)
───────────────────────────────────────────────────────────────────────────────────────────────────────────────────────────────────────────────────────────────────────────────
*   Type your message or @path/to/file
───────────────────────────────────────────────────────────────────────────────────────────────────────────────────────────────────────────────────────────────────────────────
  YOLO mode (shift + tab to cycle)                                                                                                                         12.2% context used

  ⠏ Herding digital cats... (37s · ↑ 302 tokens · esc to cancel)
───────────────────────────────────────────────────────────────────────────────────────────────────────────────────────────────────────────────────────────────────────────────
*   Type your message or @path/to/file
───────────────────────────────────────────────────────────────────────────────────────────────────────────────────────────────────────────────────────────────────────────────
  YOLO mode (shift + tab to cycle)                                                                                                                         12.2% context used

  ⠏ Herding digital cats... (38s · ↑ 302 tokens · esc to cancel)
───────────────────────────────────────────────────────────────────────────────────────────────────────────────────────────────────────────────────────────────────────────────
*   Type your message or @path/to/file
───────────────────────────────────────────────────────────────────────────────────────────────────────────────────────────────────────────────────────────────────────────────
  YOLO mode (shift + tab to cycle)                                                                                                                         12.2% context used

  ⠋ Herding digital cats... (38s · ↑ 302 tokens · esc to cancel)
───────────────────────────────────────────────────────────────────────────────────────────────────────────────────────────────────────────────────────────────────────────────
*   Type your message or @path/to/file
───────────────────────────────────────────────────────────────────────────────────────────────────────────────────────────────────────────────────────────────────────────────
  YOLO mode (shift + tab to cycle)                                                                                                                         12.2% context used

  ⠙ Herding digital cats... (38s · ↑ 302 tokens · esc to cancel)
───────────────────────────────────────────────────────────────────────────────────────────────────────────────────────────────────────────────────────────────────────────────
*   Type your message or @path/to/file
───────────────────────────────────────────────────────────────────────────────────────────────────────────────────────────────────────────────────────────────────────────────
  YOLO mode (shift + tab to cycle)                                                                                                                         12.2% context used

  ⠹ Herding digital cats... (38s · ↑ 302 tokens · esc to cancel)
───────────────────────────────────────────────────────────────────────────────────────────────────────────────────────────────────────────────────────────────────────────────
*   Type your message or @path/to/file
───────────────────────────────────────────────────────────────────────────────────────────────────────────────────────────────────────────────────────────────────────────────
  YOLO mode (shift + tab to cycle)                                                                                                                         12.2% context used

  ⠸ Herding digital cats... (38s · ↑ 302 tokens · esc to cancel)
───────────────────────────────────────────────────────────────────────────────────────────────────────────────────────────────────────────────────────────────────────────────
*   Type your message or @path/to/file
───────────────────────────────────────────────────────────────────────────────────────────────────────────────────────────────────────────────────────────────────────────────
  YOLO mode (shift + tab to cycle)                                                                                                                         12.2% context used

  ⠼ Herding digital cats... (38s · ↑ 302 tokens · esc to cancel)
───────────────────────────────────────────────────────────────────────────────────────────────────────────────────────────────────────────────────────────────────────────────
*   Type your message or @path/to/file
───────────────────────────────────────────────────────────────────────────────────────────────────────────────────────────────────────────────────────────────────────────────
  YOLO mode (shift + tab to cycle)                                                                                                                         12.2% context used

  ⠴ Herding digital cats... (38s · ↑ 302 tokens · esc to cancel)
───────────────────────────────────────────────────────────────────────────────────────────────────────────────────────────────────────────────────────────────────────────────
*   Type your message or @path/to/file
───────────────────────────────────────────────────────────────────────────────────────────────────────────────────────────────────────────────────────────────────────────────
  YOLO mode (shift + tab to cycle)                                                                                                                         12.2% context used

  ⠦ Herding digital cats... (38s · ↑ 302 tokens · esc to cancel)
───────────────────────────────────────────────────────────────────────────────────────────────────────────────────────────────────────────────────────────────────────────────
*   Type your message or @path/to/file
───────────────────────────────────────────────────────────────────────────────────────────────────────────────────────────────────────────────────────────────────────────────
  YOLO mode (shift + tab to cycle)                                                                                                                         12.2% context used

  ⠧ Herding digital cats... (38s · ↑ 302 tokens · esc to cancel)
───────────────────────────────────────────────────────────────────────────────────────────────────────────────────────────────────────────────────────────────────────────────
*   Type your message or @path/to/file
───────────────────────────────────────────────────────────────────────────────────────────────────────────────────────────────────────────────────────────────────────────────
  YOLO mode (shift + tab to cycle)                                                                                                                         12.2% context used

  ⠇ Herding digital cats... (38s · ↑ 302 tokens · esc to cancel)
───────────────────────────────────────────────────────────────────────────────────────────────────────────────────────────────────────────────────────────────────────────────
*   Type your message or @path/to/file
───────────────────────────────────────────────────────────────────────────────────────────────────────────────────────────────────────────────────────────────────────────────
  YOLO mode (shift + tab to cycle)                                                                                                                         12.2% context used

  ⠏ Herding digital cats... (38s · ↑ 302 tokens · esc to cancel)
───────────────────────────────────────────────────────────────────────────────────────────────────────────────────────────────────────────────────────────────────────────────
*   Type your message or @path/to/file
───────────────────────────────────────────────────────────────────────────────────────────────────────────────────────────────────────────────────────────────────────────────
  YOLO mode (shift + tab to cycle)                                                                                                                         12.2% context used

  ⠋ Herding digital cats... (38s · ↑ 302 tokens · esc to cancel)
───────────────────────────────────────────────────────────────────────────────────────────────────────────────────────────────────────────────────────────────────────────────
*   Type your message or @path/to/file
───────────────────────────────────────────────────────────────────────────────────────────────────────────────────────────────────────────────────────────────────────────────
  YOLO mode (shift + tab to cycle)                                                                                                                         12.2% context used

  ⠙ Herding digital cats... (38s · ↑ 302 tokens · esc to cancel)
───────────────────────────────────────────────────────────────────────────────────────────────────────────────────────────────────────────────────────────────────────────────
*   Type your message or @path/to/file
───────────────────────────────────────────────────────────────────────────────────────────────────────────────────────────────────────────────────────────────────────────────
  YOLO mode (shift + tab to cycle)                                                                                                                         12.2% context used

  ⠙ Herding digital cats... (39s · ↑ 302 tokens · esc to cancel)
───────────────────────────────────────────────────────────────────────────────────────────────────────────────────────────────────────────────────────────────────────────────
*   Type your message or @path/to/file
───────────────────────────────────────────────────────────────────────────────────────────────────────────────────────────────────────────────────────────────────────────────
  YOLO mode (shift + tab to cycle)                                                                                                                         12.2% context used

  ⠹ Herding digital cats... (39s · ↑ 302 tokens · esc to cancel)
───────────────────────────────────────────────────────────────────────────────────────────────────────────────────────────────────────────────────────────────────────────────
*   Type your message or @path/to/file
───────────────────────────────────────────────────────────────────────────────────────────────────────────────────────────────────────────────────────────────────────────────
  YOLO mode (shift + tab to cycle)                                                                                                                         12.2% context used

  ⠸ Herding digital cats... (39s · ↑ 302 tokens · esc to cancel)
───────────────────────────────────────────────────────────────────────────────────────────────────────────────────────────────────────────────────────────────────────────────
*   Type your message or @path/to/file
───────────────────────────────────────────────────────────────────────────────────────────────────────────────────────────────────────────────────────────────────────────────
  YOLO mode (shift + tab to cycle)                                                                                                                         12.2% context used

  ⠼ Herding digital cats... (39s · ↑ 302 tokens · esc to cancel)
───────────────────────────────────────────────────────────────────────────────────────────────────────────────────────────────────────────────────────────────────────────────
*   Type your message or @path/to/file
───────────────────────────────────────────────────────────────────────────────────────────────────────────────────────────────────────────────────────────────────────────────
  YOLO mode (shift + tab to cycle)                                                                                                                         12.2% context used

  ⠴ Herding digital cats... (39s · ↑ 302 tokens · esc to cancel)
───────────────────────────────────────────────────────────────────────────────────────────────────────────────────────────────────────────────────────────────────────────────
*   Type your message or @path/to/file
───────────────────────────────────────────────────────────────────────────────────────────────────────────────────────────────────────────────────────────────────────────────
  YOLO mode (shift + tab to cycle)                                                                                                                         12.2% context used

  ⠦ Herding digital cats... (39s · ↑ 302 tokens · esc to cancel)
───────────────────────────────────────────────────────────────────────────────────────────────────────────────────────────────────────────────────────────────────────────────
*   Type your message or @path/to/file
───────────────────────────────────────────────────────────────────────────────────────────────────────────────────────────────────────────────────────────────────────────────
  YOLO mode (shift + tab to cycle)                                                                                                                         12.2% context used

  ⠧ Herding digital cats... (39s · ↑ 302 tokens · esc to cancel)
───────────────────────────────────────────────────────────────────────────────────────────────────────────────────────────────────────────────────────────────────────────────
*   Type your message or @path/to/file
───────────────────────────────────────────────────────────────────────────────────────────────────────────────────────────────────────────────────────────────────────────────
  YOLO mode (shift + tab to cycle)                                                                                                                         12.2% context used

  ⠇ Herding digital cats... (39s · ↑ 302 tokens · esc to cancel)
───────────────────────────────────────────────────────────────────────────────────────────────────────────────────────────────────────────────────────────────────────────────
*   Type your message or @path/to/file
───────────────────────────────────────────────────────────────────────────────────────────────────────────────────────────────────────────────────────────────────────────────
  YOLO mode (shift + tab to cycle)                                                                                                                         12.2% context used

  ⠏ Herding digital cats... (39s · ↑ 302 tokens · esc to cancel)
───────────────────────────────────────────────────────────────────────────────────────────────────────────────────────────────────────────────────────────────────────────────
*   Type your message or @path/to/file
───────────────────────────────────────────────────────────────────────────────────────────────────────────────────────────────────────────────────────────────────────────────
  YOLO mode (shift + tab to cycle)                                                                                                                         12.2% context used

  ⠋ Herding digital cats... (39s · ↑ 302 tokens · esc to cancel)
───────────────────────────────────────────────────────────────────────────────────────────────────────────────────────────────────────────────────────────────────────────────
*   Type your message or @path/to/file
───────────────────────────────────────────────────────────────────────────────────────────────────────────────────────────────────────────────────────────────────────────────
  YOLO mode (shift + tab to cycle)                                                                                                                         12.2% context used

  ⠙ Herding digital cats... (39s · ↑ 302 tokens · esc to cancel)
───────────────────────────────────────────────────────────────────────────────────────────────────────────────────────────────────────────────────────────────────────────────
*   Type your message or @path/to/file
───────────────────────────────────────────────────────────────────────────────────────────────────────────────────────────────────────────────────────────────────────────────
  YOLO mode (shift + tab to cycle)                                                                                                                         12.2% context used

  ⠹ Herding digital cats... (39s · ↑ 302 tokens · esc to cancel)
───────────────────────────────────────────────────────────────────────────────────────────────────────────────────────────────────────────────────────────────────────────────
*   Type your message or @path/to/file
───────────────────────────────────────────────────────────────────────────────────────────────────────────────────────────────────────────────────────────────────────────────
  YOLO mode (shift + tab to cycle)                                                                                                                         12.2% context used

  ⠸ Herding digital cats... (39s · ↑ 302 tokens · esc to cancel)
───────────────────────────────────────────────────────────────────────────────────────────────────────────────────────────────────────────────────────────────────────────────
*   Type your message or @path/to/file
───────────────────────────────────────────────────────────────────────────────────────────────────────────────────────────────────────────────────────────────────────────────
  YOLO mode (shift + tab to cycle)                                                                                                                         12.2% context used

  ⠼ Herding digital cats... (40s · ↑ 302 tokens · esc to cancel)
───────────────────────────────────────────────────────────────────────────────────────────────────────────────────────────────────────────────────────────────────────────────
*   Type your message or @path/to/file
───────────────────────────────────────────────────────────────────────────────────────────────────────────────────────────────────────────────────────────────────────────────
  YOLO mode (shift + tab to cycle)                                                                                                                         12.2% context used

  ⠴ Herding digital cats... (40s · ↑ 302 tokens · esc to cancel)
───────────────────────────────────────────────────────────────────────────────────────────────────────────────────────────────────────────────────────────────────────────────
*   Type your message or @path/to/file
───────────────────────────────────────────────────────────────────────────────────────────────────────────────────────────────────────────────────────────────────────────────
  YOLO mode (shift + tab to cycle)                                                                                                                         12.2% context used

  ⠦ Herding digital cats... (40s · ↑ 302 tokens · esc to cancel)
───────────────────────────────────────────────────────────────────────────────────────────────────────────────────────────────────────────────────────────────────────────────
*   Type your message or @path/to/file
───────────────────────────────────────────────────────────────────────────────────────────────────────────────────────────────────────────────────────────────────────────────
  YOLO mode (shift + tab to cycle)                                                                                                                         12.2% context used

  ⠧ Herding digital cats... (40s · ↑ 302 tokens · esc to cancel)
───────────────────────────────────────────────────────────────────────────────────────────────────────────────────────────────────────────────────────────────────────────────
*   Type your message or @path/to/file
───────────────────────────────────────────────────────────────────────────────────────────────────────────────────────────────────────────────────────────────────────────────
  YOLO mode (shift + tab to cycle)                                                                                                                         12.2% context used

  ⠇ Herding digital cats... (40s · ↑ 302 tokens · esc to cancel)
───────────────────────────────────────────────────────────────────────────────────────────────────────────────────────────────────────────────────────────────────────────────
*   Type your message or @path/to/file
───────────────────────────────────────────────────────────────────────────────────────────────────────────────────────────────────────────────────────────────────────────────
  YOLO mode (shift + tab to cycle)                                                                                                                         12.2% context used

  ⠏ Herding digital cats... (40s · ↑ 302 tokens · esc to cancel)
───────────────────────────────────────────────────────────────────────────────────────────────────────────────────────────────────────────────────────────────────────────────
*   Type your message or @path/to/file
───────────────────────────────────────────────────────────────────────────────────────────────────────────────────────────────────────────────────────────────────────────────
  YOLO mode (shift + tab to cycle)                                                                                                                         12.2% context used

  ⠋ Herding digital cats... (40s · ↑ 302 tokens · esc to cancel)
───────────────────────────────────────────────────────────────────────────────────────────────────────────────────────────────────────────────────────────────────────────────
*   Type your message or @path/to/file
───────────────────────────────────────────────────────────────────────────────────────────────────────────────────────────────────────────────────────────────────────────────
  YOLO mode (shift + tab to cycle)                                                                                                                         12.2% context used

  ⠙ Herding digital cats... (40s · ↑ 302 tokens · esc to cancel)
───────────────────────────────────────────────────────────────────────────────────────────────────────────────────────────────────────────────────────────────────────────────
*   Type your message or @path/to/file
───────────────────────────────────────────────────────────────────────────────────────────────────────────────────────────────────────────────────────────────────────────────
  YOLO mode (shift + tab to cycle)                                                                                                                         12.2% context used

  ⠹ Herding digital cats... (40s · ↑ 302 tokens · esc to cancel)
───────────────────────────────────────────────────────────────────────────────────────────────────────────────────────────────────────────────────────────────────────────────
*   Type your message or @path/to/file
───────────────────────────────────────────────────────────────────────────────────────────────────────────────────────────────────────────────────────────────────────────────
  YOLO mode (shift + tab to cycle)                                                                                                                         12.2% context used

  ⠸ Herding digital cats... (40s · ↑ 302 tokens · esc to cancel)
───────────────────────────────────────────────────────────────────────────────────────────────────────────────────────────────────────────────────────────────────────────────
*   Type your message or @path/to/file
───────────────────────────────────────────────────────────────────────────────────────────────────────────────────────────────────────────────────────────────────────────────
  YOLO mode (shift + tab to cycle)                                                                                                                         12.2% context used

  ⠼ Herding digital cats... (40s · ↑ 302 tokens · esc to cancel)
───────────────────────────────────────────────────────────────────────────────────────────────────────────────────────────────────────────────────────────────────────────────
*   Type your message or @path/to/file
───────────────────────────────────────────────────────────────────────────────────────────────────────────────────────────────────────────────────────────────────────────────
  YOLO mode (shift + tab to cycle)                                                                                                                         12.2% context used

  ∴ Thought for 0s (alt+t to expand)
   ⊶  WriteFile Writing to /Users/steward/App/ai-factory-portal/myenglish.md

  ⠼ Herding digital cats... (40s · ↑ 302 tokens · esc to cancel)
───────────────────────────────────────────────────────────────────────────────────────────────────────────────────────────────────────────────────────────────────────────────
*   Type your message or @path/to/file
───────────────────────────────────────────────────────────────────────────────────────────────────────────────────────────────────────────────────────────────────────────────
  YOLO mode (shift + tab to cycle)                                                                                                                         12.4% context used
   ✓  WriteFile Writing to /Users/steward/App/ai-factory-portal/myenglish.md
       4   快速演進
       5 
       6   ## 2. Natural Translation
       7 - Rapid evolution
       7 + rapid evolution
       8 
       9   ## 3. Simple Translation
      10 - Fast progress
      10 + fast change
      11 
      12   ## 4. Key Vocabulary
      13 
      14   | Word / Phrase | Meaning | Example Sentence |
      15   |---|---|---|
      16 - | rapid | 快速的、急速的 | There has been a rapid increase in AI usage. |
      17 - | evolution | 演進、演化 | The evolution of technology never stops. |
      16 + | rapid | 快速的、迅速的 | The tech industry is known for its rapid growth. |
      17 + | evolution | 演進、演化 | The evolution of smartphones changed how we communicate. |
      18   | rapid evolution | 快速演進 | AI has undergone rapid evolution in the past few years. |
      19 - | fast-paced | 快節奏的 | We live in a fast-paced world. |
      20 - | advance | 進步、推進 | Technology advances every single day. |
      19 
      20   ## 5. Useful Sentence Pattern
      21 
      22   **Pattern:**
      25 - ___ is evolving rapidly.
      23 + We are seeing a rapid evolution of ___.
      24 
      25   **Example:**
      [38;2;108;112;134m28 - The tech industry is evolving rapidly.
      26 + We are seeing a rapid evolution of AI technology.
      27 
      28   ## 6. Speaking Version
      29 
      32 - It's changing really fast.
      30 + Things are changing really fast.
      31 
      32   ## 7. Common Mistake
      33 
      36 - Don't say: "fast evolution" — it sounds a bit off.
      37 [38;2;243;139;168m- Say: "rapid evolution" — the natural collocation for formal or written English.
      38 - In casual speech, say: "It's changing really fast" or "It's moving quickly."
      34 + Don't say: "fast evolution" — it sounds unnatural.
      35 + Say: "rapid evolution" — "rapid" collocates better with formal nouns like evolution, growth, and development.
      36 
      37   ## 8. One Sentence to Remember
      38 
      42 - AI is going through rapid evolution.
      39 [38;2;166;227;161m+ AI has undergone rapid evolution in recent years.

  ⠼ Herding digital cats... (40s · ↑ 314 tokens · esc to cancel)
───────────────────────────────────────────────────────────────────────────────────────────────────────────────────────────────────────────────────────────────────────────────
*   Type your message or @path/to/file
───────────────────────────────────────────────────────────────────────────────────────────────────────────────────────────────────────────────────────────────────────────────
  YOLO mode (shift + tab to cycle)                                                                                                                         12.4% context used

  ⠴ Herding digital cats... (40s · ↑ 314 tokens · esc to cancel)
───────────────────────────────────────────────────────────────────────────────────────────────────────────────────────────────────────────────────────────────────────────────
*   Type your message or @path/to/file
───────────────────────────────────────────────────────────────────────────────────────────────────────────────────────────────────────────────────────────────────────────────
  YOLO mode (shift + tab to cycle)                                                                                                                         12.4% context used

  ⠴ Herding digital cats... (40s · ↑ 327 tokens · esc to cancel)
───────────────────────────────────────────────────────────────────────────────────────────────────────────────────────────────────────────────────────────────────────────────
*   Type your message or @path/to/file
───────────────────────────────────────────────────────────────────────────────────────────────────────────────────────────────────────────────────────────────────────────────
  YOLO mode (shift + tab to cycle)                                                                                                                         12.4% context used

  ⠦ Herding digital cats... (41s · ↑ 327 tokens · esc to cancel)
───────────────────────────────────────────────────────────────────────────────────────────────────────────────────────────────────────────────────────────────────────────────
*   Type your message or @path/to/file
───────────────────────────────────────────────────────────────────────────────────────────────────────────────────────────────────────────────────────────────────────────────
  YOLO mode (shift + tab to cycle)                                                                                                                         12.4% context used

  ⠦ Herding digital cats... (41s · ↑ 339 tokens · esc to cancel)
───────────────────────────────────────────────────────────────────────────────────────────────────────────────────────────────────────────────────────────────────────────────
*   Type your message or @path/to/file
───────────────────────────────────────────────────────────────────────────────────────────────────────────────────────────────────────────────────────────────────────────────
  YOLO mode (shift + tab to cycle)                                                                                                                         12.4% context used

  ⠧ Herding digital cats... (41s · ↑ 339 tokens · esc to cancel)
───────────────────────────────────────────────────────────────────────────────────────────────────────────────────────────────────────────────────────────────────────────────
*   Type your message or @path/to/file
───────────────────────────────────────────────────────────────────────────────────────────────────────────────────────────────────────────────────────────────────────────────
  YOLO mode (shift + tab to cycle)                                                                                                                         12.4% context used

  ⠇ Herding digital cats... (41s · ↑ 339 tokens · esc to cancel)
───────────────────────────────────────────────────────────────────────────────────────────────────────────────────────────────────────────────────────────────────────────────
*   Type your message or @path/to/file
───────────────────────────────────────────────────────────────────────────────────────────────────────────────────────────────────────────────────────────────────────────────
  YOLO mode (shift + tab to cycle)                                                                                                                         12.4% context used

  ⠇ Herding digital cats... (41s · ↑ 352 tokens · esc to cancel)
───────────────────────────────────────────────────────────────────────────────────────────────────────────────────────────────────────────────────────────────────────────────
*   Type your message or @path/to/file
───────────────────────────────────────────────────────────────────────────────────────────────────────────────────────────────────────────────────────────────────────────────
  YOLO mode (shift + tab to cycle)                                                                                                                         12.4% context used

  ⠏ Herding digital cats... (41s · ↑ 352 tokens · esc to cancel)
───────────────────────────────────────────────────────────────────────────────────────────────────────────────────────────────────────────────────────────────────────────────
*   Type your message or @path/to/file
───────────────────────────────────────────────────────────────────────────────────────────────────────────────────────────────────────────────────────────────────────────────
  YOLO mode (shift + tab to cycle)                                                                                                                         12.4% context used

  ⠏ Herding digital cats... (41s · ↑ 364 tokens · esc to cancel)
───────────────────────────────────────────────────────────────────────────────────────────────────────────────────────────────────────────────────────────────────────────────
*   Type your message or @path/to/file
───────────────────────────────────────────────────────────────────────────────────────────────────────────────────────────────────────────────────────────────────────────────
  YOLO mode (shift + tab to cycle)                                                                                                                         12.4% context used

  ⠋ Herding digital cats... (41s · ↑ 364 tokens · esc to cancel)
───────────────────────────────────────────────────────────────────────────────────────────────────────────────────────────────────────────────────────────────────────────────
*   Type your message or @path/to/file
───────────────────────────────────────────────────────────────────────────────────────────────────────────────────────────────────────────────────────────────────────────────
  YOLO mode (shift + tab to cycle)                                                                                                                         12.4% context used

  ⠋ Herding digital cats... (41s · ↑ 377 tokens · esc to cancel)
───────────────────────────────────────────────────────────────────────────────────────────────────────────────────────────────────────────────────────────────────────────────
*   Type your message or @path/to/file
───────────────────────────────────────────────────────────────────────────────────────────────────────────────────────────────────────────────────────────────────────────────
  YOLO mode (shift + tab to cycle)                                                                                                                         12.4% context used

  ⠙ Herding digital cats... (41s · ↑ 377 tokens · esc to cancel)
───────────────────────────────────────────────────────────────────────────────────────────────────────────────────────────────────────────────────────────────────────────────
*   Type your message or @path/to/file
───────────────────────────────────────────────────────────────────────────────────────────────────────────────────────────────────────────────────────────────────────────────
  YOLO mode (shift + tab to cycle)                                                                                                                         12.4% context used

  ⠙ Herding digital cats... (41s · ↑ 389 tokens · esc to cancel)
───────────────────────────────────────────────────────────────────────────────────────────────────────────────────────────────────────────────────────────────────────────────
*   Type your message or @path/to/file
───────────────────────────────────────────────────────────────────────────────────────────────────────────────────────────────────────────────────────────────────────────────
  YOLO mode (shift + tab to cycle)                                                                                                                         12.4% context used

  ⠹ Herding digital cats... (41s · ↑ 389 tokens · esc to cancel)
───────────────────────────────────────────────────────────────────────────────────────────────────────────────────────────────────────────────────────────────────────────────
*   Type your message or @path/to/file
───────────────────────────────────────────────────────────────────────────────────────────────────────────────────────────────────────────────────────────────────────────────
  YOLO mode (shift + tab to cycle)                                                                                                                         12.4% context used

  ⠸ Herding digital cats... (41s · ↑ 389 tokens · esc to cancel)
───────────────────────────────────────────────────────────────────────────────────────────────────────────────────────────────────────────────────────────────────────────────
*   Type your message or @path/to/file
───────────────────────────────────────────────────────────────────────────────────────────────────────────────────────────────────────────────────────────────────────────────
  YOLO mode (shift + tab to cycle)                                                                                                                         12.4% context used

  ⠸ Herding digital cats... (41s · ↑ 402 tokens · esc to cancel)
───────────────────────────────────────────────────────────────────────────────────────────────────────────────────────────────────────────────────────────────────────────────
*   Type your message or @path/to/file
───────────────────────────────────────────────────────────────────────────────────────────────────────────────────────────────────────────────────────────────────────────────
  YOLO mode (shift + tab to cycle)                                                                                                                         12.4% context used

  ⠼ Herding digital cats... (41s · ↑ 402 tokens · esc to cancel)
───────────────────────────────────────────────────────────────────────────────────────────────────────────────────────────────────────────────────────────────────────────────
*   Type your message or @path/to/file
───────────────────────────────────────────────────────────────────────────────────────────────────────────────────────────────────────────────────────────────────────────────
  YOLO mode (shift + tab to cycle)                                                                                                                         12.4% context used

  ⠼ Herding digital cats... (41s · ↑ 414 tokens · esc to cancel)
───────────────────────────────────────────────────────────────────────────────────────────────────────────────────────────────────────────────────────────────────────────────
*   Type your message or @path/to/file
───────────────────────────────────────────────────────────────────────────────────────────────────────────────────────────────────────────────────────────────────────────────
  YOLO mode (shift + tab to cycle)                                                                                                                         12.4% context used

  ⠴ Herding digital cats... (41s · ↑ 414 tokens · esc to cancel)
───────────────────────────────────────────────────────────────────────────────────────────────────────────────────────────────────────────────────────────────────────────────
*   Type your message or @path/to/file
───────────────────────────────────────────────────────────────────────────────────────────────────────────────────────────────────────────────────────────────────────────────
  YOLO mode (shift + tab to cycle)                                                                                                                         12.4% context used

  ⠴ Herding digital cats... (41s · ↑ 427 tokens · esc to cancel)
───────────────────────────────────────────────────────────────────────────────────────────────────────────────────────────────────────────────────────────────────────────────
*   Type your message or @path/to/file
───────────────────────────────────────────────────────────────────────────────────────────────────────────────────────────────────────────────────────────────────────────────
  YOLO mode (shift + tab to cycle)                                                                                                                         12.4% context used

  ⠦ Herding digital cats... (41s · ↑ 427 tokens · esc to cancel)
───────────────────────────────────────────────────────────────────────────────────────────────────────────────────────────────────────────────────────────────────────────────
*   Type your message or @path/to/file
───────────────────────────────────────────────────────────────────────────────────────────────────────────────────────────────────────────────────────────────────────────────
  YOLO mode (shift + tab to cycle)                                                                                                                         12.4% context used

  ⠦ Herding digital cats... (41s · ↑ 439 tokens · esc to cancel)
───────────────────────────────────────────────────────────────────────────────────────────────────────────────────────────────────────────────────────────────────────────────
*   Type your message or @path/to/file
───────────────────────────────────────────────────────────────────────────────────────────────────────────────────────────────────────────────────────────────────────────────
  YOLO mode (shift + tab to cycle)                                                                                                                         12.4% context used

  ⠧ Herding digital cats... (41s · ↑ 439 tokens · esc to cancel)
───────────────────────────────────────────────────────────────────────────────────────────────────────────────────────────────────────────────────────────────────────────────
*   Type your message or @path/to/file
───────────────────────────────────────────────────────────────────────────────────────────────────────────────────────────────────────────────────────────────────────────────
  YOLO mode (shift + tab to cycle)                                                                                                                         12.4% context used

  ⠇ Herding digital cats... (41s · ↑ 439 tokens · esc to cancel)
───────────────────────────────────────────────────────────────────────────────────────────────────────────────────────────────────────────────────────────────────────────────
*   Type your message or @path/to/file
───────────────────────────────────────────────────────────────────────────────────────────────────────────────────────────────────────────────────────────────────────────────
  YOLO mode (shift + tab to cycle)                                                                                                                         12.4% context used

  ⠇ Herding digital cats... (42s · ↑ 452 tokens · esc to cancel)
───────────────────────────────────────────────────────────────────────────────────────────────────────────────────────────────────────────────────────────────────────────────
*   Type your message or @path/to/file
───────────────────────────────────────────────────────────────────────────────────────────────────────────────────────────────────────────────────────────────────────────────
  YOLO mode (shift + tab to cycle)                                                                                                                         12.4% context used

  ⠏ Herding digital cats... (42s · ↑ 452 tokens · esc to cancel)
───────────────────────────────────────────────────────────────────────────────────────────────────────────────────────────────────────────────────────────────────────────────
*   Type your message or @path/to/file
───────────────────────────────────────────────────────────────────────────────────────────────────────────────────────────────────────────────────────────────────────────────
  YOLO mode (shift + tab to cycle)                                                                                                                         12.4% context used

  ⠏ Herding digital cats... (42s · ↑ 464 tokens · esc to cancel)
───────────────────────────────────────────────────────────────────────────────────────────────────────────────────────────────────────────────────────────────────────────────
*   Type your message or @path/to/file
───────────────────────────────────────────────────────────────────────────────────────────────────────────────────────────────────────────────────────────────────────────────
  YOLO mode (shift + tab to cycle)                                                                                                                         12.4% context used

  ⠋ Herding digital cats... (42s · ↑ 464 tokens · esc to cancel)
───────────────────────────────────────────────────────────────────────────────────────────────────────────────────────────────────────────────────────────────────────────────
*   Type your message or @path/to/file
───────────────────────────────────────────────────────────────────────────────────────────────────────────────────────────────────────────────────────────────────────────────
  YOLO mode (shift + tab to cycle)                                                                                                                         12.4% context used

  ⠋ Herding digital cats... (42s · ↑ 477 tokens · esc to cancel)
───────────────────────────────────────────────────────────────────────────────────────────────────────────────────────────────────────────────────────────────────────────────
*   Type your message or @path/to/file
───────────────────────────────────────────────────────────────────────────────────────────────────────────────────────────────────────────────────────────────────────────────
  YOLO mode (shift + tab to cycle)                                                                                                                         12.4% context used

  ⠙ Herding digital cats... (42s · ↑ 477 tokens · esc to cancel)
───────────────────────────────────────────────────────────────────────────────────────────────────────────────────────────────────────────────────────────────────────────────
*   Type your message or @path/to/file
───────────────────────────────────────────────────────────────────────────────────────────────────────────────────────────────────────────────────────────────────────────────
  YOLO mode (shift + tab to cycle)                                                                                                                         12.4% context used

  ⠙ Herding digital cats... (42s · ↑ 489 tokens · esc to cancel)
───────────────────────────────────────────────────────────────────────────────────────────────────────────────────────────────────────────────────────────────────────────────
*   Type your message or @path/to/file
───────────────────────────────────────────────────────────────────────────────────────────────────────────────────────────────────────────────────────────────────────────────
  YOLO mode (shift + tab to cycle)                                                                                                                         12.4% context used

  ⠹ Herding digital cats... (42s · ↑ 489 tokens · esc to cancel)
───────────────────────────────────────────────────────────────────────────────────────────────────────────────────────────────────────────────────────────────────────────────
*   Type your message or @path/to/file
───────────────────────────────────────────────────────────────────────────────────────────────────────────────────────────────────────────────────────────────────────────────
  YOLO mode (shift + tab to cycle)                                                                                                                         12.4% context used

  ⠸ Herding digital cats... (42s · ↑ 489 tokens · esc to cancel)
───────────────────────────────────────────────────────────────────────────────────────────────────────────────────────────────────────────────────────────────────────────────
*   Type your message or @path/to/file
───────────────────────────────────────────────────────────────────────────────────────────────────────────────────────────────────────────────────────────────────────────────
  YOLO mode (shift + tab to cycle)                                                                                                                         12.4% context used

  ⠸ Herding digital cats... (42s · ↑ 502 tokens · esc to cancel)
───────────────────────────────────────────────────────────────────────────────────────────────────────────────────────────────────────────────────────────────────────────────
*   Type your message or @path/to/file
───────────────────────────────────────────────────────────────────────────────────────────────────────────────────────────────────────────────────────────────────────────────
  YOLO mode (shift + tab to cycle)                                                                                                                         12.4% context used

  ⠼ Herding digital cats... (42s · ↑ 502 tokens · esc to cancel)
───────────────────────────────────────────────────────────────────────────────────────────────────────────────────────────────────────────────────────────────────────────────
*   Type your message or @path/to/file
───────────────────────────────────────────────────────────────────────────────────────────────────────────────────────────────────────────────────────────────────────────────
  YOLO mode (shift + tab to cycle)                                                                                                                         12.4% context used

  ⠼ Herding digital cats... (42s · ↑ 514 tokens · esc to cancel)
───────────────────────────────────────────────────────────────────────────────────────────────────────────────────────────────────────────────────────────────────────────────
*   Type your message or @path/to/file
───────────────────────────────────────────────────────────────────────────────────────────────────────────────────────────────────────────────────────────────────────────────
  YOLO mode (shift + tab to cycle)                                                                                                                         12.4% context used

  ⠴ Herding digital cats... (42s · ↑ 514 tokens · esc to cancel)
───────────────────────────────────────────────────────────────────────────────────────────────────────────────────────────────────────────────────────────────────────────────
*   Type your message or @path/to/file
───────────────────────────────────────────────────────────────────────────────────────────────────────────────────────────────────────────────────────────────────────────────
  YOLO mode (shift + tab to cycle)                                                                                                                         12.4% context used

  ⠴ Herding digital cats... (42s · ↑ 527 tokens · esc to cancel)
───────────────────────────────────────────────────────────────────────────────────────────────────────────────────────────────────────────────────────────────────────────────
*   Type your message or @path/to/file
───────────────────────────────────────────────────────────────────────────────────────────────────────────────────────────────────────────────────────────────────────────────
  YOLO mode (shift + tab to cycle)                                                                                                                         12.4% context used

  ⠦ Herding digital cats... (42s · ↑ 527 tokens · esc to cancel)
───────────────────────────────────────────────────────────────────────────────────────────────────────────────────────────────────────────────────────────────────────────────
*   Type your message or @path/to/file
───────────────────────────────────────────────────────────────────────────────────────────────────────────────────────────────────────────────────────────────────────────────
  YOLO mode (shift + tab to cycle)                                                                                                                         12.4% context used

  ⠦ Herding digital cats... (42s · ↑ 535 tokens · esc to cancel)
───────────────────────────────────────────────────────────────────────────────────────────────────────────────────────────────────────────────────────────────────────────────
*   Type your message or @path/to/file
───────────────────────────────────────────────────────────────────────────────────────────────────────────────────────────────────────────────────────────────────────────────
  YOLO mode (shift + tab to cycle)                                                                                                                         12.4% context used

  ⠧ Herding digital cats... (42s · ↑ 535 tokens · esc to cancel)
───────────────────────────────────────────────────────────────────────────────────────────────────────────────────────────────────────────────────────────────────────────────
*   Type your message or @path/to/file
───────────────────────────────────────────────────────────────────────────────────────────────────────────────────────────────────────────────────────────────────────────────
  YOLO mode (shift + tab to cycle)                                                                                                                         12.4% context used

  ⠇ Herding digital cats... (42s · ↑ 535 tokens · esc to cancel)
───────────────────────────────────────────────────────────────────────────────────────────────────────────────────────────────────────────────────────────────────────────────
*   Type your message or @path/to/file
───────────────────────────────────────────────────────────────────────────────────────────────────────────────────────────────────────────────────────────────────────────────
  YOLO mode (shift + tab to cycle)                                                                                                                         12.4% context used

  ⠇ Herding digital cats... (42s · ↑ 541 tokens · esc to cancel)
───────────────────────────────────────────────────────────────────────────────────────────────────────────────────────────────────────────────────────────────────────────────
*   Type your message or @path/to/file
───────────────────────────────────────────────────────────────────────────────────────────────────────────────────────────────────────────────────────────────────────────────
  YOLO mode (shift + tab to cycle)                                                                                                                         12.4% context used

  ⠏ Herding digital cats... (42s · ↑ 541 tokens · esc to cancel)
───────────────────────────────────────────────────────────────────────────────────────────────────────────────────────────────────────────────────────────────────────────────
*   Type your message or @path/to/file
───────────────────────────────────────────────────────────────────────────────────────────────────────────────────────────────────────────────────────────────────────────────
  YOLO mode (shift + tab to cycle)                                                                                                                         12.4% context used

  ⠏ Herding digital cats... (42s · ↑ 546 tokens · esc to cancel)
───────────────────────────────────────────────────────────────────────────────────────────────────────────────────────────────────────────────────────────────────────────────
*   Type your message or @path/to/file
───────────────────────────────────────────────────────────────────────────────────────────────────────────────────────────────────────────────────────────────────────────────
  YOLO mode (shift + tab to cycle)                                                                                                                         12.4% context used

  ⠋ Herding digital cats... (42s · ↑ 546 tokens · esc to cancel)
───────────────────────────────────────────────────────────────────────────────────────────────────────────────────────────────────────────────────────────────────────────────
*   Type your message or @path/to/file
───────────────────────────────────────────────────────────────────────────────────────────────────────────────────────────────────────────────────────────────────────────────
  YOLO mode (shift + tab to cycle)                                                                                                                         12.4% context used

  ⠋ Herding digital cats... (42s · ↑ 550 tokens · esc to cancel)
───────────────────────────────────────────────────────────────────────────────────────────────────────────────────────────────────────────────────────────────────────────────
*   Type your message or @path/to/file
───────────────────────────────────────────────────────────────────────────────────────────────────────────────────────────────────────────────────────────────────────────────
  YOLO mode (shift + tab to cycle)                                                                                                                         12.4% context used

  ⠋ Herding digital cats... (43s · ↑ 550 tokens · esc to cancel)
───────────────────────────────────────────────────────────────────────────────────────────────────────────────────────────────────────────────────────────────────────────────
*   Type your message or @path/to/file
───────────────────────────────────────────────────────────────────────────────────────────────────────────────────────────────────────────────────────────────────────────────
  YOLO mode (shift + tab to cycle)                                                                                                                         12.4% context used

  ⠙ Herding digital cats... (43s · ↑ 550 tokens · esc to cancel)
───────────────────────────────────────────────────────────────────────────────────────────────────────────────────────────────────────────────────────────────────────────────
*   Type your message or @path/to/file
───────────────────────────────────────────────────────────────────────────────────────────────────────────────────────────────────────────────────────────────────────────────
  YOLO mode (shift + tab to cycle)                                                                                                                         12.4% context used

  ⠙ Herding digital cats... (43s · ↑ 551 tokens · esc to cancel)
───────────────────────────────────────────────────────────────────────────────────────────────────────────────────────────────────────────────────────────────────────────────
*   Type your message or @path/to/file
───────────────────────────────────────────────────────────────────────────────────────────────────────────────────────────────────────────────────────────────────────────────
  YOLO mode (shift + tab to cycle)                                                                                                                         12.4% context used

  ⠹ Herding digital cats... (43s · ↑ 551 tokens · esc to cancel)
───────────────────────────────────────────────────────────────────────────────────────────────────────────────────────────────────────────────────────────────────────────────
*   Type your message or @path/to/file
───────────────────────────────────────────────────────────────────────────────────────────────────────────────────────────────────────────────────────────────────────────────
  YOLO mode (shift + tab to cycle)                                                                                                                         12.4% context used

  ⠸ Herding digital cats... (43s · ↑ 551 tokens · esc to cancel)
───────────────────────────────────────────────────────────────────────────────────────────────────────────────────────────────────────────────────────────────────────────────
*   Type your message or @path/to/file
───────────────────────────────────────────────────────────────────────────────────────────────────────────────────────────────────────────────────────────────────────────────
  YOLO mode (shift + tab to cycle)                                                                                                                         12.4% context used

  ⠼ Herding digital cats... (43s · ↑ 551 tokens · esc to cancel)
───────────────────────────────────────────────────────────────────────────────────────────────────────────────────────────────────────────────────────────────────────────────
*   Type your message or @path/to/file
───────────────────────────────────────────────────────────────────────────────────────────────────────────────────────────────────────────────────────────────────────────────
  YOLO mode (shift + tab to cycle)                                                                                                                         12.4% context used

  ⠼ Herding digital cats... (43s · ↑ 552 tokens · esc to cancel)
───────────────────────────────────────────────────────────────────────────────────────────────────────────────────────────────────────────────────────────────────────────────
*   Type your message or @path/to/file
───────────────────────────────────────────────────────────────────────────────────────────────────────────────────────────────────────────────────────────────────────────────
  YOLO mode (shift + tab to cycle)                                                                                                                         12.4% context used

  ⠴ Herding digital cats... (43s · ↑ 552 tokens · esc to cancel)
───────────────────────────────────────────────────────────────────────────────────────────────────────────────────────────────────────────────────────────────────────────────
*   Type your message or @path/to/file
───────────────────────────────────────────────────────────────────────────────────────────────────────────────────────────────────────────────────────────────────────────────
  YOLO mode (shift + tab to cycle)                                                                                                                         12.4% context used

  ⠴ Herding digital cats... (43s · ↑ 553 tokens · esc to cancel)
───────────────────────────────────────────────────────────────────────────────────────────────────────────────────────────────────────────────────────────────────────────────
*   Type your message or @path/to/file
───────────────────────────────────────────────────────────────────────────────────────────────────────────────────────────────────────────────────────────────────────────────
  YOLO mode (shift + tab to cycle)                                                                                                                         12.4% context used

  ⠦ Herding digital cats... (43s · ↑ 553 tokens · esc to cancel)
───────────────────────────────────────────────────────────────────────────────────────────────────────────────────────────────────────────────────────────────────────────────
*   Type your message or @path/to/file
───────────────────────────────────────────────────────────────────────────────────────────────────────────────────────────────────────────────────────────────────────────────
  YOLO mode (shift + tab to cycle)                                                                                                                         12.4% context used

  ⠦ Herding digital cats... (43s · ↑ 554 tokens · esc to cancel)
───────────────────────────────────────────────────────────────────────────────────────────────────────────────────────────────────────────────────────────────────────────────
*   Type your message or @path/to/file
───────────────────────────────────────────────────────────────────────────────────────────────────────────────────────────────────────────────────────────────────────────────
  YOLO mode (shift + tab to cycle)                                                                                                                         12.4% context used

  ⠧ Herding digital cats... (43s · ↑ 554 tokens · esc to cancel)
───────────────────────────────────────────────────────────────────────────────────────────────────────────────────────────────────────────────────────────────────────────────
*   Type your message or @path/to/file
───────────────────────────────────────────────────────────────────────────────────────────────────────────────────────────────────────────────────────────────────────────────
  YOLO mode (shift + tab to cycle)                                                                                                                         12.4% context used

  ⠇ Herding digital cats... (43s · ↑ 554 tokens · esc to cancel)
───────────────────────────────────────────────────────────────────────────────────────────────────────────────────────────────────────────────────────────────────────────────
*   Type your message or @path/to/file
───────────────────────────────────────────────────────────────────────────────────────────────────────────────────────────────────────────────────────────────────────────────
  YOLO mode (shift + tab to cycle)                                                                                                                         12.4% context used

  ⠏ Herding digital cats... (43s · ↑ 554 tokens · esc to cancel)
───────────────────────────────────────────────────────────────────────────────────────────────────────────────────────────────────────────────────────────────────────────────
*   Type your message or @path/to/file
───────────────────────────────────────────────────────────────────────────────────────────────────────────────────────────────────────────────────────────────────────────────
  YOLO mode (shift + tab to cycle)                                                                                                                         12.4% context used

  ⠏ Herding digital cats... (43s · ↑ 555 tokens · esc to cancel)
───────────────────────────────────────────────────────────────────────────────────────────────────────────────────────────────────────────────────────────────────────────────
*   Type your message or @path/to/file
───────────────────────────────────────────────────────────────────────────────────────────────────────────────────────────────────────────────────────────────────────────────
  YOLO mode (shift + tab to cycle)                                                                                                                         12.4% context used

  ⠋ Herding digital cats... (43s · ↑ 555 tokens · esc to cancel)
───────────────────────────────────────────────────────────────────────────────────────────────────────────────────────────────────────────────────────────────────────────────
*   Type your message or @path/to/file
───────────────────────────────────────────────────────────────────────────────────────────────────────────────────────────────────────────────────────────────────────────────
  YOLO mode (shift + tab to cycle)                                                                                                                         12.4% context used

  ⠋ Herding digital cats... (43s · ↑ 556 tokens · esc to cancel)
───────────────────────────────────────────────────────────────────────────────────────────────────────────────────────────────────────────────────────────────────────────────
*   Type your message or @path/to/file
───────────────────────────────────────────────────────────────────────────────────────────────────────────────────────────────────────────────────────────────────────────────
  YOLO mode (shift + tab to cycle)                                                                                                                         12.4% context used

  ⠙ Herding digital cats... (43s · ↑ 556 tokens · esc to cancel)
───────────────────────────────────────────────────────────────────────────────────────────────────────────────────────────────────────────────────────────────────────────────
*   Type your message or @path/to/file
───────────────────────────────────────────────────────────────────────────────────────────────────────────────────────────────────────────────────────────────────────────────
  YOLO mode (shift + tab to cycle)                                                                                                                         12.4% context used

  ⠙ Herding digital cats... (43s · ↑ 557 tokens · esc to cancel)
───────────────────────────────────────────────────────────────────────────────────────────────────────────────────────────────────────────────────────────────────────────────
*   Type your message or @path/to/file
───────────────────────────────────────────────────────────────────────────────────────────────────────────────────────────────────────────────────────────────────────────────
  YOLO mode (shift + tab to cycle)                                                                                                                         12.4% context used

  ⠹ Herding digital cats... (43s · ↑ 557 tokens · esc to cancel)
───────────────────────────────────────────────────────────────────────────────────────────────────────────────────────────────────────────────────────────────────────────────
*   Type your message or @path/to/file
───────────────────────────────────────────────────────────────────────────────────────────────────────────────────────────────────────────────────────────────────────────────
  YOLO mode (shift + tab to cycle)                                                                                                                         12.4% context used

  ⠸ Herding digital cats... (43s · ↑ 557 tokens · esc to cancel)
───────────────────────────────────────────────────────────────────────────────────────────────────────────────────────────────────────────────────────────────────────────────
*   Type your message or @path/to/file
───────────────────────────────────────────────────────────────────────────────────────────────────────────────────────────────────────────────────────────────────────────────
  YOLO mode (shift + tab to cycle)                                                                                                                         12.4% context used

  ⠸ Herding digital cats... (44s · ↑ 557 tokens · esc to cancel)
───────────────────────────────────────────────────────────────────────────────────────────────────────────────────────────────────────────────────────────────────────────────
*   Type your message or @path/to/file
───────────────────────────────────────────────────────────────────────────────────────────────────────────────────────────────────────────────────────────────────────────────
  YOLO mode (shift + tab to cycle)                                                                                                                         12.4% context used

  ⠼ Herding digital cats... (44s · ↑ 557 tokens · esc to cancel)
───────────────────────────────────────────────────────────────────────────────────────────────────────────────────────────────────────────────────────────────────────────────
*   Type your message or @path/to/file
───────────────────────────────────────────────────────────────────────────────────────────────────────────────────────────────────────────────────────────────────────────────
  YOLO mode (shift + tab to cycle)                                                                                                                         12.4% context used

  ⠼ Herding digital cats... (44s · ↑ 558 tokens · esc to cancel)
───────────────────────────────────────────────────────────────────────────────────────────────────────────────────────────────────────────────────────────────────────────────
*   Type your message or @path/to/file
───────────────────────────────────────────────────────────────────────────────────────────────────────────────────────────────────────────────────────────────────────────────
  YOLO mode (shift + tab to cycle)                                                                                                                         12.4% context used

  ⠴ Herding digital cats... (44s · ↑ 558 tokens · esc to cancel)
───────────────────────────────────────────────────────────────────────────────────────────────────────────────────────────────────────────────────────────────────────────────
*   Type your message or @path/to/file
───────────────────────────────────────────────────────────────────────────────────────────────────────────────────────────────────────────────────────────────────────────────
  YOLO mode (shift + tab to cycle)                                                                                                                         12.4% context used

  ⠴ Herding digital cats... (44s · ↑ 559 tokens · esc to cancel)
───────────────────────────────────────────────────────────────────────────────────────────────────────────────────────────────────────────────────────────────────────────────
*   Type your message or @path/to/file
───────────────────────────────────────────────────────────────────────────────────────────────────────────────────────────────────────────────────────────────────────────────
  YOLO mode (shift + tab to cycle)                                                                                                                         12.4% context used

  ⠦ Herding digital cats... (44s · ↑ 559 tokens · esc to cancel)
───────────────────────────────────────────────────────────────────────────────────────────────────────────────────────────────────────────────────────────────────────────────
*   Type your message or @path/to/file
───────────────────────────────────────────────────────────────────────────────────────────────────────────────────────────────────────────────────────────────────────────────
  YOLO mode (shift + tab to cycle)                                                                                                                         12.4% context used

  ⠦ Herding digital cats... (44s · ↑ 560 tokens · esc to cancel)
───────────────────────────────────────────────────────────────────────────────────────────────────────────────────────────────────────────────────────────────────────────────
*   Type your message or @path/to/file
───────────────────────────────────────────────────────────────────────────────────────────────────────────────────────────────────────────────────────────────────────────────
  YOLO mode (shift + tab to cycle)                                                                                                                         12.4% context used

  ⠧ Herding digital cats... (44s · ↑ 560 tokens · esc to cancel)
───────────────────────────────────────────────────────────────────────────────────────────────────────────────────────────────────────────────────────────────────────────────
*   Type your message or @path/to/file
───────────────────────────────────────────────────────────────────────────────────────────────────────────────────────────────────────────────────────────────────────────────
  YOLO mode (shift + tab to cycle)                                                                                                                         12.4% context used

  ⠇ Herding digital cats... (44s · ↑ 560 tokens · esc to cancel)
───────────────────────────────────────────────────────────────────────────────────────────────────────────────────────────────────────────────────────────────────────────────
*   Type your message or @path/to/file
───────────────────────────────────────────────────────────────────────────────────────────────────────────────────────────────────────────────────────────────────────────────
  YOLO mode (shift + tab to cycle)                                                                                                                         12.4% context used

  ⠏ Herding digital cats... (44s · ↑ 560 tokens · esc to cancel)
───────────────────────────────────────────────────────────────────────────────────────────────────────────────────────────────────────────────────────────────────────────────
*   Type your message or @path/to/file
───────────────────────────────────────────────────────────────────────────────────────────────────────────────────────────────────────────────────────────────────────────────
  YOLO mode (shift + tab to cycle)                                                                                                                         12.4% context used

  ⠏ Herding digital cats... (44s · ↑ 561 tokens · esc to cancel)
───────────────────────────────────────────────────────────────────────────────────────────────────────────────────────────────────────────────────────────────────────────────
*   Type your message or @path/to/file
───────────────────────────────────────────────────────────────────────────────────────────────────────────────────────────────────────────────────────────────────────────────
  YOLO mode (shift + tab to cycle)                                                                                                                         12.4% context used

  ⠋ Herding digital cats... (44s · ↑ 561 tokens · esc to cancel)
───────────────────────────────────────────────────────────────────────────────────────────────────────────────────────────────────────────────────────────────────────────────
*   Type your message or @path/to/file
───────────────────────────────────────────────────────────────────────────────────────────────────────────────────────────────────────────────────────────────────────────────
  YOLO mode (shift + tab to cycle)                                                                                                                         12.4% context used

  ⠋ Herding digital cats... (44s · ↑ 562 tokens · esc to cancel)
───────────────────────────────────────────────────────────────────────────────────────────────────────────────────────────────────────────────────────────────────────────────
*   Type your message or @path/to/file
───────────────────────────────────────────────────────────────────────────────────────────────────────────────────────────────────────────────────────────────────────────────
  YOLO mode (shift + tab to cycle)                                                                                                                         12.4% context used

  ⠙ Herding digital cats... (44s · ↑ 562 tokens · esc to cancel)
───────────────────────────────────────────────────────────────────────────────────────────────────────────────────────────────────────────────────────────────────────────────
*   Type your message or @path/to/file
───────────────────────────────────────────────────────────────────────────────────────────────────────────────────────────────────────────────────────────────────────────────
  YOLO mode (shift + tab to cycle)                                                                                                                         12.4% context used

  ⠙ Herding digital cats... (44s · ↑ 563 tokens · esc to cancel)
───────────────────────────────────────────────────────────────────────────────────────────────────────────────────────────────────────────────────────────────────────────────
*   Type your message or @path/to/file
───────────────────────────────────────────────────────────────────────────────────────────────────────────────────────────────────────────────────────────────────────────────
  YOLO mode (shift + tab to cycle)                                                                                                                         12.4% context used

  ⠹ Herding digital cats... (44s · ↑ 563 tokens · esc to cancel)
───────────────────────────────────────────────────────────────────────────────────────────────────────────────────────────────────────────────────────────────────────────────
*   Type your message or @path/to/file
───────────────────────────────────────────────────────────────────────────────────────────────────────────────────────────────────────────────────────────────────────────────
  YOLO mode (shift + tab to cycle)                                                                                                                         12.4% context used

  ⠸ Herding digital cats... (44s · ↑ 563 tokens · esc to cancel)
───────────────────────────────────────────────────────────────────────────────────────────────────────────────────────────────────────────────────────────────────────────────
*   Type your message or @path/to/file
───────────────────────────────────────────────────────────────────────────────────────────────────────────────────────────────────────────────────────────────────────────────
  YOLO mode (shift + tab to cycle)                                                                                                                         12.4% context used

  ⠼ Herding digital cats... (44s · ↑ 563 tokens · esc to cancel)
───────────────────────────────────────────────────────────────────────────────────────────────────────────────────────────────────────────────────────────────────────────────
*   Type your message or @path/to/file
───────────────────────────────────────────────────────────────────────────────────────────────────────────────────────────────────────────────────────────────────────────────
  YOLO mode (shift + tab to cycle)                                                                                                                         12.4% context used

  ⠼ Herding digital cats... (44s · ↑ 564 tokens · esc to cancel)
───────────────────────────────────────────────────────────────────────────────────────────────────────────────────────────────────────────────────────────────────────────────
*   Type your message or @path/to/file
───────────────────────────────────────────────────────────────────────────────────────────────────────────────────────────────────────────────────────────────────────────────
  YOLO mode (shift + tab to cycle)                                                                                                                         12.4% context used

  ⠴ Herding digital cats... (44s · ↑ 564 tokens · esc to cancel)
───────────────────────────────────────────────────────────────────────────────────────────────────────────────────────────────────────────────────────────────────────────────
*   Type your message or @path/to/file
───────────────────────────────────────────────────────────────────────────────────────────────────────────────────────────────────────────────────────────────────────────────
  YOLO mode (shift + tab to cycle)                                                                                                                         12.4% context used

  ⠴ Waiting for the respawn... (44s · ↑ 564 tokens · esc to cancel)
───────────────────────────────────────────────────────────────────────────────────────────────────────────────────────────────────────────────────────────────────────────────
*   Type your message or @path/to/file
───────────────────────────────────────────────────────────────────────────────────────────────────────────────────────────────────────────────────────────────────────────────
  YOLO mode (shift + tab to cycle)                                                                                                                         12.4% context used

  ⠴ Waiting for the respawn... (44s · ↑ 565 tokens · esc to cancel)
───────────────────────────────────────────────────────────────────────────────────────────────────────────────────────────────────────────────────────────────────────────────
*   Type your message or @path/to/file
───────────────────────────────────────────────────────────────────────────────────────────────────────────────────────────────────────────────────────────────────────────────
  YOLO mode (shift + tab to cycle)                                                                                                                         12.4% context used

  ⠴ Waiting for the respawn... (45s · ↑ 565 tokens · esc to cancel)
───────────────────────────────────────────────────────────────────────────────────────────────────────────────────────────────────────────────────────────────────────────────
*   Type your message or @path/to/file
───────────────────────────────────────────────────────────────────────────────────────────────────────────────────────────────────────────────────────────────────────────────
  YOLO mode (shift + tab to cycle)                                                                                                                         12.4% context used

  ⠦ Waiting for the respawn... (45s · ↑ 565 tokens · esc to cancel)
───────────────────────────────────────────────────────────────────────────────────────────────────────────────────────────────────────────────────────────────────────────────
*   Type your message or @path/to/file
───────────────────────────────────────────────────────────────────────────────────────────────────────────────────────────────────────────────────────────────────────────────
  YOLO mode (shift + tab to cycle)                                                                                                                         12.4% context used

  ⠦ Waiting for the respawn... (45s · ↑ 566 tokens · esc to cancel)
───────────────────────────────────────────────────────────────────────────────────────────────────────────────────────────────────────────────────────────────────────────────
*   Type your message or @path/to/file
───────────────────────────────────────────────────────────────────────────────────────────────────────────────────────────────────────────────────────────────────────────────
  YOLO mode (shift + tab to cycle)                                                                                                                         12.4% context used

  ⠧ Waiting for the respawn... (45s · ↑ 566 tokens · esc to cancel)
───────────────────────────────────────────────────────────────────────────────────────────────────────────────────────────────────────────────────────────────────────────────
*   Type your message or @path/to/file
───────────────────────────────────────────────────────────────────────────────────────────────────────────────────────────────────────────────────────────────────────────────
  YOLO mode (shift + tab to cycle)                                                                                                                         12.4% context used

  ⠇ Waiting for the respawn... (45s · ↑ 566 tokens · esc to cancel)
───────────────────────────────────────────────────────────────────────────────────────────────────────────────────────────────────────────────────────────────────────────────
*   Type your message or @path/to/file
───────────────────────────────────────────────────────────────────────────────────────────────────────────────────────────────────────────────────────────────────────────────
  YOLO mode (shift + tab to cycle)                                                                                                                         12.4% context used

  ⠏ Waiting for the respawn... (45s · ↑ 566 tokens · esc to cancel)
───────────────────────────────────────────────────────────────────────────────────────────────────────────────────────────────────────────────────────────────────────────────
*   Type your message or @path/to/file
───────────────────────────────────────────────────────────────────────────────────────────────────────────────────────────────────────────────────────────────────────────────
  YOLO mode (shift + tab to cycle)                                                                                                                         12.4% context used

  ⠋ Waiting for the respawn... (45s · ↑ 566 tokens · esc to cancel)
───────────────────────────────────────────────────────────────────────────────────────────────────────────────────────────────────────────────────────────────────────────────
*   Type your message or @path/to/file
───────────────────────────────────────────────────────────────────────────────────────────────────────────────────────────────────────────────────────────────────────────────
  YOLO mode (shift + tab to cycle)                                                                                                                         12.4% context used

  ⠙ Waiting for the respawn... (45s · ↑ 566 tokens · esc to cancel)
───────────────────────────────────────────────────────────────────────────────────────────────────────────────────────────────────────────────────────────────────────────────
*   Type your message or @path/to/file
───────────────────────────────────────────────────────────────────────────────────────────────────────────────────────────────────────────────────────────────────────────────
  YOLO mode (shift + tab to cycle)                                                                                                                         12.4% context used

  ⠹ Waiting for the respawn... (45s · ↑ 566 tokens · esc to cancel)
───────────────────────────────────────────────────────────────────────────────────────────────────────────────────────────────────────────────────────────────────────────────
*   Type your message or @path/to/file
───────────────────────────────────────────────────────────────────────────────────────────────────────────────────────────────────────────────────────────────────────────────
  YOLO mode (shift + tab to cycle)                                                                                                                         12.4% context used

  ⠸ Waiting for the respawn... (45s · ↑ 566 tokens · esc to cancel)
───────────────────────────────────────────────────────────────────────────────────────────────────────────────────────────────────────────────────────────────────────────────
*   Type your message or @path/to/file
───────────────────────────────────────────────────────────────────────────────────────────────────────────────────────────────────────────────────────────────────────────────
  YOLO mode (shift + tab to cycle)                                                                                                                         12.4% context used

  ⠼ Waiting for the respawn... (45s · ↑ 566 tokens · esc to cancel)
───────────────────────────────────────────────────────────────────────────────────────────────────────────────────────────────────────────────────────────────────────────────
*   Type your message or @path/to/file
───────────────────────────────────────────────────────────────────────────────────────────────────────────────────────────────────────────────────────────────────────────────
  YOLO mode (shift + tab to cycle)                                                                                                                         12.4% context used

  ⠴ Waiting for the respawn... (45s · ↑ 566 tokens · esc to cancel)
───────────────────────────────────────────────────────────────────────────────────────────────────────────────────────────────────────────────────────────────────────────────
*   Type your message or @path/to/file
───────────────────────────────────────────────────────────────────────────────────────────────────────────────────────────────────────────────────────────────────────────────
  YOLO mode (shift + tab to cycle)                                                                                                                         12.4% context used

  ✦ Translation Learning Output 已儲存至 /Users/steward/App/ai-factory-portal/myenglish.md ✅

───────────────────────────────────────────────────────────────────────────────────────────────────────────────────────────────────────────────────────────────────────────────
*   Type your message or @path/to/file
───────────────────────────────────────────────────────────────────────────────────────────────────────────────────────────────────────────────────────────────────────────────
  YOLO mode (shift + tab to cycle)                                                                                                                         12.5% context used

───────────────────────────────────────────────────────────────────────────────────────────────────────────────────────────────────────────────────────────────────────────────
* cat myenglish.md
───────────────────────────────────────────────────────────────────────────────────────────────────────────────────────────────────────────────────────────────────────────────
  YOLO mode (shift + tab to cycle)                                                                                                                         12.5% context used
