# Vibe Coding Session: pty-1781423874694-irps
# CLI: qwen | CWD: /Users/steward/App/tAgent | Mode: yolo
# Started: 2026-06-14T07:57:54.703Z

[?u
   ▄▄▄▄▄▄  ▄▄     ▄▄ ▄▄▄▄▄▄▄ ▄▄▄    ▄▄   ┌───────────────────────────────────────────────────┐
  ██╔[38;2;81;145;224m═══██╗██║    ██║██╔════╝████╗  ██║  │ >_ Qwen Code (v0.18.0)                            │
  ██║   [38;2;91;141;221m██║██║ █╗ ██║█████╗  ██╔██╗ ██║  │                                                   │
  ██║▄▄ ██║██║███╗██║██╔══╝  ██║╚██╗██║  │ Z.AI API Key | ZAI · GLM-5.1 (/model to change)   │
  ╚██████╔╝╚███╔█[38;2;122;127;210m██╔╝███████╗██║ ╚████║  │ ~/App/tAgent                                      │
   ╚══▀▀═╝  ╚══╝╚══╝ [38;2;136;121;202m╚══════╝╚═╝  ╚═══╝  └───────────────────────────────────────────────────┘

  Tips: Try /insight to generate personalized insights from your chat history.

────────────────────────────────────────────────────────────────────────────────────────────────
*   Type your message or @path/to/file
────────────────────────────────────────────────────────────────────────────────────────────────
  ⠋ Initializing...

────────────────────────────────────────────────────────────────────────────────────────────────
*   Type your message or @path/to/file
────────────────────────────────────────────────────────────────────────────────────────────────
  ⠋ Initializing...

────────────────────────────────────────────────────────────────────────────────────────────────
*   Type your message or @path/to/file
────────────────────────────────────────────────────────────────────────────────────────────────
  ⠙ Initializing...

────────────────────────────────────────────────────────────────────────────────────────────────
*   Type your message or @path/to/file
────────────────────────────────────────────────────────────────────────────────────────────────
  YOLO mode (shift + tab to cycle)

────────────────────────────────────────────────────────────────────────────────────────────────
* [Pasted Content 3337 chars] ​
────────────────────────────────────────────────────────────────────────────────────────────────
  YOLO mode (shift + tab to cycle)


  --- id: translate name: 我的翻譯機 examples: # Translation Learning Output ## 1. Original Tex…
  Press ↑ to edit queued messages
────────────────────────────────────────────────────────────────────────────────────────────────
*   Type your message or @path/to/file
────────────────────────────────────────────────────────────────────────────────────────────────
  YOLO mode (shift + tab to cycle)
────────────────────────────────────────────────────────────────────────────────────────────────
*   Type your message or @path/to/file
────────────────────────────────────────────────────────────────────────────────────────────────
  YOLO mode (shift + tab to cycle)
  ▄▄▄▄▄▄▄▄▄▄▄▄▄▄▄▄▄▄▄▄▄▄▄▄▄▄▄▄▄▄▄▄▄▄▄▄▄▄▄▄▄▄▄▄▄▄▄▄▄▄▄▄▄▄▄▄▄▄▄▄▄▄▄▄▄▄▄▄▄▄▄▄▄▄▄▄▄▄▄▄▄▄▄▄▄▄▄▄▄▄▄▄
  > ---                                                                                       
    id: translate                                                                             
    name: 我的翻譯機                                                                          
    examples: # Translation Learning Output                                                   
                                                                                              
  [48;2;44;44;59m  ## 1. Original Text                                                                       
    我想做一個可以幫助我學英文的翻譯 App。                                                    
                                                                                              
    ## 2. Natural Translation                                                                 
    I want to build a translation app that can help me learn English.                         
                                                                                              
    ## 3. Simple Translation                                                                  
  [38;2;203;166;247m  I want to make an app to help me learn English.                                           
                                                                                              
    ## 4. Key Vocabulary                                                                      
                                                                                              
    | Word / Phrase | Meaning | Example Sentence |                                            
    |---|---|---|                                                                             
    | build | 建立、製作 | I want to build a small app. |                                     
    | translation app | 翻譯 App | This translation app helps me learn new words. |           
    | help me learn | 幫助我學習 | Reading every day helps me learn English. |                
                                                                                              
    ## 5. Useful Sentence Pattern                                                             
                                                                                              
    **Pattern:**                                                                              
    I want to build a ___ that can help me ___.                                               
                                                                                              
    **Example:**                                                                              
    I want to build a tool that can help me practice speaking.                                
                                                                                              
    ## 6. Speaking Version                                                                    
                                                                                              
    I want to make a translation app to help me learn English better.                         
                                                                                              
    ## 7. Common Mistake                                                                      
                                                                                              
    Don’t say: “help me to learning English.”                                                 
    Say: “help me learn English” or “help me to learn English.”                               
                                                                                              
    ## 8. One Sentence to Remember                                                            
                                                                                              
  [48;2;44;44;59m  I want to build a translation app that can help me learn English.                         
    userInputs:                                                                               
      - id: output_path                                                                       
        label: 輸出路徑                                                                       
        description: Skill 執行結果的儲存路徑                                                 
        placeholder: "例：output/report.html"                                                 
        required: true                                                                        
  [38;2;203;166;247m      multiline: false                                                                      
      - id: _                                                                                 
        label: 輸入要翻譯的內容                                                               
        required: true                                                                        
        multiline: true                                                                       
    ---                                                                                       
                                                                                              
    ## Purpose                                                                                
    將使用者輸入的文字翻譯為目標語言（預設中→英），同時識別特殊詞彙（成語、俚語、專業術語）。 
                                                                                              
                                                                                              
    ## Inputs                                                                                 
    - **輸出路徑** (required): Skill 執行結果的儲存路徑                                       
    - **輸入要翻譯的內容** (required):                                                        
  [38;2;203;166;247m                                                                                            
    ## Steps                                                                                  
    1. 解析輸入：取得原文、目標語言（預設 en）、來源語言（預設 zh-TW）                        
    2. 翻譯：自然流暢，保留語氣和情感，專有名詞保留原文                                       
    3. 識別特殊詞彙：成語、俚語、雙關語、專業術語                                             
    4. 為每個特殊詞彙產生例句和趣味用法                                                       
    5. 照output格式輸出一個markdown file 就好                                                 
                                                                                              
                                                                                              
    ## Output                                                                                 
    # Translation Learning Output                                                             
                                                                                              
    ## 1. Original Text                                                                       
    {{original_text}}                                                                         
  [48;2;44;44;59m                                                                                            
    ## 2. Natural Translation                                                                 
    {{natural_translation}}                                                                   
                                                                                              
    ## 3. Simple Translation                                                                  
    {{simple_translation}}                                                                    
                                                                                              
    ## 4. Key Vocabulary                                                                      
                                                                                              
    | Word / Phrase | Meaning | Example Sentence |                                            
    |---|---|---|                                                                             
    | {{word_1}} | {{meaning_1}} | {{example_1}} |                                            
    | {{word_2}} | {{meaning_2}} | {{example_2}} |                                            
                                                                                              
    ## 5. Useful Sentence Pattern                                                             
                                                                                              
    **Pattern:**                                                                              
    {{sentence_pattern}}                                                                      
                                                                                              
    **Example:**                                                                              
    {{pattern_example}}                                                                       
                                                                                              
    ## 6. Speaking Version                                                                    
                                                                                              
    {{speaking_version}}                                                                      
                                                                                              
    ## 7. Common Mistake                                                                      
                                                                                              
    {{common_mistake}}                                                                        
  [38;2;203;166;247m                                                                                            
    ## 8. One Sentence to Remember                                                            
                                                                                              
    {{sentence_to_remember}}                                                                  
                                                                                              
                                                                                              
    ## Guardrails                                                                             
    - 不翻譯違法或有害內容                                                                    
    - 翻譯品質：寧可保守也不要過度意譯                                                        
    - 文化敏感：避免冒犯性翻譯                                                                
    - 不要產生出output format 以外的內容                                                      
                                                                                              
    ## Examples                                                                               
    # Translation Learning Output                                                             
                                                                                              
    ## 1. Original Text                                                                       
    我想做一個可以幫助我學英文的翻譯 App。                                                    
                                                                                              
    ## 2. Natural Translation                                                                 
    I want to build a translation app that can help me learn English.                         
                                                                                              
    ## 3. Simple Translation[39m                                                                  
    I want to make an app to help me learn English.                                           
                                                                                              
    ## 4. Key Vocabulary                                                                      
                                                                                              
    | Word / Phrase | Meaning | Example Sentence |                                            
    |---|---|---|                                                                             
    | build | 建立、製作 | I want to build a small app. |                                     
    | translation app | 翻譯 App | This translation app helps me learn new words. |           
    | help me learn | 幫助我學習 | Reading every day helps me learn English. |                
                                                                                              
    ## 5. Useful Sentence Pattern                                                             
                                                                                              
    **Pattern:**                                                                              
    I want to build a ___ that can help me ___.                                               
                                                                                              
    **Example:**                                                                              
    I want to build a tool that can help me practice speaking.                                
                                                                                              
    ## 6. Speaking Version                                                                    
                                                                                              
    I want to make a translation app to help me learn English better.                         
  [38;2;203;166;247m                                                                                            
    ## 7. Common Mistake                                                                      
                                                                                              
    Don’t say: “help me to learning English.”                                                 
    Say: “help me learn English” or “help me to learn English.”                               
                                                                                              
    ## 8. One Sentence to Remember                                                            
                                                                                              
    I want to build a translation app that can help me learn English.                         
                                                                                              
    ## Validation                                                                             
    - 翻譯結果不為空                                                                          
    - 不是原文照搬                                                                            
    - 特殊詞彙的例句確實包含該詞彙                                                            
  ▀▀▀▀▀▀▀▀▀▀▀▀▀▀▀▀▀▀▀▀▀▀▀▀▀▀▀▀▀▀▀▀▀▀▀▀▀▀▀▀▀▀▀▀▀▀▀▀▀▀▀▀▀▀▀▀▀▀▀▀▀▀▀▀▀▀▀▀▀▀▀▀▀▀▀▀▀▀▀▀▀▀▀▀▀▀▀▀▀▀▀▀

  ⠋ I'm Feeling Lucky (0s · esc to cancel)
────────────────────────────────────────────────────────────────────────────────────────────────
*   Type your message or @path/to/file
────────────────────────────────────────────────────────────────────────────────────────────────
  YOLO mode (shift + tab to cycle)

  ⠋ Recalibrating the humor-o-meter. (0s · esc to cancel)
────────────────────────────────────────────────────────────────────────────────────────────────
*   Type your message or @path/to/file
────────────────────────────────────────────────────────────────────────────────────────────────
  YOLO mode (shift + tab to cycle)

  ⠙ Recalibrating the humor-o-meter. (0s · esc to cancel)
────────────────────────────────────────────────────────────────────────────────────────────────
*   Type your message or @path/to/file
────────────────────────────────────────────────────────────────────────────────────────────────
  YOLO mode (shift + tab to cycle)

  ⠹ Recalibrating the humor-o-meter. (0s · esc to cancel)
────────────────────────────────────────────────────────────────────────────────────────────────
*   Type your message or @path/to/file
────────────────────────────────────────────────────────────────────────────────────────────────
  YOLO mode (shift + tab to cycle)

  ⠸ Recalibrating the humor-o-meter. (0s · esc to cancel)
────────────────────────────────────────────────────────────────────────────────────────────────
*   Type your message or @path/to/file
────────────────────────────────────────────────────────────────────────────────────────────────
  YOLO mode (shift + tab to cycle)

  ⠼ Recalibrating the humor-o-meter. (0s · esc to cancel)
────────────────────────────────────────────────────────────────────────────────────────────────
*   Type your message or @path/to/file
────────────────────────────────────────────────────────────────────────────────────────────────
  YOLO mode (shift + tab to cycle)

  ⠴ Recalibrating the humor-o-meter. (0s · esc to cancel)
────────────────────────────────────────────────────────────────────────────────────────────────
*   Type your message or @path/to/file
────────────────────────────────────────────────────────────────────────────────────────────────
  YOLO mode (shift + tab to cycle)

  ⠦ Recalibrating the humor-o-meter. (0s · esc to cancel)
────────────────────────────────────────────────────────────────────────────────────────────────
*   Type your message or @path/to/file
────────────────────────────────────────────────────────────────────────────────────────────────
  YOLO mode (shift + tab to cycle)

  ⠧ Recalibrating the humor-o-meter. (0s · esc to cancel)
────────────────────────────────────────────────────────────────────────────────────────────────
*   Type your message or @path/to/file
────────────────────────────────────────────────────────────────────────────────────────────────
  YOLO mode (shift + tab to cycle)

  ⠇ Recalibrating the humor-o-meter. (0s · esc to cancel)
────────────────────────────────────────────────────────────────────────────────────────────────
*   Type your message or @path/to/file
────────────────────────────────────────────────────────────────────────────────────────────────
  YOLO mode (shift + tab to cycle)

  ⠏ Recalibrating the humor-o-meter. (0s · esc to cancel)
────────────────────────────────────────────────────────────────────────────────────────────────
*   Type your message or @path/to/file
────────────────────────────────────────────────────────────────────────────────────────────────
  YOLO mode (shift + tab to cycle)

  ⠋ Recalibrating the humor-o-meter. (0s · esc to cancel)
────────────────────────────────────────────────────────────────────────────────────────────────
*   Type your message or @path/to/file
────────────────────────────────────────────────────────────────────────────────────────────────
  YOLO mode (shift + tab to cycle)

  ⠙ Recalibrating the humor-o-meter. (0s · esc to cancel)
────────────────────────────────────────────────────────────────────────────────────────────────
*   Type your message or @path/to/file
────────────────────────────────────────────────────────────────────────────────────────────────
  YOLO mode (shift + tab to cycle)

  ⠹ Recalibrating the humor-o-meter. (0s · esc to cancel)
────────────────────────────────────────────────────────────────────────────────────────────────
*   Type your message or @path/to/file
────────────────────────────────────────────────────────────────────────────────────────────────
  YOLO mode (shift + tab to cycle)

  ⠹ Recalibrating the humor-o-meter. (1s · esc to cancel)
────────────────────────────────────────────────────────────────────────────────────────────────
*   Type your message or @path/to/file
────────────────────────────────────────────────────────────────────────────────────────────────
  YOLO mode (shift + tab to cycle)

  ⠸ Recalibrating the humor-o-meter. (1s · esc to cancel)
────────────────────────────────────────────────────────────────────────────────────────────────
*   Type your message or @path/to/file
────────────────────────────────────────────────────────────────────────────────────────────────
  YOLO mode (shift + tab to cycle)

  ⠼ Recalibrating the humor-o-meter. (1s · esc to cancel)
────────────────────────────────────────────────────────────────────────────────────────────────
*   Type your message or @path/to/file
────────────────────────────────────────────────────────────────────────────────────────────────
  YOLO mode (shift + tab to cycle)

  ⠴ Recalibrating the humor-o-meter. (1s · esc to cancel)
────────────────────────────────────────────────────────────────────────────────────────────────
*   Type your message or @path/to/file
────────────────────────────────────────────────────────────────────────────────────────────────
  YOLO mode (shift + tab to cycle)

  ⠦ Recalibrating the humor-o-meter. (1s · esc to cancel)
────────────────────────────────────────────────────────────────────────────────────────────────
*   Type your message or @path/to/file
────────────────────────────────────────────────────────────────────────────────────────────────
  YOLO mode (shift + tab to cycle)

  ⠧ Recalibrating the humor-o-meter. (1s · esc to cancel)
────────────────────────────────────────────────────────────────────────────────────────────────
*   Type your message or @path/to/file
────────────────────────────────────────────────────────────────────────────────────────────────
  YOLO mode (shift + tab to cycle)

  ⠇ Recalibrating the humor-o-meter. (1s · esc to cancel)
────────────────────────────────────────────────────────────────────────────────────────────────
*   Type your message or @path/to/file
────────────────────────────────────────────────────────────────────────────────────────────────
  YOLO mode (shift + tab to cycle)

  ⠏ Recalibrating the humor-o-meter. (1s · esc to cancel)
────────────────────────────────────────────────────────────────────────────────────────────────
*   Type your message or @path/to/file
────────────────────────────────────────────────────────────────────────────────────────────────
  YOLO mode (shift + tab to cycle)

  ⠋ Recalibrating the humor-o-meter. (1s · esc to cancel)
────────────────────────────────────────────────────────────────────────────────────────────────
*   Type your message or @path/to/file
────────────────────────────────────────────────────────────────────────────────────────────────
  YOLO mode (shift + tab to cycle)

  ⠙ Recalibrating the humor-o-meter. (1s · esc to cancel)
────────────────────────────────────────────────────────────────────────────────────────────────
*   Type your message or @path/to/file
────────────────────────────────────────────────────────────────────────────────────────────────
  YOLO mode (shift + tab to cycle)

  ⠹ Recalibrating the humor-o-meter. (1s · esc to cancel)
────────────────────────────────────────────────────────────────────────────────────────────────
*   Type your message or @path/to/file
────────────────────────────────────────────────────────────────────────────────────────────────
  YOLO mode (shift + tab to cycle)

  ⠸ Recalibrating the humor-o-meter. (1s · esc to cancel)
────────────────────────────────────────────────────────────────────────────────────────────────
*   Type your message or @path/to/file
────────────────────────────────────────────────────────────────────────────────────────────────
  YOLO mode (shift + tab to cycle)

  ⠼ Recalibrating the humor-o-meter. (1s · esc to cancel)
────────────────────────────────────────────────────────────────────────────────────────────────
*   Type your message or @path/to/file
────────────────────────────────────────────────────────────────────────────────────────────────
  YOLO mode (shift + tab to cycle)

  ⠼ Recalibrating the humor-o-meter. (2s · esc to cancel)
────────────────────────────────────────────────────────────────────────────────────────────────
*   Type your message or @path/to/file
────────────────────────────────────────────────────────────────────────────────────────────────
  YOLO mode (shift + tab to cycle)

  ⠴ Recalibrating the humor-o-meter. (2s · esc to cancel)
────────────────────────────────────────────────────────────────────────────────────────────────
*   Type your message or @path/to/file
────────────────────────────────────────────────────────────────────────────────────────────────
  YOLO mode (shift + tab to cycle)

  ⠦ Recalibrating the humor-o-meter. (2s · esc to cancel)
────────────────────────────────────────────────────────────────────────────────────────────────
*   Type your message or @path/to/file
────────────────────────────────────────────────────────────────────────────────────────────────
  YOLO mode (shift + tab to cycle)

  ⠧ Recalibrating the humor-o-meter. (2s · esc to cancel)
────────────────────────────────────────────────────────────────────────────────────────────────
*   Type your message or @path/to/file
────────────────────────────────────────────────────────────────────────────────────────────────
  YOLO mode (shift + tab to cycle)

  ⠇ Recalibrating the humor-o-meter. (2s · esc to cancel)
────────────────────────────────────────────────────────────────────────────────────────────────
*   Type your message or @path/to/file
────────────────────────────────────────────────────────────────────────────────────────────────
  YOLO mode (shift + tab to cycle)

  ⠏ Recalibrating the humor-o-meter. (2s · esc to cancel)
────────────────────────────────────────────────────────────────────────────────────────────────
*   Type your message or @path/to/file
────────────────────────────────────────────────────────────────────────────────────────────────
  YOLO mode (shift + tab to cycle)

  ⠋ Recalibrating the humor-o-meter. (2s · esc to cancel)
────────────────────────────────────────────────────────────────────────────────────────────────
*   Type your message or @path/to/file
────────────────────────────────────────────────────────────────────────────────────────────────
  YOLO mode (shift + tab to cycle)

  ⠙ Recalibrating the humor-o-meter. (2s · esc to cancel)
────────────────────────────────────────────────────────────────────────────────────────────────
*   Type your message or @path/to/file
────────────────────────────────────────────────────────────────────────────────────────────────
  YOLO mode (shift + tab to cycle)

  ⠹ Recalibrating the humor-o-meter. (2s · esc to cancel)
────────────────────────────────────────────────────────────────────────────────────────────────
*   Type your message or @path/to/file
────────────────────────────────────────────────────────────────────────────────────────────────
  YOLO mode (shift + tab to cycle)

  ⠸ Recalibrating the humor-o-meter. (2s · esc to cancel)
────────────────────────────────────────────────────────────────────────────────────────────────
*   Type your message or @path/to/file
────────────────────────────────────────────────────────────────────────────────────────────────
  YOLO mode (shift + tab to cycle)

  ⠼ Recalibrating the humor-o-meter. (2s · esc to cancel)
────────────────────────────────────────────────────────────────────────────────────────────────
*   Type your message or @path/to/file
────────────────────────────────────────────────────────────────────────────────────────────────
  YOLO mode (shift + tab to cycle)

  ⠴ Recalibrating the humor-o-meter. (2s · esc to cancel)
────────────────────────────────────────────────────────────────────────────────────────────────
*   Type your message or @path/to/file
────────────────────────────────────────────────────────────────────────────────────────────────
  YOLO mode (shift + tab to cycle)

  ⠦ Recalibrating the humor-o-meter. (2s · esc to cancel)
────────────────────────────────────────────────────────────────────────────────────────────────
*   Type your message or @path/to/file
────────────────────────────────────────────────────────────────────────────────────────────────
  YOLO mode (shift + tab to cycle)

  ⠧ Recalibrating the humor-o-meter. (2s · esc to cancel)
────────────────────────────────────────────────────────────────────────────────────────────────
*   Type your message or @path/to/file
────────────────────────────────────────────────────────────────────────────────────────────────
  YOLO mode (shift + tab to cycle)

  ⠧ Recalibrating the humor-o-meter. (3s · esc to cancel)
────────────────────────────────────────────────────────────────────────────────────────────────
*   Type your message or @path/to/file
────────────────────────────────────────────────────────────────────────────────────────────────
  YOLO mode (shift + tab to cycle)

  ⠇ Recalibrating the humor-o-meter. (3s · esc to cancel)
────────────────────────────────────────────────────────────────────────────────────────────────
*   Type your message or @path/to/file
────────────────────────────────────────────────────────────────────────────────────────────────
  YOLO mode (shift + tab to cycle)

  ⠏ Recalibrating the humor-o-meter. (3s · esc to cancel)
────────────────────────────────────────────────────────────────────────────────────────────────
*   Type your message or @path/to/file
────────────────────────────────────────────────────────────────────────────────────────────────
  YOLO mode (shift + tab to cycle)

  ⠋ Recalibrating the humor-o-meter. (3s · esc to cancel)
────────────────────────────────────────────────────────────────────────────────────────────────
*   Type your message or @path/to/file
────────────────────────────────────────────────────────────────────────────────────────────────
  YOLO mode (shift + tab to cycle)

  ⠙ Recalibrating the humor-o-meter. (3s · esc to cancel)
────────────────────────────────────────────────────────────────────────────────────────────────
*   Type your message or @path/to/file
────────────────────────────────────────────────────────────────────────────────────────────────
  YOLO mode (shift + tab to cycle)

  ⠹ Recalibrating the humor-o-meter. (3s · esc to cancel)
────────────────────────────────────────────────────────────────────────────────────────────────
*   Type your message or @path/to/file
────────────────────────────────────────────────────────────────────────────────────────────────
  YOLO mode (shift + tab to cycle)

  ⠸ Recalibrating the humor-o-meter. (3s · esc to cancel)
────────────────────────────────────────────────────────────────────────────────────────────────
*   Type your message or @path/to/file
────────────────────────────────────────────────────────────────────────────────────────────────
  YOLO mode (shift + tab to cycle)

  ⠼ Recalibrating the humor-o-meter. (3s · esc to cancel)
────────────────────────────────────────────────────────────────────────────────────────────────
*   Type your message or @path/to/file
────────────────────────────────────────────────────────────────────────────────────────────────
  YOLO mode (shift + tab to cycle)

  ⠴ Recalibrating the humor-o-meter. (3s · esc to cancel)
────────────────────────────────────────────────────────────────────────────────────────────────
*   Type your message or @path/to/file
────────────────────────────────────────────────────────────────────────────────────────────────
  YOLO mode (shift + tab to cycle)

  ⠦ Recalibrating the humor-o-meter. (3s · esc to cancel)
────────────────────────────────────────────────────────────────────────────────────────────────
*   Type your message or @path/to/file
────────────────────────────────────────────────────────────────────────────────────────────────
  YOLO mode (shift + tab to cycle)

  ⠧ Recalibrating the humor-o-meter. (3s · esc to cancel)
────────────────────────────────────────────────────────────────────────────────────────────────
*   Type your message or @path/to/file
────────────────────────────────────────────────────────────────────────────────────────────────
  YOLO mode (shift + tab to cycle)

  ⠇ Recalibrating the humor-o-meter. (3s · esc to cancel)
────────────────────────────────────────────────────────────────────────────────────────────────
*   Type your message or @path/to/file
────────────────────────────────────────────────────────────────────────────────────────────────
  YOLO mode (shift + tab to cycle)

  ⠏ Recalibrating the humor-o-meter. (3s · esc to cancel)
────────────────────────────────────────────────────────────────────────────────────────────────
*   Type your message or @path/to/file
────────────────────────────────────────────────────────────────────────────────────────────────
  YOLO mode (shift + tab to cycle)

  ⠏ Recalibrating the humor-o-meter. (4s · esc to cancel)
────────────────────────────────────────────────────────────────────────────────────────────────
*   Type your message or @path/to/file
────────────────────────────────────────────────────────────────────────────────────────────────
  YOLO mode (shift + tab to cycle)

  ⠋ Recalibrating the humor-o-meter. (4s · esc to cancel)
────────────────────────────────────────────────────────────────────────────────────────────────
*   Type your message or @path/to/file
────────────────────────────────────────────────────────────────────────────────────────────────
  YOLO mode (shift + tab to cycle)

  ⠙ Recalibrating the humor-o-meter. (4s · esc to cancel)
────────────────────────────────────────────────────────────────────────────────────────────────
*   Type your message or @path/to/file
────────────────────────────────────────────────────────────────────────────────────────────────
  YOLO mode (shift + tab to cycle)

  ⠹ Recalibrating the humor-o-meter. (4s · esc to cancel)
────────────────────────────────────────────────────────────────────────────────────────────────
*   Type your message or @path/to/file
────────────────────────────────────────────────────────────────────────────────────────────────
  YOLO mode (shift + tab to cycle)

  ⠸ Recalibrating the humor-o-meter. (4s · esc to cancel)
────────────────────────────────────────────────────────────────────────────────────────────────
*   Type your message or @path/to/file
────────────────────────────────────────────────────────────────────────────────────────────────
  YOLO mode (shift + tab to cycle)

  ⠼ Recalibrating the humor-o-meter. (4s · esc to cancel)
────────────────────────────────────────────────────────────────────────────────────────────────
*   Type your message or @path/to/file
────────────────────────────────────────────────────────────────────────────────────────────────
  YOLO mode (shift + tab to cycle)

  ⠴ Recalibrating the humor-o-meter. (4s · esc to cancel)
────────────────────────────────────────────────────────────────────────────────────────────────
*   Type your message or @path/to/file
────────────────────────────────────────────────────────────────────────────────────────────────
  YOLO mode (shift + tab to cycle)

  ⠦ Recalibrating the humor-o-meter. (4s · esc to cancel)
────────────────────────────────────────────────────────────────────────────────────────────────
*   Type your message or @path/to/file
────────────────────────────────────────────────────────────────────────────────────────────────
  YOLO mode (shift + tab to cycle)

  ⠧ Recalibrating the humor-o-meter. (4s · esc to cancel)
────────────────────────────────────────────────────────────────────────────────────────────────
*   Type your message or @path/to/file
────────────────────────────────────────────────────────────────────────────────────────────────
  YOLO mode (shift + tab to cycle)

  ⠇ Recalibrating the humor-o-meter. (4s · esc to cancel)
────────────────────────────────────────────────────────────────────────────────────────────────
*   Type your message or @path/to/file
────────────────────────────────────────────────────────────────────────────────────────────────
  YOLO mode (shift + tab to cycle)

  ⠏ Recalibrating the humor-o-meter. (4s · esc to cancel)
────────────────────────────────────────────────────────────────────────────────────────────────
*   Type your message or @path/to/file
────────────────────────────────────────────────────────────────────────────────────────────────
  YOLO mode (shift + tab to cycle)

  ⠋ Recalibrating the humor-o-meter. (4s · esc to cancel)
────────────────────────────────────────────────────────────────────────────────────────────────
*   Type your message or @path/to/file
────────────────────────────────────────────────────────────────────────────────────────────────
  YOLO mode (shift + tab to cycle)

  ⠙ Recalibrating the humor-o-meter. (4s · esc to cancel)
────────────────────────────────────────────────────────────────────────────────────────────────
*   Type your message or @path/to/file
────────────────────────────────────────────────────────────────────────────────────────────────
  YOLO mode (shift + tab to cycle)

  ⠙ Recalibrating the humor-o-meter. (5s · esc to cancel)
────────────────────────────────────────────────────────────────────────────────────────────────
*   Type your message or @path/to/file
────────────────────────────────────────────────────────────────────────────────────────────────
  YOLO mode (shift + tab to cycle)

  ⠹ Recalibrating the humor-o-meter. (5s · esc to cancel)
────────────────────────────────────────────────────────────────────────────────────────────────
*   Type your message or @path/to/file
────────────────────────────────────────────────────────────────────────────────────────────────
  YOLO mode (shift + tab to cycle)

  ⠸ Recalibrating the humor-o-meter. (5s · esc to cancel)
────────────────────────────────────────────────────────────────────────────────────────────────
*   Type your message or @path/to/file
────────────────────────────────────────────────────────────────────────────────────────────────
  YOLO mode (shift + tab to cycle)

  ⠼ Recalibrating the humor-o-meter. (5s · esc to cancel)
────────────────────────────────────────────────────────────────────────────────────────────────
*   Type your message or @path/to/file
────────────────────────────────────────────────────────────────────────────────────────────────
  YOLO mode (shift + tab to cycle)

  ⠴ Recalibrating the humor-o-meter. (5s · esc to cancel)
────────────────────────────────────────────────────────────────────────────────────────────────
*   Type your message or @path/to/file
────────────────────────────────────────────────────────────────────────────────────────────────
  YOLO mode (shift + tab to cycle)

  ⠦ Recalibrating the humor-o-meter. (5s · esc to cancel)
────────────────────────────────────────────────────────────────────────────────────────────────
*   Type your message or @path/to/file
────────────────────────────────────────────────────────────────────────────────────────────────
  YOLO mode (shift + tab to cycle)

  ⠧ Recalibrating the humor-o-meter. (5s · esc to cancel)
────────────────────────────────────────────────────────────────────────────────────────────────
*   Type your message or @path/to/file
────────────────────────────────────────────────────────────────────────────────────────────────
  YOLO mode (shift + tab to cycle)

  ⠇ Recalibrating the humor-o-meter. (5s · esc to cancel)
────────────────────────────────────────────────────────────────────────────────────────────────
*   Type your message or @path/to/file
────────────────────────────────────────────────────────────────────────────────────────────────
  YOLO mode (shift + tab to cycle)

  ⠏ Recalibrating the humor-o-meter. (5s · esc to cancel)
────────────────────────────────────────────────────────────────────────────────────────────────
*   Type your message or @path/to/file
────────────────────────────────────────────────────────────────────────────────────────────────
  YOLO mode (shift + tab to cycle)

  ⠋ Recalibrating the humor-o-meter. (5s · esc to cancel)
────────────────────────────────────────────────────────────────────────────────────────────────
*   Type your message or @path/to/file
────────────────────────────────────────────────────────────────────────────────────────────────
  YOLO mode (shift + tab to cycle)

  ⠙ Recalibrating the humor-o-meter. (5s · esc to cancel)
────────────────────────────────────────────────────────────────────────────────────────────────
*   Type your message or @path/to/file
────────────────────────────────────────────────────────────────────────────────────────────────
  YOLO mode (shift + tab to cycle)

  ⠹ Recalibrating the humor-o-meter. (5s · esc to cancel)
────────────────────────────────────────────────────────────────────────────────────────────────
*   Type your message or @path/to/file
────────────────────────────────────────────────────────────────────────────────────────────────
  YOLO mode (shift + tab to cycle)

  ⠸ Recalibrating the humor-o-meter. (5s · esc to cancel)
────────────────────────────────────────────────────────────────────────────────────────────────
*   Type your message or @path/to/file
────────────────────────────────────────────────────────────────────────────────────────────────
  YOLO mode (shift + tab to cycle)

  ⠼ Recalibrating the humor-o-meter. (5s · esc to cancel)
────────────────────────────────────────────────────────────────────────────────────────────────
*   Type your message or @path/to/file
────────────────────────────────────────────────────────────────────────────────────────────────
  YOLO mode (shift + tab to cycle)

  ⠼ Recalibrating the humor-o-meter. (6s · esc to cancel)
────────────────────────────────────────────────────────────────────────────────────────────────
*   Type your message or @path/to/file
────────────────────────────────────────────────────────────────────────────────────────────────
  YOLO mode (shift + tab to cycle)

  ⠴ Recalibrating the humor-o-meter. (6s · esc to cancel)
────────────────────────────────────────────────────────────────────────────────────────────────
*   Type your message or @path/to/file
────────────────────────────────────────────────────────────────────────────────────────────────
  YOLO mode (shift + tab to cycle)

  ⠦ Recalibrating the humor-o-meter. (6s · esc to cancel)
────────────────────────────────────────────────────────────────────────────────────────────────
*   Type your message or @path/to/file
────────────────────────────────────────────────────────────────────────────────────────────────
  YOLO mode (shift + tab to cycle)

  ⠧ Recalibrating the humor-o-meter. (6s · esc to cancel)
────────────────────────────────────────────────────────────────────────────────────────────────
*   Type your message or @path/to/file
────────────────────────────────────────────────────────────────────────────────────────────────
  YOLO mode (shift + tab to cycle)

  ⠇ Recalibrating the humor-o-meter. (6s · esc to cancel)
────────────────────────────────────────────────────────────────────────────────────────────────
*   Type your message or @path/to/file
────────────────────────────────────────────────────────────────────────────────────────────────
  YOLO mode (shift + tab to cycle)

  ⠏ Recalibrating the humor-o-meter. (6s · esc to cancel)
────────────────────────────────────────────────────────────────────────────────────────────────
*   Type your message or @path/to/file
────────────────────────────────────────────────────────────────────────────────────────────────
  YOLO mode (shift + tab to cycle)

  ⠋ Recalibrating the humor-o-meter. (6s · esc to cancel)
────────────────────────────────────────────────────────────────────────────────────────────────
*   Type your message or @path/to/file
────────────────────────────────────────────────────────────────────────────────────────────────
  YOLO mode (shift + tab to cycle)

  ⠙ Recalibrating the humor-o-meter. (6s · esc to cancel)
────────────────────────────────────────────────────────────────────────────────────────────────
*   Type your message or @path/to/file
────────────────────────────────────────────────────────────────────────────────────────────────
  YOLO mode (shift + tab to cycle)

  ⠹ Recalibrating the humor-o-meter. (6s · esc to cancel)
────────────────────────────────────────────────────────────────────────────────────────────────
*   Type your message or @path/to/file
────────────────────────────────────────────────────────────────────────────────────────────────
  YOLO mode (shift + tab to cycle)

  ⠸ Recalibrating the humor-o-meter. (6s · esc to cancel)
────────────────────────────────────────────────────────────────────────────────────────────────
*   Type your message or @path/to/file
────────────────────────────────────────────────────────────────────────────────────────────────
  YOLO mode (shift + tab to cycle)

  ⠼ Recalibrating the humor-o-meter. (6s · esc to cancel)
────────────────────────────────────────────────────────────────────────────────────────────────
*   Type your message or @path/to/file
────────────────────────────────────────────────────────────────────────────────────────────────
  YOLO mode (shift + tab to cycle)

  ⠴ Recalibrating the humor-o-meter. (6s · esc to cancel)
────────────────────────────────────────────────────────────────────────────────────────────────
*   Type your message or @path/to/file
────────────────────────────────────────────────────────────────────────────────────────────────
  YOLO mode (shift + tab to cycle)

  ⠦ Recalibrating the humor-o-meter. (6s · esc to cancel)
────────────────────────────────────────────────────────────────────────────────────────────────
*   Type your message or @path/to/file
────────────────────────────────────────────────────────────────────────────────────────────────
  YOLO mode (shift + tab to cycle)

  ⠦ Recalibrating the humor-o-meter. (7s · esc to cancel)
────────────────────────────────────────────────────────────────────────────────────────────────
*   Type your message or @path/to/file
────────────────────────────────────────────────────────────────────────────────────────────────
  YOLO mode (shift + tab to cycle)

  ⠧ Recalibrating the humor-o-meter. (7s · esc to cancel)
────────────────────────────────────────────────────────────────────────────────────────────────
*   Type your message or @path/to/file
────────────────────────────────────────────────────────────────────────────────────────────────
  YOLO mode (shift + tab to cycle)

  ⠇ Recalibrating the humor-o-meter. (7s · esc to cancel)
────────────────────────────────────────────────────────────────────────────────────────────────
*   Type your message or @path/to/file
────────────────────────────────────────────────────────────────────────────────────────────────
  YOLO mode (shift + tab to cycle)

  ⠏ Recalibrating the humor-o-meter. (7s · esc to cancel)
────────────────────────────────────────────────────────────────────────────────────────────────
*   Type your message or @path/to/file
────────────────────────────────────────────────────────────────────────────────────────────────
  YOLO mode (shift + tab to cycle)

  ⠋ Recalibrating the humor-o-meter. (7s · esc to cancel)
────────────────────────────────────────────────────────────────────────────────────────────────
*   Type your message or @path/to/file
────────────────────────────────────────────────────────────────────────────────────────────────
  YOLO mode (shift + tab to cycle)

  ⠙ Recalibrating the humor-o-meter. (7s · esc to cancel)
────────────────────────────────────────────────────────────────────────────────────────────────
*   Type your message or @path/to/file
────────────────────────────────────────────────────────────────────────────────────────────────
  YOLO mode (shift + tab to cycle)

  ⠹ Recalibrating the humor-o-meter. (7s · esc to cancel)
────────────────────────────────────────────────────────────────────────────────────────────────
*   Type your message or @path/to/file
────────────────────────────────────────────────────────────────────────────────────────────────
  YOLO mode (shift + tab to cycle)

  ⠸ Recalibrating the humor-o-meter. (7s · esc to cancel)
────────────────────────────────────────────────────────────────────────────────────────────────
*   Type your message or @path/to/file
────────────────────────────────────────────────────────────────────────────────────────────────
  YOLO mode (shift + tab to cycle)

  ⠼ Recalibrating the humor-o-meter. (7s · esc to cancel)
────────────────────────────────────────────────────────────────────────────────────────────────
*   Type your message or @path/to/file
────────────────────────────────────────────────────────────────────────────────────────────────
  YOLO mode (shift + tab to cycle)

  ⠴ Recalibrating the humor-o-meter. (7s · esc to cancel)
────────────────────────────────────────────────────────────────────────────────────────────────
*   Type your message or @path/to/file
────────────────────────────────────────────────────────────────────────────────────────────────
  YOLO mode (shift + tab to cycle)

  ⠦ Recalibrating the humor-o-meter. (7s · esc to cancel)
────────────────────────────────────────────────────────────────────────────────────────────────
*   Type your message or @path/to/file
────────────────────────────────────────────────────────────────────────────────────────────────
  YOLO mode (shift + tab to cycle)

  ⠧ Recalibrating the humor-o-meter. (7s · esc to cancel)
────────────────────────────────────────────────────────────────────────────────────────────────
*   Type your message or @path/to/file
────────────────────────────────────────────────────────────────────────────────────────────────
  YOLO mode (shift + tab to cycle)

  ⠇ Recalibrating the humor-o-meter. (7s · esc to cancel)
────────────────────────────────────────────────────────────────────────────────────────────────
*   Type your message or @path/to/file
────────────────────────────────────────────────────────────────────────────────────────────────
  YOLO mode (shift + tab to cycle)

  ⠇ Recalibrating the humor-o-meter. (8s · esc to cancel)
────────────────────────────────────────────────────────────────────────────────────────────────
*   Type your message or @path/to/file
────────────────────────────────────────────────────────────────────────────────────────────────
  YOLO mode (shift + tab to cycle)

  ⠏ Recalibrating the humor-o-meter. (8s · esc to cancel)
────────────────────────────────────────────────────────────────────────────────────────────────
*   Type your message or @path/to/file
────────────────────────────────────────────────────────────────────────────────────────────────
  YOLO mode (shift + tab to cycle)

  ⠋ Recalibrating the humor-o-meter. (8s · esc to cancel)
────────────────────────────────────────────────────────────────────────────────────────────────
*   Type your message or @path/to/file
────────────────────────────────────────────────────────────────────────────────────────────────
  YOLO mode (shift + tab to cycle)

  ⠙ Recalibrating the humor-o-meter. (8s · esc to cancel)
────────────────────────────────────────────────────────────────────────────────────────────────
*   Type your message or @path/to/file
────────────────────────────────────────────────────────────────────────────────────────────────
  YOLO mode (shift + tab to cycle)

  ⠹ Recalibrating the humor-o-meter. (8s · esc to cancel)
────────────────────────────────────────────────────────────────────────────────────────────────
*   Type your message or @path/to/file
────────────────────────────────────────────────────────────────────────────────────────────────
  YOLO mode (shift + tab to cycle)

  ⠸ Recalibrating the humor-o-meter. (8s · esc to cancel)
────────────────────────────────────────────────────────────────────────────────────────────────
*   Type your message or @path/to/file
────────────────────────────────────────────────────────────────────────────────────────────────
  YOLO mode (shift + tab to cycle)

  ⠼ Recalibrating the humor-o-meter. (8s · esc to cancel)
────────────────────────────────────────────────────────────────────────────────────────────────
*   Type your message or @path/to/file
────────────────────────────────────────────────────────────────────────────────────────────────
  YOLO mode (shift + tab to cycle)

  ⠴ Recalibrating the humor-o-meter. (8s · esc to cancel)
────────────────────────────────────────────────────────────────────────────────────────────────
*   Type your message or @path/to/file
────────────────────────────────────────────────────────────────────────────────────────────────
  YOLO mode (shift + tab to cycle)

  ⠦ Recalibrating the humor-o-meter. (8s · esc to cancel)
────────────────────────────────────────────────────────────────────────────────────────────────
*   Type your message or @path/to/file
────────────────────────────────────────────────────────────────────────────────────────────────
  YOLO mode (shift + tab to cycle)

  ⠧ Recalibrating the humor-o-meter. (8s · esc to cancel)
────────────────────────────────────────────────────────────────────────────────────────────────
*   Type your message or @path/to/file
────────────────────────────────────────────────────────────────────────────────────────────────
  YOLO mode (shift + tab to cycle)

  ⠇ Recalibrating the humor-o-meter. (8s · esc to cancel)
────────────────────────────────────────────────────────────────────────────────────────────────
*   Type your message or @path/to/file
────────────────────────────────────────────────────────────────────────────────────────────────
  YOLO mode (shift + tab to cycle)

  ⠏ Recalibrating the humor-o-meter. (8s · esc to cancel)
────────────────────────────────────────────────────────────────────────────────────────────────
*   Type your message or @path/to/file
────────────────────────────────────────────────────────────────────────────────────────────────
  YOLO mode (shift + tab to cycle)

  ⠋ Recalibrating the humor-o-meter. (8s · esc to cancel)
────────────────────────────────────────────────────────────────────────────────────────────────
*   Type your message or @path/to/file
────────────────────────────────────────────────────────────────────────────────────────────────
  YOLO mode (shift + tab to cycle)

  ⠙ Recalibrating the humor-o-meter. (8s · esc to cancel)
────────────────────────────────────────────────────────────────────────────────────────────────
*   Type your message or @path/to/file
────────────────────────────────────────────────────────────────────────────────────────────────
  YOLO mode (shift + tab to cycle)

  ⠙ Recalibrating the humor-o-meter. (9s · esc to cancel)
────────────────────────────────────────────────────────────────────────────────────────────────
*   Type your message or @path/to/file
────────────────────────────────────────────────────────────────────────────────────────────────
  YOLO mode (shift + tab to cycle)
  ✦ The user has sent a message that appears to be a skill definition for a translation app. Let
     me analyze what's happening here.

    Looking at the message, it starts with what appears to be a skill definition (the translate 
    skill with its frontmatter and content). This looks like it's the content of a skill file.
    Let me check my memory files to understand the context better, and look

  ⠙ Recalibrating the humor-o-meter. (9s · esc to cancel)
────────────────────────────────────────────────────────────────────────────────────────────────
*   Type your message or @path/to/file
────────────────────────────────────────────────────────────────────────────────────────────────
  YOLO mode (shift + tab to cycle)
    Let me check my memory files to understand the context better, and look

  ⠹ Recalibrating the humor-o-meter. (9s · esc to cancel)
────────────────────────────────────────────────────────────────────────────────────────────────
*   Type your message or @path/to/file
────────────────────────────────────────────────────────────────────────────────────────────────
  YOLO mode (shift + tab to cycle)
    Let me check my memory files to understand the context better, and look

  ⠸ Recalibrating the humor-o-meter. (9s · esc to cancel)
────────────────────────────────────────────────────────────────────────────────────────────────
*   Type your message or @path/to/file
────────────────────────────────────────────────────────────────────────────────────────────────
  YOLO mode (shift + tab to cycle)
    Let me check my memory files to understand the context better, and look

  ⠼ Recalibrating the humor-o-meter. (9s · esc to cancel)
────────────────────────────────────────────────────────────────────────────────────────────────
*   Type your message or @path/to/file
────────────────────────────────────────────────────────────────────────────────────────────────
  YOLO mode (shift + tab to cycle)
    Let me check my memory files to understand the context better, and look

  ⠴ Recalibrating the humor-o-meter. (9s · esc to cancel)
────────────────────────────────────────────────────────────────────────────────────────────────
*   Type your message or @path/to/file
────────────────────────────────────────────────────────────────────────────────────────────────
  YOLO mode (shift + tab to cycle)
    Let me check my memory files to understand the context better, and look

  ⠦ Recalibrating the humor-o-meter. (9s · esc to cancel)
────────────────────────────────────────────────────────────────────────────────────────────────
*   Type your message or @path/to/file
────────────────────────────────────────────────────────────────────────────────────────────────
  YOLO mode (shift + tab to cycle)
    Let me check my memory files to understand the context better, and look

  ⠧ Recalibrating the humor-o-meter. (9s · esc to cancel)
────────────────────────────────────────────────────────────────────────────────────────────────
*   Type your message or @path/to/file
────────────────────────────────────────────────────────────────────────────────────────────────
  YOLO mode (shift + tab to cycle)
    Let me check my memory files to understand the context better, and look

  ⠇ Recalibrating the humor-o-meter. (9s · esc to cancel)
────────────────────────────────────────────────────────────────────────────────────────────────
*   Type your message or @path/to/file
────────────────────────────────────────────────────────────────────────────────────────────────
  YOLO mode (shift + tab to cycle)
    Let me check my memory files to understand the context better, and look

  ⠏ Recalibrating the humor-o-meter. (9s · esc to cancel)
────────────────────────────────────────────────────────────────────────────────────────────────
*   Type your message or @path/to/file
────────────────────────────────────────────────────────────────────────────────────────────────
  YOLO mode (shift + tab to cycle)
    Let me check my memory files to understand the context better, and look

  ⠋ Recalibrating the humor-o-meter. (9s · esc to cancel)
────────────────────────────────────────────────────────────────────────────────────────────────
*   Type your message or @path/to/file
────────────────────────────────────────────────────────────────────────────────────────────────
  YOLO mode (shift + tab to cycle)
    Let me check my memory files to understand the context better, and look

  ⠙ Recalibrating the humor-o-meter. (9s · esc to cancel)
────────────────────────────────────────────────────────────────────────────────────────────────
*   Type your message or @path/to/file
────────────────────────────────────────────────────────────────────────────────────────────────
  YOLO mode (shift + tab to cycle)
    Let me check my memory files to understand the context better, and look

  ⠹ Recalibrating the humor-o-meter. (9s · esc to cancel)
────────────────────────────────────────────────────────────────────────────────────────────────
*   Type your message or @path/to/file
────────────────────────────────────────────────────────────────────────────────────────────────
  [38;2;243;139;168mYOLO mode (shift + tab to cycle)
    Let me check my memory files to understand the context better, and look at the project 
    structure to understand what's going on.

    From the git snapshot, I can see:
     - Current branch: dev
     - Modified: data/skills/building/build-translate.md
     - Recent commits about skill publishing, skill execution
    From my memory:
     - User is a developer/architect of the tAgent AI agent platform
     - There's a translate app in active development
     - Feedback:

  ⠹ Recalibrating the humor-o-meter. (9s · esc to cancel)
────────────────────────────────────────────────────────────────────────────────────────────────
*   Type your message or @path/to/file
────────────────────────────────────────────────────────────────────────────────────────────────
  YOLO mode (shift + tab to cycle)
    From my memory:
     - User is a developer/architect of the tAgent AI agent platform
     - There's a translate app in active development
     - Feedback:

  ⠸ Recalibrating the humor-o-meter. (9s · esc to cancel)
────────────────────────────────────────────────────────────────────────────────────────────────
*   Type your message or @path/to/file
────────────────────────────────────────────────────────────────────────────────────────────────
  YOLO mode (shift + tab to cycle)
    From my memory:
     - User is a developer/architect of the tAgent AI agent platform
     - There's a translate app in active development
     - Feedback:

  ⠸ Recalibrating the humor-o-meter. (10s · esc to cancel)
────────────────────────────────────────────────────────────────────────────────────────────────
*   Type your message or @path/to/file
────────────────────────────────────────────────────────────────────────────────────────────────
  YOLO mode (shift + tab to cycle)
    From my memory:
     - User is a developer/architect of the tAgent AI agent platform
     - There's a translate app in active development
     - Feedback:

  ⠼ Recalibrating the humor-o-meter. (10s · esc to cancel)
────────────────────────────────────────────────────────────────────────────────────────────────
*   Type your message or @path/to/file
────────────────────────────────────────────────────────────────────────────────────────────────
  YOLO mode (shift + tab to cycle)
    From my memory:
     - User is a developer/architect of the tAgent AI agent platform
     - There's a translate app in active development
     - Feedback:

  ⠴ Recalibrating the humor-o-meter. (10s · esc to cancel)
────────────────────────────────────────────────────────────────────────────────────────────────
*   Type your message or @path/to/file
────────────────────────────────────────────────────────────────────────────────────────────────
  YOLO mode (shift + tab to cycle)
    From my memory:
     - User is a developer/architect of the tAgent AI agent platform
     - There's a translate app in active development
     - Feedback:

  ⠦ Recalibrating the humor-o-meter. (10s · esc to cancel)
────────────────────────────────────────────────────────────────────────────────────────────────
*   Type your message or @path/to/file
────────────────────────────────────────────────────────────────────────────────────────────────
  YOLO mode (shift + tab to cycle)
    From my memory:
     - User is a developer/architect of the tAgent AI agent platform
     - There's a translate app in active development
     - Feedback:

  ⠧ Recalibrating the humor-o-meter. (10s · esc to cancel)
────────────────────────────────────────────────────────────────────────────────────────────────
*   Type your message or @path/to/file
────────────────────────────────────────────────────────────────────────────────────────────────
  YOLO mode (shift + tab to cycle)
    From my memory:
     - User is a developer/architect of the tAgent AI agent platform
     - There's a translate app in active development
     - Feedback:

  ⠇ Recalibrating the humor-o-meter. (10s · esc to cancel)
────────────────────────────────────────────────────────────────────────────────────────────────
*   Type your message or @path/to/file
────────────────────────────────────────────────────────────────────────────────────────────────
  YOLO mode (shift + tab to cycle)
    From my memory:
     - User is a developer/architect of the tAgent AI agent platform
     - There's a translate app in active development
     - Feedback:

  ⠏ Recalibrating the humor-o-meter. (10s · esc to cancel)
────────────────────────────────────────────────────────────────────────────────────────────────
*   Type your message or @path/to/file
────────────────────────────────────────────────────────────────────────────────────────────────
  YOLO mode (shift + tab to cycle)
    From my memory:
     - User is a developer/architect of the tAgent AI agent platform
     - There's a translate app in active development
     - Feedback:

  ⠋ Recalibrating the humor-o-meter. (10s · esc to cancel)
────────────────────────────────────────────────────────────────────────────────────────────────
*   Type your message or @path/to/file
────────────────────────────────────────────────────────────────────────────────────────────────
  YOLO mode (shift + tab to cycle)
    From my memory:
     - User is a developer/architect of the tAgent AI agent platform
     - There's a translate app in active development
     - Feedback:

  ⠙ Recalibrating the humor-o-meter. (10s · esc to cancel)
────────────────────────────────────────────────────────────────────────────────────────────────
*   Type your message or @path/to/file
────────────────────────────────────────────────────────────────────────────────────────────────
  YOLO mode (shift + tab to cycle)
    From my memory:
     - User is a developer/architect of the tAgent AI agent platform
     - There's a translate app in active development
     - Feedback:

  ⠹ Recalibrating the humor-o-meter. (10s · esc to cancel)
────────────────────────────────────────────────────────────────────────────────────────────────
*   Type your message or @path/to/file
────────────────────────────────────────────────────────────────────────────────────────────────
  YOLO mode (shift + tab to cycle)
    From my memory:
     - User is a developer/architect of the tAgent AI agent platform
     - There's a translate app in active development
     - Feedback:

  ⠸ Recalibrating the humor-o-meter. (10s · esc to cancel)
────────────────────────────────────────────────────────────────────────────────────────────────
*   Type your message or @path/to/file
────────────────────────────────────────────────────────────────────────────────────────────────
  YOLO mode (shift + tab to cycle)
    From my memory:
     - User is a developer/architect of the tAgent AI agent platform
     - There's a translate app in active development
     - Feedback:

  ⠼ Recalibrating the humor-o-meter. (10s · esc to cancel)
────────────────────────────────────────────────────────────────────────────────────────────────
*   Type your message or @path/to/file
────────────────────────────────────────────────────────────────────────────────────────────────
  YOLO mode (shift + tab to cycle)
    From my memory:
     - User is a developer/architect of the tAgent AI agent platform
     - There's a translate app in active development
     - Feedback:

  ⠴ Recalibrating the humor-o-meter. (10s · esc to cancel)
────────────────────────────────────────────────────────────────────────────────────────────────
*   Type your message or @path/to/file
────────────────────────────────────────────────────────────────────────────────────────────────
  YOLO mode (shift + tab to cycle)
    From my memory:
     - User is a developer/architect of the tAgent AI agent platform
     - There's a translate app in active development
     - Feedback:

  ⠴ Recalibrating the humor-o-meter. (11s · esc to cancel)
────────────────────────────────────────────────────────────────────────────────────────────────
*   Type your message or @path/to/file
────────────────────────────────────────────────────────────────────────────────────────────────
  YOLO mode (shift + tab to cycle)
    From my memory:
     - User is a developer/architect of the tAgent AI agent platform
     - There's a translate app in active development
     - Feedback:

  ⠦ Recalibrating the humor-o-meter. (11s · esc to cancel)
────────────────────────────────────────────────────────────────────────────────────────────────
*   Type your message or @path/to/file
────────────────────────────────────────────────────────────────────────────────────────────────
  YOLO mode (shift + tab to cycle)
    From my memory:
     - User is a developer/architect of the tAgent AI agent platform
     - There's a translate app in active development
     - Feedback:

  ⠧ Recalibrating the humor-o-meter. (11s · esc to cancel)
────────────────────────────────────────────────────────────────────────────────────────────────
*   Type your message or @path/to/file
────────────────────────────────────────────────────────────────────────────────────────────────
  YOLO mode (shift + tab to cycle)
    From my memory:
     - User is a developer/architect of the tAgent AI agent platform
     - There's a translate app in active development
     - Feedback:

  ⠇ Recalibrating the humor-o-meter. (11s · esc to cancel)
────────────────────────────────────────────────────────────────────────────────────────────────
*   Type your message or @path/to/file
────────────────────────────────────────────────────────────────────────────────────────────────
  YOLO mode (shift + tab to cycle)
    From my memory:
     - User is a developer/architect of the tAgent AI agent platform
     - There's a translate app in active development
     - Feedback:

  ⠏ Recalibrating the humor-o-meter. (11s · esc to cancel)
────────────────────────────────────────────────────────────────────────────────────────────────
*   Type your message or @path/to/file
────────────────────────────────────────────────────────────────────────────────────────────────
  YOLO mode (shift + tab to cycle)
    From my memory:
     - User is a developer/architect of the tAgent AI agent platform
     - There's a translate app in active development
     - Feedback:

  ⠋ Recalibrating the humor-o-meter. (11s · esc to cancel)
────────────────────────────────────────────────────────────────────────────────────────────────
*   Type your message or @path/to/file
────────────────────────────────────────────────────────────────────────────────────────────────
  YOLO mode (shift + tab to cycle)
    From my memory:
     - User is a developer/architect of the tAgent AI agent platform
     - There's a translate app in active development
     - Feedback:

  ⠙ Recalibrating the humor-o-meter. (11s · esc to cancel)
────────────────────────────────────────────────────────────────────────────────────────────────
*   Type your message or @path/to/file
────────────────────────────────────────────────────────────────────────────────────────────────
  YOLO mode (shift + tab to cycle)
    From my memory:
     - User is a developer/architect of the tAgent AI agent platform
     - There's a translate app in active development
     - Feedback:

  ⠹ Recalibrating the humor-o-meter. (11s · esc to cancel)
────────────────────────────────────────────────────────────────────────────────────────────────
*   Type your message or @path/to/file
────────────────────────────────────────────────────────────────────────────────────────────────
  YOLO mode (shift + tab to cycle)
    From my memory:
     - User is a developer/architect of the tAgent AI agent platform
     - There's a translate app in active development
     - Feedback:

  ⠸ Recalibrating the humor-o-meter. (11s · esc to cancel)
────────────────────────────────────────────────────────────────────────────────────────────────
*   Type your message or @path/to/file
────────────────────────────────────────────────────────────────────────────────────────────────
  YOLO mode (shift + tab to cycle)
    From my memory:
     - User is a developer/architect of the tAgent AI agent platform
     - There's a translate app in active development
     - Feedback:

  ⠼ Recalibrating the humor-o-meter. (11s · esc to cancel)
────────────────────────────────────────────────────────────────────────────────────────────────
*   Type your message or @path/to/file
────────────────────────────────────────────────────────────────────────────────────────────────
  YOLO mode (shift + tab to cycle)
    From my memory:
     - User is a developer/architect of the tAgent AI agent platform
     - There's a translate app in active development
     - Feedback:

  ⠴ Recalibrating the humor-o-meter. (11s · esc to cancel)
────────────────────────────────────────────────────────────────────────────────────────────────
*   Type your message or @path/to/file
────────────────────────────────────────────────────────────────────────────────────────────────
  YOLO mode (shift + tab to cycle)
    From my memory:
     - User is a developer/architect of the tAgent AI agent platform
     - There's a translate app in active development
     - Feedback:

  ⠦ Recalibrating the humor-o-meter. (11s · esc to cancel)
────────────────────────────────────────────────────────────────────────────────────────────────
*   Type your message or @path/to/file
────────────────────────────────────────────────────────────────────────────────────────────────
  YOLO mode (shift + tab to cycle)
    From my memory:
     - User is a developer/architect of the tAgent AI agent platform
     - There's a translate app in active development
     - Feedback:

  ⠧ Recalibrating the humor-o-meter. (11s · esc to cancel)
────────────────────────────────────────────────────────────────────────────────────────────────
*   Type your message or @path/to/file
────────────────────────────────────────────────────────────────────────────────────────────────
  YOLO mode (shift + tab to cycle)
    From my memory:
     - User is a developer/architect of the tAgent AI agent platform
     - There's a translate app in active development
     - Feedback:

  ⠇ Recalibrating the humor-o-meter. (11s · esc to cancel)
────────────────────────────────────────────────────────────────────────────────────────────────
*   Type your message or @path/to/file
────────────────────────────────────────────────────────────────────────────────────────────────
  YOLO mode (shift + tab to cycle)
    From my memory:
     - User is a developer/architect of the tAgent AI agent platform
     - There's a translate app in active development
     - Feedback:

  ⠇ Recalibrating the humor-o-meter. (12s · esc to cancel)
────────────────────────────────────────────────────────────────────────────────────────────────
*   Type your message or @path/to/file
────────────────────────────────────────────────────────────────────────────────────────────────
  YOLO mode (shift + tab to cycle)
    From my memory:
     - User is a developer/architect of the tAgent AI agent platform
     - There's a translate app in active development
     - Feedback:

  ⠏ Recalibrating the humor-o-meter. (12s · esc to cancel)
────────────────────────────────────────────────────────────────────────────────────────────────
*   Type your message or @path/to/file
────────────────────────────────────────────────────────────────────────────────────────────────
  YOLO mode (shift + tab to cycle)
    From my memory:
     - User is a developer/architect of the tAgent AI agent platform
     - There's a translate app in active development
     - Feedback:

  ⠋ Recalibrating the humor-o-meter. (12s · esc to cancel)
────────────────────────────────────────────────────────────────────────────────────────────────
*   Type your message or @path/to/file
────────────────────────────────────────────────────────────────────────────────────────────────
  YOLO mode (shift + tab to cycle)
    From my memory:
     - User is a developer/architect of the tAgent AI agent platform
     - There's a translate app in active development
     - Feedback:

  ⠙ Recalibrating the humor-o-meter. (12s · esc to cancel)
────────────────────────────────────────────────────────────────────────────────────────────────
*   Type your message or @path/to/file
────────────────────────────────────────────────────────────────────────────────────────────────
  YOLO mode (shift + tab to cycle)
    From my memory:
     - User is a developer/architect of the tAgent AI agent platform
     - There's a translate app in active development
     - Feedback:

  ⠹ Recalibrating the humor-o-meter. (12s · esc to cancel)
────────────────────────────────────────────────────────────────────────────────────────────────
*   Type your message or @path/to/file
────────────────────────────────────────────────────────────────────────────────────────────────
  YOLO mode (shift + tab to cycle)
    From my memory:
     - User is a developer/architect of the tAgent AI agent platform
     - There's a translate app in active development
     - Feedback:

  ⠸ Recalibrating the humor-o-meter. (12s · esc to cancel)
────────────────────────────────────────────────────────────────────────────────────────────────
*   Type your message or @path/to/file
────────────────────────────────────────────────────────────────────────────────────────────────
  YOLO mode (shift + tab to cycle)
    From my memory:
     - User is a developer/architect of the tAgent AI agent platform
     - There's a translate app in active development
     - Feedback: Raw JSON only when acting as skill engine

    This message looks like it's the content of a skill file being sent to me, possibly for me
     to execute as a skill engine, or it could be that the user is showing me a skill file and
     wants something done with it.
    Wait, let me re-read the message more carefully. The message starts with --- and has 
    frontmatter (`id

  ⠸ Recalibrating the humor-o-meter. (12s · esc to cancel)
────────────────────────────────────────────────────────────────────────────────────────────────
*   Type your message or @path/to/file
────────────────────────────────────────────────────────────────────────────────────────────────
  YOLO mode (shift + tab to cycle)
    Wait, let me re-read the message more carefully. The message starts with --- and has 
    frontmatter (`id

  ⠼ Recalibrating the humor-o-meter. (12s · esc to cancel)
────────────────────────────────────────────────────────────────────────────────────────────────
*   Type your message or @path/to/file
────────────────────────────────────────────────────────────────────────────────────────────────
  YOLO mode (shift + tab to cycle)
    Wait, let me re-read the message more carefully. The message starts with --- and has 
    frontmatter (`id

  ⠴ Recalibrating the humor-o-meter. (12s · esc to cancel)
────────────────────────────────────────────────────────────────────────────────────────────────
*   Type your message or @path/to/file
────────────────────────────────────────────────────────────────────────────────────────────────
  YOLO mode (shift + tab to cycle)
    Wait, let me re-read the message more carefully. The message starts with --- and has 
    frontmatter (`id

  ⠦ Recalibrating the humor-o-meter. (12s · esc to cancel)
────────────────────────────────────────────────────────────────────────────────────────────────
*   Type your message or @path/to/file
────────────────────────────────────────────────────────────────────────────────────────────────
  YOLO mode (shift + tab to cycle)
    Wait, let me re-read the message more carefully. The message starts with --- and has 
    frontmatter (`id

  ⠧ Recalibrating the humor-o-meter. (12s · esc to cancel)
────────────────────────────────────────────────────────────────────────────────────────────────
*   Type your message or @path/to/file
────────────────────────────────────────────────────────────────────────────────────────────────
  YOLO mode (shift + tab to cycle)
    Wait, let me re-read the message more carefully. The message starts with --- and has 
    frontmatter (`id

  ⠇ Recalibrating the humor-o-meter. (12s · esc to cancel)
────────────────────────────────────────────────────────────────────────────────────────────────
*   Type your message or @path/to/file
────────────────────────────────────────────────────────────────────────────────────────────────
  YOLO mode (shift + tab to cycle)
    Wait, let me re-read the message more carefully. The message starts with --- and has 
    frontmatter (`id

  ⠏ Recalibrating the humor-o-meter. (12s · esc to cancel)
────────────────────────────────────────────────────────────────────────────────────────────────
*   Type your message or @path/to/file
────────────────────────────────────────────────────────────────────────────────────────────────
  YOLO mode (shift + tab to cycle)
    Wait, let me re-read the message more carefully. The message starts with --- and has 
    frontmatter (`id

  ⠋ Recalibrating the humor-o-meter. (12s · esc to cancel)
────────────────────────────────────────────────────────────────────────────────────────────────
*   Type your message or @path/to/file
────────────────────────────────────────────────────────────────────────────────────────────────
  YOLO mode (shift + tab to cycle)
    Wait, let me re-read the message more carefully. The message starts with --- and has 
    frontmatter (`id

  ⠋ Recalibrating the humor-o-meter. (13s · esc to cancel)
────────────────────────────────────────────────────────────────────────────────────────────────
*   Type your message or @path/to/file
────────────────────────────────────────────────────────────────────────────────────────────────
  YOLO mode (shift + tab to cycle)
    Wait, let me re-read the message more carefully. The message starts with --- and has 
    frontmatter (`id

  ⠙ Recalibrating the humor-o-meter. (13s · esc to cancel)
────────────────────────────────────────────────────────────────────────────────────────────────
*   Type your message or @path/to/file
────────────────────────────────────────────────────────────────────────────────────────────────
  YOLO mode (shift + tab to cycle)
    Wait, let me re-read the message more carefully. The message starts with --- and has 
    frontmatter (`id

  ⠹ Recalibrating the humor-o-meter. (13s · esc to cancel)
────────────────────────────────────────────────────────────────────────────────────────────────
*   Type your message or @path/to/file
────────────────────────────────────────────────────────────────────────────────────────────────
  YOLO mode (shift + tab to cycle)
    Wait, let me re-read the message more carefully. The message starts with --- and has 
    frontmatter (`id

  ⠸ Recalibrating the humor-o-meter. (13s · esc to cancel)
────────────────────────────────────────────────────────────────────────────────────────────────
*   Type your message or @path/to/file
────────────────────────────────────────────────────────────────────────────────────────────────
  YOLO mode (shift + tab to cycle)
    Wait, let me re-read the message more carefully. The message starts with --- and has 
    frontmatter (`id

  ⠼ Recalibrating the humor-o-meter. (13s · esc to cancel)
────────────────────────────────────────────────────────────────────────────────────────────────
*   Type your message or @path/to/file
────────────────────────────────────────────────────────────────────────────────────────────────
  YOLO mode (shift + tab to cycle)
    Wait, let me re-read the message more carefully. The message starts with --- and has 
    frontmatter (`id

  ⠴ Recalibrating the humor-o-meter. (13s · esc to cancel)
────────────────────────────────────────────────────────────────────────────────────────────────
*   Type your message or @path/to/file
────────────────────────────────────────────────────────────────────────────────────────────────
  YOLO mode (shift + tab to cycle)
    Wait, let me re-read the message more carefully. The message starts with --- and has 
    frontmatter (`id

  ⠦ Recalibrating the humor-o-meter. (13s · esc to cancel)
────────────────────────────────────────────────────────────────────────────────────────────────
*   Type your message or @path/to/file
────────────────────────────────────────────────────────────────────────────────────────────────
  YOLO mode (shift + tab to cycle)
    Wait, let me re-read the message more carefully. The message starts with --- and has 
    frontmatter (`id

  ⠧ Recalibrating the humor-o-meter. (13s · esc to cancel)
────────────────────────────────────────────────────────────────────────────────────────────────
*   Type your message or @path/to/file
────────────────────────────────────────────────────────────────────────────────────────────────
  YOLO mode (shift + tab to cycle)
    Wait, let me re-read the message more carefully. The message starts with --- and has 
    frontmatter (`id

  ⠇ Recalibrating the humor-o-meter. (13s · esc to cancel)
────────────────────────────────────────────────────────────────────────────────────────────────
*   Type your message or @path/to/file
────────────────────────────────────────────────────────────────────────────────────────────────
  YOLO mode (shift + tab to cycle)
    Wait, let me re-read the message more carefully. The message starts with --- and has 
    frontmatter (id, name, examples, userInputs), followed by ---, then the skill content 
    (Purpose, Inputs, Steps, Output, Guardrails, Examples, Validation).

    This looks like the content of a skill file. But the user hasn't given me any explicit 
    instruction about what to do with it.
    Hmm, but looking at the context more carefully - this could be:
     1. The

  ⠇ Recalibrating the humor-o-meter. (13s · esc to cancel)
────────────────────────────────────────────────────────────────────────────────────────────────
*   Type your message or @path/to/file
────────────────────────────────────────────────────────────────────────────────────────────────
  YOLO mode (shift + tab to cycle)
    Hmm, but looking at the context more carefully - this could be:
     1. The

  ⠏ Recalibrating the humor-o-meter. (13s · esc to cancel)
────────────────────────────────────────────────────────────────────────────────────────────────
*   Type your message or @path/to/file
────────────────────────────────────────────────────────────────────────────────────────────────
  YOLO mode (shift + tab to cycle)
    Hmm, but looking at the context more carefully - this could be:
     1. The

  ⠋ Recalibrating the humor-o-meter. (13s · esc to cancel)
────────────────────────────────────────────────────────────────────────────────────────────────
*   Type your message or @path/to/file
────────────────────────────────────────────────────────────────────────────────────────────────
  YOLO mode (shift + tab to cycle)
    Hmm, but looking at the context more carefully - this could be:
     1. The

  ⠙ Recalibrating the humor-o-meter. (13s · esc to cancel)
────────────────────────────────────────────────────────────────────────────────────────────────
*   Type your message or @path/to/file
────────────────────────────────────────────────────────────────────────────────────────────────
  YOLO mode (shift + tab to cycle)
    Hmm, but looking at the context more carefully - this could be:
     1. The

  ⠹ Recalibrating the humor-o-meter. (13s · esc to cancel)
────────────────────────────────────────────────────────────────────────────────────────────────
*   Type your message or @path/to/file
────────────────────────────────────────────────────────────────────────────────────────────────
  YOLO mode (shift + tab to cycle)
    Hmm, but looking at the context more carefully - this could be:
     1. The

  ⠸ Recalibrating the humor-o-meter. (13s · esc to cancel)
────────────────────────────────────────────────────────────────────────────────────────────────
*   Type your message or @path/to/file
────────────────────────────────────────────────────────────────────────────────────────────────
  YOLO mode (shift + tab to cycle)
    Hmm, but looking at the context more carefully - this could be:
     1. The

  ⠸ Recalibrating the humor-o-meter. (14s · esc to cancel)
────────────────────────────────────────────────────────────────────────────────────────────────
*   Type your message or @path/to/file
────────────────────────────────────────────────────────────────────────────────────────────────
  YOLO mode (shift + tab to cycle)
    Hmm, but looking at the context more carefully - this could be:
     1. The

  ⠼ Recalibrating the humor-o-meter. (14s · esc to cancel)
────────────────────────────────────────────────────────────────────────────────────────────────
*   Type your message or @path/to/file
────────────────────────────────────────────────────────────────────────────────────────────────
  YOLO mode (shift + tab to cycle)
    Hmm, but looking at the context more carefully - this could be:
     1. The

  ⠴ Recalibrating the humor-o-meter. (14s · esc to cancel)
────────────────────────────────────────────────────────────────────────────────────────────────
*   Type your message or @path/to/file
────────────────────────────────────────────────────────────────────────────────────────────────
  YOLO mode (shift + tab to cycle)
    Hmm, but looking at the context more carefully - this could be:
     1. The

  ⠦ Recalibrating the humor-o-meter. (14s · esc to cancel)
────────────────────────────────────────────────────────────────────────────────────────────────
*   Type your message or @path/to/file
────────────────────────────────────────────────────────────────────────────────────────────────
  YOLO mode (shift + tab to cycle)
    Hmm, but looking at the context more carefully - this could be:
     1. The

  ⠧ Recalibrating the humor-o-meter. (14s · esc to cancel)
────────────────────────────────────────────────────────────────────────────────────────────────
*   Type your message or @path/to/file
────────────────────────────────────────────────────────────────────────────────────────────────
  YOLO mode (shift + tab to cycle)
    Hmm, but looking at the context more carefully - this could be:
     1. The

  ⠇ Recalibrating the humor-o-meter. (14s · esc to cancel)
────────────────────────────────────────────────────────────────────────────────────────────────
*   Type your message or @path/to/file
────────────────────────────────────────────────────────────────────────────────────────────────
  YOLO mode (shift + tab to cycle)
    Hmm, but looking at the context more carefully - this could be:
     1. The

  ⠏ Recalibrating the humor-o-meter. (14s · esc to cancel)
────────────────────────────────────────────────────────────────────────────────────────────────
*   Type your message or @path/to/file
────────────────────────────────────────────────────────────────────────────────────────────────
  YOLO mode (shift + tab to cycle)
    Hmm, but looking at the context more carefully - this could be:
     1. The

  ⠋ Recalibrating the humor-o-meter. (14s · esc to cancel)
────────────────────────────────────────────────────────────────────────────────────────────────
*   Type your message or @path/to/file
────────────────────────────────────────────────────────────────────────────────────────────────
  YOLO mode (shift + tab to cycle)
    Hmm, but looking at the context more carefully - this could be:
     1. The

  ⠙ Recalibrating the humor-o-meter. (14s · esc to cancel)
────────────────────────────────────────────────────────────────────────────────────────────────
*   Type your message or @path/to/file
────────────────────────────────────────────────────────────────────────────────────────────────
  YOLO mode (shift + tab to cycle)
    Hmm, but looking at the context more carefully - this could be:
     1. The

  ⠹ Recalibrating the humor-o-meter. (14s · esc to cancel)
────────────────────────────────────────────────────────────────────────────────────────────────
*   Type your message or @path/to/file
────────────────────────────────────────────────────────────────────────────────────────────────
  YOLO mode (shift + tab to cycle)
    Hmm, but looking at the context more carefully - this could be:
     1. The

  ⠸ Recalibrating the humor-o-meter. (14s · esc to cancel)
────────────────────────────────────────────────────────────────────────────────────────────────
*   Type your message or @path/to/file
────────────────────────────────────────────────────────────────────────────────────────────────
  YOLO mode (shift + tab to cycle)
    Hmm, but looking at the context more carefully - this could be:
     1. The

  ⠼ Recalibrating the humor-o-meter. (14s · esc to cancel)
────────────────────────────────────────────────────────────────────────────────────────────────
*   Type your message or @path/to/file
────────────────────────────────────────────────────────────────────────────────────────────────
  YOLO mode (shift + tab to cycle)
    Hmm, but looking at the context more carefully - this could be:
     1. The

  ⠴ Recalibrating the humor-o-meter. (14s · esc to cancel)
────────────────────────────────────────────────────────────────────────────────────────────────
*   Type your message or @path/to/file
────────────────────────────────────────────────────────────────────────────────────────────────
  YOLO mode (shift + tab to cycle)
    Hmm, but looking at the context more carefully - this could be:
     1. The

  ⠴ Reticulating splines... (14s · esc to cancel)
────────────────────────────────────────────────────────────────────────────────────────────────
*   Type your message or @path/to/file
────────────────────────────────────────────────────────────────────────────────────────────────[39m
  YOLO mode (shift + tab to cycle)
    Hmm, but looking at the context more carefully - this could be:
     1. The

  ⠴ Reticulating splines... (15s · esc to cancel)
────────────────────────────────────────────────────────────────────────────────────────────────
*   Type your message or @path/to/file
────────────────────────────────────────────────────────────────────────────────────────────────[39m
  YOLO mode (shift + tab to cycle)
    Hmm, but looking at the context more carefully - this could be:
     1. The

  ⠦ Reticulating splines... (15s · esc to cancel)
────────────────────────────────────────────────────────────────────────────────────────────────
*   Type your message or @path/to/file
────────────────────────────────────────────────────────────────────────────────────────────────[39m
  YOLO mode (shift + tab to cycle)
    Hmm, but looking at the context more carefully - this could be:
     1. The

  ⠧ Reticulating splines... (15s · esc to cancel)
────────────────────────────────────────────────────────────────────────────────────────────────
*   Type your message or @path/to/file
────────────────────────────────────────────────────────────────────────────────────────────────[39m
  YOLO mode (shift + tab to cycle)
    Hmm, but looking at the context more carefully - this could be:
     1. The

  ⠇ Reticulating splines... (15s · esc to cancel)
────────────────────────────────────────────────────────────────────────────────────────────────
*   Type your message or @path/to/file
────────────────────────────────────────────────────────────────────────────────────────────────[39m
  YOLO mode (shift + tab to cycle)
    Hmm, but looking at the context more carefully - this could be:
     1. The

  ⠏ Reticulating splines... (15s · esc to cancel)
────────────────────────────────────────────────────────────────────────────────────────────────
*   Type your message or @path/to/file
────────────────────────────────────────────────────────────────────────────────────────────────[39m
  YOLO mode (shift + tab to cycle)
    Hmm, but looking at the context more carefully - this could be:
     1. The

  ⠋ Reticulating splines... (15s · esc to cancel)
────────────────────────────────────────────────────────────────────────────────────────────────
*   Type your message or @path/to/file
────────────────────────────────────────────────────────────────────────────────────────────────[39m
  YOLO mode (shift + tab to cycle)
    Hmm, but looking at the context more carefully - this could be:
     1. The user is testing the skill execution by sending a skill definition + some input
     2. The user wants me to execute this skill
     3. The user wants me to review/modify this skill file
    Actually, looking at the frontmatter examples section, it already contains a full example 
    output. And looking at the userInputs, there's an output_path and a text input. But

  ⠋ Reticulating splines... (15s · esc to cancel)
────────────────────────────────────────────────────────────────────────────────────────────────
*   Type your message or @path/to/file
────────────────────────────────────────────────────────────────────────────────────────────────
  YOLO mode (shift + tab to cycle)
    Actually, looking at the frontmatter examples section, it already contains a full example 
    output. And looking at the userInputs, there's an output_path and a text input. But

  ⠙ Reticulating splines... (15s · esc to cancel)
────────────────────────────────────────────────────────────────────────────────────────────────
*   Type your message or @path/to/file
────────────────────────────────────────────────────────────────────────────────────────────────
  YOLO mode (shift + tab to cycle)
    Actually, looking at the frontmatter examples section, it already contains a full example 
    output. And looking at the userInputs, there's an output_path and a text input. But

  ⠹ Reticulating splines... (15s · esc to cancel)
────────────────────────────────────────────────────────────────────────────────────────────────
*   Type your message or @path/to/file
────────────────────────────────────────────────────────────────────────────────────────────────
  YOLO mode (shift + tab to cycle)
    Actually, looking at the frontmatter examples section, it already contains a full example 
    output. And looking at the userInputs, there's an output_path and a text input. But

  ⠸ Reticulating splines... (15s · esc to cancel)
────────────────────────────────────────────────────────────────────────────────────────────────
*   Type your message or @path/to/file
────────────────────────────────────────────────────────────────────────────────────────────────
  YOLO mode (shift + tab to cycle)
    Actually, looking at the frontmatter examples section, it already contains a full example 
    output. And looking at the userInputs, there's an output_path and a text input. But

  ⠼ Reticulating splines... (15s · esc to cancel)
────────────────────────────────────────────────────────────────────────────────────────────────
*   Type your message or @path/to/file
────────────────────────────────────────────────────────────────────────────────────────────────
  YOLO mode (shift + tab to cycle)
    Actually, looking at the frontmatter examples section, it already contains a full example 
    output. And looking at the userInputs, there's an output_path and a text input. But

  ⠴ Reticulating splines... (15s · esc to cancel)
────────────────────────────────────────────────────────────────────────────────────────────────
*   Type your message or @path/to/file
────────────────────────────────────────────────────────────────────────────────────────────────
  YOLO mode (shift + tab to cycle)
    Actually, looking at the frontmatter examples section, it already contains a full example 
    output. And looking at the userInputs, there's an output_path and a text input. But

  ⠦ Reticulating splines... (15s · esc to cancel)
────────────────────────────────────────────────────────────────────────────────────────────────
*   Type your message or @path/to/file
────────────────────────────────────────────────────────────────────────────────────────────────
  YOLO mode (shift + tab to cycle)
    Actually, looking at the frontmatter examples section, it already contains a full example 
    output. And looking at the userInputs, there's an output_path and a text input. But

  ⠧ Reticulating splines... (15s · esc to cancel)
────────────────────────────────────────────────────────────────────────────────────────────────
*   Type your message or @path/to/file
────────────────────────────────────────────────────────────────────────────────────────────────
  YOLO mode (shift + tab to cycle)
    Actually, looking at the frontmatter examples section, it already contains a full example 
    output. And looking at the userInputs, there's an output_path and a text input. But

  ⠧ Reticulating splines... (16s · esc to cancel)
────────────────────────────────────────────────────────────────────────────────────────────────
*   Type your message or @path/to/file
────────────────────────────────────────────────────────────────────────────────────────────────
  YOLO mode (shift + tab to cycle)
    Actually, looking at the frontmatter examples section, it already contains a full example 
    output. And looking at the userInputs, there's an output_path and a text input. But

  ⠇ Reticulating splines... (16s · esc to cancel)
────────────────────────────────────────────────────────────────────────────────────────────────
*   Type your message or @path/to/file
────────────────────────────────────────────────────────────────────────────────────────────────
  YOLO mode (shift + tab to cycle)
    Actually, looking at the frontmatter examples section, it already contains a full example 
    output. And looking at the userInputs, there's an output_path and a text input. But

  ⠏ Reticulating splines... (16s · esc to cancel)
────────────────────────────────────────────────────────────────────────────────────────────────
*   Type your message or @path/to/file
────────────────────────────────────────────────────────────────────────────────────────────────
  YOLO mode (shift + tab to cycle)
    Actually, looking at the frontmatter examples section, it already contains a full example 
    output. And looking at the userInputs, there's an output_path and a text input. But

  ⠋ Reticulating splines... (16s · esc to cancel)
────────────────────────────────────────────────────────────────────────────────────────────────
*   Type your message or @path/to/file
────────────────────────────────────────────────────────────────────────────────────────────────
  YOLO mode (shift + tab to cycle)
    Actually, looking at the frontmatter examples section, it already contains a full example 
    output. And looking at the userInputs, there's an output_path and a text input. But

  ⠙ Reticulating splines... (16s · esc to cancel)
────────────────────────────────────────────────────────────────────────────────────────────────
*   Type your message or @path/to/file
────────────────────────────────────────────────────────────────────────────────────────────────
  YOLO mode (shift + tab to cycle)
    Actually, looking at the frontmatter examples section, it already contains a full example 
    output. And looking at the userInputs, there's an output_path and a text input. But

  ⠹ Reticulating splines... (16s · esc to cancel)
────────────────────────────────────────────────────────────────────────────────────────────────
*   Type your message or @path/to/file
────────────────────────────────────────────────────────────────────────────────────────────────
  YOLO mode (shift + tab to cycle)
    Actually, looking at the frontmatter examples section, it already contains a full example 
    output. And looking at the userInputs, there's an output_path and a text input. But

  ⠸ Reticulating splines... (16s · esc to cancel)
────────────────────────────────────────────────────────────────────────────────────────────────
*   Type your message or @path/to/file
────────────────────────────────────────────────────────────────────────────────────────────────
  YOLO mode (shift + tab to cycle)
    Actually, looking at the frontmatter examples section, it already contains a full example 
    output. And looking at the userInputs, there's an output_path and a text input. But

  ⠼ Reticulating splines... (16s · esc to cancel)
────────────────────────────────────────────────────────────────────────────────────────────────
*   Type your message or @path/to/file
────────────────────────────────────────────────────────────────────────────────────────────────
  YOLO mode (shift + tab to cycle)
    Actually, looking at the frontmatter examples section, it already contains a full example 
    output. And looking at the userInputs, there's an output_path and a text input. But

  ⠴ Reticulating splines... (16s · esc to cancel)
────────────────────────────────────────────────────────────────────────────────────────────────
*   Type your message or @path/to/file
────────────────────────────────────────────────────────────────────────────────────────────────
  YOLO mode (shift + tab to cycle)
    Actually, looking at the frontmatter examples section, it already contains a full example 
    output. And looking at the userInputs, there's an output_path and a text input. But

  ⠦ Reticulating splines... (16s · esc to cancel)
────────────────────────────────────────────────────────────────────────────────────────────────
*   Type your message or @path/to/file
────────────────────────────────────────────────────────────────────────────────────────────────
  YOLO mode (shift + tab to cycle)
    Actually, looking at the frontmatter examples section, it already contains a full example 
    output. And looking at the userInputs, there's an output_path and a text input. But

  ⠧ Reticulating splines... (16s · esc to cancel)
────────────────────────────────────────────────────────────────────────────────────────────────
*   Type your message or @path/to/file
────────────────────────────────────────────────────────────────────────────────────────────────
  YOLO mode (shift + tab to cycle)
    Actually, looking at the frontmatter examples section, it already contains a full example 
    output. And looking at the userInputs, there's an output_path and a text input. But

  ⠇ Reticulating splines... (16s · esc to cancel)
────────────────────────────────────────────────────────────────────────────────────────────────
*   Type your message or @path/to/file
────────────────────────────────────────────────────────────────────────────────────────────────
  YOLO mode (shift + tab to cycle)
    Actually, looking at the frontmatter examples section, it already contains a full example 
    output. And looking at the userInputs, there's an output_path and a text input. But

  ⠏ Reticulating splines... (16s · esc to cancel)
────────────────────────────────────────────────────────────────────────────────────────────────
*   Type your message or @path/to/file
────────────────────────────────────────────────────────────────────────────────────────────────
  YOLO mode (shift + tab to cycle)
    Actually, looking at the frontmatter examples section, it already contains a full example 
    output. And looking at the userInputs, there's an output_path and a text input. But

  ⠋ Reticulating splines... (16s · esc to cancel)
────────────────────────────────────────────────────────────────────────────────────────────────
*   Type your message or @path/to/file
────────────────────────────────────────────────────────────────────────────────────────────────
  YOLO mode (shift + tab to cycle)
    Actually, looking at the frontmatter examples section, it already contains a full example 
    output. And looking at the userInputs, there's an output_path and a text input. But

  ⠋ Reticulating splines... (17s · esc to cancel)
────────────────────────────────────────────────────────────────────────────────────────────────
*   Type your message or @path/to/file
────────────────────────────────────────────────────────────────────────────────────────────────
  YOLO mode (shift + tab to cycle)
    Actually, looking at the frontmatter examples section, it already contains a full example 
    output. And looking at the userInputs, there's an output_path and a text input. But

  ⠙ Reticulating splines... (17s · esc to cancel)
────────────────────────────────────────────────────────────────────────────────────────────────
*   Type your message or @path/to/file
────────────────────────────────────────────────────────────────────────────────────────────────
  YOLO mode (shift + tab to cycle)
    Actually, looking at the frontmatter examples section, it already contains a full example 
    output. And looking at the userInputs, there's an output_path and a text input. But

  ⠹ Reticulating splines... (17s · esc to cancel)
────────────────────────────────────────────────────────────────────────────────────────────────
*   Type your message or @path/to/file
────────────────────────────────────────────────────────────────────────────────────────────────
  YOLO mode (shift + tab to cycle)
    Actually, looking at the frontmatter examples section, it already contains a full example 
    output. And looking at the userInputs, there's an output_path and a text input. But

  ⠸ Reticulating splines... (17s · esc to cancel)
────────────────────────────────────────────────────────────────────────────────────────────────
*   Type your message or @path/to/file
────────────────────────────────────────────────────────────────────────────────────────────────
  YOLO mode (shift + tab to cycle)
    Actually, looking at the frontmatter examples section, it already contains a full example 
    output. And looking at the userInputs, there's an output_path and a text input. But

  ⠼ Reticulating splines... (17s · esc to cancel)
────────────────────────────────────────────────────────────────────────────────────────────────
*   Type your message or @path/to/file
────────────────────────────────────────────────────────────────────────────────────────────────
  YOLO mode (shift + tab to cycle)
    Actually, looking at the frontmatter examples section, it already contains a full example 
    output. And looking at the userInputs, there's an output_path and a text input. But

  ⠴ Reticulating splines... (17s · esc to cancel)
────────────────────────────────────────────────────────────────────────────────────────────────
*   Type your message or @path/to/file
────────────────────────────────────────────────────────────────────────────────────────────────
  YOLO mode (shift + tab to cycle)
    Actually, looking at the frontmatter examples section, it already contains a full example 
    output. And looking at the userInputs, there's an output_path and a text input. But

  ⠦ Reticulating splines... (17s · esc to cancel)
────────────────────────────────────────────────────────────────────────────────────────────────
*   Type your message or @path/to/file
────────────────────────────────────────────────────────────────────────────────────────────────
  YOLO mode (shift + tab to cycle)
    Actually, looking at the frontmatter examples section, it already contains a full example 
    output. And looking at the userInputs, there's an output_path and a text input. But

  ⠧ Reticulating splines... (17s · esc to cancel)
────────────────────────────────────────────────────────────────────────────────────────────────
*   Type your message or @path/to/file
────────────────────────────────────────────────────────────────────────────────────────────────
  YOLO mode (shift + tab to cycle)
    Actually, looking at the frontmatter examples section, it already contains a full example 
    output. And looking at the userInputs, there's an output_path and a text input. But

  ⠇ Reticulating splines... (17s · esc to cancel)
────────────────────────────────────────────────────────────────────────────────────────────────
*   Type your message or @path/to/file
────────────────────────────────────────────────────────────────────────────────────────────────
  YOLO mode (shift + tab to cycle)
    Actually, looking at the frontmatter examples section, it already contains a full example 
    output. And looking at the userInputs, there's an output_path and a text input. But

  ⠏ Reticulating splines... (17s · esc to cancel)
────────────────────────────────────────────────────────────────────────────────────────────────
*   Type your message or @path/to/file
────────────────────────────────────────────────────────────────────────────────────────────────
  YOLO mode (shift + tab to cycle)
    Actually, looking at the frontmatter examples section, it already contains a full example 
    output. And looking at the userInputs, there's an output_path and a text input. But

  ⠋ Reticulating splines... (17s · esc to cancel)
────────────────────────────────────────────────────────────────────────────────────────────────
*   Type your message or @path/to/file
────────────────────────────────────────────────────────────────────────────────────────────────
  YOLO mode (shift + tab to cycle)
    Actually, looking at the frontmatter examples section, it already contains a full example 
    output. And looking at the userInputs, there's an output_path and a text input. But

  ⠙ Reticulating splines... (17s · esc to cancel)
────────────────────────────────────────────────────────────────────────────────────────────────
*   Type your message or @path/to/file
────────────────────────────────────────────────────────────────────────────────────────────────
  YOLO mode (shift + tab to cycle)
    Actually, looking at the frontmatter examples section, it already contains a full example 
    output. And looking at the userInputs, there's an output_path and a text input. But no 
    actual user input text was provided to translate.

    Wait, let me reconsider. The examples field in the frontmatter contains a full translation
     example. This is unusual for a skill file - normally examples would be in the Examples 
    section.
    Let me look at this differently. The user might be showing me the current state of the 
    skill file and implicitly asking me to do something. But without explicit instruction,

  ⠙ Reticulating splines... (17s · esc to cancel)
────────────────────────────────────────────────────────────────────────────────────────────────
*   Type your message or @path/to/file
────────────────────────────────────────────────────────────────────────────────────────────────
  YOLO mode (shift + tab to cycle)
    Let me look at this differently. The user might be showing me the current state of the 
    skill file and implicitly asking me to do something. But without explicit instruction,

  ⠹ Reticulating splines... (17s · esc to cancel)
────────────────────────────────────────────────────────────────────────────────────────────────
*   Type your message or @path/to/file
────────────────────────────────────────────────────────────────────────────────────────────────
  YOLO mode (shift + tab to cycle)
    Let me look at this differently. The user might be showing me the current state of the 
    skill file and implicitly asking me to do something. But without explicit instruction,

  ⠹ Reticulating splines... (18s · esc to cancel)
────────────────────────────────────────────────────────────────────────────────────────────────
*   Type your message or @path/to/file
────────────────────────────────────────────────────────────────────────────────────────────────
  YOLO mode (shift + tab to cycle)
    Let me look at this differently. The user might be showing me the current state of the 
    skill file and implicitly asking me to do something. But without explicit instruction,

  ⠸ Reticulating splines... (18s · esc to cancel)
────────────────────────────────────────────────────────────────────────────────────────────────
*   Type your message or @path/to/file
────────────────────────────────────────────────────────────────────────────────────────────────
  YOLO mode (shift + tab to cycle)
    Let me look at this differently. The user might be showing me the current state of the 
    skill file and implicitly asking me to do something. But without explicit instruction,

  ⠼ Reticulating splines... (18s · esc to cancel)
────────────────────────────────────────────────────────────────────────────────────────────────
*   Type your message or @path/to/file
────────────────────────────────────────────────────────────────────────────────────────────────
  YOLO mode (shift + tab to cycle)
    Let me look at this differently. The user might be showing me the current state of the 
    skill file and implicitly asking me to do something. But without explicit instruction,

  ⠴ Reticulating splines... (18s · esc to cancel)
────────────────────────────────────────────────────────────────────────────────────────────────
*   Type your message or @path/to/file
────────────────────────────────────────────────────────────────────────────────────────────────
  YOLO mode (shift + tab to cycle)
    Let me look at this differently. The user might be showing me the current state of the 
    skill file and implicitly asking me to do something. But without explicit instruction,

  ⠦ Reticulating splines... (18s · esc to cancel)
────────────────────────────────────────────────────────────────────────────────────────────────
*   Type your message or @path/to/file
────────────────────────────────────────────────────────────────────────────────────────────────
  YOLO mode (shift + tab to cycle)
    Let me look at this differently. The user might be showing me the current state of the 
    skill file and implicitly asking me to do something. But without explicit instruction,

  ⠧ Reticulating splines... (18s · esc to cancel)
────────────────────────────────────────────────────────────────────────────────────────────────
*   Type your message or @path/to/file
────────────────────────────────────────────────────────────────────────────────────────────────
  YOLO mode (shift + tab to cycle)
    Let me look at this differently. The user might be showing me the current state of the 
    skill file and implicitly asking me to do something. But without explicit instruction,

  ⠇ Reticulating splines... (18s · esc to cancel)
────────────────────────────────────────────────────────────────────────────────────────────────
*   Type your message or @path/to/file
────────────────────────────────────────────────────────────────────────────────────────────────
  YOLO mode (shift + tab to cycle)
    Let me look at this differently. The user might be showing me the current state of the 
    skill file and implicitly asking me to do something. But without explicit instruction,

  ⠏ Reticulating splines... (18s · esc to cancel)
────────────────────────────────────────────────────────────────────────────────────────────────
*   Type your message or @path/to/file
────────────────────────────────────────────────────────────────────────────────────────────────
  YOLO mode (shift + tab to cycle)
    Let me look at this differently. The user might be showing me the current state of the 
    skill file and implicitly asking me to do something. But without explicit instruction,

  ⠋ Reticulating splines... (18s · esc to cancel)
────────────────────────────────────────────────────────────────────────────────────────────────
*   Type your message or @path/to/file
────────────────────────────────────────────────────────────────────────────────────────────────
  YOLO mode (shift + tab to cycle)
    Let me look at this differently. The user might be showing me the current state of the 
    skill file and implicitly asking me to do something. But without explicit instruction,

  ⠙ Reticulating splines... (18s · esc to cancel)
────────────────────────────────────────────────────────────────────────────────────────────────
*   Type your message or @path/to/file
────────────────────────────────────────────────────────────────────────────────────────────────
  YOLO mode (shift + tab to cycle)
    Let me look at this differently. The user might be showing me the current state of the 
    skill file and implicitly asking me to do something. But without explicit instruction,

  ⠹ Reticulating splines... (18s · esc to cancel)
────────────────────────────────────────────────────────────────────────────────────────────────
*   Type your message or @path/to/file
────────────────────────────────────────────────────────────────────────────────────────────────
  YOLO mode (shift + tab to cycle)
    Let me look at this differently. The user might be showing me the current state of the 
    skill file and implicitly asking me to do something. But without explicit instruction,

  ⠸ Reticulating splines... (18s · esc to cancel)
────────────────────────────────────────────────────────────────────────────────────────────────
*   Type your message or @path/to/file
────────────────────────────────────────────────────────────────────────────────────────────────
  YOLO mode (shift + tab to cycle)
    Let me look at this differently. The user might be showing me the current state of the 
    skill file and implicitly asking me to do something. But without explicit instruction,

  ⠼ Reticulating splines... (18s · esc to cancel)
────────────────────────────────────────────────────────────────────────────────────────────────
*   Type your message or @path/to/file
────────────────────────────────────────────────────────────────────────────────────────────────
  YOLO mode (shift + tab to cycle)
    Let me look at this differently. The user might be showing me the current state of the 
    skill file and implicitly asking me to do something. But without explicit instruction,

  ⠼ Reticulating splines... (19s · esc to cancel)
────────────────────────────────────────────────────────────────────────────────────────────────
*   Type your message or @path/to/file
────────────────────────────────────────────────────────────────────────────────────────────────
  YOLO mode (shift + tab to cycle)
    Let me look at this differently. The user might be showing me the current state of the 
    skill file and implicitly asking me to do something. But without explicit instruction,

  ⠴ Reticulating splines... (19s · esc to cancel)
────────────────────────────────────────────────────────────────────────────────────────────────
*   Type your message or @path/to/file
────────────────────────────────────────────────────────────────────────────────────────────────
  YOLO mode (shift + tab to cycle)
    Let me look at this differently. The user might be showing me the current state of the 
    skill file and implicitly asking me to do something. But without explicit instruction,

  ⠦ Reticulating splines... (19s · esc to cancel)
────────────────────────────────────────────────────────────────────────────────────────────────
*   Type your message or @path/to/file
────────────────────────────────────────────────────────────────────────────────────────────────
  YOLO mode (shift + tab to cycle)
    Let me look at this differently. The user might be showing me the current state of the 
    skill file and implicitly asking me to do something. But without explicit instruction, I 
    should ask what they want.

    Actually, let me reconsider the context. Looking at the git status:
     - data/skills/building/build-translate.md is modified

    The user might be showing me the content of this modified file. But what do they want me 
    to do?
    Actually, I think the most likely scenario is that this is a skill being executed. The 
    tAgent platform has a

  ⠦ Reticulating splines... (19s · esc to cancel)
[38;2;139;58;74m────────────────────────────────────────────────────────────────────────────────────────────────
*   Type your message or @path/to/file
────────────────────────────────────────────────────────────────────────────────────────────────
  YOLO mode (shift + tab to cycle)
    Actually, I think the most likely scenario is that this is a skill being executed. The 
    tAgent platform has a

  ⠧ Reticulating splines... (19s · esc to cancel)
────────────────────────────────────────────────────────────────────────────────────────────────
*   Type your message or @path/to/file
────────────────────────────────────────────────────────────────────────────────────────────────
  YOLO mode (shift + tab to cycle)
    Actually, I think the most likely scenario is that this is a skill being executed. The 
    tAgent platform has a

  ⠇ Reticulating splines... (19s · esc to cancel)
────────────────────────────────────────────────────────────────────────────────────────────────
*   Type your message or @path/to/file
────────────────────────────────────────────────────────────────────────────────────────────────
  YOLO mode (shift + tab to cycle)
    Actually, I think the most likely scenario is that this is a skill being executed. The 
    tAgent platform has a

  ⠏ Reticulating splines... (19s · esc to cancel)
────────────────────────────────────────────────────────────────────────────────────────────────
*   Type your message or @path/to/file
────────────────────────────────────────────────────────────────────────────────────────────────
  YOLO mode (shift + tab to cycle)
    Actually, I think the most likely scenario is that this is a skill being executed. The 
    tAgent platform has a

  ⠋ Reticulating splines... (19s · esc to cancel)
────────────────────────────────────────────────────────────────────────────────────────────────
*   Type your message or @path/to/file
────────────────────────────────────────────────────────────────────────────────────────────────
  YOLO mode (shift + tab to cycle)
    Actually, I think the most likely scenario is that this is a skill being executed. The 
    tAgent platform has a

  ⠙ Reticulating splines... (19s · esc to cancel)
────────────────────────────────────────────────────────────────────────────────────────────────
*   Type your message or @path/to/file
────────────────────────────────────────────────────────────────────────────────────────────────
  YOLO mode (shift + tab to cycle)
    Actually, I think the most likely scenario is that this is a skill being executed. The 
    tAgent platform has a

  ⠹ Reticulating splines... (19s · esc to cancel)
────────────────────────────────────────────────────────────────────────────────────────────────
*   Type your message or @path/to/file
────────────────────────────────────────────────────────────────────────────────────────────────
  YOLO mode (shift + tab to cycle)
    Actually, I think the most likely scenario is that this is a skill being executed. The 
    tAgent platform has a

  ⠸ Reticulating splines... (19s · esc to cancel)
────────────────────────────────────────────────────────────────────────────────────────────────
*   Type your message or @path/to/file
────────────────────────────────────────────────────────────────────────────────────────────────
  YOLO mode (shift + tab to cycle)
    Actually, I think the most likely scenario is that this is a skill being executed. The 
    tAgent platform has a

  ⠼ Reticulating splines... (19s · esc to cancel)
────────────────────────────────────────────────────────────────────────────────────────────────
*   Type your message or @path/to/file
────────────────────────────────────────────────────────────────────────────────────────────────
  YOLO mode (shift + tab to cycle)
    Actually, I think the most likely scenario is that this is a skill being executed. The 
    tAgent platform has a

  ⠴ Reticulating splines... (19s · esc to cancel)
────────────────────────────────────────────────────────────────────────────────────────────────
*   Type your message or @path/to/file
────────────────────────────────────────────────────────────────────────────────────────────────
  YOLO mode (shift + tab to cycle)
    Actually, I think the most likely scenario is that this is a skill being executed. The 
    tAgent platform has a

  ⠦ Reticulating splines... (19s · esc to cancel)
────────────────────────────────────────────────────────────────────────────────────────────────
*   Type your message or @path/to/file
────────────────────────────────────────────────────────────────────────────────────────────────
  YOLO mode (shift + tab to cycle)
    Actually, I think the most likely scenario is that this is a skill being executed. The 
    tAgent platform has a

  ⠧ Reticulating splines... (19s · esc to cancel)
────────────────────────────────────────────────────────────────────────────────────────────────
*   Type your message or @path/to/file
────────────────────────────────────────────────────────────────────────────────────────────────
  YOLO mode (shift + tab to cycle)
    Actually, I think the most likely scenario is that this is a skill being executed. The 
    tAgent platform has a

  ⠧ Reticulating splines... (20s · esc to cancel)
────────────────────────────────────────────────────────────────────────────────────────────────
*   Type your message or @path/to/file
────────────────────────────────────────────────────────────────────────────────────────────────
  YOLO mode (shift + tab to cycle)
    Actually, I think the most likely scenario is that this is a skill being executed. The 
    tAgent platform has a

  ⠇ Reticulating splines... (20s · esc to cancel)
────────────────────────────────────────────────────────────────────────────────────────────────
*   Type your message or @path/to/file
────────────────────────────────────────────────────────────────────────────────────────────────
  YOLO mode (shift + tab to cycle)
    Actually, I think the most likely scenario is that this is a skill being executed. The 
    tAgent platform has a

  ⠏ Reticulating splines... (20s · esc to cancel)
────────────────────────────────────────────────────────────────────────────────────────────────
*   Type your message or @path/to/file
────────────────────────────────────────────────────────────────────────────────────────────────
  YOLO mode (shift + tab to cycle)
    Actually, I think the most likely scenario is that this is a skill being executed. The 
    tAgent platform has a

  ⠋ Reticulating splines... (20s · esc to cancel)
────────────────────────────────────────────────────────────────────────────────────────────────
*   Type your message or @path/to/file
────────────────────────────────────────────────────────────────────────────────────────────────
  YOLO mode (shift + tab to cycle)
    Actually, I think the most likely scenario is that this is a skill being executed. The 
    tAgent platform has a

  ⠙ Reticulating splines... (20s · esc to cancel)
────────────────────────────────────────────────────────────────────────────────────────────────
*   Type your message or @path/to/file
────────────────────────────────────────────────────────────────────────────────────────────────
  YOLO mode (shift + tab to cycle)
    Actually, I think the most likely scenario is that this is a skill being executed. The 
    tAgent platform has a

  ⠹ Reticulating splines... (20s · esc to cancel)
────────────────────────────────────────────────────────────────────────────────────────────────
*   Type your message or @path/to/file
────────────────────────────────────────────────────────────────────────────────────────────────
  YOLO mode (shift + tab to cycle)
    Actually, I think the most likely scenario is that this is a skill being executed. The 
    tAgent platform has a

  ⠸ Reticulating splines... (20s · esc to cancel)
────────────────────────────────────────────────────────────────────────────────────────────────
*   Type your message or @path/to/file
────────────────────────────────────────────────────────────────────────────────────────────────
  YOLO mode (shift + tab to cycle)
    Actually, I think the most likely scenario is that this is a skill being executed. The 
    tAgent platform has a

  ⠼ Reticulating splines... (20s · esc to cancel)
────────────────────────────────────────────────────────────────────────────────────────────────
*   Type your message or @path/to/file
────────────────────────────────────────────────────────────────────────────────────────────────
  YOLO mode (shift + tab to cycle)
    Actually, I think the most likely scenario is that this is a skill being executed. The 
    tAgent platform has a

  ⠴ Reticulating splines... (20s · esc to cancel)
────────────────────────────────────────────────────────────────────────────────────────────────
*   Type your message or @path/to/file
────────────────────────────────────────────────────────────────────────────────────────────────
  YOLO mode (shift + tab to cycle)
    Actually, I think the most likely scenario is that this is a skill being executed. The 
    tAgent platform has a

  ⠦ Reticulating splines... (20s · esc to cancel)
────────────────────────────────────────────────────────────────────────────────────────────────
*   Type your message or @path/to/file
────────────────────────────────────────────────────────────────────────────────────────────────
  YOLO mode (shift + tab to cycle)
    Actually, I think the most likely scenario is that this is a skill being executed. The 
    tAgent platform has a

  ⠧ Reticulating splines... (20s · esc to cancel)
────────────────────────────────────────────────────────────────────────────────────────────────
*   Type your message or @path/to/file
────────────────────────────────────────────────────────────────────────────────────────────────
  YOLO mode (shift + tab to cycle)
    Actually, I think the most likely scenario is that this is a skill being executed. The 
    tAgent platform has a skill engine, and the user might be testing it. But the feedback 
    memory says "Raw JSON only when acting as skill engine, no markdown or explanation."

    But there's no actual text to translate here. The examples in the frontmatter already show
     a completed translation. There's no userInputs values provided.
    Let me think about this differently. Perhaps the user just pasted the skill file content 
    and

  ⠧ Reticulating splines... (20s · esc to cancel)
────────────────────────────────────────────────────────────────────────────────────────────────
*   Type your message or @path/to/file
────────────────────────────────────────────────────────────────────────────────────────────────
  YOLO mode (shift + tab to cycle)
    Let me think about this differently. Perhaps the user just pasted the skill file content 
    and

  ⠇ Reticulating splines... (20s · esc to cancel)
────────────────────────────────────────────────────────────────────────────────────────────────
*   Type your message or @path/to/file
────────────────────────────────────────────────────────────────────────────────────────────────
  YOLO mode (shift + tab to cycle)
    Let me think about this differently. Perhaps the user just pasted the skill file content 
    and

  ⠏ Reticulating splines... (20s · esc to cancel)
────────────────────────────────────────────────────────────────────────────────────────────────
*   Type your message or @path/to/file
────────────────────────────────────────────────────────────────────────────────────────────────
  YOLO mode (shift + tab to cycle)
    Let me think about this differently. Perhaps the user just pasted the skill file content 
    and

  ⠏ Reticulating splines... (21s · esc to cancel)
────────────────────────────────────────────────────────────────────────────────────────────────
*   Type your message or @path/to/file
────────────────────────────────────────────────────────────────────────────────────────────────
  YOLO mode (shift + tab to cycle)
    Let me think about this differently. Perhaps the user just pasted the skill file content 
    and

  ⠋ Reticulating splines... (21s · esc to cancel)
────────────────────────────────────────────────────────────────────────────────────────────────
*   Type your message or @path/to/file
────────────────────────────────────────────────────────────────────────────────────────────────
  YOLO mode (shift + tab to cycle)
    Let me think about this differently. Perhaps the user just pasted the skill file content 
    and

  ⠙ Reticulating splines... (21s · esc to cancel)
────────────────────────────────────────────────────────────────────────────────────────────────
*   Type your message or @path/to/file
────────────────────────────────────────────────────────────────────────────────────────────────
  YOLO mode (shift + tab to cycle)
    Let me think about this differently. Perhaps the user just pasted the skill file content 
    and

  ⠹ Reticulating splines... (21s · esc to cancel)
────────────────────────────────────────────────────────────────────────────────────────────────
*   Type your message or @path/to/file
────────────────────────────────────────────────────────────────────────────────────────────────
  YOLO mode (shift + tab to cycle)
    Let me think about this differently. Perhaps the user just pasted the skill file content 
    and

  ⠸ Reticulating splines... (21s · esc to cancel)
────────────────────────────────────────────────────────────────────────────────────────────────
*   Type your message or @path/to/file
────────────────────────────────────────────────────────────────────────────────────────────────
  YOLO mode (shift + tab to cycle)
    Let me think about this differently. Perhaps the user just pasted the skill file content 
    and

  ⠼ Reticulating splines... (21s · esc to cancel)
────────────────────────────────────────────────────────────────────────────────────────────────
*   Type your message or @path/to/file
────────────────────────────────────────────────────────────────────────────────────────────────
  YOLO mode (shift + tab to cycle)
    Let me think about this differently. Perhaps the user just pasted the skill file content 
    and

  ⠴ Reticulating splines... (21s · esc to cancel)
────────────────────────────────────────────────────────────────────────────────────────────────
*   Type your message or @path/to/file
────────────────────────────────────────────────────────────────────────────────────────────────
  YOLO mode (shift + tab to cycle)
    Let me think about this differently. Perhaps the user just pasted the skill file content 
    and

  ⠦ Reticulating splines... (21s · esc to cancel)
────────────────────────────────────────────────────────────────────────────────────────────────
*   Type your message or @path/to/file
────────────────────────────────────────────────────────────────────────────────────────────────
  YOLO mode (shift + tab to cycle)
    Let me think about this differently. Perhaps the user just pasted the skill file content 
    and

  ⠧ Reticulating splines... (21s · esc to cancel)
────────────────────────────────────────────────────────────────────────────────────────────────
*   Type your message or @path/to/file
────────────────────────────────────────────────────────────────────────────────────────────────
  YOLO mode (shift + tab to cycle)
    Let me think about this differently. Perhaps the user just pasted the skill file content 
    and

  ⠇ Reticulating splines... (21s · esc to cancel)
────────────────────────────────────────────────────────────────────────────────────────────────
*   Type your message or @path/to/file
────────────────────────────────────────────────────────────────────────────────────────────────
  YOLO mode (shift + tab to cycle)
    Let me think about this differently. Perhaps the user just pasted the skill file content 
    and

  ⠏ Reticulating splines... (21s · esc to cancel)
────────────────────────────────────────────────────────────────────────────────────────────────
*   Type your message or @path/to/file
────────────────────────────────────────────────────────────────────────────────────────────────
  YOLO mode (shift + tab to cycle)
    Let me think about this differently. Perhaps the user just pasted the skill file content 
    and

  ⠋ Reticulating splines... (21s · esc to cancel)
────────────────────────────────────────────────────────────────────────────────────────────────
*   Type your message or @path/to/file
────────────────────────────────────────────────────────────────────────────────────────────────
  YOLO mode (shift + tab to cycle)
    Let me think about this differently. Perhaps the user just pasted the skill file content 
    and

  ⠙ Reticulating splines... (21s · esc to cancel)
────────────────────────────────────────────────────────────────────────────────────────────────
*   Type your message or @path/to/file
────────────────────────────────────────────────────────────────────────────────────────────────
  YOLO mode (shift + tab to cycle)
    Let me think about this differently. Perhaps the user just pasted the skill file content 
    and

  ⠙ Reticulating splines... (22s · esc to cancel)
────────────────────────────────────────────────────────────────────────────────────────────────
*   Type your message or @path/to/file
────────────────────────────────────────────────────────────────────────────────────────────────
  YOLO mode (shift + tab to cycle)
    Let me think about this differently. Perhaps the user just pasted the skill file content 
    and wants me to do something with it. Without a clear instruction, I should ask.

    Actually, wait. Let me re-read the memory about feedback:

    "Feedback — Skill Execution Output: Raw JSON only when acting as skill engine, no markdown
     or explanation"

    And looking at the project memory: "Translate app in active development with translate + 
    idiom-packaging skills"
    The user is developing a translation app.

  ⠙ Reticulating splines... (22s · esc to cancel)
────────────────────────────────────────────────────────────────────────────────────────────────
*   Type your message or @path/to/file
────────────────────────────────────────────────────────────────────────────────────────────────
  YOLO mode (shift + tab to cycle)
    The user is developing a translation app.

  ⠹ Reticulating splines... (22s · esc to cancel)
────────────────────────────────────────────────────────────────────────────────────────────────
*   Type your message or @path/to/file
────────────────────────────────────────────────────────────────────────────────────────────────
  YOLO mode (shift + tab to cycle)
    The user is developing a translation app.

  ⠸ Reticulating splines... (22s · esc to cancel)
────────────────────────────────────────────────────────────────────────────────────────────────
*   Type your message or @path/to/file
────────────────────────────────────────────────────────────────────────────────────────────────
  YOLO mode (shift + tab to cycle)
    The user is developing a translation app.

  ⠼ Reticulating splines... (22s · esc to cancel)
────────────────────────────────────────────────────────────────────────────────────────────────
*   Type your message or @path/to/file
────────────────────────────────────────────────────────────────────────────────────────────────
  YOLO mode (shift + tab to cycle)
    The user is developing a translation app.

  ⠴ Reticulating splines... (22s · esc to cancel)
────────────────────────────────────────────────────────────────────────────────────────────────
*   Type your message or @path/to/file
────────────────────────────────────────────────────────────────────────────────────────────────
  YOLO mode (shift + tab to cycle)
    The user is developing a translation app.

  ⠦ Reticulating splines... (22s · esc to cancel)
────────────────────────────────────────────────────────────────────────────────────────────────
*   Type your message or @path/to/file
────────────────────────────────────────────────────────────────────────────────────────────────
  YOLO mode (shift + tab to cycle)
    The user is developing a translation app.

  ⠧ Reticulating splines... (22s · esc to cancel)
────────────────────────────────────────────────────────────────────────────────────────────────
*   Type your message or @path/to/file
────────────────────────────────────────────────────────────────────────────────────────────────
  YOLO mode (shift + tab to cycle)
    The user is developing a translation app.

  ⠇ Reticulating splines... (22s · esc to cancel)
────────────────────────────────────────────────────────────────────────────────────────────────
*   Type your message or @path/to/file
────────────────────────────────────────────────────────────────────────────────────────────────
  YOLO mode (shift + tab to cycle)
    The user is developing a translation app.

  ⠏ Reticulating splines... (22s · esc to cancel)
────────────────────────────────────────────────────────────────────────────────────────────────
*   Type your message or @path/to/file
────────────────────────────────────────────────────────────────────────────────────────────────
  YOLO mode (shift + tab to cycle)
    The user is developing a translation app.

  ⠋ Reticulating splines... (22s · esc to cancel)
────────────────────────────────────────────────────────────────────────────────────────────────
*   Type your message or @path/to/file
────────────────────────────────────────────────────────────────────────────────────────────────
  YOLO mode (shift + tab to cycle)
    The user is developing a translation app.

  ⠙ Reticulating splines... (22s · esc to cancel)
────────────────────────────────────────────────────────────────────────────────────────────────
*   Type your message or @path/to/file
────────────────────────────────────────────────────────────────────────────────────────────────
  YOLO mode (shift + tab to cycle)
    The user is developing a translation app.

  ⠹ Reticulating splines... (22s · esc to cancel)
────────────────────────────────────────────────────────────────────────────────────────────────
*   Type your message or @path/to/file
────────────────────────────────────────────────────────────────────────────────────────────────
  YOLO mode (shift + tab to cycle)
    The user is developing a translation app.

  ⠸ Reticulating splines... (22s · esc to cancel)
────────────────────────────────────────────────────────────────────────────────────────────────
*   Type your message or @path/to/file
────────────────────────────────────────────────────────────────────────────────────────────────
  YOLO mode (shift + tab to cycle)
    The user is developing a translation app.

  ⠼ Reticulating splines... (22s · esc to cancel)
────────────────────────────────────────────────────────────────────────────────────────────────
*   Type your message or @path/to/file
────────────────────────────────────────────────────────────────────────────────────────────────
  YOLO mode (shift + tab to cycle)
    The user is developing a translation app.

  ⠼ Reticulating splines... (23s · esc to cancel)
────────────────────────────────────────────────────────────────────────────────────────────────
*   Type your message or @path/to/file
────────────────────────────────────────────────────────────────────────────────────────────────
  YOLO mode (shift + tab to cycle)
    The user is developing a translation app.

  ⠴ Reticulating splines... (23s · esc to cancel)
────────────────────────────────────────────────────────────────────────────────────────────────
*   Type your message or @path/to/file
────────────────────────────────────────────────────────────────────────────────────────────────
  YOLO mode (shift + tab to cycle)
    The user is developing a translation app.

  ⠦ Reticulating splines... (23s · esc to cancel)
────────────────────────────────────────────────────────────────────────────────────────────────
*   Type your message or @path/to/file
────────────────────────────────────────────────────────────────────────────────────────────────
  YOLO mode (shift + tab to cycle)
    The user is developing a translation app.

  ⠧ Reticulating splines... (23s · esc to cancel)
────────────────────────────────────────────────────────────────────────────────────────────────
*   Type your message or @path/to/file
────────────────────────────────────────────────────────────────────────────────────────────────
  YOLO mode (shift + tab to cycle)
    The user is developing a translation app.

  ⠇ Reticulating splines... (23s · esc to cancel)
────────────────────────────────────────────────────────────────────────────────────────────────
*   Type your message or @path/to/file
────────────────────────────────────────────────────────────────────────────────────────────────
  YOLO mode (shift + tab to cycle)
    The user is developing a translation app.

  ⠏ Reticulating splines... (23s · esc to cancel)
────────────────────────────────────────────────────────────────────────────────────────────────
*   Type your message or @path/to/file
────────────────────────────────────────────────────────────────────────────────────────────────
  YOLO mode (shift + tab to cycle)
    The user is developing a translation app.

  ⠋ Reticulating splines... (23s · esc to cancel)
────────────────────────────────────────────────────────────────────────────────────────────────
*   Type your message or @path/to/file
────────────────────────────────────────────────────────────────────────────────────────────────
  YOLO mode (shift + tab to cycle)
    The user is developing a translation app. They might be showing me the current skill file 
    to review, modify, or test.

    I think the most reasonable interpretation is that the user is showing me the skill 
    definition file and wants to discuss or work on it. But since there's no explicit 
    instruction, I should ask what they'd like me to do.

    Let me look at the actual file to understand the current state better.
    Actually, I realize I

  ⠋ Reticulating splines... (23s · esc to cancel)
────────────────────────────────────────────────────────────────────────────────────────────────
*   Type your message or @path/to/file
────────────────────────────────────────────────────────────────────────────────────────────────
  YOLO mode (shift + tab to cycle)
    Actually, I realize I

  ⠙ Reticulating splines... (23s · esc to cancel)
────────────────────────────────────────────────────────────────────────────────────────────────
*   Type your message or @path/to/file
────────────────────────────────────────────────────────────────────────────────────────────────
  YOLO mode (shift + tab to cycle)
[?2026l    Actually, I realize I

  ⠹ Reticulating splines... (23s · esc to cancel)
────────────────────────────────────────────────────────────────────────────────────────────────
*   Type your message or @path/to/file
────────────────────────────────────────────────────────────────────────────────────────────────
  YOLO mode (shift + tab to cycle)
[?2026l    Actually, I realize I

  ⠸ Reticulating splines... (23s · esc to cancel)
────────────────────────────────────────────────────────────────────────────────────────────────
*   Type your message or @path/to/file
────────────────────────────────────────────────────────────────────────────────────────────────
  YOLO mode (shift + tab to cycle)
[?2026l    Actually, I realize I

  ⠼ Reticulating splines... (23s · esc to cancel)
────────────────────────────────────────────────────────────────────────────────────────────────
*   Type your message or @path/to/file
────────────────────────────────────────────────────────────────────────────────────────────────
  YOLO mode (shift + tab to cycle)
[?2026l    Actually, I realize I

  ⠴ Reticulating splines... (23s · esc to cancel)
────────────────────────────────────────────────────────────────────────────────────────────────
*   Type your message or @path/to/file
────────────────────────────────────────────────────────────────────────────────────────────────
  YOLO mode (shift + tab to cycle)
[?2026l    Actually, I realize I

  ⠦ Reticulating splines... (23s · esc to cancel)
────────────────────────────────────────────────────────────────────────────────────────────────
*   Type your message or @path/to/file
────────────────────────────────────────────────────────────────────────────────────────────────
  YOLO mode (shift + tab to cycle)
[?2026l    Actually, I realize I

  ⠦ Reticulating splines... (24s · esc to cancel)
────────────────────────────────────────────────────────────────────────────────────────────────
*   Type your message or @path/to/file
────────────────────────────────────────────────────────────────────────────────────────────────
  YOLO mode (shift + tab to cycle)
[?2026l    Actually, I realize I

  ⠧ Reticulating splines... (24s · esc to cancel)
────────────────────────────────────────────────────────────────────────────────────────────────
*   Type your message or @path/to/file
────────────────────────────────────────────────────────────────────────────────────────────────
  YOLO mode (shift + tab to cycle)[39m
    Actually, I realize I

  ⠇ Reticulating splines... (24s · esc to cancel)
────────────────────────────────────────────────────────────────────────────────────────────────
*   Type your message or @path/to/file
────────────────────────────────────────────────────────────────────────────────────────────────
  YOLO mode (shift + tab to cycle)
[?2026l    Actually, I realize I

  ⠏ Reticulating splines... (24s · esc to cancel)
────────────────────────────────────────────────────────────────────────────────────────────────
*   Type your message or @path/to/file
────────────────────────────────────────────────────────────────────────────────────────────────
  YOLO mode (shift + tab to cycle)
[?2026l    Actually, I realize I

  ⠋ Reticulating splines... (24s · esc to cancel)
────────────────────────────────────────────────────────────────────────────────────────────────
*   Type your message or @path/to/file
────────────────────────────────────────────────────────────────────────────────────────────────
  YOLO mode (shift + tab to cycle)
[?2026l    Actually, I realize I

  ⠙ Reticulating splines... (24s · esc to cancel)
────────────────────────────────────────────────────────────────────────────────────────────────
*   Type your message or @path/to/file
────────────────────────────────────────────────────────────────────────────────────────────────
  YOLO mode (shift + tab to cycle)[39m
    Actually, I realize I

  ⠹ Reticulating splines... (24s · esc to cancel)
────────────────────────────────────────────────────────────────────────────────────────────────
*   Type your message or @path/to/file
────────────────────────────────────────────────────────────────────────────────────────────────
  YOLO mode (shift + tab to cycle)[39m
    Actually, I realize I

  ⠸ Reticulating splines... (24s · esc to cancel)
────────────────────────────────────────────────────────────────────────────────────────────────
*   Type your message or @path/to/file
────────────────────────────────────────────────────────────────────────────────────────────────
  YOLO mode (shift + tab to cycle)[39m
    Actually, I realize I

  ⠼ Reticulating splines... (24s · esc to cancel)
────────────────────────────────────────────────────────────────────────────────────────────────
*   Type your message or @path/to/file
────────────────────────────────────────────────────────────────────────────────────────────────
  YOLO mode (shift + tab to cycle)
[?2026l    Actually, I realize I

  ⠴ Reticulating splines... (24s · esc to cancel)
────────────────────────────────────────────────────────────────────────────────────────────────
*   Type your message or @path/to/file
────────────────────────────────────────────────────────────────────────────────────────────────
  YOLO mode (shift + tab to cycle)
[?2026l    Actually, I realize I

  ⠦ Reticulating splines... (24s · esc to cancel)
────────────────────────────────────────────────────────────────────────────────────────────────
*   Type your message or @path/to/file
────────────────────────────────────────────────────────────────────────────────────────────────
  YOLO mode (shift + tab to cycle)
[?2026l    Actually, I realize I

  ⠧ Reticulating splines... (24s · esc to cancel)
────────────────────────────────────────────────────────────────────────────────────────────────
*   Type your message or @path/to/file
────────────────────────────────────────────────────────────────────────────────────────────────
  YOLO mode (shift + tab to cycle)
[?2026l    Actually, I realize I

  ⠇ Reticulating splines... (24s · esc to cancel)
────────────────────────────────────────────────────────────────────────────────────────────────
*   Type your message or @path/to/file
────────────────────────────────────────────────────────────────────────────────────────────────
  YOLO mode (shift + tab to cycle)
[?2026l    Actually, I realize I

  ⠇ Reticulating splines... (25s · esc to cancel)
────────────────────────────────────────────────────────────────────────────────────────────────
*   Type your message or @path/to/file
────────────────────────────────────────────────────────────────────────────────────────────────
  YOLO mode (shift + tab to cycle)[39m
    Actually, I realize I

  ⠏ Reticulating splines... (25s · esc to cancel)
────────────────────────────────────────────────────────────────────────────────────────────────
*   Type your message or @path/to/file
────────────────────────────────────────────────────────────────────────────────────────────────
  YOLO mode (shift + tab to cycle)
[?2026l    Actually, I realize I

  ⠋ Reticulating splines... (25s · esc to cancel)
────────────────────────────────────────────────────────────────────────────────────────────────
*   Type your message or @path/to/file
────────────────────────────────────────────────────────────────────────────────────────────────
  YOLO mode (shift + tab to cycle)[39m
    Actually, I realize I

  ⠙ Reticulating splines... (25s · esc to cancel)
────────────────────────────────────────────────────────────────────────────────────────────────
*   Type your message or @path/to/file
────────────────────────────────────────────────────────────────────────────────────────────────
  YOLO mode (shift + tab to cycle)[39m
    Actually, I realize I

  ⠹ Reticulating splines... (25s · esc to cancel)
────────────────────────────────────────────────────────────────────────────────────────────────
*   Type your message or @path/to/file
────────────────────────────────────────────────────────────────────────────────────────────────
  YOLO mode (shift + tab to cycle)
[?2026l    Actually, I realize I

  ⠸ Reticulating splines... (25s · esc to cancel)
────────────────────────────────────────────────────────────────────────────────────────────────
*   Type your message or @path/to/file
────────────────────────────────────────────────────────────────────────────────────────────────
  YOLO mode (shift + tab to cycle)[39m
    Actually, I realize I

  ⠼ Reticulating splines... (25s · esc to cancel)
────────────────────────────────────────────────────────────────────────────────────────────────
*   Type your message or @path/to/file
────────────────────────────────────────────────────────────────────────────────────────────────
  YOLO mode (shift + tab to cycle)[39m
    Actually, I realize I

  ⠴ Reticulating splines... (25s · esc to cancel)
────────────────────────────────────────────────────────────────────────────────────────────────
*   Type your message or @path/to/file
────────────────────────────────────────────────────────────────────────────────────────────────
  YOLO mode (shift + tab to cycle)
[?2026l    Actually, I realize I

  ⠦ Reticulating splines... (25s · esc to cancel)
────────────────────────────────────────────────────────────────────────────────────────────────
*   Type your message or @path/to/file
────────────────────────────────────────────────────────────────────────────────────────────────
  YOLO mode (shift + tab to cycle)
[?2026l    Actually, I realize I'm overthinking this. Let me just look at the file and see what's 
    going on, then ask the user what they want.
    Wait, actually - re-reading more carefully, the content the user sent IS the skill file 
    content. The frontmatter has examples that contains a full example output. This might be a
     problem - the examples field seems to contain the entire output example which is

  ⠦ Reticulating splines... (25s · esc to cancel)
────────────────────────────────────────────────────────────────────────────────────────────────
*   Type your message or @path/to/file
────────────────────────────────────────────────────────────────────────────────────────────────
  YOLO mode (shift + tab to cycle)
    Wait, actually - re-reading more carefully, the content the user sent IS the skill file 
    content. The frontmatter has examples that contains a full example output. This might be a
     problem - the examples field seems to contain the entire output example which is

  ⠧ Reticulating splines... (25s · esc to cancel)
────────────────────────────────────────────────────────────────────────────────────────────────
*   Type your message or @path/to/file
────────────────────────────────────────────────────────────────────────────────────────────────
  YOLO mode (shift + tab to cycle)
    Wait, actually - re-reading more carefully, the content the user sent IS the skill file 
    content. The frontmatter has examples that contains a full example output. This might be a
     problem - the examples field seems to contain the entire output example which is

  ⠇ Reticulating splines... (25s · esc to cancel)
────────────────────────────────────────────────────────────────────────────────────────────────
*   Type your message or @path/to/file
────────────────────────────────────────────────────────────────────────────────────────────────
  YOLO mode (shift + tab to cycle)
    Wait, actually - re-reading more carefully, the content the user sent IS the skill file 
    content. The frontmatter has examples that contains a full example output. This might be a
     problem - the examples field seems to contain the entire output example which is

  ⠏ Reticulating splines... (25s · esc to cancel)
────────────────────────────────────────────────────────────────────────────────────────────────
*   Type your message or @path/to/file
────────────────────────────────────────────────────────────────────────────────────────────────
  YOLO mode (shift + tab to cycle)
    Wait, actually - re-reading more carefully, the content the user sent IS the skill file 
    content. The frontmatter has examples that contains a full example output. This might be a
     problem - the examples field seems to contain the entire output example which is

  ⠋ Reticulating splines... (25s · esc to cancel)
────────────────────────────────────────────────────────────────────────────────────────────────
*   Type your message or @path/to/file
────────────────────────────────────────────────────────────────────────────────────────────────
  YOLO mode (shift + tab to cycle)
    Wait, actually - re-reading more carefully, the content the user sent IS the skill file 
    content. The frontmatter has examples that contains a full example output. This might be a
     problem - the examples field seems to contain the entire output example which is

  ⠙ Reticulating splines... (25s · esc to cancel)
────────────────────────────────────────────────────────────────────────────────────────────────
*   Type your message or @path/to/file
────────────────────────────────────────────────────────────────────────────────────────────────
  YOLO mode (shift + tab to cycle)
    Wait, actually - re-reading more carefully, the content the user sent IS the skill file 
    content. The frontmatter has examples that contains a full example output. This might be a
     problem - the examples field seems to contain the entire output example which is

  ⠙ Reticulating splines... (26s · esc to cancel)
────────────────────────────────────────────────────────────────────────────────────────────────
*   Type your message or @path/to/file
────────────────────────────────────────────────────────────────────────────────────────────────
  YOLO mode (shift + tab to cycle)
    Wait, actually - re-reading more carefully, the content the user sent IS the skill file 
    content. The frontmatter has examples that contains a full example output. This might be a
     problem - the examples field seems to contain the entire output example which is

  ⠹ Reticulating splines... (26s · esc to cancel)
────────────────────────────────────────────────────────────────────────────────────────────────
*   Type your message or @path/to/file
────────────────────────────────────────────────────────────────────────────────────────────────
  YOLO mode (shift + tab to cycle)
    Wait, actually - re-reading more carefully, the content the user sent IS the skill file 
    content. The frontmatter has examples that contains a full example output. This might be a
     problem - the examples field seems to contain the entire output example which is

  ⠸ Reticulating splines... (26s · esc to cancel)
────────────────────────────────────────────────────────────────────────────────────────────────
*   Type your message or @path/to/file
────────────────────────────────────────────────────────────────────────────────────────────────
  YOLO mode (shift + tab to cycle)
    Wait, actually - re-reading more carefully, the content the user sent IS the skill file 
    content. The frontmatter has examples that contains a full example output. This might be a
     problem - the examples field seems to contain the entire output example which is

  ⠼ Reticulating splines... (26s · esc to cancel)
────────────────────────────────────────────────────────────────────────────────────────────────
*   Type your message or @path/to/file
────────────────────────────────────────────────────────────────────────────────────────────────
  YOLO mode (shift + tab to cycle)
    Wait, actually - re-reading more carefully, the content the user sent IS the skill file 
    content. The frontmatter has examples that contains a full example output. This might be a
     problem - the examples field seems to contain the entire output example which is

  ⠴ Reticulating splines... (26s · esc to cancel)
────────────────────────────────────────────────────────────────────────────────────────────────
*   Type your message or @path/to/file
────────────────────────────────────────────────────────────────────────────────────────────────
  YOLO mode (shift + tab to cycle)
    Wait, actually - re-reading more carefully, the content the user sent IS the skill file 
    content. The frontmatter has examples that contains a full example output. This might be a
     problem - the examples field seems to contain the entire output example which is

  ⠦ Reticulating splines... (26s · esc to cancel)
────────────────────────────────────────────────────────────────────────────────────────────────
*   Type your message or @path/to/file
────────────────────────────────────────────────────────────────────────────────────────────────
  YOLO mode (shift + tab to cycle)
    Wait, actually - re-reading more carefully, the content the user sent IS the skill file 
    content. The frontmatter has examples that contains a full example output. This might be a
     problem - the examples field seems to contain the entire output example which is

  ⠧ Reticulating splines... (26s · esc to cancel)
────────────────────────────────────────────────────────────────────────────────────────────────
*   Type your message or @path/to/file
────────────────────────────────────────────────────────────────────────────────────────────────
  YOLO mode (shift + tab to cycle)
    Wait, actually - re-reading more carefully, the content the user sent IS the skill file 
    content. The frontmatter has examples that contains a full example output. This might be a
     problem - the examples field seems to contain the entire output example which is

  ⠇ Reticulating splines... (26s · esc to cancel)
────────────────────────────────────────────────────────────────────────────────────────────────
*   Type your message or @path/to/file
────────────────────────────────────────────────────────────────────────────────────────────────
  YOLO mode (shift + tab to cycle)
    Wait, actually - re-reading more carefully, the content the user sent IS the skill file 
    content. The frontmatter has examples that contains a full example output. This might be a
     problem - the examples field seems to contain the entire output example which is

  ⠏ Reticulating splines... (26s · esc to cancel)
────────────────────────────────────────────────────────────────────────────────────────────────
*   Type your message or @path/to/file
────────────────────────────────────────────────────────────────────────────────────────────────
  YOLO mode (shift + tab to cycle)
    Wait, actually - re-reading more carefully, the content the user sent IS the skill file 
    content. The frontmatter has examples that contains a full example output. This might be a
     problem - the examples field seems to contain the entire output example which is

  ⠋ Reticulating splines... (26s · esc to cancel)
────────────────────────────────────────────────────────────────────────────────────────────────
*   Type your message or @path/to/file
────────────────────────────────────────────────────────────────────────────────────────────────
  YOLO mode (shift + tab to cycle)
    Wait, actually - re-reading more carefully, the content the user sent IS the skill file 
    content. The frontmatter has examples that contains a full example output. This might be a
     problem - the examples field seems to contain the entire output example which is

  ⠙ Reticulating splines... (26s · esc to cancel)
────────────────────────────────────────────────────────────────────────────────────────────────
*   Type your message or @path/to/file
────────────────────────────────────────────────────────────────────────────────────────────────
  YOLO mode (shift + tab to cycle)
    Wait, actually - re-reading more carefully, the content the user sent IS the skill file 
    content. The frontmatter has examples that contains a full example output. This might be a
     problem - the examples field seems to contain the entire output example which is

  ⠹ Reticulating splines... (26s · esc to cancel)
────────────────────────────────────────────────────────────────────────────────────────────────
*   Type your message or @path/to/file
────────────────────────────────────────────────────────────────────────────────────────────────
  YOLO mode (shift + tab to cycle)
    Wait, actually - re-reading more carefully, the content the user sent IS the skill file 
    content. The frontmatter has examples that contains a full example output. This might be a
     problem - the examples field seems to contain the entire output example which is

  ⠸ Reticulating splines... (26s · esc to cancel)
────────────────────────────────────────────────────────────────────────────────────────────────
*   Type your message or @path/to/file
────────────────────────────────────────────────────────────────────────────────────────────────
  YOLO mode (shift + tab to cycle)
    Wait, actually - re-reading more carefully, the content the user sent IS the skill file 
    content. The frontmatter has examples that contains a full example output. This might be a
     problem - the examples field seems to contain the entire output example which is

  ⠸ Reticulating splines... (27s · esc to cancel)
────────────────────────────────────────────────────────────────────────────────────────────────
*   Type your message or @path/to/file
────────────────────────────────────────────────────────────────────────────────────────────────
  YOLO mode (shift + tab to cycle)
    Wait, actually - re-reading more carefully, the content the user sent IS the skill file 
    content. The frontmatter has examples that contains a full example output. This might be a
     problem - the examples field seems to contain the entire output example which is

  ⠼ Reticulating splines... (27s · esc to cancel)
────────────────────────────────────────────────────────────────────────────────────────────────
*   Type your message or @path/to/file
────────────────────────────────────────────────────────────────────────────────────────────────
  YOLO mode (shift + tab to cycle)
    Wait, actually - re-reading more carefully, the content the user sent IS the skill file 
    content. The frontmatter has examples that contains a full example output. This might be a
     problem - the examples field seems to contain the entire output example which is

  ⠴ Reticulating splines... (27s · esc to cancel)
────────────────────────────────────────────────────────────────────────────────────────────────
*   Type your message or @path/to/file
────────────────────────────────────────────────────────────────────────────────────────────────
  YOLO mode (shift + tab to cycle)
    Wait, actually - re-reading more carefully, the content the user sent IS the skill file 
    content. The frontmatter has examples that contains a full example output. This might be a
     problem - the examples field seems to contain the entire output example which is

  ⠦ Reticulating splines... (27s · esc to cancel)
────────────────────────────────────────────────────────────────────────────────────────────────
*   Type your message or @path/to/file
────────────────────────────────────────────────────────────────────────────────────────────────
  YOLO mode (shift + tab to cycle)
    Wait, actually - re-reading more carefully, the content the user sent IS the skill file 
    content. The frontmatter has examples that contains a full example output. This might be a
     problem - the examples field seems to contain the entire output example which is

  ⠧ Reticulating splines... (27s · esc to cancel)
────────────────────────────────────────────────────────────────────────────────────────────────
*   Type your message or @path/to/file
────────────────────────────────────────────────────────────────────────────────────────────────
  YOLO mode (shift + tab to cycle)
    Wait, actually - re-reading more carefully, the content the user sent IS the skill file 
    content. The frontmatter has examples that contains a full example output. This might be a
     problem - the examples field seems to contain the entire output example which is

  ⠇ Reticulating splines... (27s · esc to cancel)
────────────────────────────────────────────────────────────────────────────────────────────────
*   Type your message or @path/to/file
────────────────────────────────────────────────────────────────────────────────────────────────
  YOLO mode (shift + tab to cycle)
    Wait, actually - re-reading more carefully, the content the user sent IS the skill file 
    content. The frontmatter has examples that contains a full example output. This might be a
     problem - the examples field seems to contain the entire output example which is

  ⠏ Reticulating splines... (27s · esc to cancel)
────────────────────────────────────────────────────────────────────────────────────────────────
*   Type your message or @path/to/file
────────────────────────────────────────────────────────────────────────────────────────────────
  YOLO mode (shift + tab to cycle)
    Wait, actually - re-reading more carefully, the content the user sent IS the skill file 
    content. The frontmatter has examples that contains a full example output. This might be a
     problem - the examples field seems to contain the entire output example which is 
    duplicated in the Examples section.

    Let me check the file on disk to compare.

    Actually, I think the best approach is to read the current file to understand the context 
    and then ask the user what they want me to do with this skill definition.
    Hmm, but actually, let me reconsider. Maybe the user is just sending this as context and 
    expects me to understand it's the translate skill. Perhaps they want

  ⠏ Reticulating splines...[38;2;108;112;134m (27s · esc to cancel)
────────────────────────────────────────────────────────────────────────────────────────────────
*   Type your message or @path/to/file
────────────────────────────────────────────────────────────────────────────────────────────────
  YOLO mode (shift + tab to cycle)
    Hmm, but actually, let me reconsider. Maybe the user is just sending this as context and 
    expects me to understand it's the translate skill. Perhaps they want

  ⠋ Reticulating splines... (27s · esc to cancel)
────────────────────────────────────────────────────────────────────────────────────────────────
*   Type your message or @path/to/file
────────────────────────────────────────────────────────────────────────────────────────────────
  YOLO mode (shift + tab to cycle)
    Hmm, but actually, let me reconsider. Maybe the user is just sending this as context and 
    expects me to understand it's the translate skill. Perhaps they want

  ⠙ Reticulating splines... (27s · esc to cancel)
────────────────────────────────────────────────────────────────────────────────────────────────
*   Type your message or @path/to/file
────────────────────────────────────────────────────────────────────────────────────────────────
  YOLO mode (shift + tab to cycle)
    Hmm, but actually, let me reconsider. Maybe the user is just sending this as context and 
    expects me to understand it's the translate skill. Perhaps they want

  ⠹ Reticulating splines... (27s · esc to cancel)
────────────────────────────────────────────────────────────────────────────────────────────────
*   Type your message or @path/to/file
────────────────────────────────────────────────────────────────────────────────────────────────
  YOLO mode (shift + tab to cycle)
    Hmm, but actually, let me reconsider. Maybe the user is just sending this as context and 
    expects me to understand it's the translate skill. Perhaps they want

  ⠸ Reticulating splines... (27s · esc to cancel)
────────────────────────────────────────────────────────────────────────────────────────────────
*   Type your message or @path/to/file
────────────────────────────────────────────────────────────────────────────────────────────────
  YOLO mode (shift + tab to cycle)
    Hmm, but actually, let me reconsider. Maybe the user is just sending this as context and 
    expects me to understand it's the translate skill. Perhaps they want

  ⠼ Reticulating splines... (27s · esc to cancel)
────────────────────────────────────────────────────────────────────────────────────────────────
*   Type your message or @path/to/file
────────────────────────────────────────────────────────────────────────────────────────────────
  YOLO mode (shift + tab to cycle)
    Hmm, but actually, let me reconsider. Maybe the user is just sending this as context and 
    expects me to understand it's the translate skill. Perhaps they want

  ⠴ Reticulating splines... (27s · esc to cancel)
────────────────────────────────────────────────────────────────────────────────────────────────
*   Type your message or @path/to/file
────────────────────────────────────────────────────────────────────────────────────────────────
  YOLO mode (shift + tab to cycle)
    Hmm, but actually, let me reconsider. Maybe the user is just sending this as context and 
    expects me to understand it's the translate skill. Perhaps they want

  ⠴ Reticulating splines... (28s · esc to cancel)
────────────────────────────────────────────────────────────────────────────────────────────────
*   Type your message or @path/to/file
────────────────────────────────────────────────────────────────────────────────────────────────
  YOLO mode (shift + tab to cycle)
    Hmm, but actually, let me reconsider. Maybe the user is just sending this as context and 
    expects me to understand it's the translate skill. Perhaps they want

  ⠦ Reticulating splines... (28s · esc to cancel)
────────────────────────────────────────────────────────────────────────────────────────────────
*   Type your message or @path/to/file
────────────────────────────────────────────────────────────────────────────────────────────────
  YOLO mode (shift + tab to cycle)
    Hmm, but actually, let me reconsider. Maybe the user is just sending this as context and 
    expects me to understand it's the translate skill. Perhaps they want

  ⠧ Reticulating splines... (28s · esc to cancel)
────────────────────────────────────────────────────────────────────────────────────────────────
*   Type your message or @path/to/file
────────────────────────────────────────────────────────────────────────────────────────────────
  YOLO mode (shift + tab to cycle)
    Hmm, but actually, let me reconsider. Maybe the user is just sending this as context and 
    expects me to understand it's the translate skill. Perhaps they want

  ⠇ Reticulating splines... (28s · esc to cancel)
────────────────────────────────────────────────────────────────────────────────────────────────
*   Type your message or @path/to/file
────────────────────────────────────────────────────────────────────────────────────────────────
  YOLO mode (shift + tab to cycle)
    Hmm, but actually, let me reconsider. Maybe the user is just sending this as context and 
    expects me to understand it's the translate skill. Perhaps they want

  ⠏ Reticulating splines... (28s · esc to cancel)
────────────────────────────────────────────────────────────────────────────────────────────────
*   Type your message or @path/to/file
────────────────────────────────────────────────────────────────────────────────────────────────
  YOLO mode (shift + tab to cycle)
    Hmm, but actually, let me reconsider. Maybe the user is just sending this as context and 
    expects me to understand it's the translate skill. Perhaps they want

  ⠋ Reticulating splines... (28s · esc to cancel)
────────────────────────────────────────────────────────────────────────────────────────────────
*   Type your message or @path/to/file
────────────────────────────────────────────────────────────────────────────────────────────────
  YOLO mode (shift + tab to cycle)
    Hmm, but actually, let me reconsider. Maybe the user is just sending this as context and 
    expects me to understand it's the translate skill. Perhaps they want

  ⠙ Reticulating splines... (28s · esc to cancel)
────────────────────────────────────────────────────────────────────────────────────────────────
*   Type your message or @path/to/file
────────────────────────────────────────────────────────────────────────────────────────────────
  YOLO mode (shift + tab to cycle)
    Hmm, but actually, let me reconsider. Maybe the user is just sending this as context and 
    expects me to understand it's the translate skill. Perhaps they want

  ⠹ Reticulating splines... (28s · esc to cancel)
────────────────────────────────────────────────────────────────────────────────────────────────
*   Type your message or @path/to/file
────────────────────────────────────────────────────────────────────────────────────────────────
  YOLO mode (shift + tab to cycle)
    Hmm, but actually, let me reconsider. Maybe the user is just sending this as context and 
    expects me to understand it's the translate skill. Perhaps they want

  ⠸ Reticulating splines... (28s · esc to cancel)
────────────────────────────────────────────────────────────────────────────────────────────────
*   Type your message or @path/to/file
────────────────────────────────────────────────────────────────────────────────────────────────
  YOLO mode (shift + tab to cycle)
    Hmm, but actually, let me reconsider. Maybe the user is just sending this as context and 
    expects me to understand it's the translate skill. Perhaps they want

  ⠼ Reticulating splines... (28s · esc to cancel)
────────────────────────────────────────────────────────────────────────────────────────────────
*   Type your message or @path/to/file
────────────────────────────────────────────────────────────────────────────────────────────────
  YOLO mode (shift + tab to cycle)
    Hmm, but actually, let me reconsider. Maybe the user is just sending this as context and 
    expects me to understand it's the translate skill. Perhaps they want

  ⠴ Reticulating splines... (28s · esc to cancel)
────────────────────────────────────────────────────────────────────────────────────────────────
*   Type your message or @path/to/file
────────────────────────────────────────────────────────────────────────────────────────────────
  YOLO mode (shift + tab to cycle)
    Hmm, but actually, let me reconsider. Maybe the user is just sending this as context and 
    expects me to understand it's the translate skill. Perhaps they want

  ⠦ Reticulating splines... (28s · esc to cancel)
────────────────────────────────────────────────────────────────────────────────────────────────
*   Type your message or @path/to/file
────────────────────────────────────────────────────────────────────────────────────────────────
  YOLO mode (shift + tab to cycle)
    Hmm, but actually, let me reconsider. Maybe the user is just sending this as context and 
    expects me to understand it's the translate skill. Perhaps they want

  ⠧ Reticulating splines... (28s · esc to cancel)
────────────────────────────────────────────────────────────────────────────────────────────────
*   Type your message or @path/to/file
────────────────────────────────────────────────────────────────────────────────────────────────
  YOLO mode (shift + tab to cycle)
    Hmm, but actually, let me reconsider. Maybe the user is just sending this as context and 
    expects me to understand it's the translate skill. Perhaps they want to discuss something 
    about it or test it.

    Let me just ask the user what they'd like me to do, since the message contains only a 
    skill definition with no explicit instruction.
    Actually, you know what, let me re-examine. The message IS the skill content. In the 
    tAgent platform, when a skill is executed, the skill content is sent to the AI. The 
    userInputs would contain

  ⠧ Reticulating splines... (28s · esc to cancel)
────────────────────────────────────────────────────────────────────────────────────────────────
*   Type your message or @path/to/file
────────────────────────────────────────────────────────────────────────────────────────────────
  YOLO mode (shift + tab to cycle)
    Actually, you know what, let me re-examine. The message IS the skill content. In the 
    tAgent platform, when a skill is executed, the skill content is sent to the AI. The 
    userInputs would contain

  ⠇ Reticulating splines... (28s · esc to cancel)
────────────────────────────────────────────────────────────────────────────────────────────────
*   Type your message or @path/to/file
────────────────────────────────────────────────────────────────────────────────────────────────
  YOLO mode (shift + tab to cycle)
    Actually, you know what, let me re-examine. The message IS the skill content. In the 
    tAgent platform, when a skill is executed, the skill content is sent to the AI. The 
    userInputs would contain

  ⠇ Reticulating splines... (29s · esc to cancel)
────────────────────────────────────────────────────────────────────────────────────────────────
*   Type your message or @path/to/file
────────────────────────────────────────────────────────────────────────────────────────────────
  YOLO mode (shift + tab to cycle)
    Actually, you know what, let me re-examine. The message IS the skill content. In the 
    tAgent platform, when a skill is executed, the skill content is sent to the AI. The 
    userInputs would contain

  ⠏ Reticulating splines... (29s · esc to cancel)
────────────────────────────────────────────────────────────────────────────────────────────────
*   Type your message or @path/to/file
────────────────────────────────────────────────────────────────────────────────────────────────
  YOLO mode (shift + tab to cycle)
    Actually, you know what, let me re-examine. The message IS the skill content. In the 
    tAgent platform, when a skill is executed, the skill content is sent to the AI. The 
    userInputs would contain

  ⠋ Reticulating splines... (29s · esc to cancel)
────────────────────────────────────────────────────────────────────────────────────────────────
*   Type your message or @path/to/file
────────────────────────────────────────────────────────────────────────────────────────────────
  YOLO mode (shift + tab to cycle)
    Actually, you know what, let me re-examine. The message IS the skill content. In the 
    tAgent platform, when a skill is executed, the skill content is sent to the AI. The 
    userInputs would contain

  ⠙ Reticulating splines... (29s · esc to cancel)
────────────────────────────────────────────────────────────────────────────────────────────────
*   Type your message or @path/to/file
────────────────────────────────────────────────────────────────────────────────────────────────
  YOLO mode (shift + tab to cycle)
    Actually, you know what, let me re-examine. The message IS the skill content. In the 
    tAgent platform, when a skill is executed, the skill content is sent to the AI. The 
    userInputs would contain

  ⠹ Reticulating splines... (29s · esc to cancel)
────────────────────────────────────────────────────────────────────────────────────────────────
*   Type your message or @path/to/file
────────────────────────────────────────────────────────────────────────────────────────────────
  YOLO mode (shift + tab to cycle)
    Actually, you know what, let me re-examine. The message IS the skill content. In the 
    tAgent platform, when a skill is executed, the skill content is sent to the AI. The 
    userInputs would contain

  ⠸ Reticulating splines... (29s · esc to cancel)
────────────────────────────────────────────────────────────────────────────────────────────────
*   Type your message or @path/to/file
────────────────────────────────────────────────────────────────────────────────────────────────
  YOLO mode (shift + tab to cycle)
    Actually, you know what, let me re-examine. The message IS the skill content. In the 
    tAgent platform, when a skill is executed, the skill content is sent to the AI. The 
    userInputs would contain

  ⠼ Reticulating splines... (29s · esc to cancel)
────────────────────────────────────────────────────────────────────────────────────────────────
*   Type your message or @path/to/file
────────────────────────────────────────────────────────────────────────────────────────────────
  YOLO mode (shift + tab to cycle)
    Actually, you know what, let me re-examine. The message IS the skill content. In the 
    tAgent platform, when a skill is executed, the skill content is sent to the AI. The 
    userInputs would contain

  ⠴ Reticulating splines... (29s · esc to cancel)
────────────────────────────────────────────────────────────────────────────────────────────────
*   Type your message or @path/to/file
────────────────────────────────────────────────────────────────────────────────────────────────
  YOLO mode (shift + tab to cycle)
    Actually, you know what, let me re-examine. The message IS the skill content. In the 
    tAgent platform, when a skill is executed, the skill content is sent to the AI. The 
    userInputs would contain

  ⠦ Reticulating splines... (29s · esc to cancel)
────────────────────────────────────────────────────────────────────────────────────────────────
*   Type your message or @path/to/file
────────────────────────────────────────────────────────────────────────────────────────────────
  YOLO mode (shift + tab to cycle)
    Actually, you know what, let me re-examine. The message IS the skill content. In the 
    tAgent platform, when a skill is executed, the skill content is sent to the AI. The 
    userInputs would contain

  ⠧ Reticulating splines... (29s · esc to cancel)
────────────────────────────────────────────────────────────────────────────────────────────────
*   Type your message or @path/to/file
────────────────────────────────────────────────────────────────────────────────────────────────
  YOLO mode (shift + tab to cycle)
    Actually, you know what, let me re-examine. The message IS the skill content. In the 
    tAgent platform, when a skill is executed, the skill content is sent to the AI. The 
    userInputs would contain

  ⠇ Reticulating splines... (29s · esc to cancel)
────────────────────────────────────────────────────────────────────────────────────────────────
*   Type your message or @path/to/file
────────────────────────────────────────────────────────────────────────────────────────────────
  YOLO mode (shift + tab to cycle)
    Actually, you know what, let me re-examine. The message IS the skill content. In the 
    tAgent platform, when a skill is executed, the skill content is sent to the AI. The 
    userInputs would contain

  ⠏ Reticulating splines... (29s · esc to cancel)
────────────────────────────────────────────────────────────────────────────────────────────────
*   Type your message or @path/to/file
────────────────────────────────────────────────────────────────────────────────────────────────
  YOLO mode (shift + tab to cycle)
    Actually, you know what, let me re-examine. The message IS the skill content. In the 
    tAgent platform, when a skill is executed, the skill content is sent to the AI. The 
    userInputs would contain

  ⠋ Reticulating splines... (29s · esc to cancel)
────────────────────────────────────────────────────────────────────────────────────────────────
*   Type your message or @path/to/file
────────────────────────────────────────────────────────────────────────────────────────────────
  YOLO mode (shift + tab to cycle)
    Actually, you know what, let me re-examine. The message IS the skill content. In the 
    tAgent platform, when a skill is executed, the skill content is sent to the AI. The 
    userInputs would contain

  ⠋ Don't panic... (29s · esc to cancel)
────────────────────────────────────────────────────────────────────────────────────────────────
*   Type your message or @path/to/file
────────────────────────────────────────────────────────────────────────────────────────────────
  YOLO mode (shift + tab to cycle)
    Actually, you know what, let me re-examine. The message IS the skill content. In the 
    tAgent platform, when a skill is executed, the skill content is sent to the AI. The 
    userInputs would contain

  ⠋ Don't panic... (30s · esc to cancel)
────────────────────────────────────────────────────────────────────────────────────────────────
*   Type your message or @path/to/file
────────────────────────────────────────────────────────────────────────────────────────────────
  YOLO mode (shift + tab to cycle)
    Actually, you know what, let me re-examine. The message IS the skill content. In the 
    tAgent platform, when a skill is executed, the skill content is sent to the AI. The 
    userInputs would contain

  ⠙ Don't panic... (30s · esc to cancel)
────────────────────────────────────────────────────────────────────────────────────────────────
*   Type your message or @path/to/file
────────────────────────────────────────────────────────────────────────────────────────────────
  YOLO mode (shift + tab to cycle)
    Actually, you know what, let me re-examine. The message IS the skill content. In the 
    tAgent platform, when a skill is executed, the skill content is sent to the AI. The 
    userInputs would contain

  ⠹ Don't panic... (30s · esc to cancel)
────────────────────────────────────────────────────────────────────────────────────────────────
*   Type your message or @path/to/file
────────────────────────────────────────────────────────────────────────────────────────────────
  YOLO mode (shift + tab to cycle)
    Actually, you know what, let me re-examine. The message IS the skill content. In the 
    tAgent platform, when a skill is executed, the skill content is sent to the AI. The 
    userInputs would contain

  ⠸ Don't panic... (30s · esc to cancel)
────────────────────────────────────────────────────────────────────────────────────────────────
*   Type your message or @path/to/file
────────────────────────────────────────────────────────────────────────────────────────────────
  YOLO mode (shift + tab to cycle)
    Actually, you know what, let me re-examine. The message IS the skill content. In the 
    tAgent platform, when a skill is executed, the skill content is sent to the AI. The 
    userInputs would contain

  ⠼ Don't panic... (30s · esc to cancel)
────────────────────────────────────────────────────────────────────────────────────────────────
*   Type your message or @path/to/file
────────────────────────────────────────────────────────────────────────────────────────────────
  YOLO mode (shift + tab to cycle)
    Actually, you know what, let me re-examine. The message IS the skill content. In the 
    tAgent platform, when a skill is executed, the skill content is sent to the AI. The 
    userInputs would contain

  ⠴ Don't panic... (30s · esc to cancel)
────────────────────────────────────────────────────────────────────────────────────────────────
*   Type your message or @path/to/file
────────────────────────────────────────────────────────────────────────────────────────────────
  YOLO mode (shift + tab to cycle)
    Actually, you know what, let me re-examine. The message IS the skill content. In the 
    tAgent platform, when a skill is executed, the skill content is sent to the AI. The 
    userInputs would contain

  ⠦ Don't panic... (30s · esc to cancel)
────────────────────────────────────────────────────────────────────────────────────────────────
*   Type your message or @path/to/file
────────────────────────────────────────────────────────────────────────────────────────────────
  YOLO mode (shift + tab to cycle)
    Actually, you know what, let me re-examine. The message IS the skill content. In the 
    tAgent platform, when a skill is executed, the skill content is sent to the AI. The 
    userInputs would contain the actual values. But here, the userInputs don't have values 
    filled in - they're just the definitions.

    So either:
     1. This is the raw skill file being shown for review/editing
     2. The user wants to test-run this skill but forgot to provide input
    I think the safest approach is to ask the user what they'd like me to do with this skill 
    definition. Let me

  ⠦ Don't panic... (30s · esc to cancel)
────────────────────────────────────────────────────────────────────────────────────────────────
*   Type your message or @path/to/file
────────────────────────────────────────────────────────────────────────────────────────────────
  YOLO mode (shift + tab to cycle)
    I think the safest approach is to ask the user what they'd like me to do with this skill 
    definition. Let me

  ⠧ Don't panic... (30s · esc to cancel)
────────────────────────────────────────────────────────────────────────────────────────────────
*   Type your message or @path/to/file
────────────────────────────────────────────────────────────────────────────────────────────────
  YOLO mode (shift + tab to cycle)
    I think the safest approach is to ask the user what they'd like me to do with this skill 
    definition. Let me

  ⠇ Don't panic... (30s · esc to cancel)
────────────────────────────────────────────────────────────────────────────────────────────────
*   Type your message or @path/to/file
────────────────────────────────────────────────────────────────────────────────────────────────
  YOLO mode (shift + tab to cycle)
    I think the safest approach is to ask the user what they'd like me to do with this skill 
    definition. Let me

  ⠏ Don't panic... (30s · esc to cancel)
────────────────────────────────────────────────────────────────────────────────────────────────
*   Type your message or @path/to/file
────────────────────────────────────────────────────────────────────────────────────────────────
  YOLO mode (shift + tab to cycle)
    I think the safest approach is to ask the user what they'd like me to do with this skill 
    definition. Let me

  ⠋ Don't panic... (30s · esc to cancel)
────────────────────────────────────────────────────────────────────────────────────────────────
*   Type your message or @path/to/file
────────────────────────────────────────────────────────────────────────────────────────────────
  YOLO mode (shift + tab to cycle)
    I think the safest approach is to ask the user what they'd like me to do with this skill 
    definition. Let me

  ⠙ Don't panic... (30s · esc to cancel)
────────────────────────────────────────────────────────────────────────────────────────────────
*   Type your message or @path/to/file
────────────────────────────────────────────────────────────────────────────────────────────────
  YOLO mode (shift + tab to cycle)
    I think the safest approach is to ask the user what they'd like me to do with this skill 
    definition. Let me

  ⠹ Don't panic... (30s · esc to cancel)
────────────────────────────────────────────────────────────────────────────────────────────────
*   Type your message or @path/to/file
────────────────────────────────────────────────────────────────────────────────────────────────
  YOLO mode (shift + tab to cycle)
    I think the safest approach is to ask the user what they'd like me to do with this skill 
    definition. Let me

  ⠸ Don't panic... (31s · esc to cancel)
────────────────────────────────────────────────────────────────────────────────────────────────
*   Type your message or @path/to/file
────────────────────────────────────────────────────────────────────────────────────────────────
  YOLO mode (shift + tab to cycle)
    I think the safest approach is to ask the user what they'd like me to do with this skill 
    definition. Let me

  ⠼ Don't panic... (31s · esc to cancel)
────────────────────────────────────────────────────────────────────────────────────────────────
*   Type your message or @path/to/file
────────────────────────────────────────────────────────────────────────────────────────────────
  YOLO mode (shift + tab to cycle)
    I think the safest approach is to ask the user what they'd like me to do with this skill 
    definition. Let me

  ⠴ Don't panic... (31s · esc to cancel)
────────────────────────────────────────────────────────────────────────────────────────────────
*   Type your message or @path/to/file
────────────────────────────────────────────────────────────────────────────────────────────────
  YOLO mode (shift + tab to cycle)
    I think the safest approach is to ask the user what they'd like me to do with this skill 
    definition. Let me

  ⠦ Don't panic... (31s · esc to cancel)
────────────────────────────────────────────────────────────────────────────────────────────────
*   Type your message or @path/to/file
────────────────────────────────────────────────────────────────────────────────────────────────
  YOLO mode (shift + tab to cycle)
    I think the safest approach is to ask the user what they'd like me to do with this skill 
    definition. Let me

  ⠧ Don't panic... (31s · esc to cancel)
────────────────────────────────────────────────────────────────────────────────────────────────
*   Type your message or @path/to/file
────────────────────────────────────────────────────────────────────────────────────────────────
  YOLO mode (shift + tab to cycle)
    I think the safest approach is to ask the user what they'd like me to do with this skill 
    definition. Let me

  ⠇ Don't panic... (31s · esc to cancel)
────────────────────────────────────────────────────────────────────────────────────────────────
*   Type your message or @path/to/file
────────────────────────────────────────────────────────────────────────────────────────────────
  YOLO mode (shift + tab to cycle)
    I think the safest approach is to ask the user what they'd like me to do with this skill 
    definition. Let me

  ⠏ Don't panic... (31s · esc to cancel)
────────────────────────────────────────────────────────────────────────────────────────────────
*   Type your message or @path/to/file
────────────────────────────────────────────────────────────────────────────────────────────────
  YOLO mode (shift + tab to cycle)
    I think the safest approach is to ask the user what they'd like me to do with this skill 
    definition. Let me

  ⠋ Don't panic... (31s · esc to cancel)
────────────────────────────────────────────────────────────────────────────────────────────────
*   Type your message or @path/to/file
────────────────────────────────────────────────────────────────────────────────────────────────
  YOLO mode (shift + tab to cycle)
    I think the safest approach is to ask the user what they'd like me to do with this skill 
    definition. Let me

  ⠙ Don't panic... (31s · esc to cancel)
────────────────────────────────────────────────────────────────────────────────────────────────
*   Type your message or @path/to/file
────────────────────────────────────────────────────────────────────────────────────────────────
  YOLO mode (shift + tab to cycle)
    I think the safest approach is to ask the user what they'd like me to do with this skill 
    definition. Let me

  ⠹ Don't panic... (31s · esc to cancel)
────────────────────────────────────────────────────────────────────────────────────────────────
*   Type your message or @path/to/file
────────────────────────────────────────────────────────────────────────────────────────────────
  YOLO mode (shift + tab to cycle)
    I think the safest approach is to ask the user what they'd like me to do with this skill 
    definition. Let me

  ⠸ Don't panic... (31s · esc to cancel)
────────────────────────────────────────────────────────────────────────────────────────────────
*   Type your message or @path/to/file
────────────────────────────────────────────────────────────────────────────────────────────────
  YOLO mode (shift + tab to cycle)
    I think the safest approach is to ask the user what they'd like me to do with this skill 
    definition. Let me

  ⠼ Don't panic... (31s · esc to cancel)
────────────────────────────────────────────────────────────────────────────────────────────────
*   Type your message or @path/to/file
────────────────────────────────────────────────────────────────────────────────────────────────
  YOLO mode (shift + tab to cycle)
    I think the safest approach is to ask the user what they'd like me to do with this skill 
    definition. Let me

  ⠴ Don't panic... (31s · esc to cancel)
────────────────────────────────────────────────────────────────────────────────────────────────
*   Type your message or @path/to/file
────────────────────────────────────────────────────────────────────────────────────────────────
  YOLO mode (shift + tab to cycle)
    I think the safest approach is to ask the user what they'd like me to do with this skill 
    definition. Let me

  ⠴ Don't panic... (32s · esc to cancel)
────────────────────────────────────────────────────────────────────────────────────────────────
*   Type your message or @path/to/file
────────────────────────────────────────────────────────────────────────────────────────────────
  YOLO mode (shift + tab to cycle)
    I think the safest approach is to ask the user what they'd like me to do with this skill 
    definition. Let me

  ⠦ Don't panic... (32s · esc to cancel)
────────────────────────────────────────────────────────────────────────────────────────────────
*   Type your message or @path/to/file
────────────────────────────────────────────────────────────────────────────────────────────────
  YOLO mode (shift + tab to cycle)
    I think the safest approach is to ask the user what they'd like me to do with this skill 
    definition. Let me

  ⠧ Don't panic... (32s · esc to cancel)
────────────────────────────────────────────────────────────────────────────────────────────────
*   Type your message or @path/to/file
────────────────────────────────────────────────────────────────────────────────────────────────
  YOLO mode (shift + tab to cycle)
    I think the safest approach is to ask the user what they'd like me to do with this skill 
    definition. Let me

  ⠇ Don't panic... (32s · esc to cancel)
────────────────────────────────────────────────────────────────────────────────────────────────
*   Type your message or @path/to/file
────────────────────────────────────────────────────────────────────────────────────────────────
  YOLO mode (shift + tab to cycle)
    I think the safest approach is to ask the user what they'd like me to do with this skill 
    definition. Let me

  ⠏ Don't panic... (32s · esc to cancel)
────────────────────────────────────────────────────────────────────────────────────────────────
*   Type your message or @path/to/file
────────────────────────────────────────────────────────────────────────────────────────────────
  YOLO mode (shift + tab to cycle)
    I think the safest approach is to ask the user what they'd like me to do with this skill 
    definition. Let me

  ⠋ Don't panic... (32s · esc to cancel)
────────────────────────────────────────────────────────────────────────────────────────────────
*   Type your message or @path/to/file
────────────────────────────────────────────────────────────────────────────────────────────────
  YOLO mode (shift + tab to cycle)
    I think the safest approach is to ask the user what they'd like me to do with this skill 
    definition. Let me

  ⠙ Don't panic... (32s · esc to cancel)
────────────────────────────────────────────────────────────────────────────────────────────────
*   Type your message or @path/to/file
────────────────────────────────────────────────────────────────────────────────────────────────
  YOLO mode (shift + tab to cycle)
    I think the safest approach is to ask the user what they'd like me to do with this skill 
    definition. Let me

  ⠹ Don't panic... (32s · esc to cancel)
────────────────────────────────────────────────────────────────────────────────────────────────
*   Type your message or @path/to/file
────────────────────────────────────────────────────────────────────────────────────────────────
  YOLO mode (shift + tab to cycle)
    I think the safest approach is to ask the user what they'd like me to do with this skill 
    definition. Let me

  ⠸ Don't panic... (32s · esc to cancel)
────────────────────────────────────────────────────────────────────────────────────────────────
*   Type your message or @path/to/file
────────────────────────────────────────────────────────────────────────────────────────────────
  YOLO mode (shift + tab to cycle)
    I think the safest approach is to ask the user what they'd like me to do with this skill 
    definition. Let me

  ⠼ Don't panic... (32s · esc to cancel)
────────────────────────────────────────────────────────────────────────────────────────────────
*   Type your message or @path/to/file
────────────────────────────────────────────────────────────────────────────────────────────────
  YOLO mode (shift + tab to cycle)
    I think the safest approach is to ask the user what they'd like me to do with this skill 
    definition. Let me

  ⠴ Don't panic... (32s · esc to cancel)
────────────────────────────────────────────────────────────────────────────────────────────────
*   Type your message or @path/to/file
────────────────────────────────────────────────────────────────────────────────────────────────
  YOLO mode (shift + tab to cycle)
    I think the safest approach is to ask the user what they'd like me to do with this skill 
    definition. Let me

  ⠦ Don't panic... (32s · esc to cancel)
────────────────────────────────────────────────────────────────────────────────────────────────
*   Type your message or @path/to/file
────────────────────────────────────────────────────────────────────────────────────────────────
  YOLO mode (shift + tab to cycle)
    I think the safest approach is to ask the user what they'd like me to do with this skill 
    definition. Let me

  ⠧ Don't panic... (32s · esc to cancel)
────────────────────────────────────────────────────────────────────────────────────────────────
*   Type your message or @path/to/file
────────────────────────────────────────────────────────────────────────────────────────────────
  YOLO mode (shift + tab to cycle)
    I think the safest approach is to ask the user what they'd like me to do with this skill 
    definition. Let me

  ⠧ Don't panic... (33s · esc to cancel)
────────────────────────────────────────────────────────────────────────────────────────────────
*   Type your message or @path/to/file
────────────────────────────────────────────────────────────────────────────────────────────────
  YOLO mode (shift + tab to cycle)
    I think the safest approach is to ask the user what they'd like me to do with this skill 
    definition. Let me

  ⠇ Don't panic... (33s · esc to cancel)
────────────────────────────────────────────────────────────────────────────────────────────────
*   Type your message or @path/to/file
────────────────────────────────────────────────────────────────────────────────────────────────
  YOLO mode (shift + tab to cycle)
    I think the safest approach is to ask the user what they'd like me to do with this skill 
    definition. Let me

  ⠏ Don't panic... (33s · esc to cancel)
────────────────────────────────────────────────────────────────────────────────────────────────
*   Type your message or @path/to/file
────────────────────────────────────────────────────────────────────────────────────────────────
  YOLO mode (shift + tab to cycle)
    I think the safest approach is to ask the user what they'd like me to do with this skill 
    definition. Let me

  ⠋ Don't panic... (33s · esc to cancel)
────────────────────────────────────────────────────────────────────────────────────────────────
*   Type your message or @path/to/file
────────────────────────────────────────────────────────────────────────────────────────────────
  YOLO mode (shift + tab to cycle)
    I think the safest approach is to ask the user what they'd like me to do with this skill 
    definition. Let me

  ⠙ Don't panic... (33s · esc to cancel)
────────────────────────────────────────────────────────────────────────────────────────────────
*   Type your message or @path/to/file
────────────────────────────────────────────────────────────────────────────────────────────────
  YOLO mode (shift + tab to cycle)
    I think the safest approach is to ask the user what they'd like me to do with this skill 
    definition. Let me

  ⠹ Don't panic... (33s · esc to cancel)
────────────────────────────────────────────────────────────────────────────────────────────────
*   Type your message or @path/to/file
────────────────────────────────────────────────────────────────────────────────────────────────
  YOLO mode (shift + tab to cycle)
    I think the safest approach is to ask the user what they'd like me to do with this skill 
    definition. Let me

  ⠸ Don't panic... (33s · esc to cancel)
────────────────────────────────────────────────────────────────────────────────────────────────
*   Type your message or @path/to/file
────────────────────────────────────────────────────────────────────────────────────────────────
  YOLO mode (shift + tab to cycle)
    I think the safest approach is to ask the user what they'd like me to do with this skill 
    definition. Let me

  ⠼ Don't panic... (33s · esc to cancel)
────────────────────────────────────────────────────────────────────────────────────────────────
*   Type your message or @path/to/file
────────────────────────────────────────────────────────────────────────────────────────────────
  YOLO mode (shift + tab to cycle)
    I think the safest approach is to ask the user what they'd like me to do with this skill 
    definition. Let me

  ⠴ Don't panic... (33s · esc to cancel)
────────────────────────────────────────────────────────────────────────────────────────────────
*   Type your message or @path/to/file
────────────────────────────────────────────────────────────────────────────────────────────────
  YOLO mode (shift + tab to cycle)
    I think the safest approach is to ask the user what they'd like me to do with this skill 
    definition. Let me

  ⠦ Don't panic... (33s · esc to cancel)
────────────────────────────────────────────────────────────────────────────────────────────────
*   Type your message or @path/to/file
────────────────────────────────────────────────────────────────────────────────────────────────
  YOLO mode (shift + tab to cycle)
    I think the safest approach is to ask the user what they'd like me to do with this skill 
    definition. Let me

  ⠧ Don't panic... (33s · esc to cancel)
────────────────────────────────────────────────────────────────────────────────────────────────
*   Type your message or @path/to/file
────────────────────────────────────────────────────────────────────────────────────────────────
  YOLO mode (shift + tab to cycle)
    I think the safest approach is to ask the user what they'd like me to do with this skill 
    definition. Let me

  ⠇ Don't panic... (33s · esc to cancel)
────────────────────────────────────────────────────────────────────────────────────────────────
*   Type your message or @path/to/file
────────────────────────────────────────────────────────────────────────────────────────────────
  YOLO mode (shift + tab to cycle)
    I think the safest approach is to ask the user what they'd like me to do with this skill 
    definition. Let me

  ⠏ Don't panic... (33s · esc to cancel)
────────────────────────────────────────────────────────────────────────────────────────────────
*   Type your message or @path/to/file
────────────────────────────────────────────────────────────────────────────────────────────────
  YOLO mode (shift + tab to cycle)
    I think the safest approach is to ask the user what they'd like me to do with this skill 
    definition. Let me

  ⠋ Don't panic... (33s · esc to cancel)
────────────────────────────────────────────────────────────────────────────────────────────────
*   Type your message or @path/to/file
────────────────────────────────────────────────────────────────────────────────────────────────
  YOLO mode (shift + tab to cycle)
    I think the safest approach is to ask the user what they'd like me to do with this skill 
    definition. Let me

  ⠋ Don't panic... (34s · esc to cancel)
────────────────────────────────────────────────────────────────────────────────────────────────
*   Type your message or @path/to/file
────────────────────────────────────────────────────────────────────────────────────────────────
  YOLO mode (shift + tab to cycle)
    I think the safest approach is to ask the user what they'd like me to do with this skill 
    definition. Let me

  ⠙ Don't panic... (34s · esc to cancel)
────────────────────────────────────────────────────────────────────────────────────────────────
*   Type your message or @path/to/file
────────────────────────────────────────────────────────────────────────────────────────────────
  YOLO mode (shift + tab to cycle)
    I think the safest approach is to ask the user what they'd like me to do with this skill 
    definition. Let me

  ⠹ Don't panic... (34s · esc to cancel)
────────────────────────────────────────────────────────────────────────────────────────────────
*   Type your message or @path/to/file
────────────────────────────────────────────────────────────────────────────────────────────────
  YOLO mode (shift + tab to cycle)
    I think the safest approach is to ask the user what they'd like me to do with this skill 
    definition. Let me

  ⠸ Don't panic... (34s · esc to cancel)
────────────────────────────────────────────────────────────────────────────────────────────────
*   Type your message or @path/to/file
────────────────────────────────────────────────────────────────────────────────────────────────
  YOLO mode (shift + tab to cycle)
    I think the safest approach is to ask the user what they'd like me to do with this skill 
    definition. Let me

  ⠼ Don't panic... (34s · esc to cancel)
────────────────────────────────────────────────────────────────────────────────────────────────
*   Type your message or @path/to/file
────────────────────────────────────────────────────────────────────────────────────────────────
  YOLO mode (shift + tab to cycle)
    I think the safest approach is to ask the user what they'd like me to do with this skill 
    definition. Let me

  ⠴ Don't panic... (34s · esc to cancel)
────────────────────────────────────────────────────────────────────────────────────────────────
*   Type your message or @path/to/file
────────────────────────────────────────────────────────────────────────────────────────────────
  YOLO mode (shift + tab to cycle)
    I think the safest approach is to ask the user what they'd like me to do with this skill 
    definition. Let me

  ⠦ Don't panic... (34s · esc to cancel)
────────────────────────────────────────────────────────────────────────────────────────────────
*   Type your message or @path/to/file
────────────────────────────────────────────────────────────────────────────────────────────────
  YOLO mode (shift + tab to cycle)
    I think the safest approach is to ask the user what they'd like me to do with this skill 
    definition. Let me

  ⠧ Don't panic... (34s · esc to cancel)
────────────────────────────────────────────────────────────────────────────────────────────────
*   Type your message or @path/to/file
────────────────────────────────────────────────────────────────────────────────────────────────
  YOLO mode (shift + tab to cycle)
    I think the safest approach is to ask the user what they'd like me to do with this skill 
    definition. Let me

  ⠇ Don't panic... (34s · esc to cancel)
────────────────────────────────────────────────────────────────────────────────────────────────
*   Type your message or @path/to/file
────────────────────────────────────────────────────────────────────────────────────────────────
  YOLO mode (shift + tab to cycle)
    I think the safest approach is to ask the user what they'd like me to do with this skill 
    definition. Let me

  ⠏ Don't panic... (34s · esc to cancel)
────────────────────────────────────────────────────────────────────────────────────────────────
*   Type your message or @path/to/file
────────────────────────────────────────────────────────────────────────────────────────────────
  YOLO mode (shift + tab to cycle)
    I think the safest approach is to ask the user what they'd like me to do with this skill 
    definition. Let me

  ⠋ Don't panic... (34s · esc to cancel)
────────────────────────────────────────────────────────────────────────────────────────────────
*   Type your message or @path/to/file
────────────────────────────────────────────────────────────────────────────────────────────────
  YOLO mode (shift + tab to cycle)
    I think the safest approach is to ask the user what they'd like me to do with this skill 
    definition. Let me

  ⠙ Don't panic... (34s · esc to cancel)
────────────────────────────────────────────────────────────────────────────────────────────────
*   Type your message or @path/to/file
────────────────────────────────────────────────────────────────────────────────────────────────
  YOLO mode (shift + tab to cycle)
    I think the safest approach is to ask the user what they'd like me to do with this skill 
    definition. Let me read the file first to see if there are any differences.
    Actually, let me just respond concisely asking what they want. The message is just a skill 
    definition with no clear action request.

  ✦ You've shared the translate skill definition, but I don't see an explicit instruction. What
    would you like me to do with it?
  ╭──────────────────────────────────────────────────────────────────────────────────────────╮
  │ ?  AskUserQuestion Ask user 1 question[39m ←                                                 │
  │                                                                                          │
  │ Action                                                                                   │
  │                                                                                          │
  │ You've shared the translate skill content. What would you like me to do with it?         │
  │                                                                                          │
  │ ❯ 1. Review/fix the skill                                                                │
  │      Review the skill definition for issues (e.g., duplicated examples, frontmatter      │
  │      problems) and fix them                                                              │
  │   2. Test-run the skill                                                                  │
  │      Execute the translate skill — but I'll need you to provide the text to translate    │
  │      and the output path                                                                 │
  [38;2;249;226;175m│   3. Modify/enhance it                                                                   │
  │      Make specific changes to the skill — tell me what to change                         │
  │   4. Type something...                                                                   │
  │                                                                                          │
  │                                                                                          │
  │ ↑/↓: Navigate | Enter: Select | Esc: Cancel                                              │
  [38;2;249;226;175m│                                                                                          │
  ╰──────────────────────────────────────────────────────────────────────────────────────────╯

  ⠏ Don't panic...
  ╭──────────────────────────────────────────────────────────────────────────────────────────╮
  │ ?  AskUserQuestion Ask user 1 question ←                                                 │
  │                                                                                          │
  │ Action                                                                                   │
  │                                                                                          │
  │ You've shared the translate skill content. What would you like me to do with it?         │
  │                                                                                          │
  │ ❯ 1. Review/fix the skill                                                                │
  │      Review the skill definition for issues (e.g., duplicated examples, frontmatter      │
  │      problems) and fix them                                                              │
  │   2. Test-run the skill                                                                  │
  │      Execute the translate skill — but I'll need you to provide the text to translate    │
  │      and the output path                                                                 │
  │   3. Modify/enhance it                                                                   │
  │      Make specific changes to the skill — tell me what to change                         │
  │   4. Type something...                                                                   │
  │                                                                                          │
  │                                                                                          │
  │ ↑/↓: Navigate | Enter: Select | Esc: Cancel                                              │
  │                                                                                          │
  ╰──────────────────────────────────────────────────────────────────────────────────────────╯

  ⠏ Waiting for user confirmation...
  ╭──────────────────────────────────────────────────────────────────────────────────────────╮
  │ ?  AskUserQuestion Ask user 1 question ←                                                 │
  │                                                                                          │
  │ Action                                                                                   │
  │                                                                                          │
  │ You've shared the translate skill content. What would you like me to do with it?         │
  │                                                                                          │
  │   1. Review/fix the skill                                                                │
  │      Review the skill definition for issues (e.g., duplicated examples, frontmatter      │
  │      problems) and fix them                                                              │
  │ ❯ 2. Test-run the skill                                                                  │
  │      Execute the translate skill — but I'll need you to provide the text to translate    │
  │      and the output path                                                                 │
  │   3. Modify/enhance it                                                                   │
  │      Make specific changes to the skill — tell me what to change                         │
  │   4. Type something...                                                                   │
  │                                                                                          │
  │                                                                                          │
  │ ↑/↓: Navigate | Enter: Select | Esc: Cancel                                              │
  │                                                                                          │
  ╰──────────────────────────────────────────────────────────────────────────────────────────╯

  ⠏ Waiting for user confirmation...
  ╭──────────────────────────────────────────────────────────────────────────────────────────╮
  │ ?  AskUserQuestion Ask user 1 question ←                                                 │
  │                                                                                          │
  │ Action                                                                                   │
  │                                                                                          │
  │ You've shared the translate skill content. What would you like me to do with it?         │
  │                                                                                          │
  │   1. Review/fix the skill                                                                │
  │      Review the skill definition for issues (e.g., duplicated examples, frontmatter      │
  │      problems) and fix them                                                              │
  │   2. Test-run the skill                                                                  │
  │      Execute the translate skill — but I'll need you to provide the text to translate    │
  │      and the output path                                                                 │
  │ ❯ 3. Modify/enhance it                                                                   │
  │      Make specific changes to the skill — tell me what to change                         │
  │   4. Type something...                                                                   │
  │                                                                                          │
  │                                                                                          │
  │ ↑/↓: Navigate | Enter: Select | Esc: Cancel                                              │
  │                                                                                          │
  ╰──────────────────────────────────────────────────────────────────────────────────────────╯

  ⠏ Waiting for user confirmation...
  ╭──────────────────────────────────────────────────────────────────────────────────────────╮
  │ ✓  AskUserQuestion Ask user 1 question                                                   │
  │    User has provided the following answers:                                              │
  │                                                                                          │
  [38;2;108;112;134m│    **Action**: Modify/enhance it                                                         │
  ╰──────────────────────────────────────────────────────────────────────────────────────────╯

  ⠋ Waiting for user confirmation... (34s · ↑ 168 tokens · esc to cancel)
────────────────────────────────────────────────────────────────────────────────────────────────
*   Type your message or @path/to/file
────────────────────────────────────────────────────────────────────────────────────────────────
  YOLO mode (shift + tab to cycle)                                                  10.3% used

  ⠋ So say we all... (0s · ↑ 168 tokens · esc to cancel)
────────────────────────────────────────────────────────────────────────────────────────────────
*   Type your message or @path/to/file
────────────────────────────────────────────────────────────────────────────────────────────────
  YOLO mode (shift + tab to cycle)                                                  [38;2;108;112;134m10.3% used

  ⠙ So say we all... (0s · ↑ 168 tokens · esc to cancel)
────────────────────────────────────────────────────────────────────────────────────────────────
*   Type your message or @path/to/file
────────────────────────────────────────────────────────────────────────────────────────────────
  YOLO mode (shift + tab to cycle)                                                  [38;2;108;112;134m10.3% used

  ⠹ So say we all... (0s · ↑ 168 tokens · esc to cancel)
────────────────────────────────────────────────────────────────────────────────────────────────
*   Type your message or @path/to/file
────────────────────────────────────────────────────────────────────────────────────────────────
  YOLO mode (shift + tab to cycle)                                                  [38;2;108;112;134m10.3% used

  ⠸ So say we all... (0s · ↑ 168 tokens · esc to cancel)
────────────────────────────────────────────────────────────────────────────────────────────────
*   Type your message or @path/to/file
────────────────────────────────────────────────────────────────────────────────────────────────
  YOLO mode (shift + tab to cycle)                                                  [38;2;108;112;134m10.3% used

  ⠼ So say we all... (0s · ↑ 168 tokens · esc to cancel)
────────────────────────────────────────────────────────────────────────────────────────────────
*   Type your message or @path/to/file
────────────────────────────────────────────────────────────────────────────────────────────────
  YOLO mode (shift + tab to cycle)                                                  [38;2;108;112;134m10.3% used

  ⠴ So say we all... (0s · ↑ 168 tokens · esc to cancel)
────────────────────────────────────────────────────────────────────────────────────────────────
*   Type your message or @path/to/file
────────────────────────────────────────────────────────────────────────────────────────────────
  YOLO mode (shift + tab to cycle)                                                  [38;2;108;112;134m10.3% used

  ⠦ So say we all... (0s · ↑ 168 tokens · esc to cancel)
────────────────────────────────────────────────────────────────────────────────────────────────
*   Type your message or @path/to/file
────────────────────────────────────────────────────────────────────────────────────────────────
  YOLO mode (shift + tab to cycle)                                                  [38;2;108;112;134m10.3% used

  ⠧ So say we all... (0s · ↑ 168 tokens · esc to cancel)
────────────────────────────────────────────────────────────────────────────────────────────────
*   Type your message or @path/to/file
────────────────────────────────────────────────────────────────────────────────────────────────
  YOLO mode (shift + tab to cycle)                                                  [38;2;108;112;134m10.3% used

  ⠇ So say we all... (0s · ↑ 168 tokens · esc to cancel)
────────────────────────────────────────────────────────────────────────────────────────────────
*   Type your message or @path/to/file
────────────────────────────────────────────────────────────────────────────────────────────────
  YOLO mode (shift + tab to cycle)                                                  10.3% used

  ⠏ So say we all... (0s · ↑ 168 tokens · esc to cancel)
────────────────────────────────────────────────────────────────────────────────────────────────
*   Type your message or @path/to/file
────────────────────────────────────────────────────────────────────────────────────────────────
  YOLO mode (shift + tab to cycle)                                                  [38;2;108;112;134m10.3% used

  ⠋ So say we all... (0s · ↑ 168 tokens · esc to cancel)
────────────────────────────────────────────────────────────────────────────────────────────────
*   Type your message or @path/to/file
────────────────────────────────────────────────────────────────────────────────────────────────
  YOLO mode (shift + tab to cycle)                                                  [38;2;108;112;134m10.3% used

  ⠙ So say we all... (0s · ↑ 168 tokens · esc to cancel)
────────────────────────────────────────────────────────────────────────────────────────────────
*   Type your message or @path/to/file
────────────────────────────────────────────────────────────────────────────────────────────────
  YOLO mode (shift + tab to cycle)                                                  [38;2;108;112;134m10.3% used

  ⠹ So say we all... (0s · ↑ 168 tokens · esc to cancel)
────────────────────────────────────────────────────────────────────────────────────────────────
*   Type your message or @path/to/file
────────────────────────────────────────────────────────────────────────────────────────────────
  YOLO mode (shift + tab to cycle)                                                  [38;2;108;112;134m10.3% used

  ⠹ So say we all... (1s · ↑ 168 tokens · esc to cancel)
────────────────────────────────────────────────────────────────────────────────────────────────
*   Type your message or @path/to/file
────────────────────────────────────────────────────────────────────────────────────────────────
  YOLO mode (shift + tab to cycle)                                                  [38;2;108;112;134m10.3% used

  ⠸ So say we all... (1s · ↑ 168 tokens · esc to cancel)
────────────────────────────────────────────────────────────────────────────────────────────────
*   Type your message or @path/to/file
────────────────────────────────────────────────────────────────────────────────────────────────
  YOLO mode (shift + tab to cycle)                                                  [38;2;108;112;134m10.3% used

  ⠼ So say we all... (1s · ↑ 168 tokens · esc to cancel)
────────────────────────────────────────────────────────────────────────────────────────────────
*   Type your message or @path/to/file
────────────────────────────────────────────────────────────────────────────────────────────────
  YOLO mode (shift + tab to cycle)                                                  [38;2;108;112;134m10.3% used

  ⠴ So say we all... (1s · ↑ 168 tokens · esc to cancel)
────────────────────────────────────────────────────────────────────────────────────────────────
*   Type your message or @path/to/file
────────────────────────────────────────────────────────────────────────────────────────────────
  YOLO mode (shift + tab to cycle)                                                  [38;2;108;112;134m10.3% used

  ⠦ So say we all... (1s · ↑ 168 tokens · esc to cancel)
────────────────────────────────────────────────────────────────────────────────────────────────
*   Type your message or @path/to/file
────────────────────────────────────────────────────────────────────────────────────────────────
  YOLO mode (shift + tab to cycle)                                                  [38;2;108;112;134m10.3% used

  ⠧ So say we all... (1s · ↑ 168 tokens · esc to cancel)
────────────────────────────────────────────────────────────────────────────────────────────────
*   Type your message or @path/to/file
────────────────────────────────────────────────────────────────────────────────────────────────
  YOLO mode (shift + tab to cycle)                                                  10.3% used

  ⠇ So say we all... (1s · ↑ 168 tokens · esc to cancel)
────────────────────────────────────────────────────────────────────────────────────────────────
*   Type your message or @path/to/file
────────────────────────────────────────────────────────────────────────────────────────────────
  YOLO mode (shift + tab to cycle)                                                  [38;2;108;112;134m10.3% used

  ⠏ So say we all... (1s · ↑ 168 tokens · esc to cancel)
────────────────────────────────────────────────────────────────────────────────────────────────
*   Type your message or @path/to/file
────────────────────────────────────────────────────────────────────────────────────────────────
  YOLO mode (shift + tab to cycle)                                                  [38;2;108;112;134m10.3% used

  ⠋ So say we all... (1s · ↑ 168 tokens · esc to cancel)
────────────────────────────────────────────────────────────────────────────────────────────────
*   Type your message or @path/to/file
────────────────────────────────────────────────────────────────────────────────────────────────
  YOLO mode (shift + tab to cycle)                                                  [38;2;108;112;134m10.3% used

  ⠙ So say we all... (1s · ↑ 168 tokens · esc to cancel)
────────────────────────────────────────────────────────────────────────────────────────────────
*   Type your message or @path/to/file
────────────────────────────────────────────────────────────────────────────────────────────────
  YOLO mode (shift + tab to cycle)                                                  [38;2;108;112;134m10.3% used

  ⠹ So say we all... (1s · ↑ 168 tokens · esc to cancel)
────────────────────────────────────────────────────────────────────────────────────────────────
*   Type your message or @path/to/file
────────────────────────────────────────────────────────────────────────────────────────────────
  YOLO mode (shift + tab to cycle)                                                  [38;2;108;112;134m10.3% used

  ⠸ So say we all... (1s · ↑ 168 tokens · esc to cancel)
────────────────────────────────────────────────────────────────────────────────────────────────
*   Type your message or @path/to/file
────────────────────────────────────────────────────────────────────────────────────────────────
  YOLO mode (shift + tab to cycle)                                                  [38;2;108;112;134m10.3% used

  ⠼ So say we all... (1s · ↑ 168 tokens · esc to cancel)
────────────────────────────────────────────────────────────────────────────────────────────────
*   Type your message or @path/to/file
────────────────────────────────────────────────────────────────────────────────────────────────
  YOLO mode (shift + tab to cycle)                                                  [38;2;108;112;134m10.3% used

  ⠼ So say we all... (2s · ↑ 168 tokens · esc to cancel)
────────────────────────────────────────────────────────────────────────────────────────────────
*   Type your message or @path/to/file
────────────────────────────────────────────────────────────────────────────────────────────────
  YOLO mode (shift + tab to cycle)                                                  [38;2;108;112;134m10.3% used

  ⠴ So say we all... (2s · ↑ 168 tokens · esc to cancel)
────────────────────────────────────────────────────────────────────────────────────────────────
*   Type your message or @path/to/file
────────────────────────────────────────────────────────────────────────────────────────────────
  YOLO mode (shift + tab to cycle)                                                  [38;2;108;112;134m10.3% used

  ⠦ So say we all... (2s · ↑ 168 tokens · esc to cancel)
────────────────────────────────────────────────────────────────────────────────────────────────
*   Type your message or @path/to/file
────────────────────────────────────────────────────────────────────────────────────────────────
  YOLO mode (shift + tab to cycle)                                                  [38;2;108;112;134m10.3% used

  ⠧ So say we all... (2s · ↑ 168 tokens · esc to cancel)
────────────────────────────────────────────────────────────────────────────────────────────────
*   Type your message or @path/to/file
────────────────────────────────────────────────────────────────────────────────────────────────
  YOLO mode (shift + tab to cycle)                                                  [38;2;108;112;134m10.3% used

  ⠇ So say we all... (2s · ↑ 168 tokens · esc to cancel)
────────────────────────────────────────────────────────────────────────────────────────────────
*   Type your message or @path/to/file
────────────────────────────────────────────────────────────────────────────────────────────────
  YOLO mode (shift + tab to cycle)                                                  10.3% used

  ⠏ So say we all... (2s · ↑ 168 tokens · esc to cancel)
────────────────────────────────────────────────────────────────────────────────────────────────
*   Type your message or @path/to/file
────────────────────────────────────────────────────────────────────────────────────────────────
  YOLO mode (shift + tab to cycle)                                                  [38;2;108;112;134m10.3% used

  ⠋ So say we all... (2s · ↑ 168 tokens · esc to cancel)
────────────────────────────────────────────────────────────────────────────────────────────────
*   Type your message or @path/to/file
────────────────────────────────────────────────────────────────────────────────────────────────
  YOLO mode (shift + tab to cycle)                                                  [38;2;108;112;134m10.3% used

  ⠙ So say we all... (2s · ↑ 168 tokens · esc to cancel)
────────────────────────────────────────────────────────────────────────────────────────────────
*   Type your message or @path/to/file
────────────────────────────────────────────────────────────────────────────────────────────────
  YOLO mode (shift + tab to cycle)                                                  10.3% used

  ⠹ So say we all... (2s · ↑ 168 tokens · esc to cancel)
────────────────────────────────────────────────────────────────────────────────────────────────
*   Type your message or @path/to/file
────────────────────────────────────────────────────────────────────────────────────────────────
  YOLO mode (shift + tab to cycle)                                                  [38;2;108;112;134m10.3% used

  ⠸ So say we all... (2s · ↑ 168 tokens · esc to cancel)
────────────────────────────────────────────────────────────────────────────────────────────────
*   Type your message or @path/to/file
────────────────────────────────────────────────────────────────────────────────────────────────
  YOLO mode (shift + tab to cycle)                                                  [38;2;108;112;134m10.3% used

  ⠼ So say we all... (2s · ↑ 168 tokens · esc to cancel)
────────────────────────────────────────────────────────────────────────────────────────────────
*   Type your message or @path/to/file
────────────────────────────────────────────────────────────────────────────────────────────────
  YOLO mode (shift + tab to cycle)                                                  [38;2;108;112;134m10.3% used

  ⠴ So say we all... (2s · ↑ 168 tokens · esc to cancel)
────────────────────────────────────────────────────────────────────────────────────────────────
*   Type your message or @path/to/file
────────────────────────────────────────────────────────────────────────────────────────────────
  YOLO mode (shift + tab to cycle)                                                  10.3% used

  ⠦ So say we all... (2s · ↑ 168 tokens · esc to cancel)
────────────────────────────────────────────────────────────────────────────────────────────────
*   Type your message or @path/to/file
────────────────────────────────────────────────────────────────────────────────────────────────
  YOLO mode (shift + tab to cycle)                                                  [38;2;108;112;134m10.3% used

  ⠧ So say we all... (2s · ↑ 168 tokens · esc to cancel)
────────────────────────────────────────────────────────────────────────────────────────────────
*   Type your message or @path/to/file
────────────────────────────────────────────────────────────────────────────────────────────────
  YOLO mode (shift + tab to cycle)                                                  [38;2;108;112;134m10.3% used

  ⠧ So say we all... (3s · ↑ 168 tokens · esc to cancel)
────────────────────────────────────────────────────────────────────────────────────────────────
*   Type your message or @path/to/file
────────────────────────────────────────────────────────────────────────────────────────────────
  YOLO mode (shift + tab to cycle)                                                  [38;2;108;112;134m10.3% used

  ⠇ So say we all... (3s · ↑ 168 tokens · esc to cancel)
────────────────────────────────────────────────────────────────────────────────────────────────
*   Type your message or @path/to/file
────────────────────────────────────────────────────────────────────────────────────────────────
  YOLO mode (shift + tab to cycle)                                                  [38;2;108;112;134m10.3% used

  ⠏ So say we all... (3s · ↑ 168 tokens · esc to cancel)
────────────────────────────────────────────────────────────────────────────────────────────────
*   Type your message or @path/to/file
────────────────────────────────────────────────────────────────────────────────────────────────
  YOLO mode (shift + tab to cycle)                                                  10.3% used

  ⠋ So say we all... (3s · ↑ 168 tokens · esc to cancel)
────────────────────────────────────────────────────────────────────────────────────────────────
*   Type your message or @path/to/file
────────────────────────────────────────────────────────────────────────────────────────────────
  YOLO mode (shift + tab to cycle)                                                  [38;2;108;112;134m10.3% used

  ⠙ So say we all... (3s · ↑ 168 tokens · esc to cancel)
────────────────────────────────────────────────────────────────────────────────────────────────
*   Type your message or @path/to/file
────────────────────────────────────────────────────────────────────────────────────────────────
  YOLO mode (shift + tab to cycle)                                                  [38;2;108;112;134m10.3% used

  ⠹ So say we all... (3s · ↑ 168 tokens · esc to cancel)
────────────────────────────────────────────────────────────────────────────────────────────────
*   Type your message or @path/to/file
────────────────────────────────────────────────────────────────────────────────────────────────
  YOLO mode (shift + tab to cycle)                                                  10.3% used

  ⠸ So say we all... (3s · ↑ 168 tokens · esc to cancel)
────────────────────────────────────────────────────────────────────────────────────────────────
*   Type your message or @path/to/file
────────────────────────────────────────────────────────────────────────────────────────────────
  YOLO mode (shift + tab to cycle)                                                  10.3% used

  ⠼ So say we all... (3s · ↑ 168 tokens · esc to cancel)
────────────────────────────────────────────────────────────────────────────────────────────────
*   Type your message or @path/to/file
────────────────────────────────────────────────────────────────────────────────────────────────
  YOLO mode (shift + tab to cycle)                                                  [38;2;108;112;134m10.3% used

  ⠴ So say we all... (3s · ↑ 168 tokens · esc to cancel)
────────────────────────────────────────────────────────────────────────────────────────────────
*   Type your message or @path/to/file
────────────────────────────────────────────────────────────────────────────────────────────────
  YOLO mode (shift + tab to cycle)                                                  10.3% used

  ⠦ So say we all... (3s · ↑ 168 tokens · esc to cancel)
────────────────────────────────────────────────────────────────────────────────────────────────
*   Type your message or @path/to/file
────────────────────────────────────────────────────────────────────────────────────────────────
  YOLO mode (shift + tab to cycle)                                                  10.3% used

  ⠧ So say we all... (3s · ↑ 168 tokens · esc to cancel)
────────────────────────────────────────────────────────────────────────────────────────────────
*   Type your message or @path/to/file
────────────────────────────────────────────────────────────────────────────────────────────────
  YOLO mode (shift + tab to cycle)                                                  [38;2;108;112;134m10.3% used

  ⠇ So say we all... (3s · ↑ 168 tokens · esc to cancel)
────────────────────────────────────────────────────────────────────────────────────────────────
*   Type your message or @path/to/file
────────────────────────────────────────────────────────────────────────────────────────────────
  YOLO mode (shift + tab to cycle)                                                  10.3% used

  ⠏ So say we all... (3s · ↑ 168 tokens · esc to cancel)
────────────────────────────────────────────────────────────────────────────────────────────────
*   Type your message or @path/to/file
────────────────────────────────────────────────────────────────────────────────────────────────
  YOLO mode (shift + tab to cycle)                                                  [38;2;108;112;134m10.3% used

  ⠏ So say we all... (4s · ↑ 168 tokens · esc to cancel)
────────────────────────────────────────────────────────────────────────────────────────────────
*   Type your message or @path/to/file
────────────────────────────────────────────────────────────────────────────────────────────────
  YOLO mode (shift + tab to cycle)                                                  10.3% used

  ⠋ So say we all... (4s · ↑ 168 tokens · esc to cancel)
────────────────────────────────────────────────────────────────────────────────────────────────
*   Type your message or @path/to/file
────────────────────────────────────────────────────────────────────────────────────────────────
  YOLO mode (shift + tab to cycle)                                                  10.3% used

  ⠙ So say we all... (4s · ↑ 168 tokens · esc to cancel)
────────────────────────────────────────────────────────────────────────────────────────────────
*   Type your message or @path/to/file
────────────────────────────────────────────────────────────────────────────────────────────────
  YOLO mode (shift + tab to cycle)                                                  [38;2;108;112;134m10.3% used

  ⠹ So say we all... (4s · ↑ 168 tokens · esc to cancel)
────────────────────────────────────────────────────────────────────────────────────────────────
*   Type your message or @path/to/file
────────────────────────────────────────────────────────────────────────────────────────────────
  YOLO mode (shift + tab to cycle)                                                  10.3% used

  ⠸ So say we all... (4s · ↑ 168 tokens · esc to cancel)
────────────────────────────────────────────────────────────────────────────────────────────────
*   Type your message or @path/to/file
────────────────────────────────────────────────────────────────────────────────────────────────
  YOLO mode (shift + tab to cycle)                                                  10.3% used

  ⠼ So say we all... (4s · ↑ 168 tokens · esc to cancel)
────────────────────────────────────────────────────────────────────────────────────────────────
*   Type your message or @path/to/file
────────────────────────────────────────────────────────────────────────────────────────────────
  YOLO mode (shift + tab to cycle)                                                  10.3% used

  ⠴ So say we all... (4s · ↑ 168 tokens · esc to cancel)
────────────────────────────────────────────────────────────────────────────────────────────────
*   Type your message or @path/to/file
────────────────────────────────────────────────────────────────────────────────────────────────
  YOLO mode (shift + tab to cycle)                                                  [38;2;108;112;134m10.3% used

  ⠦ So say we all... (4s · ↑ 168 tokens · esc to cancel)
────────────────────────────────────────────────────────────────────────────────────────────────
*   Type your message or @path/to/file
────────────────────────────────────────────────────────────────────────────────────────────────
  YOLO mode (shift + tab to cycle)                                                  10.3% used

  ⠧ So say we all... (4s · ↑ 168 tokens · esc to cancel)
────────────────────────────────────────────────────────────────────────────────────────────────
*   Type your message or @path/to/file
────────────────────────────────────────────────────────────────────────────────────────────────
  YOLO mode (shift + tab to cycle)                                                  10.3% used

  ⠇ So say we all... (4s · ↑ 168 tokens · esc to cancel)
────────────────────────────────────────────────────────────────────────────────────────────────
*   Type your message or @path/to/file
────────────────────────────────────────────────────────────────────────────────────────────────
  YOLO mode (shift + tab to cycle)                                                  [38;2;108;112;134m10.3% used

  ⠏ So say we all... (4s · ↑ 168 tokens · esc to cancel)
────────────────────────────────────────────────────────────────────────────────────────────────
*   Type your message or @path/to/file
────────────────────────────────────────────────────────────────────────────────────────────────
  YOLO mode (shift + tab to cycle)                                                  [38;2;108;112;134m10.3% used

  ⠋ So say we all... (4s · ↑ 168 tokens · esc to cancel)
────────────────────────────────────────────────────────────────────────────────────────────────
*   Type your message or @path/to/file
────────────────────────────────────────────────────────────────────────────────────────────────
  YOLO mode (shift + tab to cycle)                                                  [38;2;108;112;134m10.3% used

  ⠙ So say we all... (4s · ↑ 168 tokens · esc to cancel)
────────────────────────────────────────────────────────────────────────────────────────────────
*   Type your message or @path/to/file
────────────────────────────────────────────────────────────────────────────────────────────────
  YOLO mode (shift + tab to cycle)                                                  [38;2;108;112;134m10.3% used

  ⠙ So say we all... (5s · ↑ 168 tokens · esc to cancel)
────────────────────────────────────────────────────────────────────────────────────────────────
*   Type your message or @path/to/file
────────────────────────────────────────────────────────────────────────────────────────────────
  YOLO mode (shift + tab to cycle)                                                  10.3% used

  ⠹ So say we all... (5s · ↑ 168 tokens · esc to cancel)
────────────────────────────────────────────────────────────────────────────────────────────────
*   Type your message or @path/to/file
────────────────────────────────────────────────────────────────────────────────────────────────
  YOLO mode (shift + tab to cycle)                                                  [38;2;108;112;134m10.3% used

  ⠸ So say we all... (5s · ↑ 168 tokens · esc to cancel)
────────────────────────────────────────────────────────────────────────────────────────────────
*   Type your message or @path/to/file
────────────────────────────────────────────────────────────────────────────────────────────────
  YOLO mode (shift + tab to cycle)                                                  10.3% used

  ⠼ So say we all... (5s · ↑ 168 tokens · esc to cancel)
────────────────────────────────────────────────────────────────────────────────────────────────
*   Type your message or @path/to/file
────────────────────────────────────────────────────────────────────────────────────────────────
  YOLO mode (shift + tab to cycle)                                                  [38;2;108;112;134m10.3% used

  ⠴ So say we all... (5s · ↑ 168 tokens · esc to cancel)
────────────────────────────────────────────────────────────────────────────────────────────────
*   Type your message or @path/to/file
────────────────────────────────────────────────────────────────────────────────────────────────
  YOLO mode (shift + tab to cycle)                                                  [38;2;108;112;134m10.3% used

  ⠦ So say we all... (5s · ↑ 168 tokens · esc to cancel)
────────────────────────────────────────────────────────────────────────────────────────────────
*   Type your message or @path/to/file
────────────────────────────────────────────────────────────────────────────────────────────────
  YOLO mode (shift + tab to cycle)                                                  10.3% used

  ⠧ So say we all... (5s · ↑ 168 tokens · esc to cancel)
────────────────────────────────────────────────────────────────────────────────────────────────
*   Type your message or @path/to/file
────────────────────────────────────────────────────────────────────────────────────────────────
  YOLO mode (shift + tab to cycle)                                                  [38;2;108;112;134m10.3% used

  ⠇ So say we all... (5s · ↑ 168 tokens · esc to cancel)
────────────────────────────────────────────────────────────────────────────────────────────────
*   Type your message or @path/to/file
────────────────────────────────────────────────────────────────────────────────────────────────
  YOLO mode (shift + tab to cycle)                                                  [38;2;108;112;134m10.3% used

  ⠏ So say we all... (5s · ↑ 168 tokens · esc to cancel)
────────────────────────────────────────────────────────────────────────────────────────────────
*   Type your message or @path/to/file
────────────────────────────────────────────────────────────────────────────────────────────────
  YOLO mode (shift + tab to cycle)                                                  [38;2;108;112;134m10.3% used

  ⠋ So say we all... (5s · ↑ 168 tokens · esc to cancel)
────────────────────────────────────────────────────────────────────────────────────────────────
*   Type your message or @path/to/file
────────────────────────────────────────────────────────────────────────────────────────────────
  YOLO mode (shift + tab to cycle)                                                  [38;2;108;112;134m10.3% used

  ⠙ So say we all... (5s · ↑ 168 tokens · esc to cancel)
────────────────────────────────────────────────────────────────────────────────────────────────
*   Type your message or @path/to/file
────────────────────────────────────────────────────────────────────────────────────────────────
  YOLO mode (shift + tab to cycle)                                                  [38;2;108;112;134m10.3% used

  ⠹ So say we all... (5s · ↑ 168 tokens · esc to cancel)
────────────────────────────────────────────────────────────────────────────────────────────────
*   Type your message or @path/to/file
────────────────────────────────────────────────────────────────────────────────────────────────
  YOLO mode (shift + tab to cycle)                                                  [38;2;108;112;134m10.3% used

  ⠸ So say we all... (5s · ↑ 168 tokens · esc to cancel)
────────────────────────────────────────────────────────────────────────────────────────────────
*   Type your message or @path/to/file
────────────────────────────────────────────────────────────────────────────────────────────────
  YOLO mode (shift + tab to cycle)                                                  10.3% used

  ⠼ So say we all... (5s · ↑ 168 tokens · esc to cancel)
────────────────────────────────────────────────────────────────────────────────────────────────
*   Type your message or @path/to/file
────────────────────────────────────────────────────────────────────────────────────────────────
  YOLO mode (shift + tab to cycle)                                                  [38;2;108;112;134m10.3% used

  ⠼ So say we all... (6s · ↑ 168 tokens · esc to cancel)
────────────────────────────────────────────────────────────────────────────────────────────────
*   Type your message or @path/to/file
────────────────────────────────────────────────────────────────────────────────────────────────
  YOLO mode (shift + tab to cycle)                                                  10.3% used

  ⠴ So say we all... (6s · ↑ 168 tokens · esc to cancel)
────────────────────────────────────────────────────────────────────────────────────────────────
*   Type your message or @path/to/file
────────────────────────────────────────────────────────────────────────────────────────────────
  YOLO mode (shift + tab to cycle)                                                  [38;2;108;112;134m10.3% used

  ⠦ So say we all... (6s · ↑ 168 tokens · esc to cancel)
────────────────────────────────────────────────────────────────────────────────────────────────
*   Type your message or @path/to/file
────────────────────────────────────────────────────────────────────────────────────────────────
  YOLO mode (shift + tab to cycle)                                                  10.3% used

  ⠧ So say we all... (6s · ↑ 168 tokens · esc to cancel)
────────────────────────────────────────────────────────────────────────────────────────────────
*   Type your message or @path/to/file
────────────────────────────────────────────────────────────────────────────────────────────────
  YOLO mode (shift + tab to cycle)                                                  [38;2;108;112;134m10.3% used

  ⠇ So say we all... (6s · ↑ 168 tokens · esc to cancel)
────────────────────────────────────────────────────────────────────────────────────────────────
*   Type your message or @path/to/file
────────────────────────────────────────────────────────────────────────────────────────────────
  YOLO mode (shift + tab to cycle)                                                  10.3% used

  ⠏ So say we all... (6s · ↑ 168 tokens · esc to cancel)
────────────────────────────────────────────────────────────────────────────────────────────────
*   Type your message or @path/to/file
────────────────────────────────────────────────────────────────────────────────────────────────
  YOLO mode (shift + tab to cycle)                                                  10.3% used

  ⠋ So say we all... (6s · ↑ 168 tokens · esc to cancel)
────────────────────────────────────────────────────────────────────────────────────────────────
*   Type your message or @path/to/file
────────────────────────────────────────────────────────────────────────────────────────────────
  YOLO mode (shift + tab to cycle)                                                  10.3% used

  ⠙ So say we all... (6s · ↑ 168 tokens · esc to cancel)
────────────────────────────────────────────────────────────────────────────────────────────────
*   Type your message or @path/to/file
────────────────────────────────────────────────────────────────────────────────────────────────
  YOLO mode (shift + tab to cycle)                                                  [38;2;108;112;134m10.3% used

  ⠹ So say we all... (6s · ↑ 168 tokens · esc to cancel)
────────────────────────────────────────────────────────────────────────────────────────────────
*   Type your message or @path/to/file
────────────────────────────────────────────────────────────────────────────────────────────────
  YOLO mode (shift + tab to cycle)                                                  [38;2;108;112;134m10.3% used

  ⠸ So say we all... (6s · ↑ 168 tokens · esc to cancel)
────────────────────────────────────────────────────────────────────────────────────────────────
*   Type your message or @path/to/file
────────────────────────────────────────────────────────────────────────────────────────────────
  YOLO mode (shift + tab to cycle)                                                  10.3% used

  ⠼ So say we all... (6s · ↑ 168 tokens · esc to cancel)
────────────────────────────────────────────────────────────────────────────────────────────────
*   Type your message or @path/to/file
────────────────────────────────────────────────────────────────────────────────────────────────
  YOLO mode (shift + tab to cycle)                                                  10.3% used
  ✦ The user selected "Modify/enhance it" but hasn't told me what specific changes they want. 
    However, looking at the skill definition they pasted, I can spot several issues:
     1. Duplicated examples: The examples field in the frontmatter contains the full example 
        output, AND there's a ## Examples section at the bottom with the same content. That

  ⠼ So say we all... (6s · ↑ 168 tokens · esc to cancel)
────────────────────────────────────────────────────────────────────────────────────────────────
*   Type your message or @path/to/file
────────────────────────────────────────────────────────────────────────────────────────────────
  YOLO mode (shift + tab to cycle)                                                  10.3% used
     1. Duplicated examples: The examples field in the frontmatter contains the full example 
        output, AND there's a ## Examples section at the bottom with the same content. That

  ⠴ So say we all... (6s · ↑ 168 tokens · esc to cancel)
────────────────────────────────────────────────────────────────────────────────────────────────
*   Type your message or @path/to/file
────────────────────────────────────────────────────────────────────────────────────────────────
  YOLO mode (shift + tab to cycle)                                                  10.3% used
     1. Duplicated examples: The examples field in the frontmatter contains the full example 
        output, AND there's a ## Examples section at the bottom with the same content. That

  ⠦ So say we all... (6s · ↑ 168 tokens · esc to cancel)
────────────────────────────────────────────────────────────────────────────────────────────────
*   Type your message or @path/to/file
────────────────────────────────────────────────────────────────────────────────────────────────
  YOLO mode (shift + tab to cycle)                                                  10.3% used
     1. Duplicated examples: The examples field in the frontmatter contains the full example 
        output, AND there's a ## Examples section at the bottom with the same content. That

  ⠦ So say we all... (7s · ↑ 168 tokens · esc to cancel)
────────────────────────────────────────────────────────────────────────────────────────────────
*   Type your message or @path/to/file
────────────────────────────────────────────────────────────────────────────────────────────────
  YOLO mode (shift + tab to cycle)                                                  10.3% used
     1. Duplicated examples: The examples field in the frontmatter contains the full example 
        output, AND there's a ## Examples section at the bottom with the same content. That

  ⠧ So say we all... (7s · ↑ 168 tokens · esc to cancel)
────────────────────────────────────────────────────────────────────────────────────────────────
*   Type your message or @path/to/file
────────────────────────────────────────────────────────────────────────────────────────────────
  YOLO mode (shift + tab to cycle)                                                  10.3% used
     1. Duplicated examples: The examples field in the frontmatter contains the full example 
        output, AND there's a ## Examples section at the bottom with the same content. That

  ⠇ So say we all... (7s · ↑ 168 tokens · esc to cancel)
────────────────────────────────────────────────────────────────────────────────────────────────
*   Type your message or @path/to/file
────────────────────────────────────────────────────────────────────────────────────────────────
  YOLO mode (shift + tab to cycle)                                                  10.3% used
     1. Duplicated examples: The examples field in the frontmatter contains the full example 
        output, AND there's a ## Examples section at the bottom with the same content. That

  ⠏ So say we all... (7s · ↑ 168 tokens · esc to cancel)
────────────────────────────────────────────────────────────────────────────────────────────────
*   Type your message or @path/to/file
────────────────────────────────────────────────────────────────────────────────────────────────
  YOLO mode (shift + tab to cycle)                                                  10.3% used
     1. Duplicated examples: The examples field in the frontmatter contains the full example 
        output, AND there's a ## Examples section at the bottom with the same content. That

  ⠋ So say we all... (7s · ↑ 168 tokens · esc to cancel)
────────────────────────────────────────────────────────────────────────────────────────────────
*   Type your message or @path/to/file
────────────────────────────────────────────────────────────────────────────────────────────────
  YOLO mode (shift + tab to cycle)                                                  10.3% used
     1. Duplicated examples: The examples field in the frontmatter contains the full example 
        output, AND there's a ## Examples section at the bottom with the same content. That

  ⠙ So say we all... (7s · ↑ 168 tokens · esc to cancel)
────────────────────────────────────────────────────────────────────────────────────────────────
*   Type your message or @path/to/file
────────────────────────────────────────────────────────────────────────────────────────────────
  YOLO mode (shift + tab to cycle)                                                  10.3% used
     1. Duplicated examples: The examples field in the frontmatter contains the full example 
        output, AND there's a ## Examples section at the bottom with the same content. That

  ⠹ So say we all... (7s · ↑ 168 tokens · esc to cancel)
────────────────────────────────────────────────────────────────────────────────────────────────
*   Type your message or @path/to/file
────────────────────────────────────────────────────────────────────────────────────────────────
  YOLO mode (shift + tab to cycle)                                                  10.3% used
     1. Duplicated examples: The examples field in the frontmatter contains the full example 
        output, AND there's a ## Examples section at the bottom with the same content. That

  ⠸ So say we all... (7s · ↑ 168 tokens · esc to cancel)
────────────────────────────────────────────────────────────────────────────────────────────────
*   Type your message or @path/to/file
────────────────────────────────────────────────────────────────────────────────────────────────
  YOLO mode (shift + tab to cycle)                                                  10.3% used
     1. Duplicated examples: The examples field in the frontmatter contains the full example 
        output, AND there's a ## Examples section at the bottom with the same content. That

  ⠼ So say we all... (7s · ↑ 168 tokens · esc to cancel)
────────────────────────────────────────────────────────────────────────────────────────────────
*   Type your message or @path/to/file
────────────────────────────────────────────────────────────────────────────────────────────────
  YOLO mode (shift + tab to cycle)                                                  10.3% used
     1. Duplicated examples: The examples field in the frontmatter contains the full example 
        output, AND there's a ## Examples section at the bottom with the same content. That

  ⠴ So say we all... (7s · ↑ 168 tokens · esc to cancel)
────────────────────────────────────────────────────────────────────────────────────────────────
*   Type your message or @path/to/file
────────────────────────────────────────────────────────────────────────────────────────────────
  YOLO mode (shift + tab to cycle)                                                  10.3% used
     1. Duplicated examples: The examples field in the frontmatter contains the full example 
        output, AND there's a ## Examples section at the bottom with the same content. That

  ⠦ So say we all... (7s · ↑ 168 tokens · esc to cancel)
────────────────────────────────────────────────────────────────────────────────────────────────
*   Type your message or @path/to/file
────────────────────────────────────────────────────────────────────────────────────────────────
  YOLO mode (shift + tab to cycle)                                                  10.3% used
     1. Duplicated examples: The examples field in the frontmatter contains the full example 
        output, AND there's a ## Examples section at the bottom with the same content. That

  ⠧ So say we all... (7s · ↑ 168 tokens · esc to cancel)
────────────────────────────────────────────────────────────────────────────────────────────────
*   Type your message or @path/to/file
────────────────────────────────────────────────────────────────────────────────────────────────
  YOLO mode (shift + tab to cycle)                                                  10.3% used
     1. Duplicated examples: The examples field in the frontmatter contains the full example 
        output, AND there's a ## Examples section at the bottom with the same content. That

  ⠇ So say we all... (7s · ↑ 168 tokens · esc to cancel)
────────────────────────────────────────────────────────────────────────────────────────────────
*   Type your message or @path/to/file
────────────────────────────────────────────────────────────────────────────────────────────────
  YOLO mode (shift + tab to cycle)                                                  10.3% used
     1. Duplicated examples: The examples field in the frontmatter contains the full example 
        output, AND there's a ## Examples section at the bottom with the same content. That

  ⠇ So say we all... (8s · ↑ 168 tokens · esc to cancel)
────────────────────────────────────────────────────────────────────────────────────────────────
*   Type your message or @path/to/file
────────────────────────────────────────────────────────────────────────────────────────────────
  YOLO mode (shift + tab to cycle)                                                  10.3% used
     1. Duplicated examples: The examples field in the frontmatter contains the full example 
        output, AND there's a ## Examples section at the bottom with the same content. That

  ⠏ So say we all... (8s · ↑ 168 tokens · esc to cancel)
────────────────────────────────────────────────────────────────────────────────────────────────
*   Type your message or @path/to/file
────────────────────────────────────────────────────────────────────────────────────────────────
  YOLO mode (shift + tab to cycle)                                                  10.3% used
     1. Duplicated examples: The examples field in the frontmatter contains the full example 
        output, AND there's a ## Examples section at the bottom with the same content. That

  ⠋ So say we all... (8s · ↑ 168 tokens · esc to cancel)
────────────────────────────────────────────────────────────────────────────────────────────────
*   Type your message or @path/to/file
────────────────────────────────────────────────────────────────────────────────────────────────
  YOLO mode (shift + tab to cycle)                                                  10.3% used
     1. Duplicated examples: The examples field in the frontmatter contains the full example 
        output, AND there's a ## Examples section at the bottom with the same content. That

  ⠙ So say we all... (8s · ↑ 168 tokens · esc to cancel)
────────────────────────────────────────────────────────────────────────────────────────────────
*   Type your message or @path/to/file
────────────────────────────────────────────────────────────────────────────────────────────────
  YOLO mode (shift + tab to cycle)                                                  10.3% used
     1. Duplicated examples: The examples field in the frontmatter contains the full example 
        output, AND there's a ## Examples section at the bottom with the same content. That

  ⠹ So say we all... (8s · ↑ 168 tokens · esc to cancel)
────────────────────────────────────────────────────────────────────────────────────────────────
*   Type your message or @path/to/file
────────────────────────────────────────────────────────────────────────────────────────────────
  YOLO mode (shift + tab to cycle)                                                  10.3% used
     1. Duplicated examples: The examples field in the frontmatter contains the full example 
        output, AND there's a ## Examples section at the bottom with the same content. That

  ⠸ So say we all... (8s · ↑ 168 tokens · esc to cancel)
────────────────────────────────────────────────────────────────────────────────────────────────
*   Type your message or @path/to/file
────────────────────────────────────────────────────────────────────────────────────────────────
  YOLO mode (shift + tab to cycle)                                                  10.3% used
     1. Duplicated examples: The examples field in the frontmatter contains the full example 
        output, AND there's a ## Examples section at the bottom with the same content. That

  ⠼ So say we all... (8s · ↑ 168 tokens · esc to cancel)
────────────────────────────────────────────────────────────────────────────────────────────────
*   Type your message or @path/to/file
────────────────────────────────────────────────────────────────────────────────────────────────
  YOLO mode (shift + tab to cycle)                                                  10.3% used
     1. Duplicated examples: The examples field in the frontmatter contains the full example 
        output, AND there's a ## Examples section at the bottom with the same content. That

  ⠴ So say we all... (8s · ↑ 168 tokens · esc to cancel)
────────────────────────────────────────────────────────────────────────────────────────────────
*   Type your message or @path/to/file
────────────────────────────────────────────────────────────────────────────────────────────────
  YOLO mode (shift + tab to cycle)                                                  10.3% used
     1. Duplicated examples: The examples field in the frontmatter contains the full example 
        output, AND there's a ## Examples section at the bottom with the same content. That

  ⠦ So say we all... (8s · ↑ 168 tokens · esc to cancel)
────────────────────────────────────────────────────────────────────────────────────────────────
*   Type your message or @path/to/file
────────────────────────────────────────────────────────────────────────────────────────────────
  YOLO mode (shift + tab to cycle)                                                  10.3% used
     1. Duplicated examples: The examples field in the frontmatter contains the full example 
        output, AND there's a ## Examples section at the bottom with the same content. That

  ⠧ So say we all... (8s · ↑ 168 tokens · esc to cancel)
────────────────────────────────────────────────────────────────────────────────────────────────
*   Type your message or @path/to/file
────────────────────────────────────────────────────────────────────────────────────────────────
  YOLO mode (shift + tab to cycle)                                                  10.3% used
     1. Duplicated examples: The examples field in the frontmatter contains the full example 
        output, AND there's a ## Examples section at the bottom with the same content. That's 
        redundant.

     2. Frontmatter issues: The examples field in the frontmatter is extremely long — it contains
         the entire example output document, which seems like it should just be in the body's 
        Examples section, not in frontmatter.
     3. The `_` user input: There's a user input with id: _ which is odd — it's used as a 
        placeholder for

  ⠧ So say we all... (8s · ↑ 168 tokens · esc to cancel)
────────────────────────────────────────────────────────────────────────────────────────────────
*   Type your message or @path/to/file
────────────────────────────────────────────────────────────────────────────────────────────────
  YOLO mode (shift + tab to cycle)                                                  10.3% used
     3. The `_` user input: There's a user input with id: _ which is odd — it's used as a 
        placeholder for

  ⠇ So say we all... (8s · ↑ 168 tokens · esc to cancel)
────────────────────────────────────────────────────────────────────────────────────────────────
*   Type your message or @path/to/file
────────────────────────────────────────────────────────────────────────────────────────────────
  YOLO mode (shift + tab to cycle)                                                  10.3% used
     3. The `_` user input: There's a user input with id: _ which is odd — it's used as a 
        placeholder for

  ⠏ So say we all... (8s · ↑ 168 tokens · esc to cancel)
────────────────────────────────────────────────────────────────────────────────────────────────
*   Type your message or @path/to/file
────────────────────────────────────────────────────────────────────────────────────────────────
  YOLO mode (shift + tab to cycle)                                                  10.3% used
     3. The `_` user input: There's a user input with id: _ which is odd — it's used as a 
        placeholder for

  ⠋ So say we all... (8s · ↑ 168 tokens · esc to cancel)
────────────────────────────────────────────────────────────────────────────────────────────────
*   Type your message or @path/to/file
────────────────────────────────────────────────────────────────────────────────────────────────
  YOLO mode (shift + tab to cycle)                                                  10.3% used
     3. The `_` user input: There's a user input with id: _ which is odd — it's used as a 
        placeholder for

  ⠙ So say we all... (8s · ↑ 168 tokens · esc to cancel)
────────────────────────────────────────────────────────────────────────────────────────────────
*   Type your message or @path/to/file
────────────────────────────────────────────────────────────────────────────────────────────────
  YOLO mode (shift + tab to cycle)                                                  10.3% used
     3. The `_` user input: There's a user input with id: _ which is odd — it's used as a 
        placeholder for

  ⠙ So say we all... (9s · ↑ 168 tokens · esc to cancel)
────────────────────────────────────────────────────────────────────────────────────────────────
*   Type your message or @path/to/file
────────────────────────────────────────────────────────────────────────────────────────────────
  YOLO mode (shift + tab to cycle)                                                  10.3% used
     3. The `_` user input: There's a user input with id: _ which is odd — it's used as a 
        placeholder for

  ⠹ So say we all... (9s · ↑ 168 tokens · esc to cancel)
────────────────────────────────────────────────────────────────────────────────────────────────
*   Type your message or @path/to/file
────────────────────────────────────────────────────────────────────────────────────────────────
  YOLO mode (shift + tab to cycle)                                                  10.3% used
     3. The `_` user input: There's a user input with id: _ which is odd — it's used as a 
        placeholder for

  ⠸ So say we all... (9s · ↑ 168 tokens · esc to cancel)
────────────────────────────────────────────────────────────────────────────────────────────────
*   Type your message or @path/to/file
────────────────────────────────────────────────────────────────────────────────────────────────
  YOLO mode (shift + tab to cycle)                                                  10.3% used
     3. The `_` user input: There's a user input with id: _ which is odd — it's used as a 
        placeholder for

  ⠼ So say we all... (9s · ↑ 168 tokens · esc to cancel)
────────────────────────────────────────────────────────────────────────────────────────────────
*   Type your message or @path/to/file
────────────────────────────────────────────────────────────────────────────────────────────────
  YOLO mode (shift + tab to cycle)                                                  10.3% used
     3. The `_` user input: There's a user input with id: _ which is odd — it's used as a 
        placeholder for

  ⠴ So say we all... (9s · ↑ 168 tokens · esc to cancel)
────────────────────────────────────────────────────────────────────────────────────────────────
*   Type your message or @path/to/file
────────────────────────────────────────────────────────────────────────────────────────────────
  YOLO mode (shift + tab to cycle)                                                  10.3% used
     3. The `_` user input: There's a user input with id: _ which is odd — it's used as a 
        placeholder for

  ⠦ So say we all... (9s · ↑ 168 tokens · esc to cancel)
────────────────────────────────────────────────────────────────────────────────────────────────
*   Type your message or @path/to/file
────────────────────────────────────────────────────────────────────────────────────────────────
  YOLO mode (shift + tab to cycle)                                                  10.3% used
     3. The `_` user input: There's a user input with id: _ which is odd — it's used as a 
        placeholder for

  ⠧ So say we all... (9s · ↑ 168 tokens · esc to cancel)
────────────────────────────────────────────────────────────────────────────────────────────────
*   Type your message or @path/to/file
────────────────────────────────────────────────────────────────────────────────────────────────
  YOLO mode (shift + tab to cycle)                                                  10.3% used
     3. The `_` user input: There's a user input with id: _ which is odd — it's used as a 
        placeholder for

  ⠇ So say we all... (9s · ↑ 168 tokens · esc to cancel)
────────────────────────────────────────────────────────────────────────────────────────────────
*   Type your message or @path/to/file
────────────────────────────────────────────────────────────────────────────────────────────────
  YOLO mode (shift + tab to cycle)                                                  10.3% used
     3. The `_` user input: There's a user input with id: _ which is odd — it's used as a 
        placeholder for

  ⠏ So say we all... (9s · ↑ 168 tokens · esc to cancel)
────────────────────────────────────────────────────────────────────────────────────────────────
*   Type your message or @path/to/file
────────────────────────────────────────────────────────────────────────────────────────────────
  YOLO mode (shift + tab to cycle)                                                  10.3% used
     3. The `_` user input: There's a user input with id: _ which is odd — it's used as a 
        placeholder for

  ⠋ So say we all... (9s · ↑ 168 tokens · esc to cancel)
────────────────────────────────────────────────────────────────────────────────────────────────
*   Type your message or @path/to/file
────────────────────────────────────────────────────────────────────────────────────────────────
  YOLO mode (shift + tab to cycle)                                                  10.3% used
     3. The `_` user input: There's a user input with id: _ which is odd — it's used as a 
        placeholder for

  ⠙ So say we all... (9s · ↑ 168 tokens · esc to cancel)
────────────────────────────────────────────────────────────────────────────────────────────────
*   Type your message or @path/to/file
────────────────────────────────────────────────────────────────────────────────────────────────
  YOLO mode (shift + tab to cycle)                                                  10.3% used
     3. The `_` user input: There's a user input with id: _ which is odd — it's used as a 
        placeholder for

  ⠹ So say we all... (9s · ↑ 168 tokens · esc to cancel)
────────────────────────────────────────────────────────────────────────────────────────────────
*   Type your message or @path/to/file
────────────────────────────────────────────────────────────────────────────────────────────────
  YOLO mode (shift + tab to cycle)                                                  10.3% used
     3. The `_` user input: There's a user input with id: _ which is odd — it's used as a 
        placeholder for

  ⠸ So say we all... (9s · ↑ 168 tokens · esc to cancel)
────────────────────────────────────────────────────────────────────────────────────────────────
*   Type your message or @path/to/file
────────────────────────────────────────────────────────────────────────────────────────────────
  YOLO mode (shift + tab to cycle)                                                  10.3% used
     3. The `_` user input: There's a user input with id: _ which is odd — it's used as a 
        placeholder for

  ⠸ So say we all... (10s · ↑ 168 tokens · esc to cancel)
────────────────────────────────────────────────────────────────────────────────────────────────
*   Type your message or @path/to/file
────────────────────────────────────────────────────────────────────────────────────────────────
  YOLO mode (shift + tab to cycle)                                                  10.3% used
     3. The `_` user input: There's a user input with id: _ which is odd — it's used as a 
        placeholder for

  ⠼ So say we all... (10s · ↑ 168 tokens · esc to cancel)
────────────────────────────────────────────────────────────────────────────────────────────────
*   Type your message or @path/to/file
────────────────────────────────────────────────────────────────────────────────────────────────
  YOLO mode (shift + tab to cycle)                                                  10.3% used
     3. The `_` user input: There's a user input with id: _ which is odd — it's used as a 
        placeholder for

  ⠴ So say we all... (10s · ↑ 168 tokens · esc to cancel)
────────────────────────────────────────────────────────────────────────────────────────────────
*   Type your message or @path/to/file
────────────────────────────────────────────────────────────────────────────────────────────────
  YOLO mode (shift + tab to cycle)                                                  10.3% used
     3. The `_` user input: There's a user input with id: _ which is odd — it's used as a 
        placeholder for

  ⠦ So say we all... (10s · ↑ 168 tokens · esc to cancel)
────────────────────────────────────────────────────────────────────────────────────────────────
*   Type your message or @path/to/file
────────────────────────────────────────────────────────────────────────────────────────────────
  YOLO mode (shift + tab to cycle)                                                  10.3% used
     3. The `_` user input: There's a user input with id: _ which is odd — it's used as a 
        placeholder for

  ⠧ So say we all... (10s · ↑ 168 tokens · esc to cancel)
────────────────────────────────────────────────────────────────────────────────────────────────
*   Type your message or @path/to/file
────────────────────────────────────────────────────────────────────────────────────────────────
  YOLO mode (shift + tab to cycle)                                                  10.3% used
     3. The `_` user input: There's a user input with id: _ which is odd — it's used as a 
        placeholder for

  ⠇ So say we all... (10s · ↑ 168 tokens · esc to cancel)
────────────────────────────────────────────────────────────────────────────────────────────────
*   Type your message or @path/to/file
────────────────────────────────────────────────────────────────────────────────────────────────
  YOLO mode (shift + tab to cycle)                                                  10.3% used
     3. The `_` user input: There's a user input with id: _ which is odd — it's used as a 
        placeholder for

  ⠏ So say we all... (10s · ↑ 168 tokens · esc to cancel)
────────────────────────────────────────────────────────────────────────────────────────────────
*   Type your message or @path/to/file
────────────────────────────────────────────────────────────────────────────────────────────────
  YOLO mode (shift + tab to cycle)                                                  10.3% used
     3. The `_` user input: There's a user input with id: _ which is odd — it's used as a 
        placeholder for

  ⠋ So say we all... (10s · ↑ 168 tokens · esc to cancel)
────────────────────────────────────────────────────────────────────────────────────────────────
*   Type your message or @path/to/file
────────────────────────────────────────────────────────────────────────────────────────────────
  YOLO mode (shift + tab to cycle)                                                  10.3% used
     3. The `_` user input: There's a user input with id: _ which is odd — it's used as a 
        placeholder for

  ⠙ So say we all... (10s · ↑ 168 tokens · esc to cancel)
────────────────────────────────────────────────────────────────────────────────────────────────
*   Type your message or @path/to/file
────────────────────────────────────────────────────────────────────────────────────────────────
  YOLO mode (shift + tab to cycle)                                                  10.3% used
     3. The `_` user input: There's a user input with id: _ which is odd — it's used as a 
        placeholder for "輸入要翻譯的內容" (input content to translate).

     4. Missing target language input: The skill mentions "目標語言（預設 en）" but there's no 
        user input for target language — it's hardcoded to default.
     5. The Steps mention "照output格式輸出一個markdown file 就好" — it outputs a markdown 
        file to

  ⠙ So say we all... (10s · ↑ 168 tokens · esc to cancel)
────────────────────────────────────────────────────────────────────────────────────────────────
*   Type your message or @path/to/file
────────────────────────────────────────────────────────────────────────────────────────────────
  [38;2;243;139;168mYOLO mode (shift + tab to cycle)                                                  10.3% used
     5. The Steps mention "照output格式輸出一個markdown file 就好" — it outputs a markdown 
        file to

  ⠹ So say we all... (10s · ↑ 168 tokens · esc to cancel)
────────────────────────────────────────────────────────────────────────────────────────────────
*   Type your message or @path/to/file
────────────────────────────────────────────────────────────────────────────────────────────────
  YOLO mode (shift + tab to cycle)                                                  10.3% used
     5. The Steps mention "照output格式輸出一個markdown file 就好" — it outputs a markdown 
        file to

  ⠸ So say we all... (10s · ↑ 168 tokens · esc to cancel)
────────────────────────────────────────────────────────────────────────────────────────────────
*   Type your message or @path/to/file
────────────────────────────────────────────────────────────────────────────────────────────────
  YOLO mode (shift + tab to cycle)                                                  10.3% used
     5. The Steps mention "照output格式輸出一個markdown file 就好" — it outputs a markdown 
        file to

  ⠼ So say we all... (10s · ↑ 168 tokens · esc to cancel)
────────────────────────────────────────────────────────────────────────────────────────────────
*   Type your message or @path/to/file
────────────────────────────────────────────────────────────────────────────────────────────────
  YOLO mode (shift + tab to cycle)                                                  10.3% used
     5. The Steps mention "照output格式輸出一個markdown file 就好" — it outputs a markdown 
        file to

  ⠴ So say we all... (10s · ↑ 168 tokens · esc to cancel)
────────────────────────────────────────────────────────────────────────────────────────────────
*   Type your message or @path/to/file
────────────────────────────────────────────────────────────────────────────────────────────────
  YOLO mode (shift + tab to cycle)                                                  10.3% used
     5. The Steps mention "照output格式輸出一個markdown file 就好" — it outputs a markdown 
        file to

  ⠦ So say we all... (10s · ↑ 168 tokens · esc to cancel)
────────────────────────────────────────────────────────────────────────────────────────────────
*   Type your message or @path/to/file
────────────────────────────────────────────────────────────────────────────────────────────────
  YOLO mode (shift + tab to cycle)                                                  10.3% used
     5. The Steps mention "照output格式輸出一個markdown file 就好" — it outputs a markdown 
        file to

  ⠦ So say we all... (11s · ↑ 168 tokens · esc to cancel)
────────────────────────────────────────────────────────────────────────────────────────────────
*   Type your message or @path/to/file
────────────────────────────────────────────────────────────────────────────────────────────────
  YOLO mode (shift + tab to cycle)                                                  10.3% used
     5. The Steps mention "照output格式輸出一個markdown file 就好" — it outputs a markdown 
        file to

  ⠧ So say we all... (11s · ↑ 168 tokens · esc to cancel)
────────────────────────────────────────────────────────────────────────────────────────────────
*   Type your message or @path/to/file
────────────────────────────────────────────────────────────────────────────────────────────────
  YOLO mode (shift + tab to cycle)                                                  10.3% used
     5. The Steps mention "照output格式輸出一個markdown file 就好" — it outputs a markdown 
        file to

  ⠇ So say we all... (11s · ↑ 168 tokens · esc to cancel)
────────────────────────────────────────────────────────────────────────────────────────────────
*   Type your message or @path/to/file
────────────────────────────────────────────────────────────────────────────────────────────────
  YOLO mode (shift + tab to cycle)                                                  10.3% used
     5. The Steps mention "照output格式輸出一個markdown file 就好" — it outputs a markdown 
        file to

  ⠏ So say we all... (11s · ↑ 168 tokens · esc to cancel)
────────────────────────────────────────────────────────────────────────────────────────────────
*   Type your message or @path/to/file
────────────────────────────────────────────────────────────────────────────────────────────────
  YOLO mode (shift + tab to cycle)                                                  10.3% used
     5. The Steps mention "照output格式輸出一個markdown file 就好" — it outputs a markdown 
        file to

  ⠋ So say we all... (11s · ↑ 168 tokens · esc to cancel)
────────────────────────────────────────────────────────────────────────────────────────────────
*   Type your message or @path/to/file
────────────────────────────────────────────────────────────────────────────────────────────────
  YOLO mode (shift + tab to cycle)                                                  10.3% used
     5. The Steps mention "照output格式輸出一個markdown file 就好" — it outputs a markdown 
        file to

  ⠙ So say we all... (11s · ↑ 168 tokens · esc to cancel)
────────────────────────────────────────────────────────────────────────────────────────────────
*   Type your message or @path/to/file
────────────────────────────────────────────────────────────────────────────────────────────────
  YOLO mode (shift + tab to cycle)                                                  10.3% used
     5. The Steps mention "照output格式輸出一個markdown file 就好" — it outputs a markdown 
        file to

  ⠹ So say we all... (11s · ↑ 168 tokens · esc to cancel)
────────────────────────────────────────────────────────────────────────────────────────────────
*   Type your message or @path/to/file
────────────────────────────────────────────────────────────────────────────────────────────────
  YOLO mode (shift + tab to cycle)                                                  10.3% used
     5. The Steps mention "照output格式輸出一個markdown file 就好" — it outputs a markdown 
        file to

  ⠸ So say we all... (11s · ↑ 168 tokens · esc to cancel)
────────────────────────────────────────────────────────────────────────────────────────────────
*   Type your message or @path/to/file
────────────────────────────────────────────────────────────────────────────────────────────────
  YOLO mode (shift + tab to cycle)                                                  10.3% used
     5. The Steps mention "照output格式輸出一個markdown file 就好" — it outputs a markdown 
        file to

  ⠼ So say we all... (11s · ↑ 168 tokens · esc to cancel)
────────────────────────────────────────────────────────────────────────────────────────────────
*   Type your message or @path/to/file
────────────────────────────────────────────────────────────────────────────────────────────────
  YOLO mode (shift + tab to cycle)                                                  10.3% used
     5. The Steps mention "照output格式輸出一個markdown file 就好" — it outputs a markdown 
        file to

  ⠴ So say we all... (11s · ↑ 168 tokens · esc to cancel)
────────────────────────────────────────────────────────────────────────────────────────────────
*   Type your message or @path/to/file
────────────────────────────────────────────────────────────────────────────────────────────────
  YOLO mode (shift + tab to cycle)                                                  10.3% used
     5. The Steps mention "照output格式輸出一個markdown file 就好" — it outputs a markdown 
        file to

  ⠦ So say we all... (11s · ↑ 168 tokens · esc to cancel)
────────────────────────────────────────────────────────────────────────────────────────────────
*   Type your message or @path/to/file
────────────────────────────────────────────────────────────────────────────────────────────────
  YOLO mode (shift + tab to cycle)                                                  10.3% used
     5. The Steps mention "照output格式輸出一個markdown file 就好" — it outputs a markdown 
        file to

  ⠧ So say we all... (11s · ↑ 168 tokens · esc to cancel)
────────────────────────────────────────────────────────────────────────────────────────────────
*   Type your message or @path/to/file
────────────────────────────────────────────────────────────────────────────────────────────────
  YOLO mode (shift + tab to cycle)                                                  10.3% used
     5. The Steps mention "照output格式輸出一個markdown file 就好" — it outputs a markdown 
        file to

  ⠇ So say we all... (11s · ↑ 168 tokens · esc to cancel)
────────────────────────────────────────────────────────────────────────────────────────────────
*   Type your message or @path/to/file
────────────────────────────────────────────────────────────────────────────────────────────────
  YOLO mode (shift + tab to cycle)                                                  10.3% used
     5. The Steps mention "照output格式輸出一個markdown file 就好" — it outputs a markdown 
        file to

  ⠇ So say we all... (12s · ↑ 168 tokens · esc to cancel)
────────────────────────────────────────────────────────────────────────────────────────────────
*   Type your message or @path/to/file
────────────────────────────────────────────────────────────────────────────────────────────────
  YOLO mode (shift + tab to cycle)                                                  10.3% used
     5. The Steps mention "照output格式輸出一個markdown file 就好" — it outputs a markdown 
        file to

  ⠏ So say we all... (12s · ↑ 168 tokens · esc to cancel)
────────────────────────────────────────────────────────────────────────────────────────────────
*   Type your message or @path/to/file
────────────────────────────────────────────────────────────────────────────────────────────────
  YOLO mode (shift + tab to cycle)                                                  10.3% used
     5. The Steps mention "照output格式輸出一個markdown file 就好" — it outputs a markdown 
        file to

  ⠋ So say we all... (12s · ↑ 168 tokens · esc to cancel)
────────────────────────────────────────────────────────────────────────────────────────────────
*   Type your message or @path/to/file
────────────────────────────────────────────────────────────────────────────────────────────────
  YOLO mode (shift + tab to cycle)                                                  10.3% used
     5. The Steps mention "照output格式輸出一個markdown file 就好" — it outputs a markdown 
        file to

  ⠙ So say we all... (12s · ↑ 168 tokens · esc to cancel)
────────────────────────────────────────────────────────────────────────────────────────────────
*   Type your message or @path/to/file
────────────────────────────────────────────────────────────────────────────────────────────────
  YOLO mode (shift + tab to cycle)                                                  10.3% used
     5. The Steps mention "照output格式輸出一個markdown file 就好" — it outputs a markdown 
        file to

  ⠹ So say we all... (12s · ↑ 168 tokens · esc to cancel)
────────────────────────────────────────────────────────────────────────────────────────────────
*   Type your message or @path/to/file
────────────────────────────────────────────────────────────────────────────────────────────────
  YOLO mode (shift + tab to cycle)                                                  10.3% used
     5. The Steps mention "照output格式輸出一個markdown file 就好" — it outputs a markdown 
        file to

  ⠸ So say we all... (12s · ↑ 168 tokens · esc to cancel)
────────────────────────────────────────────────────────────────────────────────────────────────
*   Type your message or @path/to/file
────────────────────────────────────────────────────────────────────────────────────────────────
  YOLO mode (shift + tab to cycle)                                                  10.3% used
     5. The Steps mention "照output格式輸出一個markdown file 就好" — it outputs a markdown 
        file to

  ⠼ So say we all... (12s · ↑ 168 tokens · esc to cancel)
────────────────────────────────────────────────────────────────────────────────────────────────
*   Type your message or @path/to/file
────────────────────────────────────────────────────────────────────────────────────────────────
  YOLO mode (shift + tab to cycle)                                                  10.3% used
     5. The Steps mention "照output格式輸出一個markdown file 就好" — it outputs a markdown 
        file to

  ⠴ So say we all... (12s · ↑ 168 tokens · esc to cancel)
────────────────────────────────────────────────────────────────────────────────────────────────
*   Type your message or @path/to/file
────────────────────────────────────────────────────────────────────────────────────────────────
  YOLO mode (shift + tab to cycle)                                                  10.3% used
     5. The Steps mention "照output格式輸出一個markdown file 就好" — it outputs a markdown 
        file to

  ⠦ So say we all... (12s · ↑ 168 tokens · esc to cancel)
────────────────────────────────────────────────────────────────────────────────────────────────
*   Type your message or @path/to/file
────────────────────────────────────────────────────────────────────────────────────────────────
  YOLO mode (shift + tab to cycle)                                                  10.3% used
     5. The Steps mention "照output格式輸出一個markdown file 就好" — it outputs a markdown 
        file to

  ⠧ So say we all... (12s · ↑ 168 tokens · esc to cancel)
────────────────────────────────────────────────────────────────────────────────────────────────
*   Type your message or @path/to/file
────────────────────────────────────────────────────────────────────────────────────────────────
  YOLO mode (shift + tab to cycle)                                                  10.3% used
     5. The Steps mention "照output格式輸出一個markdown file 就好" — it outputs a markdown 
        file to

  ⠇ So say we all... (12s · ↑ 168 tokens · esc to cancel)
────────────────────────────────────────────────────────────────────────────────────────────────
*   Type your message or @path/to/file
────────────────────────────────────────────────────────────────────────────────────────────────
  YOLO mode (shift + tab to cycle)                                                  10.3% used
     5. The Steps mention "照output格式輸出一個markdown file 就好" — it outputs a markdown 
        file to

  ⠏ So say we all... (12s · ↑ 168 tokens · esc to cancel)
────────────────────────────────────────────────────────────────────────────────────────────────
*   Type your message or @path/to/file
────────────────────────────────────────────────────────────────────────────────────────────────
  YOLO mode (shift + tab to cycle)                                                  10.3% used
     5. The Steps mention "照output格式輸出一個markdown file 就好" — it outputs a markdown 
        file to

  ⠋ So say we all... (12s · ↑ 168 tokens · esc to cancel)
────────────────────────────────────────────────────────────────────────────────────────────────
*   Type your message or @path/to/file
────────────────────────────────────────────────────────────────────────────────────────────────
  YOLO mode (shift + tab to cycle)                                                  10.3% used
     5. The Steps mention "照output格式輸出一個markdown file 就好" — it outputs a markdown 
        file to

  ⠋ So say we all... (13s · ↑ 168 tokens · esc to cancel)
────────────────────────────────────────────────────────────────────────────────────────────────
*   Type your message or @path/to/file
────────────────────────────────────────────────────────────────────────────────────────────────
  YOLO mode (shift + tab to cycle)                                                  10.3% used
     5. The Steps mention "照output格式輸出一個markdown file 就好" — it outputs a markdown 
        file to

  ⠙ So say we all... (13s · ↑ 168 tokens · esc to cancel)
────────────────────────────────────────────────────────────────────────────────────────────────
*   Type your message or @path/to/file
────────────────────────────────────────────────────────────────────────────────────────────────
  YOLO mode (shift + tab to cycle)                                                  10.3% used
     5. The Steps mention "照output格式輸出一個markdown file 就好" — it outputs a markdown 
        file to

  ⠹ So say we all... (13s · ↑ 168 tokens · esc to cancel)
────────────────────────────────────────────────────────────────────────────────────────────────
*   Type your message or @path/to/file
────────────────────────────────────────────────────────────────────────────────────────────────
  YOLO mode (shift + tab to cycle)                                                  10.3% used
     5. The Steps mention "照output格式輸出一個markdown file 就好" — it outputs a markdown file 
        to the output_path.

    But wait — the user just said "Modify/enhance it" without specifying what. I should ask what
     specific changes they want, rather than guessing. But actually, the user is the platform 
    architect — maybe I should identify the issues I see and ask which they want addressed, or 
    just ask what they want changed.
    Let me ask the user what modifications they have in mind.

  ✦ You

  ⠹ So say we all... (13s · ↓ 168 tokens · esc to cancel)
────────────────────────────────────────────────────────────────────────────────────────────────
*   Type your message or @path/to/file
────────────────────────────────────────────────────────────────────────────────────────────────
  YOLO mode (shift + tab to cycle)                                                  10.3% used

  ✦ You

  ⠸ So say we all... (13s · ↓ 168 tokens · esc to cancel)
────────────────────────────────────────────────────────────────────────────────────────────────
*   Type your message or @path/to/file
────────────────────────────────────────────────────────────────────────────────────────────────
  YOLO mode (shift + tab to cycle)                                                  10.3% used

  ✦ You

  ⠼ So say we all... (13s · ↓ 168 tokens · esc to cancel)
────────────────────────────────────────────────────────────────────────────────────────────────
*   Type your message or @path/to/file
────────────────────────────────────────────────────────────────────────────────────────────────
  YOLO mode (shift + tab to cycle)                                                  10.3% used

  ✦ You

  ⠴ So say we all... (13s · ↓ 168 tokens · esc to cancel)
────────────────────────────────────────────────────────────────────────────────────────────────
*   Type your message or @path/to/file
────────────────────────────────────────────────────────────────────────────────────────────────
  YOLO mode (shift + tab to cycle)                                                  10.3% used

  ✦ You

  ⠦ So say we all... (13s · ↓ 168 tokens · esc to cancel)
────────────────────────────────────────────────────────────────────────────────────────────────
*   Type your message or @path/to/file
────────────────────────────────────────────────────────────────────────────────────────────────
  YOLO mode (shift + tab to cycle)                                                  10.3% used

  ✦ You

  ⠧ So say we all... (13s · ↓ 168 tokens · esc to cancel)
────────────────────────────────────────────────────────────────────────────────────────────────
*   Type your message or @path/to/file
────────────────────────────────────────────────────────────────────────────────────────────────
  YOLO mode (shift + tab to cycle)                                                  10.3% used

  ✦ You

  ⠇ So say we all... (13s · ↓ 168 tokens · esc to cancel)
────────────────────────────────────────────────────────────────────────────────────────────────
*   Type your message or @path/to/file
────────────────────────────────────────────────────────────────────────────────────────────────
  YOLO mode (shift + tab to cycle)                                                  10.3% used

  ✦ You

  ⠏ So say we all... (13s · ↓ 168 tokens · esc to cancel)
────────────────────────────────────────────────────────────────────────────────────────────────
*   Type your message or @path/to/file
────────────────────────────────────────────────────────────────────────────────────────────────
  YOLO mode (shift + tab to cycle)                                                  10.3% used

  ✦ You

  ⠋ So say we all... (13s · ↓ 168 tokens · esc to cancel)
────────────────────────────────────────────────────────────────────────────────────────────────
*   Type your message or @path/to/file
────────────────────────────────────────────────────────────────────────────────────────────────
  YOLO mode (shift + tab to cycle)                                                  10.3% used

  ✦ You

  ⠙ So say we all... (13s · ↓ 168 tokens · esc to cancel)
────────────────────────────────────────────────────────────────────────────────────────────────
*   Type your message or @path/to/file
────────────────────────────────────────────────────────────────────────────────────────────────
  YOLO mode (shift + tab to cycle)                                                  10.3% used

  ✦ You

  ⠹ So say we all... (13s · ↓ 168 tokens · esc to cancel)
────────────────────────────────────────────────────────────────────────────────────────────────
*   Type your message or @path/to/file
────────────────────────────────────────────────────────────────────────────────────────────────
  YOLO mode (shift + tab to cycle)                                                  10.3% used

  ✦ You

  ⠸ So say we all... (13s · ↓ 168 tokens · esc to cancel)
────────────────────────────────────────────────────────────────────────────────────────────────
*   Type your message or @path/to/file
────────────────────────────────────────────────────────────────────────────────────────────────
  YOLO mode (shift + tab to cycle)                                                  10.3% used

  ✦ You

  ⠸ So say we all... (14s · ↓ 168 tokens · esc to cancel)
────────────────────────────────────────────────────────────────────────────────────────────────
*   Type your message or @path/to/file
────────────────────────────────────────────────────────────────────────────────────────────────
  YOLO mode (shift + tab to cycle)                                                  10.3% used

  ✦ You

  ⠼ So say we all... (14s · ↓ 168 tokens · esc to cancel)
────────────────────────────────────────────────────────────────────────────────────────────────
*   Type your message or @path/to/file
────────────────────────────────────────────────────────────────────────────────────────────────
  YOLO mode (shift + tab to cycle)                                                  10.3% used

  ✦ You

  ⠴ So say we all... (14s · ↓ 168 tokens · esc to cancel)
────────────────────────────────────────────────────────────────────────────────────────────────
*   Type your message or @path/to/file
────────────────────────────────────────────────────────────────────────────────────────────────
  YOLO mode (shift + tab to cycle)                                                  10.3% used

  ✦ You

  ⠦ So say we all... (14s · ↓ 168 tokens · esc to cancel)
────────────────────────────────────────────────────────────────────────────────────────────────
*   Type your message or @path/to/file
────────────────────────────────────────────────────────────────────────────────────────────────
  YOLO mode (shift + tab to cycle)                                                  10.3% used

  ✦ You

  ⠧ So say we all... (14s · ↓ 168 tokens · esc to cancel)
────────────────────────────────────────────────────────────────────────────────────────────────
*   Type your message or @path/to/file
────────────────────────────────────────────────────────────────────────────────────────────────
  YOLO mode (shift + tab to cycle)                                                  10.3% used

  ✦ You

  ⠇ So say we all... (14s · ↓ 168 tokens · esc to cancel)
────────────────────────────────────────────────────────────────────────────────────────────────
*   Type your message or @path/to/file
────────────────────────────────────────────────────────────────────────────────────────────────
  YOLO mode (shift + tab to cycle)                                                  10.3% used

  ✦ You

  ⠏ So say we all... (14s · ↓ 168 tokens · esc to cancel)
────────────────────────────────────────────────────────────────────────────────────────────────
*   Type your message or @path/to/file
────────────────────────────────────────────────────────────────────────────────────────────────
  YOLO mode (shift + tab to cycle)                                                  10.3% used

  ✦ You

  ⠋ So say we all... (14s · ↓ 168 tokens · esc to cancel)
────────────────────────────────────────────────────────────────────────────────────────────────
*   Type your message or @path/to/file
────────────────────────────────────────────────────────────────────────────────────────────────
  YOLO mode (shift + tab to cycle)                                                  10.3% used

  ✦ You

  ⠙ So say we all... (14s · ↓ 168 tokens · esc to cancel)
────────────────────────────────────────────────────────────────────────────────────────────────
*   Type your message or @path/to/file
────────────────────────────────────────────────────────────────────────────────────────────────
  YOLO mode (shift + tab to cycle)                                                  10.3% used

  ✦ You

  ⠹ So say we all... (14s · ↓ 168 tokens · esc to cancel)
────────────────────────────────────────────────────────────────────────────────────────────────
*   Type your message or @path/to/file
────────────────────────────────────────────────────────────────────────────────────────────────
  YOLO mode (shift + tab to cycle)                                                  10.3% used

  ✦ You

  ⠸ So say we all... (14s · ↓ 168 tokens · esc to cancel)
────────────────────────────────────────────────────────────────────────────────────────────────
*   Type your message or @path/to/file
────────────────────────────────────────────────────────────────────────────────────────────────
  YOLO mode (shift + tab to cycle)                                                  10.3% used

  ✦ You

  ⠼ So say we all... (14s · ↓ 168 tokens · esc to cancel)
────────────────────────────────────────────────────────────────────────────────────────────────
*   Type your message or @path/to/file
────────────────────────────────────────────────────────────────────────────────────────────────
  YOLO mode (shift + tab to cycle)                                                  10.3% used

  ✦ You

  ⠴ So say we all... (14s · ↓ 168 tokens · esc to cancel)
────────────────────────────────────────────────────────────────────────────────────────────────
*   Type your message or @path/to/file
────────────────────────────────────────────────────────────────────────────────────────────────
  YOLO mode (shift + tab to cycle)                                                  10.3% used

  ✦ You

  ⠴ Polishing the chrome... on the algorithms. (14s · ↓ 168 tokens · esc to cancel)
────────────────────────────────────────────────────────────────────────────────────────────────
*   Type your message or @path/to/file
────────────────────────────────────────────────────────────────────────────────────────────────
  YOLO mode (shift + tab to cycle)                                                  10.3% used

  ✦ You

  ⠴ Polishing the chrome... on the algorithms. (15s · ↓ 168 tokens · esc to cancel)
────────────────────────────────────────────────────────────────────────────────────────────────
*   Type your message or @path/to/file
────────────────────────────────────────────────────────────────────────────────────────────────
  YOLO mode (shift + tab to cycle)                                                  10.3% used

  ✦ You

  ⠦ Polishing the chrome... on the algorithms. (15s · ↓ 168 tokens · esc to cancel)
────────────────────────────────────────────────────────────────────────────────────────────────
*   Type your message or @path/to/file
────────────────────────────────────────────────────────────────────────────────────────────────
  YOLO mode (shift + tab to cycle)                                                  10.3% used

  ✦ You

  ⠧ Polishing the chrome... on the algorithms. (15s · ↓ 168 tokens · esc to cancel)
────────────────────────────────────────────────────────────────────────────────────────────────
*   Type your message or @path/to/file
────────────────────────────────────────────────────────────────────────────────────────────────
  YOLO mode (shift + tab to cycle)                                                  10.3% used

  ✦ You

  ⠇ Polishing the chrome... on the algorithms. (15s · ↓ 168 tokens · esc to cancel)
────────────────────────────────────────────────────────────────────────────────────────────────
*   Type your message or @path/to/file
────────────────────────────────────────────────────────────────────────────────────────────────
  YOLO mode (shift + tab to cycle)                                                  10.3% used

  ✦ You

  ⠏ Polishing the chrome... on the algorithms. (15s · ↓ 168 tokens · esc to cancel)
────────────────────────────────────────────────────────────────────────────────────────────────
*   Type your message or @path/to/file
────────────────────────────────────────────────────────────────────────────────────────────────
  YOLO mode (shift + tab to cycle)                                                  10.3% used

  ✦ You

  ⠋ Polishing the chrome... on the algorithms. (15s · ↓ 168 tokens · esc to cancel)
────────────────────────────────────────────────────────────────────────────────────────────────
*   Type your message or @path/to/file
────────────────────────────────────────────────────────────────────────────────────────────────
  YOLO mode (shift + tab to cycle)                                                  10.3% used

  ✦ You

  ⠙ Polishing the chrome... on the algorithms. (15s · ↓ 168 tokens · esc to cancel)
────────────────────────────────────────────────────────────────────────────────────────────────
*   Type your message or @path/to/file
────────────────────────────────────────────────────────────────────────────────────────────────
  YOLO mode (shift + tab to cycle)                                                  10.3% used

  ✦ You

  ⠹ Polishing the chrome... on the algorithms. (15s · ↓ 168 tokens · esc to cancel)
────────────────────────────────────────────────────────────────────────────────────────────────
*   Type your message or @path/to/file
────────────────────────────────────────────────────────────────────────────────────────────────
  YOLO mode (shift + tab to cycle)                                                  10.3% used

  ✦ You

  ⠸ Polishing the chrome... on the algorithms. (15s · ↓ 168 tokens · esc to cancel)
────────────────────────────────────────────────────────────────────────────────────────────────
*   Type your message or @path/to/file
────────────────────────────────────────────────────────────────────────────────────────────────
  YOLO mode (shift + tab to cycle)                                                  10.3% used

  ✦ You

  ⠼ Polishing the chrome... on the algorithms. (15s · ↓ 168 tokens · esc to cancel)
────────────────────────────────────────────────────────────────────────────────────────────────
*   Type your message or @path/to/file
────────────────────────────────────────────────────────────────────────────────────────────────
  YOLO mode (shift + tab to cycle)                                                  10.3% used

  ✦ You

  ⠴ Polishing the chrome... on the algorithms. (15s · ↓ 168 tokens · esc to cancel)
────────────────────────────────────────────────────────────────────────────────────────────────
*   Type your message or @path/to/file
────────────────────────────────────────────────────────────────────────────────────────────────
  YOLO mode (shift + tab to cycle)                                                  10.3% used

  ✦ You

  ⠦ Polishing the chrome... on the algorithms. (15s · ↓ 168 tokens · esc to cancel)
────────────────────────────────────────────────────────────────────────────────────────────────
*   Type your message or @path/to/file
────────────────────────────────────────────────────────────────────────────────────────────────
  YOLO mode (shift + tab to cycle)                                                  10.3% used

  ✦ You

  ⠧ Polishing the chrome... on the algorithms. (15s · ↓ 168 tokens · esc to cancel)
────────────────────────────────────────────────────────────────────────────────────────────────
*   Type your message or @path/to/file
────────────────────────────────────────────────────────────────────────────────────────────────
  YOLO mode[38;2;108;112;134m (shift + tab to cycle)                                                  10.3% used

  ✦ You

  ⠧ Polishing the chrome... on the algorithms. (16s · ↓ 168 tokens · esc to cancel)
────────────────────────────────────────────────────────────────────────────────────────────────
*   Type your message or @path/to/file
────────────────────────────────────────────────────────────────────────────────────────────────
  YOLO mode[38;2;108;112;134m (shift + tab to cycle)                                                  10.3% used

  ✦ You

  ⠇ Polishing the chrome... on the algorithms. (16s · ↓ 168 tokens · esc to cancel)
────────────────────────────────────────────────────────────────────────────────────────────────
*   Type your message or @path/to/file
────────────────────────────────────────────────────────────────────────────────────────────────
  YOLO mode (shift + tab to cycle)                                                  10.3% used

  ✦ You

  ⠏ Polishing the chrome... on the algorithms. (16s · ↓ 168 tokens · esc to cancel)
────────────────────────────────────────────────────────────────────────────────────────────────
*   Type your message or @path/to/file
────────────────────────────────────────────────────────────────────────────────────────────────
  YOLO mode[38;2;108;112;134m (shift + tab to cycle)                                                  10.3% used

  ✦ You

  ⠋ Polishing the chrome... on the algorithms. (16s · ↓ 168 tokens · esc to cancel)
────────────────────────────────────────────────────────────────────────────────────────────────
*   Type your message or @path/to/file
────────────────────────────────────────────────────────────────────────────────────────────────
  YOLO mode[38;2;108;112;134m (shift + tab to cycle)                                                  10.3% used

  ✦ You

  ⠙ Polishing the chrome... on the algorithms. (16s · ↓ 168 tokens · esc to cancel)
────────────────────────────────────────────────────────────────────────────────────────────────
*   Type your message or @path/to/file
────────────────────────────────────────────────────────────────────────────────────────────────
  YOLO mode (shift + tab to cycle)                                                  10.3% used

  ✦ You

  ⠹ Polishing the chrome... on the algorithms. (16s · ↓ 168 tokens · esc to cancel)
────────────────────────────────────────────────────────────────────────────────────────────────
*   Type your message or @path/to/file
────────────────────────────────────────────────────────────────────────────────────────────────
  YOLO mode (shift + tab to cycle)                                                  10.3% used

  ✦ You

  ⠸ Polishing the chrome... on the algorithms. (16s · ↓ 168 tokens · esc to cancel)
────────────────────────────────────────────────────────────────────────────────────────────────
*   Type your message or @path/to/file
────────────────────────────────────────────────────────────────────────────────────────────────
  YOLO mode (shift + tab to cycle)                                                  10.3% used

  ✦ You

  ⠼ Polishing the chrome... on the algorithms. (16s · ↓ 168 tokens · esc to cancel)
────────────────────────────────────────────────────────────────────────────────────────────────
*   Type your message or @path/to/file
────────────────────────────────────────────────────────────────────────────────────────────────
  YOLO mode[38;2;108;112;134m (shift + tab to cycle)                                                  10.3% used

  ✦ You

  ⠴ Polishing the chrome... on the algorithms. (16s · ↓ 168 tokens · esc to cancel)
────────────────────────────────────────────────────────────────────────────────────────────────
*   Type your message or @path/to/file
────────────────────────────────────────────────────────────────────────────────────────────────
  YOLO mode (shift + tab to cycle)                                                  10.3% used

  ✦ You

  ⠦ Polishing the chrome... on the algorithms. (16s · ↓ 168 tokens · esc to cancel)
────────────────────────────────────────────────────────────────────────────────────────────────
*   Type your message or @path/to/file
────────────────────────────────────────────────────────────────────────────────────────────────
  YOLO mode (shift + tab to cycle)                                                  10.3% used

  ✦ You

  ⠧ Polishing the chrome... on the algorithms. (16s · ↓ 168 tokens · esc to cancel)
────────────────────────────────────────────────────────────────────────────────────────────────
*   Type your message or @path/to/file
────────────────────────────────────────────────────────────────────────────────────────────────
  YOLO mode (shift + tab to cycle)                                                  10.3% used

  ✦ You

  ⠇ Polishing the chrome... on the algorithms. (16s · ↓ 168 tokens · esc to cancel)
────────────────────────────────────────────────────────────────────────────────────────────────
*   Type your message or @path/to/file
────────────────────────────────────────────────────────────────────────────────────────────────
  YOLO mode (shift + tab to cycle)                                                  10.3% used

  ✦ You

  ⠏ Polishing the chrome... on the algorithms. (16s · ↓ 168 tokens · esc to cancel)
────────────────────────────────────────────────────────────────────────────────────────────────
*   Type your message or @path/to/file
────────────────────────────────────────────────────────────────────────────────────────────────
  YOLO mode[38;2;108;112;134m (shift + tab to cycle)                                                  10.3% used

  ✦ You

  ⠋ Polishing the chrome... on the algorithms. (16s · ↓ 168 tokens · esc to cancel)
────────────────────────────────────────────────────────────────────────────────────────────────
*   Type your message or @path/to/file
────────────────────────────────────────────────────────────────────────────────────────────────
  YOLO mode (shift + tab to cycle)                                                  10.3% used

  ✦ You

  ⠋ Polishing the chrome... on the algorithms. (17s · ↓ 168 tokens · esc to cancel)
────────────────────────────────────────────────────────────────────────────────────────────────
*   Type your message or @path/to/file
────────────────────────────────────────────────────────────────────────────────────────────────
  YOLO mode[38;2;108;112;134m (shift + tab to cycle)                                                  10.3% used

  ✦ You

  ⠙ Polishing the chrome... on the algorithms. (17s · ↓ 168 tokens · esc to cancel)
────────────────────────────────────────────────────────────────────────────────────────────────
*   Type your message or @path/to/file
────────────────────────────────────────────────────────────────────────────────────────────────
  YOLO mode[38;2;108;112;134m (shift + tab to cycle)                                                  10.3% used

  ✦ You

  ⠹ Polishing the chrome... on the algorithms. (17s · ↓ 168 tokens · esc to cancel)
────────────────────────────────────────────────────────────────────────────────────────────────
*   Type your message or @path/to/file
────────────────────────────────────────────────────────────────────────────────────────────────
  YOLO mode (shift + tab to cycle)                                                  10.3% used

  ✦ You

  ⠸ Polishing the chrome... on the algorithms. (17s · ↓ 168 tokens · esc to cancel)
────────────────────────────────────────────────────────────────────────────────────────────────
*   Type your message or @path/to/file
────────────────────────────────────────────────────────────────────────────────────────────────
  YOLO mode (shift + tab to cycle)                                                  10.3% used

  ✦ You

  ⠼ Polishing the chrome... on the algorithms. (17s · ↓ 168 tokens · esc to cancel)
────────────────────────────────────────────────────────────────────────────────────────────────
*   Type your message or @path/to/file
────────────────────────────────────────────────────────────────────────────────────────────────
  YOLO mode (shift + tab to cycle)                                                  10.3% used

  ✦ You

  ⠴ Polishing the chrome... on the algorithms. (17s · ↓ 168 tokens · esc to cancel)
────────────────────────────────────────────────────────────────────────────────────────────────
*   Type your message or @path/to/file
────────────────────────────────────────────────────────────────────────────────────────────────
  YOLO mode[38;2;108;112;134m (shift + tab to cycle)                                                  10.3% used

  ✦ You

  ⠦ Polishing the chrome... on the algorithms. (17s · ↓ 168 tokens · esc to cancel)
────────────────────────────────────────────────────────────────────────────────────────────────
*   Type your message or @path/to/file
────────────────────────────────────────────────────────────────────────────────────────────────
  YOLO mode (shift + tab to cycle)                                                  10.3% used

  ✦ You

  ⠧ Polishing the chrome... on the algorithms. (17s · ↓ 168 tokens · esc to cancel)
────────────────────────────────────────────────────────────────────────────────────────────────
*   Type your message or @path/to/file
────────────────────────────────────────────────────────────────────────────────────────────────
  YOLO mode (shift + tab to cycle)                                                  10.3% used

  ✦ You

  ⠇ Polishing the chrome... on the algorithms. (17s · ↓ 168 tokens · esc to cancel)
────────────────────────────────────────────────────────────────────────────────────────────────
*   Type your message or @path/to/file
────────────────────────────────────────────────────────────────────────────────────────────────
  YOLO mode (shift + tab to cycle)                                                  10.3% used

  ✦ You

  ⠏ Polishing the chrome... on the algorithms. (17s · ↓ 168 tokens · esc to cancel)
────────────────────────────────────────────────────────────────────────────────────────────────
*   Type your message or @path/to/file
────────────────────────────────────────────────────────────────────────────────────────────────
  YOLO mode (shift + tab to cycle)                                                  10.3% used

  ✦ You

  ⠋ Polishing the chrome... on the algorithms. (17s · ↓ 168 tokens · esc to cancel)
────────────────────────────────────────────────────────────────────────────────────────────────
*   Type your message or @path/to/file
────────────────────────────────────────────────────────────────────────────────────────────────
  YOLO mode (shift + tab to cycle)                                                  10.3% used

  ✦ You

  ⠙ Polishing the chrome... on the algorithms. (17s · ↓ 168 tokens · esc to cancel)
────────────────────────────────────────────────────────────────────────────────────────────────
*   Type your message or @path/to/file
────────────────────────────────────────────────────────────────────────────────────────────────
  YOLO mode[38;2;108;112;134m (shift + tab to cycle)                                                  10.3% used

  ✦ You

  ⠹ Polishing the chrome... on the algorithms. (17s · ↓ 168 tokens · esc to cancel)
────────────────────────────────────────────────────────────────────────────────────────────────
*   Type your message or @path/to/file
────────────────────────────────────────────────────────────────────────────────────────────────
  YOLO mode (shift + tab to cycle)                                                  10.3% used

  ✦ You

  ⠹ Polishing the chrome... on the algorithms. (18s · ↓ 168 tokens · esc to cancel)
────────────────────────────────────────────────────────────────────────────────────────────────
*   Type your message or @path/to/file
────────────────────────────────────────────────────────────────────────────────────────────────
  YOLO mode[38;2;108;112;134m (shift + tab to cycle)                                                  10.3% used

  ✦ You

  ⠸ Polishing the chrome... on the algorithms. (18s · ↓ 168 tokens · esc to cancel)
────────────────────────────────────────────────────────────────────────────────────────────────
*   Type your message or @path/to/file
────────────────────────────────────────────────────────────────────────────────────────────────
  YOLO mode[38;2;108;112;134m (shift + tab to cycle)                                                  10.3% used

  ✦ You

  ⠼ Polishing the chrome... on the algorithms. (18s · ↓ 168 tokens · esc to cancel)
────────────────────────────────────────────────────────────────────────────────────────────────
*   Type your message or @path/to/file
────────────────────────────────────────────────────────────────────────────────────────────────
  YOLO mode[38;2;108;112;134m (shift + tab to cycle)                                                  10.3% used

  ✦ You

  ⠴ Polishing the chrome... on the algorithms. (18s · ↓ 168 tokens · esc to cancel)
────────────────────────────────────────────────────────────────────────────────────────────────
*   Type your message or @path/to/file
────────────────────────────────────────────────────────────────────────────────────────────────
  YOLO mode (shift + tab to cycle)                                                  10.3% used

  ✦ You

  ⠦ Polishing the chrome... on the algorithms. (18s · ↓ 168 tokens · esc to cancel)
────────────────────────────────────────────────────────────────────────────────────────────────
*   Type your message or @path/to/file
────────────────────────────────────────────────────────────────────────────────────────────────
  YOLO mode (shift + tab to cycle)                                                  10.3% used

  ✦ You

  ⠧ Polishing the chrome... on the algorithms. (18s · ↓ 168 tokens · esc to cancel)
────────────────────────────────────────────────────────────────────────────────────────────────
*   Type your message or @path/to/file
────────────────────────────────────────────────────────────────────────────────────────────────
  YOLO mode (shift + tab to cycle)                                                  10.3% used

  ✦ You'd like to modify the translate skill. What changes do you have in mind? I can spot a few
     potential issues (e.g., duplicated examples between frontmatter and body, the bare _ input
    id, no target-language input), but I'd rather hear what you want changed than guess.
  ╭──────────────────────────────────────────────────────────────────────────────────────────╮
  │ ?  AskUserQuestion Ask user 1 question ←                                                 │
  │                                                                                          [38;2;249;226;175m│
  │ Changes                                                                                  │
  │                                                                                          │
  │ Which modifications do you want? (Select all that apply)                                 │
  │                                                                                          │
  │ ❯ [ ] 1. Fix duplicated examples                                                         │
  │          The full example output appears both in the frontmatter `examples` field AND    │
  │          the body `## Examples` section — remove the duplication                         │
  │   [ ] 2. Add target language input                                                       │
  │          Add a target-language user input (currently hardcoded to `en`) so users can     │
  │          choose translation direction                                                    │
  │   [ ] 3. Fix the `_` input id                                                            │
  │          The input with `id: _` is used for the text to translate — give it a proper id  │
  │          like `source_text`                                                              │
  │   [ ] 4. Something else                                                                  │
  │          I'll describe the specific changes I want                                       │
  │   [ ] 5. Type something...                                                               │
  │                                                                                          │
  │                                                                                          │
  │ ↑/↓: Navigate | Space: Toggle | Enter: Confirm | Esc: Cancel                             │
  │                                                                                          │
  ╰──────────────────────────────────────────────────────────────────────────────────────────╯

  ⠏ Polishing the chrome... on the algorithms.
  ╭──────────────────────────────────────────────────────────────────────────────────────────╮
  │ ?  AskUserQuestion Ask user 1 question ←                                                 │
  │                                                                                          │
  │ Changes                                                                                  │
  │                                                                                          │
  │ Which modifications do you want? (Select all that apply)                                 │
  │                                                                                          │
  │ ❯ [ ] 1. Fix duplicated examples                                                         │
  │          The full example output appears both in the frontmatter `examples` field AND    │
  │          the body `## Examples` section — remove the duplication                         │
  │   [ ] 2. Add target language input                                                       │
  │          Add a target-language user input (currently hardcoded to `en`) so users can     │
  │          choose translation direction                                                    │
  │   [ ] 3. Fix the `_` input id                                                            │
  │          The input with `id: _` is used for the text to translate — give it a proper id  │
  │[22m          like `source_text`                                                              │
  │   [ ] 4. Something else                                                                  │
  │          I'll describe the specific changes I want                                       │
  │   [ ] 5. Type something...                                                               │
  │                                                                                          │
  │                                                                                          │
  │[22m ↑/↓: Navigate | Space: Toggle | Enter: Confirm | Esc: Cancel                             │
  │                                                                                          │
  ╰──────────────────────────────────────────────────────────────────────────────────────────╯

  ⠏ Waiting for user confirmation...
