--- CHUNK 1783158542594 bytes=75 ---
: OPENROUTER PROCESSING

: OPENROUTER PROCESSING

: OPENROUTER PROCESSING


--- CHUNK 1783158542594 bytes=75 ---
: OPENROUTER PROCESSING

: OPENROUTER PROCESSING

: OPENROUTER PROCESSING


--- CHUNK 1783158542594 bytes=25 ---
: OPENROUTER PROCESSING


--- CHUNK 1783158542594 bytes=25 ---
: OPENROUTER PROCESSING


--- CHUNK 1783158542594 bytes=25 ---
: OPENROUTER PROCESSING


--- CHUNK 1783158542594 bytes=25 ---
: OPENROUTER PROCESSING


--- CHUNK 1783158542594 bytes=25 ---
: OPENROUTER PROCESSING


--- CHUNK 1783158542594 bytes=25 ---
: OPENROUTER PROCESSING


--- CHUNK 1783158542594 bytes=50 ---
: OPENROUTER PROCESSING

: OPENROUTER PROCESSING


--- CHUNK 1783158542594 bytes=25 ---
: OPENROUTER PROCESSING


--- CHUNK 1783158542594 bytes=25 ---
: OPENROUTER PROCESSING


--- CHUNK 1783158542594 bytes=25 ---
: OPENROUTER PROCESSING


--- CHUNK 1783158542594 bytes=25 ---
: OPENROUTER PROCESSING


--- CHUNK 1783158542595 bytes=25 ---
: OPENROUTER PROCESSING


--- CHUNK 1783158542595 bytes=25 ---
: OPENROUTER PROCESSING


--- CHUNK 1783158542595 bytes=25 ---
: OPENROUTER PROCESSING


--- CHUNK 1783158542595 bytes=25 ---
: OPENROUTER PROCESSING


--- CHUNK 1783158542595 bytes=25 ---
: OPENROUTER PROCESSING


--- CHUNK 1783158542654 bytes=25 ---
: OPENROUTER PROCESSING


--- CHUNK 1783158543103 bytes=25 ---
: OPENROUTER PROCESSING


--- CHUNK 1783158543513 bytes=25 ---
: OPENROUTER PROCESSING


--- CHUNK 1783158543922 bytes=25 ---
: OPENROUTER PROCESSING


--- CHUNK 1783158544434 bytes=25 ---
: OPENROUTER PROCESSING


--- CHUNK 1783158544434 bytes=292 ---
data: {"id":"gen-1783158532-u3Mt5hnbf0R4gLFnPxHY","object":"chat.completion.chunk","created":1783158532,"model":"deepseek/deepseek-v4-flash-20260423","provider":"GMICloud","choices":[{"index":0,"delta":{"content":"我","role":"assistant"},"finish_reason":null,"native_finish_reason":null}]}


PARSED: {"id":"gen-1783158532-u3Mt5hnbf0R4gLFnPxHY","object":"chat.completion.chunk","created":1783158532,"model":"deepseek/deepseek-v4-flash-20260423","provider":"GMICloud","choices":[{"index":0,"delta":{"content":"我","role":"assistant"},"finish_reason":null,"native_finish_reason":null}]}
--- CHUNK 1783158544449 bytes=301 ---
data: {"id":"gen-1783158532-u3Mt5hnbf0R4gLFnPxHY","object":"chat.completion.chunk","created":1783158532,"model":"deepseek/deepseek-v4-flash-20260423","provider":"GMICloud","choices":[{"index":0,"delta":{"content":"已經收集","role":"assistant"},"finish_reason":null,"native_finish_reason":null}]}


PARSED: {"id":"gen-1783158532-u3Mt5hnbf0R4gLFnPxHY","object":"chat.completion.chunk","created":1783158532,"model":"deepseek/deepseek-v4-flash-20260423","provider":"GMICloud","choices":[{"index":0,"delta":{"content":"已經收集","role":"assistant"},"finish_reason":null,"native_finish_reason":null}]}
--- CHUNK 1783158544509 bytes=292 ---
data: {"id":"gen-1783158532-u3Mt5hnbf0R4gLFnPxHY","object":"chat.completion.chunk","created":1783158532,"model":"deepseek/deepseek-v4-flash-20260423","provider":"GMICloud","choices":[{"index":0,"delta":{"content":"到","role":"assistant"},"finish_reason":null,"native_finish_reason":null}]}


PARSED: {"id":"gen-1783158532-u3Mt5hnbf0R4gLFnPxHY","object":"chat.completion.chunk","created":1783158532,"model":"deepseek/deepseek-v4-flash-20260423","provider":"GMICloud","choices":[{"index":0,"delta":{"content":"到","role":"assistant"},"finish_reason":null,"native_finish_reason":null}]}
--- CHUNK 1783158544568 bytes=298 ---
data: {"id":"gen-1783158532-u3Mt5hnbf0R4gLFnPxHY","object":"chat.completion.chunk","created":1783158532,"model":"deepseek/deepseek-v4-flash-20260423","provider":"GMICloud","choices":[{"index":0,"delta":{"content":"足夠的","role":"assistant"},"finish_reason":null,"native_finish_reason":null}]}


PARSED: {"id":"gen-1783158532-u3Mt5hnbf0R4gLFnPxHY","object":"chat.completion.chunk","created":1783158532,"model":"deepseek/deepseek-v4-flash-20260423","provider":"GMICloud","choices":[{"index":0,"delta":{"content":"足夠的","role":"assistant"},"finish_reason":null,"native_finish_reason":null}]}
--- CHUNK 1783158544628 bytes=295 ---
data: {"id":"gen-1783158532-u3Mt5hnbf0R4gLFnPxHY","object":"chat.completion.chunk","created":1783158532,"model":"deepseek/deepseek-v4-flash-20260423","provider":"GMICloud","choices":[{"index":0,"delta":{"content":"資料","role":"assistant"},"finish_reason":null,"native_finish_reason":null}]}


PARSED: {"id":"gen-1783158532-u3Mt5hnbf0R4gLFnPxHY","object":"chat.completion.chunk","created":1783158532,"model":"deepseek/deepseek-v4-flash-20260423","provider":"GMICloud","choices":[{"index":0,"delta":{"content":"資料","role":"assistant"},"finish_reason":null,"native_finish_reason":null}]}
--- CHUNK 1783158544688 bytes=301 ---
data: {"id":"gen-1783158532-u3Mt5hnbf0R4gLFnPxHY","object":"chat.completion.chunk","created":1783158532,"model":"deepseek/deepseek-v4-flash-20260423","provider":"GMICloud","choices":[{"index":0,"delta":{"content":"。以下是","role":"assistant"},"finish_reason":null,"native_finish_reason":null}]}


PARSED: {"id":"gen-1783158532-u3Mt5hnbf0R4gLFnPxHY","object":"chat.completion.chunk","created":1783158532,"model":"deepseek/deepseek-v4-flash-20260423","provider":"GMICloud","choices":[{"index":0,"delta":{"content":"。以下是","role":"assistant"},"finish_reason":null,"native_finish_reason":null}]}
--- CHUNK 1783158544756 bytes=304 ---
data: {"id":"gen-1783158532-u3Mt5hnbf0R4gLFnPxHY","object":"chat.completion.chunk","created":1783158532,"model":"deepseek/deepseek-v4-flash-20260423","provider":"GMICloud","choices":[{"index":0,"delta":{"content":"完整的回答","role":"assistant"},"finish_reason":null,"native_finish_reason":null}]}


PARSED: {"id":"gen-1783158532-u3Mt5hnbf0R4gLFnPxHY","object":"chat.completion.chunk","created":1783158532,"model":"deepseek/deepseek-v4-flash-20260423","provider":"GMICloud","choices":[{"index":0,"delta":{"content":"完整的回答","role":"assistant"},"finish_reason":null,"native_finish_reason":null}]}
--- CHUNK 1783158544813 bytes=303 ---
data: {"id":"gen-1783158532-u3Mt5hnbf0R4gLFnPxHY","object":"chat.completion.chunk","created":1783158532,"model":"deepseek/deepseek-v4-flash-20260423","provider":"GMICloud","choices":[{"index":0,"delta":{"content":"：\n\n---\n\n","role":"assistant"},"finish_reason":null,"native_finish_reason":null}]}


PARSED: {"id":"gen-1783158532-u3Mt5hnbf0R4gLFnPxHY","object":"chat.completion.chunk","created":1783158532,"model":"deepseek/deepseek-v4-flash-20260423","provider":"GMICloud","choices":[{"index":0,"delta":{"content":"：\n\n---\n\n","role":"assistant"},"finish_reason":null,"native_finish_reason":null}]}
--- CHUNK 1783158544865 bytes=292 ---
data: {"id":"gen-1783158532-u3Mt5hnbf0R4gLFnPxHY","object":"chat.completion.chunk","created":1783158532,"model":"deepseek/deepseek-v4-flash-20260423","provider":"GMICloud","choices":[{"index":0,"delta":{"content":"## ","role":"assistant"},"finish_reason":null,"native_finish_reason":null}]}


PARSED: {"id":"gen-1783158532-u3Mt5hnbf0R4gLFnPxHY","object":"chat.completion.chunk","created":1783158532,"model":"deepseek/deepseek-v4-flash-20260423","provider":"GMICloud","choices":[{"index":0,"delta":{"content":"## ","role":"assistant"},"finish_reason":null,"native_finish_reason":null}]}
--- CHUNK 1783158544928 bytes=298 ---
data: {"id":"gen-1783158532-u3Mt5hnbf0R4gLFnPxHY","object":"chat.completion.chunk","created":1783158532,"model":"deepseek/deepseek-v4-flash-20260423","provider":"GMICloud","choices":[{"index":0,"delta":{"content":"什麼是","role":"assistant"},"finish_reason":null,"native_finish_reason":null}]}


PARSED: {"id":"gen-1783158532-u3Mt5hnbf0R4gLFnPxHY","object":"chat.completion.chunk","created":1783158532,"model":"deepseek/deepseek-v4-flash-20260423","provider":"GMICloud","choices":[{"index":0,"delta":{"content":"什麼是","role":"assistant"},"finish_reason":null,"native_finish_reason":null}]}
--- CHUNK 1783158544992 bytes=293 ---
data: {"id":"gen-1783158532-u3Mt5hnbf0R4gLFnPxHY","object":"chat.completion.chunk","created":1783158532,"model":"deepseek/deepseek-v4-flash-20260423","provider":"GMICloud","choices":[{"index":0,"delta":{"content":" PAA","role":"assistant"},"finish_reason":null,"native_finish_reason":null}]}


PARSED: {"id":"gen-1783158532-u3Mt5hnbf0R4gLFnPxHY","object":"chat.completion.chunk","created":1783158532,"model":"deepseek/deepseek-v4-flash-20260423","provider":"GMICloud","choices":[{"index":0,"delta":{"content":" PAA","role":"assistant"},"finish_reason":null,"native_finish_reason":null}]}
--- CHUNK 1783158545053 bytes=291 ---
data: {"id":"gen-1783158532-u3Mt5hnbf0R4gLFnPxHY","object":"chat.completion.chunk","created":1783158532,"model":"deepseek/deepseek-v4-flash-20260423","provider":"GMICloud","choices":[{"index":0,"delta":{"content":"W ","role":"assistant"},"finish_reason":null,"native_finish_reason":null}]}


PARSED: {"id":"gen-1783158532-u3Mt5hnbf0R4gLFnPxHY","object":"chat.completion.chunk","created":1783158532,"model":"deepseek/deepseek-v4-flash-20260423","provider":"GMICloud","choices":[{"index":0,"delta":{"content":"W ","role":"assistant"},"finish_reason":null,"native_finish_reason":null}]}
--- CHUNK 1783158545099 bytes=298 ---
data: {"id":"gen-1783158532-u3Mt5hnbf0R4gLFnPxHY","object":"chat.completion.chunk","created":1783158532,"model":"deepseek/deepseek-v4-flash-20260423","provider":"GMICloud","choices":[{"index":0,"delta":{"content":"的 Skill","role":"assistant"},"finish_reason":null,"native_finish_reason":null}]}


PARSED: {"id":"gen-1783158532-u3Mt5hnbf0R4gLFnPxHY","object":"chat.completion.chunk","created":1783158532,"model":"deepseek/deepseek-v4-flash-20260423","provider":"GMICloud","choices":[{"index":0,"delta":{"content":"的 Skill","role":"assistant"},"finish_reason":null,"native_finish_reason":null}]}
--- CHUNK 1783158545159 bytes=304 ---
data: {"id":"gen-1783158532-u3Mt5hnbf0R4gLFnPxHY","object":"chat.completion.chunk","created":1783158532,"model":"deepseek/deepseek-v4-flash-20260423","provider":"GMICloud","choices":[{"index":0,"delta":{"content":" Builder？\n\n","role":"assistant"},"finish_reason":null,"native_finish_reason":null}]}


PARSED: {"id":"gen-1783158532-u3Mt5hnbf0R4gLFnPxHY","object":"chat.completion.chunk","created":1783158532,"model":"deepseek/deepseek-v4-flash-20260423","provider":"GMICloud","choices":[{"index":0,"delta":{"content":" Builder？\n\n","role":"assistant"},"finish_reason":null,"native_finish_reason":null}]}
--- CHUNK 1783158545233 bytes=296 ---
data: {"id":"gen-1783158532-u3Mt5hnbf0R4gLFnPxHY","object":"chat.completion.chunk","created":1783158532,"model":"deepseek/deepseek-v4-flash-20260423","provider":"GMICloud","choices":[{"index":0,"delta":{"content":"**Skill","role":"assistant"},"finish_reason":null,"native_finish_reason":null}]}


PARSED: {"id":"gen-1783158532-u3Mt5hnbf0R4gLFnPxHY","object":"chat.completion.chunk","created":1783158532,"model":"deepseek/deepseek-v4-flash-20260423","provider":"GMICloud","choices":[{"index":0,"delta":{"content":"**Skill","role":"assistant"},"finish_reason":null,"native_finish_reason":null}]}
--- CHUNK 1783158545292 bytes=300 ---
data: {"id":"gen-1783158532-u3Mt5hnbf0R4gLFnPxHY","object":"chat.completion.chunk","created":1783158532,"model":"deepseek/deepseek-v4-flash-20260423","provider":"GMICloud","choices":[{"index":0,"delta":{"content":" Builder（","role":"assistant"},"finish_reason":null,"native_finish_reason":null}]}


PARSED: {"id":"gen-1783158532-u3Mt5hnbf0R4gLFnPxHY","object":"chat.completion.chunk","created":1783158532,"model":"deepseek/deepseek-v4-flash-20260423","provider":"GMICloud","choices":[{"index":0,"delta":{"content":" Builder（","role":"assistant"},"finish_reason":null,"native_finish_reason":null}]}
--- CHUNK 1783158545357 bytes=298 ---
data: {"id":"gen-1783158532-u3Mt5hnbf0R4gLFnPxHY","object":"chat.completion.chunk","created":1783158532,"model":"deepseek/deepseek-v4-flash-20260423","provider":"GMICloud","choices":[{"index":0,"delta":{"content":"技能建","role":"assistant"},"finish_reason":null,"native_finish_reason":null}]}


PARSED: {"id":"gen-1783158532-u3Mt5hnbf0R4gLFnPxHY","object":"chat.completion.chunk","created":1783158532,"model":"deepseek/deepseek-v4-flash-20260423","provider":"GMICloud","choices":[{"index":0,"delta":{"content":"技能建","role":"assistant"},"finish_reason":null,"native_finish_reason":null}]}
--- CHUNK 1783158545413 bytes=295 ---
data: {"id":"gen-1783158532-u3Mt5hnbf0R4gLFnPxHY","object":"chat.completion.chunk","created":1783158532,"model":"deepseek/deepseek-v4-flash-20260423","provider":"GMICloud","choices":[{"index":0,"delta":{"content":"構器","role":"assistant"},"finish_reason":null,"native_finish_reason":null}]}


PARSED: {"id":"gen-1783158532-u3Mt5hnbf0R4gLFnPxHY","object":"chat.completion.chunk","created":1783158532,"model":"deepseek/deepseek-v4-flash-20260423","provider":"GMICloud","choices":[{"index":0,"delta":{"content":"構器","role":"assistant"},"finish_reason":null,"native_finish_reason":null}]}
--- CHUNK 1783158545469 bytes=294 ---
data: {"id":"gen-1783158532-u3Mt5hnbf0R4gLFnPxHY","object":"chat.completion.chunk","created":1783158532,"model":"deepseek/deepseek-v4-flash-20260423","provider":"GMICloud","choices":[{"index":0,"delta":{"content":"）**","role":"assistant"},"finish_reason":null,"native_finish_reason":null}]}


PARSED: {"id":"gen-1783158532-u3Mt5hnbf0R4gLFnPxHY","object":"chat.completion.chunk","created":1783158532,"model":"deepseek/deepseek-v4-flash-20260423","provider":"GMICloud","choices":[{"index":0,"delta":{"content":"）**","role":"assistant"},"finish_reason":null,"native_finish_reason":null}]}
--- CHUNK 1783158545528 bytes=293 ---
data: {"id":"gen-1783158532-u3Mt5hnbf0R4gLFnPxHY","object":"chat.completion.chunk","created":1783158532,"model":"deepseek/deepseek-v4-flash-20260423","provider":"GMICloud","choices":[{"index":0,"delta":{"content":" 是","role":"assistant"},"finish_reason":null,"native_finish_reason":null}]}


PARSED: {"id":"gen-1783158532-u3Mt5hnbf0R4gLFnPxHY","object":"chat.completion.chunk","created":1783158532,"model":"deepseek/deepseek-v4-flash-20260423","provider":"GMICloud","choices":[{"index":0,"delta":{"content":" 是","role":"assistant"},"finish_reason":null,"native_finish_reason":null}]}
--- CHUNK 1783158545588 bytes=293 ---
data: {"id":"gen-1783158532-u3Mt5hnbf0R4gLFnPxHY","object":"chat.completion.chunk","created":1783158532,"model":"deepseek/deepseek-v4-flash-20260423","provider":"GMICloud","choices":[{"index":0,"delta":{"content":" PAA","role":"assistant"},"finish_reason":null,"native_finish_reason":null}]}


PARSED: {"id":"gen-1783158532-u3Mt5hnbf0R4gLFnPxHY","object":"chat.completion.chunk","created":1783158532,"model":"deepseek/deepseek-v4-flash-20260423","provider":"GMICloud","choices":[{"index":0,"delta":{"content":" PAA","role":"assistant"},"finish_reason":null,"native_finish_reason":null}]}
--- CHUNK 1783158545650 bytes=291 ---
data: {"id":"gen-1783158532-u3Mt5hnbf0R4gLFnPxHY","object":"chat.completion.chunk","created":1783158532,"model":"deepseek/deepseek-v4-flash-20260423","provider":"GMICloud","choices":[{"index":0,"delta":{"content":"W ","role":"assistant"},"finish_reason":null,"native_finish_reason":null}]}


PARSED: {"id":"gen-1783158532-u3Mt5hnbf0R4gLFnPxHY","object":"chat.completion.chunk","created":1783158532,"model":"deepseek/deepseek-v4-flash-20260423","provider":"GMICloud","choices":[{"index":0,"delta":{"content":"W ","role":"assistant"},"finish_reason":null,"native_finish_reason":null}]}
--- CHUNK 1783158545709 bytes=298 ---
data: {"id":"gen-1783158532-u3Mt5hnbf0R4gLFnPxHY","object":"chat.completion.chunk","created":1783158532,"model":"deepseek/deepseek-v4-flash-20260423","provider":"GMICloud","choices":[{"index":0,"delta":{"content":"中用來","role":"assistant"},"finish_reason":null,"native_finish_reason":null}]}


PARSED: {"id":"gen-1783158532-u3Mt5hnbf0R4gLFnPxHY","object":"chat.completion.chunk","created":1783158532,"model":"deepseek/deepseek-v4-flash-20260423","provider":"GMICloud","choices":[{"index":0,"delta":{"content":"中用來","role":"assistant"},"finish_reason":null,"native_finish_reason":null}]}
--- CHUNK 1783158545771 bytes=292 ---
data: {"id":"gen-1783158532-u3Mt5hnbf0R4gLFnPxHY","object":"chat.completion.chunk","created":1783158532,"model":"deepseek/deepseek-v4-flash-20260423","provider":"GMICloud","choices":[{"index":0,"delta":{"content":"「","role":"assistant"},"finish_reason":null,"native_finish_reason":null}]}


PARSED: {"id":"gen-1783158532-u3Mt5hnbf0R4gLFnPxHY","object":"chat.completion.chunk","created":1783158532,"model":"deepseek/deepseek-v4-flash-20260423","provider":"GMICloud","choices":[{"index":0,"delta":{"content":"「","role":"assistant"},"finish_reason":null,"native_finish_reason":null}]}
--- CHUNK 1783158545834 bytes=298 ---
data: {"id":"gen-1783158532-u3Mt5hnbf0R4gLFnPxHY","object":"chat.completion.chunk","created":1783158532,"model":"deepseek/deepseek-v4-flash-20260423","provider":"GMICloud","choices":[{"index":0,"delta":{"content":"建立、","role":"assistant"},"finish_reason":null,"native_finish_reason":null}]}


PARSED: {"id":"gen-1783158532-u3Mt5hnbf0R4gLFnPxHY","object":"chat.completion.chunk","created":1783158532,"model":"deepseek/deepseek-v4-flash-20260423","provider":"GMICloud","choices":[{"index":0,"delta":{"content":"建立、","role":"assistant"},"finish_reason":null,"native_finish_reason":null}]}
--- CHUNK 1783158545889 bytes=298 ---
data: {"id":"gen-1783158532-u3Mt5hnbf0R4gLFnPxHY","object":"chat.completion.chunk","created":1783158532,"model":"deepseek/deepseek-v4-flash-20260423","provider":"GMICloud","choices":[{"index":0,"delta":{"content":"編輯與","role":"assistant"},"finish_reason":null,"native_finish_reason":null}]}


PARSED: {"id":"gen-1783158532-u3Mt5hnbf0R4gLFnPxHY","object":"chat.completion.chunk","created":1783158532,"model":"deepseek/deepseek-v4-flash-20260423","provider":"GMICloud","choices":[{"index":0,"delta":{"content":"編輯與","role":"assistant"},"finish_reason":null,"native_finish_reason":null}]}
--- CHUNK 1783158545948 bytes=301 ---
data: {"id":"gen-1783158532-u3Mt5hnbf0R4gLFnPxHY","object":"chat.completion.chunk","created":1783158532,"model":"deepseek/deepseek-v4-flash-20260423","provider":"GMICloud","choices":[{"index":0,"delta":{"content":"測試 Skill","role":"assistant"},"finish_reason":null,"native_finish_reason":null}]}


PARSED: {"id":"gen-1783158532-u3Mt5hnbf0R4gLFnPxHY","object":"chat.completion.chunk","created":1783158532,"model":"deepseek/deepseek-v4-flash-20260423","provider":"GMICloud","choices":[{"index":0,"delta":{"content":"測試 Skill","role":"assistant"},"finish_reason":null,"native_finish_reason":null}]}
--- CHUNK 1783158546010 bytes=295 ---
data: {"id":"gen-1783158532-u3Mt5hnbf0R4gLFnPxHY","object":"chat.completion.chunk","created":1783158532,"model":"deepseek/deepseek-v4-flash-20260423","provider":"GMICloud","choices":[{"index":0,"delta":{"content":"」的","role":"assistant"},"finish_reason":null,"native_finish_reason":null}]}


PARSED: {"id":"gen-1783158532-u3Mt5hnbf0R4gLFnPxHY","object":"chat.completion.chunk","created":1783158532,"model":"deepseek/deepseek-v4-flash-20260423","provider":"GMICloud","choices":[{"index":0,"delta":{"content":"」的","role":"assistant"},"finish_reason":null,"native_finish_reason":null}]}
--- CHUNK 1783158546075 bytes=295 ---
data: {"id":"gen-1783158532-u3Mt5hnbf0R4gLFnPxHY","object":"chat.completion.chunk","created":1783158532,"model":"deepseek/deepseek-v4-flash-20260423","provider":"GMICloud","choices":[{"index":0,"delta":{"content":"專屬","role":"assistant"},"finish_reason":null,"native_finish_reason":null}]}


PARSED: {"id":"gen-1783158532-u3Mt5hnbf0R4gLFnPxHY","object":"chat.completion.chunk","created":1783158532,"model":"deepseek/deepseek-v4-flash-20260423","provider":"GMICloud","choices":[{"index":0,"delta":{"content":"專屬","role":"assistant"},"finish_reason":null,"native_finish_reason":null}]}
--- CHUNK 1783158546277 bytes=897 ---
data: {"id":"gen-1783158532-u3Mt5hnbf0R4gLFnPxHY","object":"chat.completion.chunk","created":1783158532,"model":"deepseek/deepseek-v4-flash-20260423","provider":"GMICloud","choices":[{"index":0,"delta":{"content":"工具。","role":"assistant"},"finish_reason":null,"native_finish_reason":null}]}

data: {"id":"gen-1783158532-u3Mt5hnbf0R4gLFnPxHY","object":"chat.completion.chunk","created":1783158532,"model":"deepseek/deepseek-v4-flash-20260423","provider":"GMICloud","choices":[{"index":0,"delta":{"content":"你可以","role":"assistant"},"finish_reason":null,"native_finish_reason":null}]}

data: {"id":"gen-1783158532-u3Mt5hnbf0R4gLFnPxHY","object":"chat.completion.chunk","created":1783158532,"model":"deepseek/deepseek-v4-flash-20260423","provider":"GMICloud","choices":[{"index":0,"delta":{"content":"把它想像","role":"assistant"},"finish_reason":null,"native_finish_reason":null}]}


PARSED: {"id":"gen-1783158532-u3Mt5hnbf0R4gLFnPxHY","object":"chat.completion.chunk","created":1783158532,"model":"deepseek/deepseek-v4-flash-20260423","provider":"GMICloud","choices":[{"index":0,"delta":{"content":"工具。","role":"assistant"},"finish_reason":null,"native_finish_reason":null}]}
PARSED: {"id":"gen-1783158532-u3Mt5hnbf0R4gLFnPxHY","object":"chat.completion.chunk","created":1783158532,"model":"deepseek/deepseek-v4-flash-20260423","provider":"GMICloud","choices":[{"index":0,"delta":{"content":"你可以","role":"assistant"},"finish_reason":null,"native_finish_reason":null}]}
PARSED: {"id":"gen-1783158532-u3Mt5hnbf0R4gLFnPxHY","object":"chat.completion.chunk","created":1783158532,"model":"deepseek/deepseek-v4-flash-20260423","provider":"GMICloud","choices":[{"index":0,"delta":{"content":"把它想像","role":"assistant"},"finish_reason":null,"native_finish_reason":null}]}
--- CHUNK 1783158546308 bytes=298 ---
data: {"id":"gen-1783158532-u3Mt5hnbf0R4gLFnPxHY","object":"chat.completion.chunk","created":1783158532,"model":"deepseek/deepseek-v4-flash-20260423","provider":"GMICloud","choices":[{"index":0,"delta":{"content":"成一個","role":"assistant"},"finish_reason":null,"native_finish_reason":null}]}


PARSED: {"id":"gen-1783158532-u3Mt5hnbf0R4gLFnPxHY","object":"chat.completion.chunk","created":1783158532,"model":"deepseek/deepseek-v4-flash-20260423","provider":"GMICloud","choices":[{"index":0,"delta":{"content":"成一個","role":"assistant"},"finish_reason":null,"native_finish_reason":null}]}
--- CHUNK 1783158546369 bytes=292 ---
data: {"id":"gen-1783158532-u3Mt5hnbf0R4gLFnPxHY","object":"chat.completion.chunk","created":1783158532,"model":"deepseek/deepseek-v4-flash-20260423","provider":"GMICloud","choices":[{"index":0,"delta":{"content":" AI","role":"assistant"},"finish_reason":null,"native_finish_reason":null}]}


PARSED: {"id":"gen-1783158532-u3Mt5hnbf0R4gLFnPxHY","object":"chat.completion.chunk","created":1783158532,"model":"deepseek/deepseek-v4-flash-20260423","provider":"GMICloud","choices":[{"index":0,"delta":{"content":" AI","role":"assistant"},"finish_reason":null,"native_finish_reason":null}]}
--- CHUNK 1783158546428 bytes=293 ---
data: {"id":"gen-1783158532-u3Mt5hnbf0R4gLFnPxHY","object":"chat.completion.chunk","created":1783158532,"model":"deepseek/deepseek-v4-flash-20260423","provider":"GMICloud","choices":[{"index":0,"delta":{"content":" 輔","role":"assistant"},"finish_reason":null,"native_finish_reason":null}]}


PARSED: {"id":"gen-1783158532-u3Mt5hnbf0R4gLFnPxHY","object":"chat.completion.chunk","created":1783158532,"model":"deepseek/deepseek-v4-flash-20260423","provider":"GMICloud","choices":[{"index":0,"delta":{"content":" 輔","role":"assistant"},"finish_reason":null,"native_finish_reason":null}]}
--- CHUNK 1783158546484 bytes=295 ---
data: {"id":"gen-1783158532-u3Mt5hnbf0R4gLFnPxHY","object":"chat.completion.chunk","created":1783158532,"model":"deepseek/deepseek-v4-flash-20260423","provider":"GMICloud","choices":[{"index":0,"delta":{"content":"助的","role":"assistant"},"finish_reason":null,"native_finish_reason":null}]}


PARSED: {"id":"gen-1783158532-u3Mt5hnbf0R4gLFnPxHY","object":"chat.completion.chunk","created":1783158532,"model":"deepseek/deepseek-v4-flash-20260423","provider":"GMICloud","choices":[{"index":0,"delta":{"content":"助的","role":"assistant"},"finish_reason":null,"native_finish_reason":null}]}
--- CHUNK 1783158546546 bytes=298 ---
data: {"id":"gen-1783158532-u3Mt5hnbf0R4gLFnPxHY","object":"chat.completion.chunk","created":1783158532,"model":"deepseek/deepseek-v4-flash-20260423","provider":"GMICloud","choices":[{"index":0,"delta":{"content":"「技能","role":"assistant"},"finish_reason":null,"native_finish_reason":null}]}


PARSED: {"id":"gen-1783158532-u3Mt5hnbf0R4gLFnPxHY","object":"chat.completion.chunk","created":1783158532,"model":"deepseek/deepseek-v4-flash-20260423","provider":"GMICloud","choices":[{"index":0,"delta":{"content":"「技能","role":"assistant"},"finish_reason":null,"native_finish_reason":null}]}
--- CHUNK 1783158546607 bytes=295 ---
data: {"id":"gen-1783158532-u3Mt5hnbf0R4gLFnPxHY","object":"chat.completion.chunk","created":1783158532,"model":"deepseek/deepseek-v4-flash-20260423","provider":"GMICloud","choices":[{"index":0,"delta":{"content":"編輯","role":"assistant"},"finish_reason":null,"native_finish_reason":null}]}


PARSED: {"id":"gen-1783158532-u3Mt5hnbf0R4gLFnPxHY","object":"chat.completion.chunk","created":1783158532,"model":"deepseek/deepseek-v4-flash-20260423","provider":"GMICloud","choices":[{"index":0,"delta":{"content":"編輯","role":"assistant"},"finish_reason":null,"native_finish_reason":null}]}
--- CHUNK 1783158546674 bytes=298 ---
data: {"id":"gen-1783158532-u3Mt5hnbf0R4gLFnPxHY","object":"chat.completion.chunk","created":1783158532,"model":"deepseek/deepseek-v4-flash-20260423","provider":"GMICloud","choices":[{"index":0,"delta":{"content":"工作室","role":"assistant"},"finish_reason":null,"native_finish_reason":null}]}


PARSED: {"id":"gen-1783158532-u3Mt5hnbf0R4gLFnPxHY","object":"chat.completion.chunk","created":1783158532,"model":"deepseek/deepseek-v4-flash-20260423","provider":"GMICloud","choices":[{"index":0,"delta":{"content":"工作室","role":"assistant"},"finish_reason":null,"native_finish_reason":null}]}
--- CHUNK 1783158546748 bytes=292 ---
data: {"id":"gen-1783158532-u3Mt5hnbf0R4gLFnPxHY","object":"chat.completion.chunk","created":1783158532,"model":"deepseek/deepseek-v4-flash-20260423","provider":"GMICloud","choices":[{"index":0,"delta":{"content":"」","role":"assistant"},"finish_reason":null,"native_finish_reason":null}]}


PARSED: {"id":"gen-1783158532-u3Mt5hnbf0R4gLFnPxHY","object":"chat.completion.chunk","created":1783158532,"model":"deepseek/deepseek-v4-flash-20260423","provider":"GMICloud","choices":[{"index":0,"delta":{"content":"」","role":"assistant"},"finish_reason":null,"native_finish_reason":null}]}
--- CHUNK 1783158546803 bytes=298 ---
data: {"id":"gen-1783158532-u3Mt5hnbf0R4gLFnPxHY","object":"chat.completion.chunk","created":1783158532,"model":"deepseek/deepseek-v4-flash-20260423","provider":"GMICloud","choices":[{"index":0,"delta":{"content":"——你","role":"assistant"},"finish_reason":null,"native_finish_reason":null}]}


PARSED: {"id":"gen-1783158532-u3Mt5hnbf0R4gLFnPxHY","object":"chat.completion.chunk","created":1783158532,"model":"deepseek/deepseek-v4-flash-20260423","provider":"GMICloud","choices":[{"index":0,"delta":{"content":"——你","role":"assistant"},"finish_reason":null,"native_finish_reason":null}]}
--- CHUNK 1783158546849 bytes=295 ---
data: {"id":"gen-1783158532-u3Mt5hnbf0R4gLFnPxHY","object":"chat.completion.chunk","created":1783158532,"model":"deepseek/deepseek-v4-flash-20260423","provider":"GMICloud","choices":[{"index":0,"delta":{"content":"告訴","role":"assistant"},"finish_reason":null,"native_finish_reason":null}]}


PARSED: {"id":"gen-1783158532-u3Mt5hnbf0R4gLFnPxHY","object":"chat.completion.chunk","created":1783158532,"model":"deepseek/deepseek-v4-flash-20260423","provider":"GMICloud","choices":[{"index":0,"delta":{"content":"告訴","role":"assistant"},"finish_reason":null,"native_finish_reason":null}]}
--- CHUNK 1783158546909 bytes=292 ---
data: {"id":"gen-1783158532-u3Mt5hnbf0R4gLFnPxHY","object":"chat.completion.chunk","created":1783158532,"model":"deepseek/deepseek-v4-flash-20260423","provider":"GMICloud","choices":[{"index":0,"delta":{"content":" AI","role":"assistant"},"finish_reason":null,"native_finish_reason":null}]}


PARSED: {"id":"gen-1783158532-u3Mt5hnbf0R4gLFnPxHY","object":"chat.completion.chunk","created":1783158532,"model":"deepseek/deepseek-v4-flash-20260423","provider":"GMICloud","choices":[{"index":0,"delta":{"content":" AI","role":"assistant"},"finish_reason":null,"native_finish_reason":null}]}
--- CHUNK 1783158546965 bytes=299 ---
data: {"id":"gen-1783158532-u3Mt5hnbf0R4gLFnPxHY","object":"chat.completion.chunk","created":1783158532,"model":"deepseek/deepseek-v4-flash-20260423","provider":"GMICloud","choices":[{"index":0,"delta":{"content":" 你想要","role":"assistant"},"finish_reason":null,"native_finish_reason":null}]}


PARSED: {"id":"gen-1783158532-u3Mt5hnbf0R4gLFnPxHY","object":"chat.completion.chunk","created":1783158532,"model":"deepseek/deepseek-v4-flash-20260423","provider":"GMICloud","choices":[{"index":0,"delta":{"content":" 你想要","role":"assistant"},"finish_reason":null,"native_finish_reason":null}]}
--- CHUNK 1783158547039 bytes=301 ---
data: {"id":"gen-1783158532-u3Mt5hnbf0R4gLFnPxHY","object":"chat.completion.chunk","created":1783158532,"model":"deepseek/deepseek-v4-flash-20260423","provider":"GMICloud","choices":[{"index":0,"delta":{"content":"什麼功能","role":"assistant"},"finish_reason":null,"native_finish_reason":null}]}


PARSED: {"id":"gen-1783158532-u3Mt5hnbf0R4gLFnPxHY","object":"chat.completion.chunk","created":1783158532,"model":"deepseek/deepseek-v4-flash-20260423","provider":"GMICloud","choices":[{"index":0,"delta":{"content":"什麼功能","role":"assistant"},"finish_reason":null,"native_finish_reason":null}]}
--- CHUNK 1783158547085 bytes=295 ---
data: {"id":"gen-1783158532-u3Mt5hnbf0R4gLFnPxHY","object":"chat.completion.chunk","created":1783158532,"model":"deepseek/deepseek-v4-flash-20260423","provider":"GMICloud","choices":[{"index":0,"delta":{"content":"，它","role":"assistant"},"finish_reason":null,"native_finish_reason":null}]}


PARSED: {"id":"gen-1783158532-u3Mt5hnbf0R4gLFnPxHY","object":"chat.completion.chunk","created":1783158532,"model":"deepseek/deepseek-v4-flash-20260423","provider":"GMICloud","choices":[{"index":0,"delta":{"content":"，它","role":"assistant"},"finish_reason":null,"native_finish_reason":null}]}
--- CHUNK 1783158547150 bytes=298 ---
data: {"id":"gen-1783158532-u3Mt5hnbf0R4gLFnPxHY","object":"chat.completion.chunk","created":1783158532,"model":"deepseek/deepseek-v4-flash-20260423","provider":"GMICloud","choices":[{"index":0,"delta":{"content":"就會幫","role":"assistant"},"finish_reason":null,"native_finish_reason":null}]}


PARSED: {"id":"gen-1783158532-u3Mt5hnbf0R4gLFnPxHY","object":"chat.completion.chunk","created":1783158532,"model":"deepseek/deepseek-v4-flash-20260423","provider":"GMICloud","choices":[{"index":0,"delta":{"content":"就會幫","role":"assistant"},"finish_reason":null,"native_finish_reason":null}]}
--- CHUNK 1783158547208 bytes=295 ---
data: {"id":"gen-1783158532-u3Mt5hnbf0R4gLFnPxHY","object":"chat.completion.chunk","created":1783158532,"model":"deepseek/deepseek-v4-flash-20260423","provider":"GMICloud","choices":[{"index":0,"delta":{"content":"你產","role":"assistant"},"finish_reason":null,"native_finish_reason":null}]}


PARSED: {"id":"gen-1783158532-u3Mt5hnbf0R4gLFnPxHY","object":"chat.completion.chunk","created":1783158532,"model":"deepseek/deepseek-v4-flash-20260423","provider":"GMICloud","choices":[{"index":0,"delta":{"content":"你產","role":"assistant"},"finish_reason":null,"native_finish_reason":null}]}
--- CHUNK 1783158547267 bytes=292 ---
data: {"id":"gen-1783158532-u3Mt5hnbf0R4gLFnPxHY","object":"chat.completion.chunk","created":1783158532,"model":"deepseek/deepseek-v4-flash-20260423","provider":"GMICloud","choices":[{"index":0,"delta":{"content":"出","role":"assistant"},"finish_reason":null,"native_finish_reason":null}]}


PARSED: {"id":"gen-1783158532-u3Mt5hnbf0R4gLFnPxHY","object":"chat.completion.chunk","created":1783158532,"model":"deepseek/deepseek-v4-flash-20260423","provider":"GMICloud","choices":[{"index":0,"delta":{"content":"出","role":"assistant"},"finish_reason":null,"native_finish_reason":null}]}
--- CHUNK 1783158547322 bytes=301 ---
data: {"id":"gen-1783158532-u3Mt5hnbf0R4gLFnPxHY","object":"chat.completion.chunk","created":1783158532,"model":"deepseek/deepseek-v4-flash-20260423","provider":"GMICloud","choices":[{"index":0,"delta":{"content":"結構化的","role":"assistant"},"finish_reason":null,"native_finish_reason":null}]}


PARSED: {"id":"gen-1783158532-u3Mt5hnbf0R4gLFnPxHY","object":"chat.completion.chunk","created":1783158532,"model":"deepseek/deepseek-v4-flash-20260423","provider":"GMICloud","choices":[{"index":0,"delta":{"content":"結構化的","role":"assistant"},"finish_reason":null,"native_finish_reason":null}]}
--- CHUNK 1783158547383 bytes=293 ---
data: {"id":"gen-1783158532-u3Mt5hnbf0R4gLFnPxHY","object":"chat.completion.chunk","created":1783158532,"model":"deepseek/deepseek-v4-flash-20260423","provider":"GMICloud","choices":[{"index":0,"delta":{"content":" `SK","role":"assistant"},"finish_reason":null,"native_finish_reason":null}]}


PARSED: {"id":"gen-1783158532-u3Mt5hnbf0R4gLFnPxHY","object":"chat.completion.chunk","created":1783158532,"model":"deepseek/deepseek-v4-flash-20260423","provider":"GMICloud","choices":[{"index":0,"delta":{"content":" `SK","role":"assistant"},"finish_reason":null,"native_finish_reason":null}]}
--- CHUNK 1783158547463 bytes=295 ---
data: {"id":"gen-1783158532-u3Mt5hnbf0R4gLFnPxHY","object":"chat.completion.chunk","created":1783158532,"model":"deepseek/deepseek-v4-flash-20260423","provider":"GMICloud","choices":[{"index":0,"delta":{"content":"ILL.md","role":"assistant"},"finish_reason":null,"native_finish_reason":null}]}


PARSED: {"id":"gen-1783158532-u3Mt5hnbf0R4gLFnPxHY","object":"chat.completion.chunk","created":1783158532,"model":"deepseek/deepseek-v4-flash-20260423","provider":"GMICloud","choices":[{"index":0,"delta":{"content":"ILL.md","role":"assistant"},"finish_reason":null,"native_finish_reason":null}]}
--- CHUNK 1783158547529 bytes=291 ---
data: {"id":"gen-1783158532-u3Mt5hnbf0R4gLFnPxHY","object":"chat.completion.chunk","created":1783158532,"model":"deepseek/deepseek-v4-flash-20260423","provider":"GMICloud","choices":[{"index":0,"delta":{"content":"` ","role":"assistant"},"finish_reason":null,"native_finish_reason":null}]}


PARSED: {"id":"gen-1783158532-u3Mt5hnbf0R4gLFnPxHY","object":"chat.completion.chunk","created":1783158532,"model":"deepseek/deepseek-v4-flash-20260423","provider":"GMICloud","choices":[{"index":0,"delta":{"content":"` ","role":"assistant"},"finish_reason":null,"native_finish_reason":null}]}
--- CHUNK 1783158547585 bytes=302 ---
data: {"id":"gen-1783158532-u3Mt5hnbf0R4gLFnPxHY","object":"chat.completion.chunk","created":1783158532,"model":"deepseek/deepseek-v4-flash-20260423","provider":"GMICloud","choices":[{"index":0,"delta":{"content":"檔案。\n\n","role":"assistant"},"finish_reason":null,"native_finish_reason":null}]}


PARSED: {"id":"gen-1783158532-u3Mt5hnbf0R4gLFnPxHY","object":"chat.completion.chunk","created":1783158532,"model":"deepseek/deepseek-v4-flash-20260423","provider":"GMICloud","choices":[{"index":0,"delta":{"content":"檔案。\n\n","role":"assistant"},"finish_reason":null,"native_finish_reason":null}]}
--- CHUNK 1783158547657 bytes=296 ---
data: {"id":"gen-1783158532-u3Mt5hnbf0R4gLFnPxHY","object":"chat.completion.chunk","created":1783158532,"model":"deepseek/deepseek-v4-flash-20260423","provider":"GMICloud","choices":[{"index":0,"delta":{"content":"---\n\n","role":"assistant"},"finish_reason":null,"native_finish_reason":null}]}


PARSED: {"id":"gen-1783158532-u3Mt5hnbf0R4gLFnPxHY","object":"chat.completion.chunk","created":1783158532,"model":"deepseek/deepseek-v4-flash-20260423","provider":"GMICloud","choices":[{"index":0,"delta":{"content":"---\n\n","role":"assistant"},"finish_reason":null,"native_finish_reason":null}]}
--- CHUNK 1783158547688 bytes=293 ---
data: {"id":"gen-1783158532-u3Mt5hnbf0R4gLFnPxHY","object":"chat.completion.chunk","created":1783158532,"model":"deepseek/deepseek-v4-flash-20260423","provider":"GMICloud","choices":[{"index":0,"delta":{"content":"### ","role":"assistant"},"finish_reason":null,"native_finish_reason":null}]}


PARSED: {"id":"gen-1783158532-u3Mt5hnbf0R4gLFnPxHY","object":"chat.completion.chunk","created":1783158532,"model":"deepseek/deepseek-v4-flash-20260423","provider":"GMICloud","choices":[{"index":0,"delta":{"content":"### ","role":"assistant"},"finish_reason":null,"native_finish_reason":null}]}
--- CHUNK 1783158547754 bytes=301 ---
data: {"id":"gen-1783158532-u3Mt5hnbf0R4gLFnPxHY","object":"chat.completion.chunk","created":1783158532,"model":"deepseek/deepseek-v4-flash-20260423","provider":"GMICloud","choices":[{"index":0,"delta":{"content":"核心概念","role":"assistant"},"finish_reason":null,"native_finish_reason":null}]}


PARSED: {"id":"gen-1783158532-u3Mt5hnbf0R4gLFnPxHY","object":"chat.completion.chunk","created":1783158532,"model":"deepseek/deepseek-v4-flash-20260423","provider":"GMICloud","choices":[{"index":0,"delta":{"content":"核心概念","role":"assistant"},"finish_reason":null,"native_finish_reason":null}]}
--- CHUNK 1783158547817 bytes=296 ---
data: {"id":"gen-1783158532-u3Mt5hnbf0R4gLFnPxHY","object":"chat.completion.chunk","created":1783158532,"model":"deepseek/deepseek-v4-flash-20260423","provider":"GMICloud","choices":[{"index":0,"delta":{"content":"\n\n在","role":"assistant"},"finish_reason":null,"native_finish_reason":null}]}


PARSED: {"id":"gen-1783158532-u3Mt5hnbf0R4gLFnPxHY","object":"chat.completion.chunk","created":1783158532,"model":"deepseek/deepseek-v4-flash-20260423","provider":"GMICloud","choices":[{"index":0,"delta":{"content":"\n\n在","role":"assistant"},"finish_reason":null,"native_finish_reason":null}]}
--- CHUNK 1783158547865 bytes=293 ---
data: {"id":"gen-1783158532-u3Mt5hnbf0R4gLFnPxHY","object":"chat.completion.chunk","created":1783158532,"model":"deepseek/deepseek-v4-flash-20260423","provider":"GMICloud","choices":[{"index":0,"delta":{"content":" PAA","role":"assistant"},"finish_reason":null,"native_finish_reason":null}]}


PARSED: {"id":"gen-1783158532-u3Mt5hnbf0R4gLFnPxHY","object":"chat.completion.chunk","created":1783158532,"model":"deepseek/deepseek-v4-flash-20260423","provider":"GMICloud","choices":[{"index":0,"delta":{"content":" PAA","role":"assistant"},"finish_reason":null,"native_finish_reason":null}]}
--- CHUNK 1783158547930 bytes=291 ---
data: {"id":"gen-1783158532-u3Mt5hnbf0R4gLFnPxHY","object":"chat.completion.chunk","created":1783158532,"model":"deepseek/deepseek-v4-flash-20260423","provider":"GMICloud","choices":[{"index":0,"delta":{"content":"W ","role":"assistant"},"finish_reason":null,"native_finish_reason":null}]}


PARSED: {"id":"gen-1783158532-u3Mt5hnbf0R4gLFnPxHY","object":"chat.completion.chunk","created":1783158532,"model":"deepseek/deepseek-v4-flash-20260423","provider":"GMICloud","choices":[{"index":0,"delta":{"content":"W ","role":"assistant"},"finish_reason":null,"native_finish_reason":null}]}
--- CHUNK 1783158547987 bytes=295 ---
data: {"id":"gen-1783158532-u3Mt5hnbf0R4gLFnPxHY","object":"chat.completion.chunk","created":1783158532,"model":"deepseek/deepseek-v4-flash-20260423","provider":"GMICloud","choices":[{"index":0,"delta":{"content":"中，","role":"assistant"},"finish_reason":null,"native_finish_reason":null}]}


PARSED: {"id":"gen-1783158532-u3Mt5hnbf0R4gLFnPxHY","object":"chat.completion.chunk","created":1783158532,"model":"deepseek/deepseek-v4-flash-20260423","provider":"GMICloud","choices":[{"index":0,"delta":{"content":"中，","role":"assistant"},"finish_reason":null,"native_finish_reason":null}]}
--- CHUNK 1783158548047 bytes=296 ---
data: {"id":"gen-1783158532-u3Mt5hnbf0R4gLFnPxHY","object":"chat.completion.chunk","created":1783158532,"model":"deepseek/deepseek-v4-flash-20260423","provider":"GMICloud","choices":[{"index":0,"delta":{"content":"**Skill","role":"assistant"},"finish_reason":null,"native_finish_reason":null}]}


PARSED: {"id":"gen-1783158532-u3Mt5hnbf0R4gLFnPxHY","object":"chat.completion.chunk","created":1783158532,"model":"deepseek/deepseek-v4-flash-20260423","provider":"GMICloud","choices":[{"index":0,"delta":{"content":"**Skill","role":"assistant"},"finish_reason":null,"native_finish_reason":null}]}
--- CHUNK 1783158548123 bytes=291 ---
data: {"id":"gen-1783158532-u3Mt5hnbf0R4gLFnPxHY","object":"chat.completion.chunk","created":1783158532,"model":"deepseek/deepseek-v4-flash-20260423","provider":"GMICloud","choices":[{"index":0,"delta":{"content":"**","role":"assistant"},"finish_reason":null,"native_finish_reason":null}]}


PARSED: {"id":"gen-1783158532-u3Mt5hnbf0R4gLFnPxHY","object":"chat.completion.chunk","created":1783158532,"model":"deepseek/deepseek-v4-flash-20260423","provider":"GMICloud","choices":[{"index":0,"delta":{"content":"**","role":"assistant"},"finish_reason":null,"native_finish_reason":null}]}
--- CHUNK 1783158548172 bytes=296 ---
data: {"id":"gen-1783158532-u3Mt5hnbf0R4gLFnPxHY","object":"chat.completion.chunk","created":1783158532,"model":"deepseek/deepseek-v4-flash-20260423","provider":"GMICloud","choices":[{"index":0,"delta":{"content":" 是最","role":"assistant"},"finish_reason":null,"native_finish_reason":null}]}


PARSED: {"id":"gen-1783158532-u3Mt5hnbf0R4gLFnPxHY","object":"chat.completion.chunk","created":1783158532,"model":"deepseek/deepseek-v4-flash-20260423","provider":"GMICloud","choices":[{"index":0,"delta":{"content":" 是最","role":"assistant"},"finish_reason":null,"native_finish_reason":null}]}
--- CHUNK 1783158548223 bytes=301 ---
data: {"id":"gen-1783158532-u3Mt5hnbf0R4gLFnPxHY","object":"chat.completion.chunk","created":1783158532,"model":"deepseek/deepseek-v4-flash-20260423","provider":"GMICloud","choices":[{"index":0,"delta":{"content":"小的能力","role":"assistant"},"finish_reason":null,"native_finish_reason":null}]}


PARSED: {"id":"gen-1783158532-u3Mt5hnbf0R4gLFnPxHY","object":"chat.completion.chunk","created":1783158532,"model":"deepseek/deepseek-v4-flash-20260423","provider":"GMICloud","choices":[{"index":0,"delta":{"content":"小的能力","role":"assistant"},"finish_reason":null,"native_finish_reason":null}]}
--- CHUNK 1783158548283 bytes=295 ---
data: {"id":"gen-1783158532-u3Mt5hnbf0R4gLFnPxHY","object":"chat.completion.chunk","created":1783158532,"model":"deepseek/deepseek-v4-flash-20260423","provider":"GMICloud","choices":[{"index":0,"delta":{"content":"單元","role":"assistant"},"finish_reason":null,"native_finish_reason":null}]}


PARSED: {"id":"gen-1783158532-u3Mt5hnbf0R4gLFnPxHY","object":"chat.completion.chunk","created":1783158532,"model":"deepseek/deepseek-v4-flash-20260423","provider":"GMICloud","choices":[{"index":0,"delta":{"content":"單元","role":"assistant"},"finish_reason":null,"native_finish_reason":null}]}
--- CHUNK 1783158548348 bytes=292 ---
data: {"id":"gen-1783158532-u3Mt5hnbf0R4gLFnPxHY","object":"chat.completion.chunk","created":1783158532,"model":"deepseek/deepseek-v4-flash-20260423","provider":"GMICloud","choices":[{"index":0,"delta":{"content":"，","role":"assistant"},"finish_reason":null,"native_finish_reason":null}]}


PARSED: {"id":"gen-1783158532-u3Mt5hnbf0R4gLFnPxHY","object":"chat.completion.chunk","created":1783158532,"model":"deepseek/deepseek-v4-flash-20260423","provider":"GMICloud","choices":[{"index":0,"delta":{"content":"，","role":"assistant"},"finish_reason":null,"native_finish_reason":null}]}
--- CHUNK 1783158548401 bytes=301 ---
data: {"id":"gen-1783158532-u3Mt5hnbf0R4gLFnPxHY","object":"chat.completion.chunk","created":1783158532,"model":"deepseek/deepseek-v4-flash-20260423","provider":"GMICloud","choices":[{"index":0,"delta":{"content":"每個 Skill","role":"assistant"},"finish_reason":null,"native_finish_reason":null}]}


PARSED: {"id":"gen-1783158532-u3Mt5hnbf0R4gLFnPxHY","object":"chat.completion.chunk","created":1783158532,"model":"deepseek/deepseek-v4-flash-20260423","provider":"GMICloud","choices":[{"index":0,"delta":{"content":"每個 Skill","role":"assistant"},"finish_reason":null,"native_finish_reason":null}]}
--- CHUNK 1783158548467 bytes=293 ---
data: {"id":"gen-1783158532-u3Mt5hnbf0R4gLFnPxHY","object":"chat.completion.chunk","created":1783158532,"model":"deepseek/deepseek-v4-flash-20260423","provider":"GMICloud","choices":[{"index":0,"delta":{"content":" 由","role":"assistant"},"finish_reason":null,"native_finish_reason":null}]}


PARSED: {"id":"gen-1783158532-u3Mt5hnbf0R4gLFnPxHY","object":"chat.completion.chunk","created":1783158532,"model":"deepseek/deepseek-v4-flash-20260423","provider":"GMICloud","choices":[{"index":0,"delta":{"content":" 由","role":"assistant"},"finish_reason":null,"native_finish_reason":null}]}
--- CHUNK 1783158548526 bytes=297 ---
data: {"id":"gen-1783158532-u3Mt5hnbf0R4gLFnPxHY","object":"chat.completion.chunk","created":1783158532,"model":"deepseek/deepseek-v4-flash-20260423","provider":"GMICloud","choices":[{"index":0,"delta":{"content":"一份 `","role":"assistant"},"finish_reason":null,"native_finish_reason":null}]}


PARSED: {"id":"gen-1783158532-u3Mt5hnbf0R4gLFnPxHY","object":"chat.completion.chunk","created":1783158532,"model":"deepseek/deepseek-v4-flash-20260423","provider":"GMICloud","choices":[{"index":0,"delta":{"content":"一份 `","role":"assistant"},"finish_reason":null,"native_finish_reason":null}]}
--- CHUNK 1783158548587 bytes=294 ---
data: {"id":"gen-1783158532-u3Mt5hnbf0R4gLFnPxHY","object":"chat.completion.chunk","created":1783158532,"model":"deepseek/deepseek-v4-flash-20260423","provider":"GMICloud","choices":[{"index":0,"delta":{"content":"SKILL","role":"assistant"},"finish_reason":null,"native_finish_reason":null}]}


PARSED: {"id":"gen-1783158532-u3Mt5hnbf0R4gLFnPxHY","object":"chat.completion.chunk","created":1783158532,"model":"deepseek/deepseek-v4-flash-20260423","provider":"GMICloud","choices":[{"index":0,"delta":{"content":"SKILL","role":"assistant"},"finish_reason":null,"native_finish_reason":null}]}
--- CHUNK 1783158548643 bytes=293 ---
data: {"id":"gen-1783158532-u3Mt5hnbf0R4gLFnPxHY","object":"chat.completion.chunk","created":1783158532,"model":"deepseek/deepseek-v4-flash-20260423","provider":"GMICloud","choices":[{"index":0,"delta":{"content":".md`","role":"assistant"},"finish_reason":null,"native_finish_reason":null}]}


PARSED: {"id":"gen-1783158532-u3Mt5hnbf0R4gLFnPxHY","object":"chat.completion.chunk","created":1783158532,"model":"deepseek/deepseek-v4-flash-20260423","provider":"GMICloud","choices":[{"index":0,"delta":{"content":".md`","role":"assistant"},"finish_reason":null,"native_finish_reason":null}]}
--- CHUNK 1783158548706 bytes=296 ---
data: {"id":"gen-1783158532-u3Mt5hnbf0R4gLFnPxHY","object":"chat.completion.chunk","created":1783158532,"model":"deepseek/deepseek-v4-flash-20260423","provider":"GMICloud","choices":[{"index":0,"delta":{"content":" 定義","role":"assistant"},"finish_reason":null,"native_finish_reason":null}]}


PARSED: {"id":"gen-1783158532-u3Mt5hnbf0R4gLFnPxHY","object":"chat.completion.chunk","created":1783158532,"model":"deepseek/deepseek-v4-flash-20260423","provider":"GMICloud","choices":[{"index":0,"delta":{"content":" 定義","role":"assistant"},"finish_reason":null,"native_finish_reason":null}]}
--- CHUNK 1783158548765 bytes=298 ---
data: {"id":"gen-1783158532-u3Mt5hnbf0R4gLFnPxHY","object":"chat.completion.chunk","created":1783158532,"model":"deepseek/deepseek-v4-flash-20260423","provider":"GMICloud","choices":[{"index":0,"delta":{"content":"，內容","role":"assistant"},"finish_reason":null,"native_finish_reason":null}]}


PARSED: {"id":"gen-1783158532-u3Mt5hnbf0R4gLFnPxHY","object":"chat.completion.chunk","created":1783158532,"model":"deepseek/deepseek-v4-flash-20260423","provider":"GMICloud","choices":[{"index":0,"delta":{"content":"，內容","role":"assistant"},"finish_reason":null,"native_finish_reason":null}]}
--- CHUNK 1783158548822 bytes=302 ---
data: {"id":"gen-1783158532-u3Mt5hnbf0R4gLFnPxHY","object":"chat.completion.chunk","created":1783158532,"model":"deepseek/deepseek-v4-flash-20260423","provider":"GMICloud","choices":[{"index":0,"delta":{"content":"包含：\n\n","role":"assistant"},"finish_reason":null,"native_finish_reason":null}]}


PARSED: {"id":"gen-1783158532-u3Mt5hnbf0R4gLFnPxHY","object":"chat.completion.chunk","created":1783158532,"model":"deepseek/deepseek-v4-flash-20260423","provider":"GMICloud","choices":[{"index":0,"delta":{"content":"包含：\n\n","role":"assistant"},"finish_reason":null,"native_finish_reason":null}]}
--- CHUNK 1783158548879 bytes=301 ---
data: {"id":"gen-1783158532-u3Mt5hnbf0R4gLFnPxHY","object":"chat.completion.chunk","created":1783158532,"model":"deepseek/deepseek-v4-flash-20260423","provider":"GMICloud","choices":[{"index":0,"delta":{"content":"```\nPurpose","role":"assistant"},"finish_reason":null,"native_finish_reason":null}]}


PARSED: {"id":"gen-1783158532-u3Mt5hnbf0R4gLFnPxHY","object":"chat.completion.chunk","created":1783158532,"model":"deepseek/deepseek-v4-flash-20260423","provider":"GMICloud","choices":[{"index":0,"delta":{"content":"```\nPurpose","role":"assistant"},"finish_reason":null,"native_finish_reason":null}]}
--- CHUNK 1783158548942 bytes=299 ---
data: {"id":"gen-1783158532-u3Mt5hnbf0R4gLFnPxHY","object":"chat.completion.chunk","created":1783158532,"model":"deepseek/deepseek-v4-flash-20260423","provider":"GMICloud","choices":[{"index":0,"delta":{"content":" → Input","role":"assistant"},"finish_reason":null,"native_finish_reason":null}]}


PARSED: {"id":"gen-1783158532-u3Mt5hnbf0R4gLFnPxHY","object":"chat.completion.chunk","created":1783158532,"model":"deepseek/deepseek-v4-flash-20260423","provider":"GMICloud","choices":[{"index":0,"delta":{"content":" → Input","role":"assistant"},"finish_reason":null,"native_finish_reason":null}]}
--- CHUNK 1783158549000 bytes=294 ---
data: {"id":"gen-1783158532-u3Mt5hnbf0R4gLFnPxHY","object":"chat.completion.chunk","created":1783158532,"model":"deepseek/deepseek-v4-flash-20260423","provider":"GMICloud","choices":[{"index":0,"delta":{"content":"s →","role":"assistant"},"finish_reason":null,"native_finish_reason":null}]}


PARSED: {"id":"gen-1783158532-u3Mt5hnbf0R4gLFnPxHY","object":"chat.completion.chunk","created":1783158532,"model":"deepseek/deepseek-v4-flash-20260423","provider":"GMICloud","choices":[{"index":0,"delta":{"content":"s →","role":"assistant"},"finish_reason":null,"native_finish_reason":null}]}
--- CHUNK 1783158549058 bytes=303 ---
data: {"id":"gen-1783158532-u3Mt5hnbf0R4gLFnPxHY","object":"chat.completion.chunk","created":1783158532,"model":"deepseek/deepseek-v4-flash-20260423","provider":"GMICloud","choices":[{"index":0,"delta":{"content":" Deterministic","role":"assistant"},"finish_reason":null,"native_finish_reason":null}]}


PARSED: {"id":"gen-1783158532-u3Mt5hnbf0R4gLFnPxHY","object":"chat.completion.chunk","created":1783158532,"model":"deepseek/deepseek-v4-flash-20260423","provider":"GMICloud","choices":[{"index":0,"delta":{"content":" Deterministic","role":"assistant"},"finish_reason":null,"native_finish_reason":null}]}
--- CHUNK 1783158549125 bytes=300 ---
data: {"id":"gen-1783158532-u3Mt5hnbf0R4gLFnPxHY","object":"chat.completion.chunk","created":1783158532,"model":"deepseek/deepseek-v4-flash-20260423","provider":"GMICloud","choices":[{"index":0,"delta":{"content":" Script →","role":"assistant"},"finish_reason":null,"native_finish_reason":null}]}


PARSED: {"id":"gen-1783158532-u3Mt5hnbf0R4gLFnPxHY","object":"chat.completion.chunk","created":1783158532,"model":"deepseek/deepseek-v4-flash-20260423","provider":"GMICloud","choices":[{"index":0,"delta":{"content":" Script →","role":"assistant"},"finish_reason":null,"native_finish_reason":null}]}
--- CHUNK 1783158549182 bytes=300 ---
data: {"id":"gen-1783158532-u3Mt5hnbf0R4gLFnPxHY","object":"chat.completion.chunk","created":1783158532,"model":"deepseek/deepseek-v4-flash-20260423","provider":"GMICloud","choices":[{"index":0,"delta":{"content":" Guardrails","role":"assistant"},"finish_reason":null,"native_finish_reason":null}]}


PARSED: {"id":"gen-1783158532-u3Mt5hnbf0R4gLFnPxHY","object":"chat.completion.chunk","created":1783158532,"model":"deepseek/deepseek-v4-flash-20260423","provider":"GMICloud","choices":[{"index":0,"delta":{"content":" Guardrails","role":"assistant"},"finish_reason":null,"native_finish_reason":null}]}
--- CHUNK 1783158549243 bytes=300 ---
data: {"id":"gen-1783158532-u3Mt5hnbf0R4gLFnPxHY","object":"chat.completion.chunk","created":1783158532,"model":"deepseek/deepseek-v4-flash-20260423","provider":"GMICloud","choices":[{"index":0,"delta":{"content":" → Output","role":"assistant"},"finish_reason":null,"native_finish_reason":null}]}


PARSED: {"id":"gen-1783158532-u3Mt5hnbf0R4gLFnPxHY","object":"chat.completion.chunk","created":1783158532,"model":"deepseek/deepseek-v4-flash-20260423","provider":"GMICloud","choices":[{"index":0,"delta":{"content":" → Output","role":"assistant"},"finish_reason":null,"native_finish_reason":null}]}
--- CHUNK 1783158549302 bytes=302 ---
data: {"id":"gen-1783158532-u3Mt5hnbf0R4gLFnPxHY","object":"chat.completion.chunk","created":1783158532,"model":"deepseek/deepseek-v4-flash-20260423","provider":"GMICloud","choices":[{"index":0,"delta":{"content":" Contract →","role":"assistant"},"finish_reason":null,"native_finish_reason":null}]}


PARSED: {"id":"gen-1783158532-u3Mt5hnbf0R4gLFnPxHY","object":"chat.completion.chunk","created":1783158532,"model":"deepseek/deepseek-v4-flash-20260423","provider":"GMICloud","choices":[{"index":0,"delta":{"content":" Contract →","role":"assistant"},"finish_reason":null,"native_finish_reason":null}]}
--- CHUNK 1783158549361 bytes=302 ---
data: {"id":"gen-1783158532-u3Mt5hnbf0R4gLFnPxHY","object":"chat.completion.chunk","created":1783158532,"model":"deepseek/deepseek-v4-flash-20260423","provider":"GMICloud","choices":[{"index":0,"delta":{"content":" Validation\n","role":"assistant"},"finish_reason":null,"native_finish_reason":null}]}


PARSED: {"id":"gen-1783158532-u3Mt5hnbf0R4gLFnPxHY","object":"chat.completion.chunk","created":1783158532,"model":"deepseek/deepseek-v4-flash-20260423","provider":"GMICloud","choices":[{"index":0,"delta":{"content":" Validation\n","role":"assistant"},"finish_reason":null,"native_finish_reason":null}]}
--- CHUNK 1783158549421 bytes=299 ---
data: {"id":"gen-1783158532-u3Mt5hnbf0R4gLFnPxHY","object":"chat.completion.chunk","created":1783158532,"model":"deepseek/deepseek-v4-flash-20260423","provider":"GMICloud","choices":[{"index":0,"delta":{"content":"```\n\n而","role":"assistant"},"finish_reason":null,"native_finish_reason":null}]}


PARSED: {"id":"gen-1783158532-u3Mt5hnbf0R4gLFnPxHY","object":"chat.completion.chunk","created":1783158532,"model":"deepseek/deepseek-v4-flash-20260423","provider":"GMICloud","choices":[{"index":0,"delta":{"content":"```\n\n而","role":"assistant"},"finish_reason":null,"native_finish_reason":null}]}
--- CHUNK 1783158549479 bytes=297 ---
data: {"id":"gen-1783158532-u3Mt5hnbf0R4gLFnPxHY","object":"chat.completion.chunk","created":1783158532,"model":"deepseek/deepseek-v4-flash-20260423","provider":"GMICloud","choices":[{"index":0,"delta":{"content":" **Skill","role":"assistant"},"finish_reason":null,"native_finish_reason":null}]}


PARSED: {"id":"gen-1783158532-u3Mt5hnbf0R4gLFnPxHY","object":"chat.completion.chunk","created":1783158532,"model":"deepseek/deepseek-v4-flash-20260423","provider":"GMICloud","choices":[{"index":0,"delta":{"content":" **Skill","role":"assistant"},"finish_reason":null,"native_finish_reason":null}]}
--- CHUNK 1783158549541 bytes=299 ---
data: {"id":"gen-1783158532-u3Mt5hnbf0R4gLFnPxHY","object":"chat.completion.chunk","created":1783158532,"model":"deepseek/deepseek-v4-flash-20260423","provider":"GMICloud","choices":[{"index":0,"delta":{"content":" Builder**","role":"assistant"},"finish_reason":null,"native_finish_reason":null}]}


PARSED: {"id":"gen-1783158532-u3Mt5hnbf0R4gLFnPxHY","object":"chat.completion.chunk","created":1783158532,"model":"deepseek/deepseek-v4-flash-20260423","provider":"GMICloud","choices":[{"index":0,"delta":{"content":" Builder**","role":"assistant"},"finish_reason":null,"native_finish_reason":null}]}
--- CHUNK 1783158549600 bytes=296 ---
data: {"id":"gen-1783158532-u3Mt5hnbf0R4gLFnPxHY","object":"chat.completion.chunk","created":1783158532,"model":"deepseek/deepseek-v4-flash-20260423","provider":"GMICloud","choices":[{"index":0,"delta":{"content":" 就是","role":"assistant"},"finish_reason":null,"native_finish_reason":null}]}


PARSED: {"id":"gen-1783158532-u3Mt5hnbf0R4gLFnPxHY","object":"chat.completion.chunk","created":1783158532,"model":"deepseek/deepseek-v4-flash-20260423","provider":"GMICloud","choices":[{"index":0,"delta":{"content":" 就是","role":"assistant"},"finish_reason":null,"native_finish_reason":null}]}
--- CHUNK 1783158549661 bytes=295 ---
data: {"id":"gen-1783158532-u3Mt5hnbf0R4gLFnPxHY","object":"chat.completion.chunk","created":1783158532,"model":"deepseek/deepseek-v4-flash-20260423","provider":"GMICloud","choices":[{"index":0,"delta":{"content":"負責","role":"assistant"},"finish_reason":null,"native_finish_reason":null}]}


PARSED: {"id":"gen-1783158532-u3Mt5hnbf0R4gLFnPxHY","object":"chat.completion.chunk","created":1783158532,"model":"deepseek/deepseek-v4-flash-20260423","provider":"GMICloud","choices":[{"index":0,"delta":{"content":"負責","role":"assistant"},"finish_reason":null,"native_finish_reason":null}]}
--- CHUNK 1783158549721 bytes=292 ---
data: {"id":"gen-1783158532-u3Mt5hnbf0R4gLFnPxHY","object":"chat.completion.chunk","created":1783158532,"model":"deepseek/deepseek-v4-flash-20260423","provider":"GMICloud","choices":[{"index":0,"delta":{"content":"「","role":"assistant"},"finish_reason":null,"native_finish_reason":null}]}


PARSED: {"id":"gen-1783158532-u3Mt5hnbf0R4gLFnPxHY","object":"chat.completion.chunk","created":1783158532,"model":"deepseek/deepseek-v4-flash-20260423","provider":"GMICloud","choices":[{"index":0,"delta":{"content":"「","role":"assistant"},"finish_reason":null,"native_finish_reason":null}]}
--- CHUNK 1783158549927 bytes=298 ---
data: {"id":"gen-1783158532-u3Mt5hnbf0R4gLFnPxHY","object":"chat.completion.chunk","created":1783158532,"model":"deepseek/deepseek-v4-flash-20260423","provider":"GMICloud","choices":[{"index":0,"delta":{"content":"產生與","role":"assistant"},"finish_reason":null,"native_finish_reason":null}]}


PARSED: {"id":"gen-1783158532-u3Mt5hnbf0R4gLFnPxHY","object":"chat.completion.chunk","created":1783158532,"model":"deepseek/deepseek-v4-flash-20260423","provider":"GMICloud","choices":[{"index":0,"delta":{"content":"產生與","role":"assistant"},"finish_reason":null,"native_finish_reason":null}]}
--- CHUNK 1783158549929 bytes=295 ---
data: {"id":"gen-1783158532-u3Mt5hnbf0R4gLFnPxHY","object":"chat.completion.chunk","created":1783158532,"model":"deepseek/deepseek-v4-flash-20260423","provider":"GMICloud","choices":[{"index":0,"delta":{"content":"編輯","role":"assistant"},"finish_reason":null,"native_finish_reason":null}]}


PARSED: {"id":"gen-1783158532-u3Mt5hnbf0R4gLFnPxHY","object":"chat.completion.chunk","created":1783158532,"model":"deepseek/deepseek-v4-flash-20260423","provider":"GMICloud","choices":[{"index":0,"delta":{"content":"編輯","role":"assistant"},"finish_reason":null,"native_finish_reason":null}]}
--- CHUNK 1783158549932 bytes=301 ---
data: {"id":"gen-1783158532-u3Mt5hnbf0R4gLFnPxHY","object":"chat.completion.chunk","created":1783158532,"model":"deepseek/deepseek-v4-flash-20260423","provider":"GMICloud","choices":[{"index":0,"delta":{"content":"這些 Skill","role":"assistant"},"finish_reason":null,"native_finish_reason":null}]}


PARSED: {"id":"gen-1783158532-u3Mt5hnbf0R4gLFnPxHY","object":"chat.completion.chunk","created":1783158532,"model":"deepseek/deepseek-v4-flash-20260423","provider":"GMICloud","choices":[{"index":0,"delta":{"content":"這些 Skill","role":"assistant"},"finish_reason":null,"native_finish_reason":null}]}
--- CHUNK 1783158549982 bytes=296 ---
data: {"id":"gen-1783158532-u3Mt5hnbf0R4gLFnPxHY","object":"chat.completion.chunk","created":1783158532,"model":"deepseek/deepseek-v4-flash-20260423","provider":"GMICloud","choices":[{"index":0,"delta":{"content":" 定義","role":"assistant"},"finish_reason":null,"native_finish_reason":null}]}


PARSED: {"id":"gen-1783158532-u3Mt5hnbf0R4gLFnPxHY","object":"chat.completion.chunk","created":1783158532,"model":"deepseek/deepseek-v4-flash-20260423","provider":"GMICloud","choices":[{"index":0,"delta":{"content":" 定義","role":"assistant"},"finish_reason":null,"native_finish_reason":null}]}
--- CHUNK 1783158550024 bytes=301 ---
data: {"id":"gen-1783158532-u3Mt5hnbf0R4gLFnPxHY","object":"chat.completion.chunk","created":1783158532,"model":"deepseek/deepseek-v4-flash-20260423","provider":"GMICloud","choices":[{"index":0,"delta":{"content":"」的工具","role":"assistant"},"finish_reason":null,"native_finish_reason":null}]}


PARSED: {"id":"gen-1783158532-u3Mt5hnbf0R4gLFnPxHY","object":"chat.completion.chunk","created":1783158532,"model":"deepseek/deepseek-v4-flash-20260423","provider":"GMICloud","choices":[{"index":0,"delta":{"content":"」的工具","role":"assistant"},"finish_reason":null,"native_finish_reason":null}]}
--- CHUNK 1783158550073 bytes=292 ---
data: {"id":"gen-1783158532-u3Mt5hnbf0R4gLFnPxHY","object":"chat.completion.chunk","created":1783158532,"model":"deepseek/deepseek-v4-flash-20260423","provider":"GMICloud","choices":[{"index":0,"delta":{"content":"。","role":"assistant"},"finish_reason":null,"native_finish_reason":null}]}


PARSED: {"id":"gen-1783158532-u3Mt5hnbf0R4gLFnPxHY","object":"chat.completion.chunk","created":1783158532,"model":"deepseek/deepseek-v4-flash-20260423","provider":"GMICloud","choices":[{"index":0,"delta":{"content":"。","role":"assistant"},"finish_reason":null,"native_finish_reason":null}]}
--- CHUNK 1783158550135 bytes=298 ---
data: {"id":"gen-1783158532-u3Mt5hnbf0R4gLFnPxHY","object":"chat.completion.chunk","created":1783158532,"model":"deepseek/deepseek-v4-flash-20260423","provider":"GMICloud","choices":[{"index":0,"delta":{"content":"它不是","role":"assistant"},"finish_reason":null,"native_finish_reason":null}]}


PARSED: {"id":"gen-1783158532-u3Mt5hnbf0R4gLFnPxHY","object":"chat.completion.chunk","created":1783158532,"model":"deepseek/deepseek-v4-flash-20260423","provider":"GMICloud","choices":[{"index":0,"delta":{"content":"它不是","role":"assistant"},"finish_reason":null,"native_finish_reason":null}]}
--- CHUNK 1783158550195 bytes=295 ---
data: {"id":"gen-1783158532-u3Mt5hnbf0R4gLFnPxHY","object":"chat.completion.chunk","created":1783158532,"model":"deepseek/deepseek-v4-flash-20260423","provider":"GMICloud","choices":[{"index":0,"delta":{"content":"讓你","role":"assistant"},"finish_reason":null,"native_finish_reason":null}]}


PARSED: {"id":"gen-1783158532-u3Mt5hnbf0R4gLFnPxHY","object":"chat.completion.chunk","created":1783158532,"model":"deepseek/deepseek-v4-flash-20260423","provider":"GMICloud","choices":[{"index":0,"delta":{"content":"讓你","role":"assistant"},"finish_reason":null,"native_finish_reason":null}]}
--- CHUNK 1783158550264 bytes=292 ---
data: {"id":"gen-1783158532-u3Mt5hnbf0R4gLFnPxHY","object":"chat.completion.chunk","created":1783158532,"model":"deepseek/deepseek-v4-flash-20260423","provider":"GMICloud","choices":[{"index":0,"delta":{"content":"手","role":"assistant"},"finish_reason":null,"native_finish_reason":null}]}


PARSED: {"id":"gen-1783158532-u3Mt5hnbf0R4gLFnPxHY","object":"chat.completion.chunk","created":1783158532,"model":"deepseek/deepseek-v4-flash-20260423","provider":"GMICloud","choices":[{"index":0,"delta":{"content":"手","role":"assistant"},"finish_reason":null,"native_finish_reason":null}]}
--- CHUNK 1783158550346 bytes=292 ---
data: {"id":"gen-1783158532-u3Mt5hnbf0R4gLFnPxHY","object":"chat.completion.chunk","created":1783158532,"model":"deepseek/deepseek-v4-flash-20260423","provider":"GMICloud","choices":[{"index":0,"delta":{"content":"寫","role":"assistant"},"finish_reason":null,"native_finish_reason":null}]}


PARSED: {"id":"gen-1783158532-u3Mt5hnbf0R4gLFnPxHY","object":"chat.completion.chunk","created":1783158532,"model":"deepseek/deepseek-v4-flash-20260423","provider":"GMICloud","choices":[{"index":0,"delta":{"content":"寫","role":"assistant"},"finish_reason":null,"native_finish_reason":null}]}
--- CHUNK 1783158550381 bytes=292 ---
data: {"id":"gen-1783158532-u3Mt5hnbf0R4gLFnPxHY","object":"chat.completion.chunk","created":1783158532,"model":"deepseek/deepseek-v4-flash-20260423","provider":"GMICloud","choices":[{"index":0,"delta":{"content":"，","role":"assistant"},"finish_reason":null,"native_finish_reason":null}]}


PARSED: {"id":"gen-1783158532-u3Mt5hnbf0R4gLFnPxHY","object":"chat.completion.chunk","created":1783158532,"model":"deepseek/deepseek-v4-flash-20260423","provider":"GMICloud","choices":[{"index":0,"delta":{"content":"，","role":"assistant"},"finish_reason":null,"native_finish_reason":null}]}
--- CHUNK 1783158550442 bytes=301 ---
data: {"id":"gen-1783158532-u3Mt5hnbf0R4gLFnPxHY","object":"chat.completion.chunk","created":1783158532,"model":"deepseek/deepseek-v4-flash-20260423","provider":"GMICloud","choices":[{"index":0,"delta":{"content":"而是透過","role":"assistant"},"finish_reason":null,"native_finish_reason":null}]}


PARSED: {"id":"gen-1783158532-u3Mt5hnbf0R4gLFnPxHY","object":"chat.completion.chunk","created":1783158532,"model":"deepseek/deepseek-v4-flash-20260423","provider":"GMICloud","choices":[{"index":0,"delta":{"content":"而是透過","role":"assistant"},"finish_reason":null,"native_finish_reason":null}]}
--- CHUNK 1783158550503 bytes=295 ---
data: {"id":"gen-1783158532-u3Mt5hnbf0R4gLFnPxHY","object":"chat.completion.chunk","created":1783158532,"model":"deepseek/deepseek-v4-flash-20260423","provider":"GMICloud","choices":[{"index":0,"delta":{"content":"聊天","role":"assistant"},"finish_reason":null,"native_finish_reason":null}]}


PARSED: {"id":"gen-1783158532-u3Mt5hnbf0R4gLFnPxHY","object":"chat.completion.chunk","created":1783158532,"model":"deepseek/deepseek-v4-flash-20260423","provider":"GMICloud","choices":[{"index":0,"delta":{"content":"聊天","role":"assistant"},"finish_reason":null,"native_finish_reason":null}]}
--- CHUNK 1783158550564 bytes=295 ---
data: {"id":"gen-1783158532-u3Mt5hnbf0R4gLFnPxHY","object":"chat.completion.chunk","created":1783158532,"model":"deepseek/deepseek-v4-flash-20260423","provider":"GMICloud","choices":[{"index":0,"delta":{"content":"對話","role":"assistant"},"finish_reason":null,"native_finish_reason":null}]}


PARSED: {"id":"gen-1783158532-u3Mt5hnbf0R4gLFnPxHY","object":"chat.completion.chunk","created":1783158532,"model":"deepseek/deepseek-v4-flash-20260423","provider":"GMICloud","choices":[{"index":0,"delta":{"content":"對話","role":"assistant"},"finish_reason":null,"native_finish_reason":null}]}
--- CHUNK 1783158550631 bytes=301 ---
data: {"id":"gen-1783158532-u3Mt5hnbf0R4gLFnPxHY","object":"chat.completion.chunk","created":1783158532,"model":"deepseek/deepseek-v4-flash-20260423","provider":"GMICloud","choices":[{"index":0,"delta":{"content":"的方式，","role":"assistant"},"finish_reason":null,"native_finish_reason":null}]}


PARSED: {"id":"gen-1783158532-u3Mt5hnbf0R4gLFnPxHY","object":"chat.completion.chunk","created":1783158532,"model":"deepseek/deepseek-v4-flash-20260423","provider":"GMICloud","choices":[{"index":0,"delta":{"content":"的方式，","role":"assistant"},"finish_reason":null,"native_finish_reason":null}]}
--- CHUNK 1783158550697 bytes=295 ---
data: {"id":"gen-1783158532-u3Mt5hnbf0R4gLFnPxHY","object":"chat.completion.chunk","created":1783158532,"model":"deepseek/deepseek-v4-flash-20260423","provider":"GMICloud","choices":[{"index":0,"delta":{"content":"你和","role":"assistant"},"finish_reason":null,"native_finish_reason":null}]}


PARSED: {"id":"gen-1783158532-u3Mt5hnbf0R4gLFnPxHY","object":"chat.completion.chunk","created":1783158532,"model":"deepseek/deepseek-v4-flash-20260423","provider":"GMICloud","choices":[{"index":0,"delta":{"content":"你和","role":"assistant"},"finish_reason":null,"native_finish_reason":null}]}
--- CHUNK 1783158550754 bytes=293 ---
data: {"id":"gen-1783158532-u3Mt5hnbf0R4gLFnPxHY","object":"chat.completion.chunk","created":1783158532,"model":"deepseek/deepseek-v4-flash-20260423","provider":"GMICloud","choices":[{"index":0,"delta":{"content":" AI ","role":"assistant"},"finish_reason":null,"native_finish_reason":null}]}


PARSED: {"id":"gen-1783158532-u3Mt5hnbf0R4gLFnPxHY","object":"chat.completion.chunk","created":1783158532,"model":"deepseek/deepseek-v4-flash-20260423","provider":"GMICloud","choices":[{"index":0,"delta":{"content":" AI ","role":"assistant"},"finish_reason":null,"native_finish_reason":null}]}
--- CHUNK 1783158550819 bytes=295 ---
data: {"id":"gen-1783158532-u3Mt5hnbf0R4gLFnPxHY","object":"chat.completion.chunk","created":1783158532,"model":"deepseek/deepseek-v4-flash-20260423","provider":"GMICloud","choices":[{"index":0,"delta":{"content":"協作","role":"assistant"},"finish_reason":null,"native_finish_reason":null}]}


PARSED: {"id":"gen-1783158532-u3Mt5hnbf0R4gLFnPxHY","object":"chat.completion.chunk","created":1783158532,"model":"deepseek/deepseek-v4-flash-20260423","provider":"GMICloud","choices":[{"index":0,"delta":{"content":"協作","role":"assistant"},"finish_reason":null,"native_finish_reason":null}]}
--- CHUNK 1783158550904 bytes=301 ---
data: {"id":"gen-1783158532-u3Mt5hnbf0R4gLFnPxHY","object":"chat.completion.chunk","created":1783158532,"model":"deepseek/deepseek-v4-flash-20260423","provider":"GMICloud","choices":[{"index":0,"delta":{"content":"完成一個","role":"assistant"},"finish_reason":null,"native_finish_reason":null}]}


PARSED: {"id":"gen-1783158532-u3Mt5hnbf0R4gLFnPxHY","object":"chat.completion.chunk","created":1783158532,"model":"deepseek/deepseek-v4-flash-20260423","provider":"GMICloud","choices":[{"index":0,"delta":{"content":"完成一個","role":"assistant"},"finish_reason":null,"native_finish_reason":null}]}
--- CHUNK 1783158550944 bytes=296 ---
data: {"id":"gen-1783158532-u3Mt5hnbf0R4gLFnPxHY","object":"chat.completion.chunk","created":1783158532,"model":"deepseek/deepseek-v4-flash-20260423","provider":"GMICloud","choices":[{"index":0,"delta":{"content":" Skill ","role":"assistant"},"finish_reason":null,"native_finish_reason":null}]}


PARSED: {"id":"gen-1783158532-u3Mt5hnbf0R4gLFnPxHY","object":"chat.completion.chunk","created":1783158532,"model":"deepseek/deepseek-v4-flash-20260423","provider":"GMICloud","choices":[{"index":0,"delta":{"content":" Skill ","role":"assistant"},"finish_reason":null,"native_finish_reason":null}]}
--- CHUNK 1783158551005 bytes=298 ---
data: {"id":"gen-1783158532-u3Mt5hnbf0R4gLFnPxHY","object":"chat.completion.chunk","created":1783158532,"model":"deepseek/deepseek-v4-flash-20260423","provider":"GMICloud","choices":[{"index":0,"delta":{"content":"的設計","role":"assistant"},"finish_reason":null,"native_finish_reason":null}]}


PARSED: {"id":"gen-1783158532-u3Mt5hnbf0R4gLFnPxHY","object":"chat.completion.chunk","created":1783158532,"model":"deepseek/deepseek-v4-flash-20260423","provider":"GMICloud","choices":[{"index":0,"delta":{"content":"的設計","role":"assistant"},"finish_reason":null,"native_finish_reason":null}]}
--- CHUNK 1783158551063 bytes=303 ---
data: {"id":"gen-1783158532-u3Mt5hnbf0R4gLFnPxHY","object":"chat.completion.chunk","created":1783158532,"model":"deepseek/deepseek-v4-flash-20260423","provider":"GMICloud","choices":[{"index":0,"delta":{"content":"。\n\n---\n\n","role":"assistant"},"finish_reason":null,"native_finish_reason":null}]}


PARSED: {"id":"gen-1783158532-u3Mt5hnbf0R4gLFnPxHY","object":"chat.completion.chunk","created":1783158532,"model":"deepseek/deepseek-v4-flash-20260423","provider":"GMICloud","choices":[{"index":0,"delta":{"content":"。\n\n---\n\n","role":"assistant"},"finish_reason":null,"native_finish_reason":null}]}
--- CHUNK 1783158551124 bytes=298 ---
data: {"id":"gen-1783158532-u3Mt5hnbf0R4gLFnPxHY","object":"chat.completion.chunk","created":1783158532,"model":"deepseek/deepseek-v4-flash-20260423","provider":"GMICloud","choices":[{"index":0,"delta":{"content":"### Skill","role":"assistant"},"finish_reason":null,"native_finish_reason":null}]}


PARSED: {"id":"gen-1783158532-u3Mt5hnbf0R4gLFnPxHY","object":"chat.completion.chunk","created":1783158532,"model":"deepseek/deepseek-v4-flash-20260423","provider":"GMICloud","choices":[{"index":0,"delta":{"content":"### Skill","role":"assistant"},"finish_reason":null,"native_finish_reason":null}]}
--- CHUNK 1783158551181 bytes=298 ---
data: {"id":"gen-1783158532-u3Mt5hnbf0R4gLFnPxHY","object":"chat.completion.chunk","created":1783158532,"model":"deepseek/deepseek-v4-flash-20260423","provider":"GMICloud","choices":[{"index":0,"delta":{"content":" Builder ","role":"assistant"},"finish_reason":null,"native_finish_reason":null}]}


PARSED: {"id":"gen-1783158532-u3Mt5hnbf0R4gLFnPxHY","object":"chat.completion.chunk","created":1783158532,"model":"deepseek/deepseek-v4-flash-20260423","provider":"GMICloud","choices":[{"index":0,"delta":{"content":" Builder ","role":"assistant"},"finish_reason":null,"native_finish_reason":null}]}
--- CHUNK 1783158551241 bytes=298 ---
data: {"id":"gen-1783158532-u3Mt5hnbf0R4gLFnPxHY","object":"chat.completion.chunk","created":1783158532,"model":"deepseek/deepseek-v4-flash-20260423","provider":"GMICloud","choices":[{"index":0,"delta":{"content":"的兩種","role":"assistant"},"finish_reason":null,"native_finish_reason":null}]}


PARSED: {"id":"gen-1783158532-u3Mt5hnbf0R4gLFnPxHY","object":"chat.completion.chunk","created":1783158532,"model":"deepseek/deepseek-v4-flash-20260423","provider":"GMICloud","choices":[{"index":0,"delta":{"content":"的兩種","role":"assistant"},"finish_reason":null,"native_finish_reason":null}]}
--- CHUNK 1783158551301 bytes=301 ---
data: {"id":"gen-1783158532-u3Mt5hnbf0R4gLFnPxHY","object":"chat.completion.chunk","created":1783158532,"model":"deepseek/deepseek-v4-flash-20260423","provider":"GMICloud","choices":[{"index":0,"delta":{"content":"使用方式","role":"assistant"},"finish_reason":null,"native_finish_reason":null}]}


PARSED: {"id":"gen-1783158532-u3Mt5hnbf0R4gLFnPxHY","object":"chat.completion.chunk","created":1783158532,"model":"deepseek/deepseek-v4-flash-20260423","provider":"GMICloud","choices":[{"index":0,"delta":{"content":"使用方式","role":"assistant"},"finish_reason":null,"native_finish_reason":null}]}
--- CHUNK 1783158551366 bytes=294 ---
data: {"id":"gen-1783158532-u3Mt5hnbf0R4gLFnPxHY","object":"chat.completion.chunk","created":1783158532,"model":"deepseek/deepseek-v4-flash-20260423","provider":"GMICloud","choices":[{"index":0,"delta":{"content":"\n\n|","role":"assistant"},"finish_reason":null,"native_finish_reason":null}]}


PARSED: {"id":"gen-1783158532-u3Mt5hnbf0R4gLFnPxHY","object":"chat.completion.chunk","created":1783158532,"model":"deepseek/deepseek-v4-flash-20260423","provider":"GMICloud","choices":[{"index":0,"delta":{"content":"\n\n|","role":"assistant"},"finish_reason":null,"native_finish_reason":null}]}
--- CHUNK 1783158551428 bytes=296 ---
data: {"id":"gen-1783158532-u3Mt5hnbf0R4gLFnPxHY","object":"chat.completion.chunk","created":1783158532,"model":"deepseek/deepseek-v4-flash-20260423","provider":"GMICloud","choices":[{"index":0,"delta":{"content":" 方式","role":"assistant"},"finish_reason":null,"native_finish_reason":null}]}


PARSED: {"id":"gen-1783158532-u3Mt5hnbf0R4gLFnPxHY","object":"chat.completion.chunk","created":1783158532,"model":"deepseek/deepseek-v4-flash-20260423","provider":"GMICloud","choices":[{"index":0,"delta":{"content":" 方式","role":"assistant"},"finish_reason":null,"native_finish_reason":null}]}
--- CHUNK 1783158551488 bytes=292 ---
data: {"id":"gen-1783158532-u3Mt5hnbf0R4gLFnPxHY","object":"chat.completion.chunk","created":1783158532,"model":"deepseek/deepseek-v4-flash-20260423","provider":"GMICloud","choices":[{"index":0,"delta":{"content":" | ","role":"assistant"},"finish_reason":null,"native_finish_reason":null}]}


PARSED: {"id":"gen-1783158532-u3Mt5hnbf0R4gLFnPxHY","object":"chat.completion.chunk","created":1783158532,"model":"deepseek/deepseek-v4-flash-20260423","provider":"GMICloud","choices":[{"index":0,"delta":{"content":" | ","role":"assistant"},"finish_reason":null,"native_finish_reason":null}]}
--- CHUNK 1783158551550 bytes=299 ---
data: {"id":"gen-1783158532-u3Mt5hnbf0R4gLFnPxHY","object":"chat.completion.chunk","created":1783158532,"model":"deepseek/deepseek-v4-flash-20260423","provider":"GMICloud","choices":[{"index":0,"delta":{"content":"說明 |\n","role":"assistant"},"finish_reason":null,"native_finish_reason":null}]}


PARSED: {"id":"gen-1783158532-u3Mt5hnbf0R4gLFnPxHY","object":"chat.completion.chunk","created":1783158532,"model":"deepseek/deepseek-v4-flash-20260423","provider":"GMICloud","choices":[{"index":0,"delta":{"content":"說明 |\n","role":"assistant"},"finish_reason":null,"native_finish_reason":null}]}
--- CHUNK 1783158551611 bytes=291 ---
data: {"id":"gen-1783158532-u3Mt5hnbf0R4gLFnPxHY","object":"chat.completion.chunk","created":1783158532,"model":"deepseek/deepseek-v4-flash-20260423","provider":"GMICloud","choices":[{"index":0,"delta":{"content":"|:","role":"assistant"},"finish_reason":null,"native_finish_reason":null}]}


PARSED: {"id":"gen-1783158532-u3Mt5hnbf0R4gLFnPxHY","object":"chat.completion.chunk","created":1783158532,"model":"deepseek/deepseek-v4-flash-20260423","provider":"GMICloud","choices":[{"index":0,"delta":{"content":"|:","role":"assistant"},"finish_reason":null,"native_finish_reason":null}]}
--- CHUNK 1783158551671 bytes=292 ---
data: {"id":"gen-1783158532-u3Mt5hnbf0R4gLFnPxHY","object":"chat.completion.chunk","created":1783158532,"model":"deepseek/deepseek-v4-flash-20260423","provider":"GMICloud","choices":[{"index":0,"delta":{"content":"---","role":"assistant"},"finish_reason":null,"native_finish_reason":null}]}


PARSED: {"id":"gen-1783158532-u3Mt5hnbf0R4gLFnPxHY","object":"chat.completion.chunk","created":1783158532,"model":"deepseek/deepseek-v4-flash-20260423","provider":"GMICloud","choices":[{"index":0,"delta":{"content":"---","role":"assistant"},"finish_reason":null,"native_finish_reason":null}]}
--- CHUNK 1783158551731 bytes=291 ---
data: {"id":"gen-1783158532-u3Mt5hnbf0R4gLFnPxHY","object":"chat.completion.chunk","created":1783158532,"model":"deepseek/deepseek-v4-flash-20260423","provider":"GMICloud","choices":[{"index":0,"delta":{"content":":|","role":"assistant"},"finish_reason":null,"native_finish_reason":null}]}


PARSED: {"id":"gen-1783158532-u3Mt5hnbf0R4gLFnPxHY","object":"chat.completion.chunk","created":1783158532,"model":"deepseek/deepseek-v4-flash-20260423","provider":"GMICloud","choices":[{"index":0,"delta":{"content":":|","role":"assistant"},"finish_reason":null,"native_finish_reason":null}]}
--- CHUNK 1783158551795 bytes=295 ---
data: {"id":"gen-1783158532-u3Mt5hnbf0R4gLFnPxHY","object":"chat.completion.chunk","created":1783158532,"model":"deepseek/deepseek-v4-flash-20260423","provider":"GMICloud","choices":[{"index":0,"delta":{"content":"------","role":"assistant"},"finish_reason":null,"native_finish_reason":null}]}


PARSED: {"id":"gen-1783158532-u3Mt5hnbf0R4gLFnPxHY","object":"chat.completion.chunk","created":1783158532,"model":"deepseek/deepseek-v4-flash-20260423","provider":"GMICloud","choices":[{"index":0,"delta":{"content":"------","role":"assistant"},"finish_reason":null,"native_finish_reason":null}]}
--- CHUNK 1783158551854 bytes=293 ---
data: {"id":"gen-1783158532-u3Mt5hnbf0R4gLFnPxHY","object":"chat.completion.chunk","created":1783158532,"model":"deepseek/deepseek-v4-flash-20260423","provider":"GMICloud","choices":[{"index":0,"delta":{"content":"|\n|","role":"assistant"},"finish_reason":null,"native_finish_reason":null}]}


PARSED: {"id":"gen-1783158532-u3Mt5hnbf0R4gLFnPxHY","object":"chat.completion.chunk","created":1783158532,"model":"deepseek/deepseek-v4-flash-20260423","provider":"GMICloud","choices":[{"index":0,"delta":{"content":"|\n|","role":"assistant"},"finish_reason":null,"native_finish_reason":null}]}
--- CHUNK 1783158551918 bytes=292 ---
data: {"id":"gen-1783158532-u3Mt5hnbf0R4gLFnPxHY","object":"chat.completion.chunk","created":1783158532,"model":"deepseek/deepseek-v4-flash-20260423","provider":"GMICloud","choices":[{"index":0,"delta":{"content":" **","role":"assistant"},"finish_reason":null,"native_finish_reason":null}]}


PARSED: {"id":"gen-1783158532-u3Mt5hnbf0R4gLFnPxHY","object":"chat.completion.chunk","created":1783158532,"model":"deepseek/deepseek-v4-flash-20260423","provider":"GMICloud","choices":[{"index":0,"delta":{"content":" **","role":"assistant"},"finish_reason":null,"native_finish_reason":null}]}
--- CHUNK 1783158552042 bytes=294 ---
data: {"id":"gen-1783158532-u3Mt5hnbf0R4gLFnPxHY","object":"chat.completion.chunk","created":1783158532,"model":"deepseek/deepseek-v4-flash-20260423","provider":"GMICloud","choices":[{"index":0,"delta":{"content":"🛠 ","role":"assistant"},"finish_reason":null,"native_finish_reason":null}]}


PARSED: {"id":"gen-1783158532-u3Mt5hnbf0R4gLFnPxHY","object":"chat.completion.chunk","created":1783158532,"model":"deepseek/deepseek-v4-flash-20260423","provider":"GMICloud","choices":[{"index":0,"delta":{"content":"🛠 ","role":"assistant"},"finish_reason":null,"native_finish_reason":null}]}
--- CHUNK 1783158552115 bytes=295 ---
data: {"id":"gen-1783158532-u3Mt5hnbf0R4gLFnPxHY","object":"chat.completion.chunk","created":1783158532,"model":"deepseek/deepseek-v4-flash-20260423","provider":"GMICloud","choices":[{"index":0,"delta":{"content":"建構","role":"assistant"},"finish_reason":null,"native_finish_reason":null}]}


PARSED: {"id":"gen-1783158532-u3Mt5hnbf0R4gLFnPxHY","object":"chat.completion.chunk","created":1783158532,"model":"deepseek/deepseek-v4-flash-20260423","provider":"GMICloud","choices":[{"index":0,"delta":{"content":"建構","role":"assistant"},"finish_reason":null,"native_finish_reason":null}]}
--- CHUNK 1783158552170 bytes=297 ---
data: {"id":"gen-1783158532-u3Mt5hnbf0R4gLFnPxHY","object":"chat.completion.chunk","created":1783158532,"model":"deepseek/deepseek-v4-flash-20260423","provider":"GMICloud","choices":[{"index":0,"delta":{"content":"模式**","role":"assistant"},"finish_reason":null,"native_finish_reason":null}]}


PARSED: {"id":"gen-1783158532-u3Mt5hnbf0R4gLFnPxHY","object":"chat.completion.chunk","created":1783158532,"model":"deepseek/deepseek-v4-flash-20260423","provider":"GMICloud","choices":[{"index":0,"delta":{"content":"模式**","role":"assistant"},"finish_reason":null,"native_finish_reason":null}]}
--- CHUNK 1783158552238 bytes=292 ---
data: {"id":"gen-1783158532-u3Mt5hnbf0R4gLFnPxHY","object":"chat.completion.chunk","created":1783158532,"model":"deepseek/deepseek-v4-flash-20260423","provider":"GMICloud","choices":[{"index":0,"delta":{"content":" | ","role":"assistant"},"finish_reason":null,"native_finish_reason":null}]}


PARSED: {"id":"gen-1783158532-u3Mt5hnbf0R4gLFnPxHY","object":"chat.completion.chunk","created":1783158532,"model":"deepseek/deepseek-v4-flash-20260423","provider":"GMICloud","choices":[{"index":0,"delta":{"content":" | ","role":"assistant"},"finish_reason":null,"native_finish_reason":null}]}
--- CHUNK 1783158552293 bytes=294 ---
data: {"id":"gen-1783158532-u3Mt5hnbf0R4gLFnPxHY","object":"chat.completion.chunk","created":1783158532,"model":"deepseek/deepseek-v4-flash-20260423","provider":"GMICloud","choices":[{"index":0,"delta":{"content":"在 `","role":"assistant"},"finish_reason":null,"native_finish_reason":null}]}


PARSED: {"id":"gen-1783158532-u3Mt5hnbf0R4gLFnPxHY","object":"chat.completion.chunk","created":1783158532,"model":"deepseek/deepseek-v4-flash-20260423","provider":"GMICloud","choices":[{"index":0,"delta":{"content":"在 `","role":"assistant"},"finish_reason":null,"native_finish_reason":null}]}
--- CHUNK 1783158552354 bytes=301 ---
data: {"id":"gen-1783158532-u3Mt5hnbf0R4gLFnPxHY","object":"chat.completion.chunk","created":1783158532,"model":"deepseek/deepseek-v4-flash-20260423","provider":"GMICloud","choices":[{"index":0,"delta":{"content":"SkillBuilder","role":"assistant"},"finish_reason":null,"native_finish_reason":null}]}


PARSED: {"id":"gen-1783158532-u3Mt5hnbf0R4gLFnPxHY","object":"chat.completion.chunk","created":1783158532,"model":"deepseek/deepseek-v4-flash-20260423","provider":"GMICloud","choices":[{"index":0,"delta":{"content":"SkillBuilder","role":"assistant"},"finish_reason":null,"native_finish_reason":null}]}
--- CHUNK 1783158552416 bytes=293 ---
data: {"id":"gen-1783158532-u3Mt5hnbf0R4gLFnPxHY","object":"chat.completion.chunk","created":1783158532,"model":"deepseek/deepseek-v4-flash-20260423","provider":"GMICloud","choices":[{"index":0,"delta":{"content":".tsx","role":"assistant"},"finish_reason":null,"native_finish_reason":null}]}


PARSED: {"id":"gen-1783158532-u3Mt5hnbf0R4gLFnPxHY","object":"chat.completion.chunk","created":1783158532,"model":"deepseek/deepseek-v4-flash-20260423","provider":"GMICloud","choices":[{"index":0,"delta":{"content":".tsx","role":"assistant"},"finish_reason":null,"native_finish_reason":null}]}
--- CHUNK 1783158552476 bytes=291 ---
data: {"id":"gen-1783158532-u3Mt5hnbf0R4gLFnPxHY","object":"chat.completion.chunk","created":1783158532,"model":"deepseek/deepseek-v4-flash-20260423","provider":"GMICloud","choices":[{"index":0,"delta":{"content":"` ","role":"assistant"},"finish_reason":null,"native_finish_reason":null}]}


PARSED: {"id":"gen-1783158532-u3Mt5hnbf0R4gLFnPxHY","object":"chat.completion.chunk","created":1783158532,"model":"deepseek/deepseek-v4-flash-20260423","provider":"GMICloud","choices":[{"index":0,"delta":{"content":"` ","role":"assistant"},"finish_reason":null,"native_finish_reason":null}]}
--- CHUNK 1783158552576 bytes=295 ---
data: {"id":"gen-1783158532-u3Mt5hnbf0R4gLFnPxHY","object":"chat.completion.chunk","created":1783158532,"model":"deepseek/deepseek-v4-flash-20260423","provider":"GMICloud","choices":[{"index":0,"delta":{"content":"頁面","role":"assistant"},"finish_reason":null,"native_finish_reason":null}]}


PARSED: {"id":"gen-1783158532-u3Mt5hnbf0R4gLFnPxHY","object":"chat.completion.chunk","created":1783158532,"model":"deepseek/deepseek-v4-flash-20260423","provider":"GMICloud","choices":[{"index":0,"delta":{"content":"頁面","role":"assistant"},"finish_reason":null,"native_finish_reason":null}]}
--- CHUNK 1783158552605 bytes=295 ---
data: {"id":"gen-1783158532-u3Mt5hnbf0R4gLFnPxHY","object":"chat.completion.chunk","created":1783158532,"model":"deepseek/deepseek-v4-flash-20260423","provider":"GMICloud","choices":[{"index":0,"delta":{"content":"中，","role":"assistant"},"finish_reason":null,"native_finish_reason":null}]}


PARSED: {"id":"gen-1783158532-u3Mt5hnbf0R4gLFnPxHY","object":"chat.completion.chunk","created":1783158532,"model":"deepseek/deepseek-v4-flash-20260423","provider":"GMICloud","choices":[{"index":0,"delta":{"content":"中，","role":"assistant"},"finish_reason":null,"native_finish_reason":null}]}
--- CHUNK 1783158552667 bytes=301 ---
data: {"id":"gen-1783158532-u3Mt5hnbf0R4gLFnPxHY","object":"chat.completion.chunk","created":1783158532,"model":"deepseek/deepseek-v4-flash-20260423","provider":"GMICloud","choices":[{"index":0,"delta":{"content":"透過聊天","role":"assistant"},"finish_reason":null,"native_finish_reason":null}]}


PARSED: {"id":"gen-1783158532-u3Mt5hnbf0R4gLFnPxHY","object":"chat.completion.chunk","created":1783158532,"model":"deepseek/deepseek-v4-flash-20260423","provider":"GMICloud","choices":[{"index":0,"delta":{"content":"透過聊天","role":"assistant"},"finish_reason":null,"native_finish_reason":null}]}
--- CHUNK 1783158552742 bytes=292 ---
data: {"id":"gen-1783158532-u3Mt5hnbf0R4gLFnPxHY","object":"chat.completion.chunk","created":1783158532,"model":"deepseek/deepseek-v4-flash-20260423","provider":"GMICloud","choices":[{"index":0,"delta":{"content":"視","role":"assistant"},"finish_reason":null,"native_finish_reason":null}]}


PARSED: {"id":"gen-1783158532-u3Mt5hnbf0R4gLFnPxHY","object":"chat.completion.chunk","created":1783158532,"model":"deepseek/deepseek-v4-flash-20260423","provider":"GMICloud","choices":[{"index":0,"delta":{"content":"視","role":"assistant"},"finish_reason":null,"native_finish_reason":null}]}
--- CHUNK 1783158552799 bytes=295 ---
data: {"id":"gen-1783158532-u3Mt5hnbf0R4gLFnPxHY","object":"chat.completion.chunk","created":1783158532,"model":"deepseek/deepseek-v4-flash-20260423","provider":"GMICloud","choices":[{"index":0,"delta":{"content":"窗和","role":"assistant"},"finish_reason":null,"native_finish_reason":null}]}


PARSED: {"id":"gen-1783158532-u3Mt5hnbf0R4gLFnPxHY","object":"chat.completion.chunk","created":1783158532,"model":"deepseek/deepseek-v4-flash-20260423","provider":"GMICloud","choices":[{"index":0,"delta":{"content":"窗和","role":"assistant"},"finish_reason":null,"native_finish_reason":null}]}
--- CHUNK 1783158552860 bytes=293 ---
data: {"id":"gen-1783158532-u3Mt5hnbf0R4gLFnPxHY","object":"chat.completion.chunk","created":1783158532,"model":"deepseek/deepseek-v4-flash-20260423","provider":"GMICloud","choices":[{"index":0,"delta":{"content":" AI ","role":"assistant"},"finish_reason":null,"native_finish_reason":null}]}


PARSED: {"id":"gen-1783158532-u3Mt5hnbf0R4gLFnPxHY","object":"chat.completion.chunk","created":1783158532,"model":"deepseek/deepseek-v4-flash-20260423","provider":"GMICloud","choices":[{"index":0,"delta":{"content":" AI ","role":"assistant"},"finish_reason":null,"native_finish_reason":null}]}
--- CHUNK 1783158552930 bytes=298 ---
data: {"id":"gen-1783158532-u3Mt5hnbf0R4gLFnPxHY","object":"chat.completion.chunk","created":1783158532,"model":"deepseek/deepseek-v4-flash-20260423","provider":"GMICloud","choices":[{"index":0,"delta":{"content":"一步步","role":"assistant"},"finish_reason":null,"native_finish_reason":null}]}


PARSED: {"id":"gen-1783158532-u3Mt5hnbf0R4gLFnPxHY","object":"chat.completion.chunk","created":1783158532,"model":"deepseek/deepseek-v4-flash-20260423","provider":"GMICloud","choices":[{"index":0,"delta":{"content":"一步步","role":"assistant"},"finish_reason":null,"native_finish_reason":null}]}
--- CHUNK 1783158553004 bytes=298 ---
data: {"id":"gen-1783158532-u3Mt5hnbf0R4gLFnPxHY","object":"chat.completion.chunk","created":1783158532,"model":"deepseek/deepseek-v4-flash-20260423","provider":"GMICloud","choices":[{"index":0,"delta":{"content":"討論、","role":"assistant"},"finish_reason":null,"native_finish_reason":null}]}


PARSED: {"id":"gen-1783158532-u3Mt5hnbf0R4gLFnPxHY","object":"chat.completion.chunk","created":1783158532,"model":"deepseek/deepseek-v4-flash-20260423","provider":"GMICloud","choices":[{"index":0,"delta":{"content":"討論、","role":"assistant"},"finish_reason":null,"native_finish_reason":null}]}
--- CHUNK 1783158553071 bytes=301 ---
data: {"id":"gen-1783158532-u3Mt5hnbf0R4gLFnPxHY","object":"chat.completion.chunk","created":1783158532,"model":"deepseek/deepseek-v4-flash-20260423","provider":"GMICloud","choices":[{"index":0,"delta":{"content":"修改 Skill","role":"assistant"},"finish_reason":null,"native_finish_reason":null}]}


PARSED: {"id":"gen-1783158532-u3Mt5hnbf0R4gLFnPxHY","object":"chat.completion.chunk","created":1783158532,"model":"deepseek/deepseek-v4-flash-20260423","provider":"GMICloud","choices":[{"index":0,"delta":{"content":"修改 Skill","role":"assistant"},"finish_reason":null,"native_finish_reason":null}]}
--- CHUNK 1783158553130 bytes=296 ---
data: {"id":"gen-1783158532-u3Mt5hnbf0R4gLFnPxHY","object":"chat.completion.chunk","created":1783158532,"model":"deepseek/deepseek-v4-flash-20260423","provider":"GMICloud","choices":[{"index":0,"delta":{"content":" 定義","role":"assistant"},"finish_reason":null,"native_finish_reason":null}]}


PARSED: {"id":"gen-1783158532-u3Mt5hnbf0R4gLFnPxHY","object":"chat.completion.chunk","created":1783158532,"model":"deepseek/deepseek-v4-flash-20260423","provider":"GMICloud","choices":[{"index":0,"delta":{"content":" 定義","role":"assistant"},"finish_reason":null,"native_finish_reason":null}]}
--- CHUNK 1783158553209 bytes=294 ---
data: {"id":"gen-1783158532-u3Mt5hnbf0R4gLFnPxHY","object":"chat.completion.chunk","created":1783158532,"model":"deepseek/deepseek-v4-flash-20260423","provider":"GMICloud","choices":[{"index":0,"delta":{"content":"。AI","role":"assistant"},"finish_reason":null,"native_finish_reason":null}]}


PARSED: {"id":"gen-1783158532-u3Mt5hnbf0R4gLFnPxHY","object":"chat.completion.chunk","created":1783158532,"model":"deepseek/deepseek-v4-flash-20260423","provider":"GMICloud","choices":[{"index":0,"delta":{"content":"。AI","role":"assistant"},"finish_reason":null,"native_finish_reason":null}]}
--- CHUNK 1783158553264 bytes=293 ---
data: {"id":"gen-1783158532-u3Mt5hnbf0R4gLFnPxHY","object":"chat.completion.chunk","created":1783158532,"model":"deepseek/deepseek-v4-flash-20260423","provider":"GMICloud","choices":[{"index":0,"delta":{"content":" 會","role":"assistant"},"finish_reason":null,"native_finish_reason":null}]}


PARSED: {"id":"gen-1783158532-u3Mt5hnbf0R4gLFnPxHY","object":"chat.completion.chunk","created":1783158532,"model":"deepseek/deepseek-v4-flash-20260423","provider":"GMICloud","choices":[{"index":0,"delta":{"content":" 會","role":"assistant"},"finish_reason":null,"native_finish_reason":null}]}
--- CHUNK 1783158553329 bytes=295 ---
data: {"id":"gen-1783158532-u3Mt5hnbf0R4gLFnPxHY","object":"chat.completion.chunk","created":1783158532,"model":"deepseek/deepseek-v4-flash-20260423","provider":"GMICloud","choices":[{"index":0,"delta":{"content":"依照","role":"assistant"},"finish_reason":null,"native_finish_reason":null}]}


PARSED: {"id":"gen-1783158532-u3Mt5hnbf0R4gLFnPxHY","object":"chat.completion.chunk","created":1783158532,"model":"deepseek/deepseek-v4-flash-20260423","provider":"GMICloud","choices":[{"index":0,"delta":{"content":"依照","role":"assistant"},"finish_reason":null,"native_finish_reason":null}]}
--- CHUNK 1783158553399 bytes=295 ---
data: {"id":"gen-1783158532-u3Mt5hnbf0R4gLFnPxHY","object":"chat.completion.chunk","created":1783158532,"model":"deepseek/deepseek-v4-flash-20260423","provider":"GMICloud","choices":[{"index":0,"delta":{"content":"格式","role":"assistant"},"finish_reason":null,"native_finish_reason":null}]}


PARSED: {"id":"gen-1783158532-u3Mt5hnbf0R4gLFnPxHY","object":"chat.completion.chunk","created":1783158532,"model":"deepseek/deepseek-v4-flash-20260423","provider":"GMICloud","choices":[{"index":0,"delta":{"content":"格式","role":"assistant"},"finish_reason":null,"native_finish_reason":null}]}
--- CHUNK 1783158553464 bytes=292 ---
data: {"id":"gen-1783158532-u3Mt5hnbf0R4gLFnPxHY","object":"chat.completion.chunk","created":1783158532,"model":"deepseek/deepseek-v4-flash-20260423","provider":"GMICloud","choices":[{"index":0,"delta":{"content":"幫","role":"assistant"},"finish_reason":null,"native_finish_reason":null}]}


PARSED: {"id":"gen-1783158532-u3Mt5hnbf0R4gLFnPxHY","object":"chat.completion.chunk","created":1783158532,"model":"deepseek/deepseek-v4-flash-20260423","provider":"GMICloud","choices":[{"index":0,"delta":{"content":"幫","role":"assistant"},"finish_reason":null,"native_finish_reason":null}]}
--- CHUNK 1783158553532 bytes=295 ---
data: {"id":"gen-1783158532-u3Mt5hnbf0R4gLFnPxHY","object":"chat.completion.chunk","created":1783158532,"model":"deepseek/deepseek-v4-flash-20260423","provider":"GMICloud","choices":[{"index":0,"delta":{"content":"你產","role":"assistant"},"finish_reason":null,"native_finish_reason":null}]}


PARSED: {"id":"gen-1783158532-u3Mt5hnbf0R4gLFnPxHY","object":"chat.completion.chunk","created":1783158532,"model":"deepseek/deepseek-v4-flash-20260423","provider":"GMICloud","choices":[{"index":0,"delta":{"content":"你產","role":"assistant"},"finish_reason":null,"native_finish_reason":null}]}
--- CHUNK 1783158553599 bytes=301 ---
data: {"id":"gen-1783158532-u3Mt5hnbf0R4gLFnPxHY","object":"chat.completion.chunk","created":1783158532,"model":"deepseek/deepseek-v4-flash-20260423","provider":"GMICloud","choices":[{"index":0,"delta":{"content":"出完整的","role":"assistant"},"finish_reason":null,"native_finish_reason":null}]}


PARSED: {"id":"gen-1783158532-u3Mt5hnbf0R4gLFnPxHY","object":"chat.completion.chunk","created":1783158532,"model":"deepseek/deepseek-v4-flash-20260423","provider":"GMICloud","choices":[{"index":0,"delta":{"content":"出完整的","role":"assistant"},"finish_reason":null,"native_finish_reason":null}]}
--- CHUNK 1783158553666 bytes=293 ---
data: {"id":"gen-1783158532-u3Mt5hnbf0R4gLFnPxHY","object":"chat.completion.chunk","created":1783158532,"model":"deepseek/deepseek-v4-flash-20260423","provider":"GMICloud","choices":[{"index":0,"delta":{"content":" `SK","role":"assistant"},"finish_reason":null,"native_finish_reason":null}]}


PARSED: {"id":"gen-1783158532-u3Mt5hnbf0R4gLFnPxHY","object":"chat.completion.chunk","created":1783158532,"model":"deepseek/deepseek-v4-flash-20260423","provider":"GMICloud","choices":[{"index":0,"delta":{"content":" `SK","role":"assistant"},"finish_reason":null,"native_finish_reason":null}]}
--- CHUNK 1783158553784 bytes=295 ---
data: {"id":"gen-1783158532-u3Mt5hnbf0R4gLFnPxHY","object":"chat.completion.chunk","created":1783158532,"model":"deepseek/deepseek-v4-flash-20260423","provider":"GMICloud","choices":[{"index":0,"delta":{"content":"ILL.md","role":"assistant"},"finish_reason":null,"native_finish_reason":null}]}


PARSED: {"id":"gen-1783158532-u3Mt5hnbf0R4gLFnPxHY","object":"chat.completion.chunk","created":1783158532,"model":"deepseek/deepseek-v4-flash-20260423","provider":"GMICloud","choices":[{"index":0,"delta":{"content":"ILL.md","role":"assistant"},"finish_reason":null,"native_finish_reason":null}]}
--- CHUNK 1783158553802 bytes=294 ---
data: {"id":"gen-1783158532-u3Mt5hnbf0R4gLFnPxHY","object":"chat.completion.chunk","created":1783158532,"model":"deepseek/deepseek-v4-flash-20260423","provider":"GMICloud","choices":[{"index":0,"delta":{"content":"` |\n","role":"assistant"},"finish_reason":null,"native_finish_reason":null}]}


PARSED: {"id":"gen-1783158532-u3Mt5hnbf0R4gLFnPxHY","object":"chat.completion.chunk","created":1783158532,"model":"deepseek/deepseek-v4-flash-20260423","provider":"GMICloud","choices":[{"index":0,"delta":{"content":"` |\n","role":"assistant"},"finish_reason":null,"native_finish_reason":null}]}
--- CHUNK 1783158553868 bytes=293 ---
data: {"id":"gen-1783158532-u3Mt5hnbf0R4gLFnPxHY","object":"chat.completion.chunk","created":1783158532,"model":"deepseek/deepseek-v4-flash-20260423","provider":"GMICloud","choices":[{"index":0,"delta":{"content":"| **","role":"assistant"},"finish_reason":null,"native_finish_reason":null}]}


PARSED: {"id":"gen-1783158532-u3Mt5hnbf0R4gLFnPxHY","object":"chat.completion.chunk","created":1783158532,"model":"deepseek/deepseek-v4-flash-20260423","provider":"GMICloud","choices":[{"index":0,"delta":{"content":"| **","role":"assistant"},"finish_reason":null,"native_finish_reason":null}]}
--- CHUNK 1783158553935 bytes=295 ---
data: {"id":"gen-1783158532-u3Mt5hnbf0R4gLFnPxHY","object":"chat.completion.chunk","created":1783158532,"model":"deepseek/deepseek-v4-flash-20260423","provider":"GMICloud","choices":[{"index":0,"delta":{"content":"✨ AI","role":"assistant"},"finish_reason":null,"native_finish_reason":null}]}


PARSED: {"id":"gen-1783158532-u3Mt5hnbf0R4gLFnPxHY","object":"chat.completion.chunk","created":1783158532,"model":"deepseek/deepseek-v4-flash-20260423","provider":"GMICloud","choices":[{"index":0,"delta":{"content":"✨ AI","role":"assistant"},"finish_reason":null,"native_finish_reason":null}]}
--- CHUNK 1783158554002 bytes=296 ---
data: {"id":"gen-1783158532-u3Mt5hnbf0R4gLFnPxHY","object":"chat.completion.chunk","created":1783158532,"model":"deepseek/deepseek-v4-flash-20260423","provider":"GMICloud","choices":[{"index":0,"delta":{"content":" 生成","role":"assistant"},"finish_reason":null,"native_finish_reason":null}]}


PARSED: {"id":"gen-1783158532-u3Mt5hnbf0R4gLFnPxHY","object":"chat.completion.chunk","created":1783158532,"model":"deepseek/deepseek-v4-flash-20260423","provider":"GMICloud","choices":[{"index":0,"delta":{"content":" 生成","role":"assistant"},"finish_reason":null,"native_finish_reason":null}]}
--- CHUNK 1783158554069 bytes=293 ---
data: {"id":"gen-1783158532-u3Mt5hnbf0R4gLFnPxHY","object":"chat.completion.chunk","created":1783158532,"model":"deepseek/deepseek-v4-flash-20260423","provider":"GMICloud","choices":[{"index":0,"delta":{"content":"** |","role":"assistant"},"finish_reason":null,"native_finish_reason":null}]}


PARSED: {"id":"gen-1783158532-u3Mt5hnbf0R4gLFnPxHY","object":"chat.completion.chunk","created":1783158532,"model":"deepseek/deepseek-v4-flash-20260423","provider":"GMICloud","choices":[{"index":0,"delta":{"content":"** |","role":"assistant"},"finish_reason":null,"native_finish_reason":null}]}
--- CHUNK 1783158554138 bytes=293 ---
data: {"id":"gen-1783158532-u3Mt5hnbf0R4gLFnPxHY","object":"chat.completion.chunk","created":1783158532,"model":"deepseek/deepseek-v4-flash-20260423","provider":"GMICloud","choices":[{"index":0,"delta":{"content":" 點","role":"assistant"},"finish_reason":null,"native_finish_reason":null}]}


PARSED: {"id":"gen-1783158532-u3Mt5hnbf0R4gLFnPxHY","object":"chat.completion.chunk","created":1783158532,"model":"deepseek/deepseek-v4-flash-20260423","provider":"GMICloud","choices":[{"index":0,"delta":{"content":" 點","role":"assistant"},"finish_reason":null,"native_finish_reason":null}]}
--- CHUNK 1783158554203 bytes=292 ---
data: {"id":"gen-1783158532-u3Mt5hnbf0R4gLFnPxHY","object":"chat.completion.chunk","created":1783158532,"model":"deepseek/deepseek-v4-flash-20260423","provider":"GMICloud","choices":[{"index":0,"delta":{"content":"選","role":"assistant"},"finish_reason":null,"native_finish_reason":null}]}


PARSED: {"id":"gen-1783158532-u3Mt5hnbf0R4gLFnPxHY","object":"chat.completion.chunk","created":1783158532,"model":"deepseek/deepseek-v4-flash-20260423","provider":"GMICloud","choices":[{"index":0,"delta":{"content":"選","role":"assistant"},"finish_reason":null,"native_finish_reason":null}]}
--- CHUNK 1783158554335 bytes=294 ---
data: {"id":"gen-1783158532-u3Mt5hnbf0R4gLFnPxHY","object":"chat.completion.chunk","created":1783158532,"model":"deepseek/deepseek-v4-flash-20260423","provider":"GMICloud","choices":[{"index":0,"delta":{"content":" ✨ ","role":"assistant"},"finish_reason":null,"native_finish_reason":null}]}


PARSED: {"id":"gen-1783158532-u3Mt5hnbf0R4gLFnPxHY","object":"chat.completion.chunk","created":1783158532,"model":"deepseek/deepseek-v4-flash-20260423","provider":"GMICloud","choices":[{"index":0,"delta":{"content":" ✨ ","role":"assistant"},"finish_reason":null,"native_finish_reason":null}]}
--- CHUNK 1783158554404 bytes=292 ---
data: {"id":"gen-1783158532-u3Mt5hnbf0R4gLFnPxHY","object":"chat.completion.chunk","created":1783158532,"model":"deepseek/deepseek-v4-flash-20260423","provider":"GMICloud","choices":[{"index":0,"delta":{"content":"按","role":"assistant"},"finish_reason":null,"native_finish_reason":null}]}


PARSED: {"id":"gen-1783158532-u3Mt5hnbf0R4gLFnPxHY","object":"chat.completion.chunk","created":1783158532,"model":"deepseek/deepseek-v4-flash-20260423","provider":"GMICloud","choices":[{"index":0,"delta":{"content":"按","role":"assistant"},"finish_reason":null,"native_finish_reason":null}]}
--- CHUNK 1783158554472 bytes=295 ---
data: {"id":"gen-1783158532-u3Mt5hnbf0R4gLFnPxHY","object":"chat.completion.chunk","created":1783158532,"model":"deepseek/deepseek-v4-flash-20260423","provider":"GMICloud","choices":[{"index":0,"delta":{"content":"鈕，","role":"assistant"},"finish_reason":null,"native_finish_reason":null}]}


PARSED: {"id":"gen-1783158532-u3Mt5hnbf0R4gLFnPxHY","object":"chat.completion.chunk","created":1783158532,"model":"deepseek/deepseek-v4-flash-20260423","provider":"GMICloud","choices":[{"index":0,"delta":{"content":"鈕，","role":"assistant"},"finish_reason":null,"native_finish_reason":null}]}
--- CHUNK 1783158554550 bytes=295 ---
data: {"id":"gen-1783158532-u3Mt5hnbf0R4gLFnPxHY","object":"chat.completion.chunk","created":1783158532,"model":"deepseek/deepseek-v4-flash-20260423","provider":"GMICloud","choices":[{"index":0,"delta":{"content":"直接","role":"assistant"},"finish_reason":null,"native_finish_reason":null}]}


PARSED: {"id":"gen-1783158532-u3Mt5hnbf0R4gLFnPxHY","object":"chat.completion.chunk","created":1783158532,"model":"deepseek/deepseek-v4-flash-20260423","provider":"GMICloud","choices":[{"index":0,"delta":{"content":"直接","role":"assistant"},"finish_reason":null,"native_finish_reason":null}]}
--- CHUNK 1783158554604 bytes=301 ---
data: {"id":"gen-1783158532-u3Mt5hnbf0R4gLFnPxHY","object":"chat.completion.chunk","created":1783158532,"model":"deepseek/deepseek-v4-flash-20260423","provider":"GMICloud","choices":[{"index":0,"delta":{"content":"輸入一個","role":"assistant"},"finish_reason":null,"native_finish_reason":null}]}


PARSED: {"id":"gen-1783158532-u3Mt5hnbf0R4gLFnPxHY","object":"chat.completion.chunk","created":1783158532,"model":"deepseek/deepseek-v4-flash-20260423","provider":"GMICloud","choices":[{"index":0,"delta":{"content":"輸入一個","role":"assistant"},"finish_reason":null,"native_finish_reason":null}]}
--- CHUNK 1783158554715 bytes=296 ---
data: {"id":"gen-1783158532-u3Mt5hnbf0R4gLFnPxHY","object":"chat.completion.chunk","created":1783158532,"model":"deepseek/deepseek-v4-flash-20260423","provider":"GMICloud","choices":[{"index":0,"delta":{"content":" Skill ","role":"assistant"},"finish_reason":null,"native_finish_reason":null}]}


PARSED: {"id":"gen-1783158532-u3Mt5hnbf0R4gLFnPxHY","object":"chat.completion.chunk","created":1783158532,"model":"deepseek/deepseek-v4-flash-20260423","provider":"GMICloud","choices":[{"index":0,"delta":{"content":" Skill ","role":"assistant"},"finish_reason":null,"native_finish_reason":null}]}
--- CHUNK 1783158554741 bytes=297 ---
data: {"id":"gen-1783158532-u3Mt5hnbf0R4gLFnPxHY","object":"chat.completion.chunk","created":1783158532,"model":"deepseek/deepseek-v4-flash-20260423","provider":"GMICloud","choices":[{"index":0,"delta":{"content":"名稱 +","role":"assistant"},"finish_reason":null,"native_finish_reason":null}]}


PARSED: {"id":"gen-1783158532-u3Mt5hnbf0R4gLFnPxHY","object":"chat.completion.chunk","created":1783158532,"model":"deepseek/deepseek-v4-flash-20260423","provider":"GMICloud","choices":[{"index":0,"delta":{"content":"名稱 +","role":"assistant"},"finish_reason":null,"native_finish_reason":null}]}
--- CHUNK 1783158554806 bytes=296 ---
data: {"id":"gen-1783158532-u3Mt5hnbf0R4gLFnPxHY","object":"chat.completion.chunk","created":1783158532,"model":"deepseek/deepseek-v4-flash-20260423","provider":"GMICloud","choices":[{"index":0,"delta":{"content":" 一句","role":"assistant"},"finish_reason":null,"native_finish_reason":null}]}


PARSED: {"id":"gen-1783158532-u3Mt5hnbf0R4gLFnPxHY","object":"chat.completion.chunk","created":1783158532,"model":"deepseek/deepseek-v4-flash-20260423","provider":"GMICloud","choices":[{"index":0,"delta":{"content":" 一句","role":"assistant"},"finish_reason":null,"native_finish_reason":null}]}
--- CHUNK 1783158554872 bytes=295 ---
data: {"id":"gen-1783158532-u3Mt5hnbf0R4gLFnPxHY","object":"chat.completion.chunk","created":1783158532,"model":"deepseek/deepseek-v4-flash-20260423","provider":"GMICloud","choices":[{"index":0,"delta":{"content":"功能","role":"assistant"},"finish_reason":null,"native_finish_reason":null}]}


PARSED: {"id":"gen-1783158532-u3Mt5hnbf0R4gLFnPxHY","object":"chat.completion.chunk","created":1783158532,"model":"deepseek/deepseek-v4-flash-20260423","provider":"GMICloud","choices":[{"index":0,"delta":{"content":"功能","role":"assistant"},"finish_reason":null,"native_finish_reason":null}]}
--- CHUNK 1783158554942 bytes=298 ---
data: {"id":"gen-1783158532-u3Mt5hnbf0R4gLFnPxHY","object":"chat.completion.chunk","created":1783158532,"model":"deepseek/deepseek-v4-flash-20260423","provider":"GMICloud","choices":[{"index":0,"delta":{"content":"描述，","role":"assistant"},"finish_reason":null,"native_finish_reason":null}]}


PARSED: {"id":"gen-1783158532-u3Mt5hnbf0R4gLFnPxHY","object":"chat.completion.chunk","created":1783158532,"model":"deepseek/deepseek-v4-flash-20260423","provider":"GMICloud","choices":[{"index":0,"delta":{"content":"描述，","role":"assistant"},"finish_reason":null,"native_finish_reason":null}]}
--- CHUNK 1783158555002 bytes=292 ---
data: {"id":"gen-1783158532-u3Mt5hnbf0R4gLFnPxHY","object":"chat.completion.chunk","created":1783158532,"model":"deepseek/deepseek-v4-flash-20260423","provider":"GMICloud","choices":[{"index":0,"delta":{"content":"後","role":"assistant"},"finish_reason":null,"native_finish_reason":null}]}


PARSED: {"id":"gen-1783158532-u3Mt5hnbf0R4gLFnPxHY","object":"chat.completion.chunk","created":1783158532,"model":"deepseek/deepseek-v4-flash-20260423","provider":"GMICloud","choices":[{"index":0,"delta":{"content":"後","role":"assistant"},"finish_reason":null,"native_finish_reason":null}]}
--- CHUNK 1783158555070 bytes=298 ---
data: {"id":"gen-1783158532-u3Mt5hnbf0R4gLFnPxHY","object":"chat.completion.chunk","created":1783158532,"model":"deepseek/deepseek-v4-flash-20260423","provider":"GMICloud","choices":[{"index":0,"delta":{"content":"端立刻","role":"assistant"},"finish_reason":null,"native_finish_reason":null}]}


PARSED: {"id":"gen-1783158532-u3Mt5hnbf0R4gLFnPxHY","object":"chat.completion.chunk","created":1783158532,"model":"deepseek/deepseek-v4-flash-20260423","provider":"GMICloud","choices":[{"index":0,"delta":{"content":"端立刻","role":"assistant"},"finish_reason":null,"native_finish_reason":null}]}
--- CHUNK 1783158555154 bytes=295 ---
data: {"id":"gen-1783158532-u3Mt5hnbf0R4gLFnPxHY","object":"chat.completion.chunk","created":1783158532,"model":"deepseek/deepseek-v4-flash-20260423","provider":"GMICloud","choices":[{"index":0,"delta":{"content":"產生","role":"assistant"},"finish_reason":null,"native_finish_reason":null}]}


PARSED: {"id":"gen-1783158532-u3Mt5hnbf0R4gLFnPxHY","object":"chat.completion.chunk","created":1783158532,"model":"deepseek/deepseek-v4-flash-20260423","provider":"GMICloud","choices":[{"index":0,"delta":{"content":"產生","role":"assistant"},"finish_reason":null,"native_finish_reason":null}]}
--- CHUNK 1783158555204 bytes=304 ---
data: {"id":"gen-1783158532-u3Mt5hnbf0R4gLFnPxHY","object":"chat.completion.chunk","created":1783158532,"model":"deepseek/deepseek-v4-flash-20260423","provider":"GMICloud","choices":[{"index":0,"delta":{"content":"完整的 Skill","role":"assistant"},"finish_reason":null,"native_finish_reason":null}]}


PARSED: {"id":"gen-1783158532-u3Mt5hnbf0R4gLFnPxHY","object":"chat.completion.chunk","created":1783158532,"model":"deepseek/deepseek-v4-flash-20260423","provider":"GMICloud","choices":[{"index":0,"delta":{"content":"完整的 Skill","role":"assistant"},"finish_reason":null,"native_finish_reason":null}]}
--- CHUNK 1783158555271 bytes=293 ---
data: {"id":"gen-1783158532-u3Mt5hnbf0R4gLFnPxHY","object":"chat.completion.chunk","created":1783158532,"model":"deepseek/deepseek-v4-flash-20260423","provider":"GMICloud","choices":[{"index":0,"delta":{"content":" 草","role":"assistant"},"finish_reason":null,"native_finish_reason":null}]}


PARSED: {"id":"gen-1783158532-u3Mt5hnbf0R4gLFnPxHY","object":"chat.completion.chunk","created":1783158532,"model":"deepseek/deepseek-v4-flash-20260423","provider":"GMICloud","choices":[{"index":0,"delta":{"content":" 草","role":"assistant"},"finish_reason":null,"native_finish_reason":null}]}
--- CHUNK 1783158555336 bytes=298 ---
data: {"id":"gen-1783158532-u3Mt5hnbf0R4gLFnPxHY","object":"chat.completion.chunk","created":1783158532,"model":"deepseek/deepseek-v4-flash-20260423","provider":"GMICloud","choices":[{"index":0,"delta":{"content":"稿填入","role":"assistant"},"finish_reason":null,"native_finish_reason":null}]}


PARSED: {"id":"gen-1783158532-u3Mt5hnbf0R4gLFnPxHY","object":"chat.completion.chunk","created":1783158532,"model":"deepseek/deepseek-v4-flash-20260423","provider":"GMICloud","choices":[{"index":0,"delta":{"content":"稿填入","role":"assistant"},"finish_reason":null,"native_finish_reason":null}]}
--- CHUNK 1783158555404 bytes=295 ---
data: {"id":"gen-1783158532-u3Mt5hnbf0R4gLFnPxHY","object":"chat.completion.chunk","created":1783158532,"model":"deepseek/deepseek-v4-flash-20260423","provider":"GMICloud","choices":[{"index":0,"delta":{"content":"表單","role":"assistant"},"finish_reason":null,"native_finish_reason":null}]}


PARSED: {"id":"gen-1783158532-u3Mt5hnbf0R4gLFnPxHY","object":"chat.completion.chunk","created":1783158532,"model":"deepseek/deepseek-v4-flash-20260423","provider":"GMICloud","choices":[{"index":0,"delta":{"content":"表單","role":"assistant"},"finish_reason":null,"native_finish_reason":null}]}
--- CHUNK 1783158555480 bytes=302 ---
data: {"id":"gen-1783158532-u3Mt5hnbf0R4gLFnPxHY","object":"chat.completion.chunk","created":1783158532,"model":"deepseek/deepseek-v4-flash-20260423","provider":"GMICloud","choices":[{"index":0,"delta":{"content":" |\n\n---\n\n","role":"assistant"},"finish_reason":null,"native_finish_reason":null}]}


PARSED: {"id":"gen-1783158532-u3Mt5hnbf0R4gLFnPxHY","object":"chat.completion.chunk","created":1783158532,"model":"deepseek/deepseek-v4-flash-20260423","provider":"GMICloud","choices":[{"index":0,"delta":{"content":" |\n\n---\n\n","role":"assistant"},"finish_reason":null,"native_finish_reason":null}]}
--- CHUNK 1783158555553 bytes=293 ---
data: {"id":"gen-1783158532-u3Mt5hnbf0R4gLFnPxHY","object":"chat.completion.chunk","created":1783158532,"model":"deepseek/deepseek-v4-flash-20260423","provider":"GMICloud","choices":[{"index":0,"delta":{"content":"### ","role":"assistant"},"finish_reason":null,"native_finish_reason":null}]}


PARSED: {"id":"gen-1783158532-u3Mt5hnbf0R4gLFnPxHY","object":"chat.completion.chunk","created":1783158532,"model":"deepseek/deepseek-v4-flash-20260423","provider":"GMICloud","choices":[{"index":0,"delta":{"content":"### ","role":"assistant"},"finish_reason":null,"native_finish_reason":null}]}
--- CHUNK 1783158555612 bytes=295 ---
data: {"id":"gen-1783158532-u3Mt5hnbf0R4gLFnPxHY","object":"chat.completion.chunk","created":1783158532,"model":"deepseek/deepseek-v4-flash-20260423","provider":"GMICloud","choices":[{"index":0,"delta":{"content":"它的","role":"assistant"},"finish_reason":null,"native_finish_reason":null}]}


PARSED: {"id":"gen-1783158532-u3Mt5hnbf0R4gLFnPxHY","object":"chat.completion.chunk","created":1783158532,"model":"deepseek/deepseek-v4-flash-20260423","provider":"GMICloud","choices":[{"index":0,"delta":{"content":"它的","role":"assistant"},"finish_reason":null,"native_finish_reason":null}]}
--- CHUNK 1783158555680 bytes=300 ---
data: {"id":"gen-1783158532-u3Mt5hnbf0R4gLFnPxHY","object":"chat.completion.chunk","created":1783158532,"model":"deepseek/deepseek-v4-flash-20260423","provider":"GMICloud","choices":[{"index":0,"delta":{"content":" AI Context","role":"assistant"},"finish_reason":null,"native_finish_reason":null}]}


PARSED: {"id":"gen-1783158532-u3Mt5hnbf0R4gLFnPxHY","object":"chat.completion.chunk","created":1783158532,"model":"deepseek/deepseek-v4-flash-20260423","provider":"GMICloud","choices":[{"index":0,"delta":{"content":" AI Context","role":"assistant"},"finish_reason":null,"native_finish_reason":null}]}
--- CHUNK 1783158555744 bytes=293 ---
data: {"id":"gen-1783158532-u3Mt5hnbf0R4gLFnPxHY","object":"chat.completion.chunk","created":1783158532,"model":"deepseek/deepseek-v4-flash-20260423","provider":"GMICloud","choices":[{"index":0,"delta":{"content":" 是","role":"assistant"},"finish_reason":null,"native_finish_reason":null}]}


PARSED: {"id":"gen-1783158532-u3Mt5hnbf0R4gLFnPxHY","object":"chat.completion.chunk","created":1783158532,"model":"deepseek/deepseek-v4-flash-20260423","provider":"GMICloud","choices":[{"index":0,"delta":{"content":" 是","role":"assistant"},"finish_reason":null,"native_finish_reason":null}]}
--- CHUNK 1783158555810 bytes=298 ---
data: {"id":"gen-1783158532-u3Mt5hnbf0R4gLFnPxHY","object":"chat.completion.chunk","created":1783158532,"model":"deepseek/deepseek-v4-flash-20260423","provider":"GMICloud","choices":[{"index":0,"delta":{"content":"怎麼組","role":"assistant"},"finish_reason":null,"native_finish_reason":null}]}


PARSED: {"id":"gen-1783158532-u3Mt5hnbf0R4gLFnPxHY","object":"chat.completion.chunk","created":1783158532,"model":"deepseek/deepseek-v4-flash-20260423","provider":"GMICloud","choices":[{"index":0,"delta":{"content":"怎麼組","role":"assistant"},"finish_reason":null,"native_finish_reason":null}]}
--- CHUNK 1783158555876 bytes=295 ---
data: {"id":"gen-1783158532-u3Mt5hnbf0R4gLFnPxHY","object":"chat.completion.chunk","created":1783158532,"model":"deepseek/deepseek-v4-flash-20260423","provider":"GMICloud","choices":[{"index":0,"delta":{"content":"裝的","role":"assistant"},"finish_reason":null,"native_finish_reason":null}]}


PARSED: {"id":"gen-1783158532-u3Mt5hnbf0R4gLFnPxHY","object":"chat.completion.chunk","created":1783158532,"model":"deepseek/deepseek-v4-flash-20260423","provider":"GMICloud","choices":[{"index":0,"delta":{"content":"裝的","role":"assistant"},"finish_reason":null,"native_finish_reason":null}]}
--- CHUNK 1783158555941 bytes=299 ---
data: {"id":"gen-1783158532-u3Mt5hnbf0R4gLFnPxHY","object":"chat.completion.chunk","created":1783158532,"model":"deepseek/deepseek-v4-flash-20260423","provider":"GMICloud","choices":[{"index":0,"delta":{"content":"？\n\n當","role":"assistant"},"finish_reason":null,"native_finish_reason":null}]}


PARSED: {"id":"gen-1783158532-u3Mt5hnbf0R4gLFnPxHY","object":"chat.completion.chunk","created":1783158532,"model":"deepseek/deepseek-v4-flash-20260423","provider":"GMICloud","choices":[{"index":0,"delta":{"content":"？\n\n當","role":"assistant"},"finish_reason":null,"native_finish_reason":null}]}
--- CHUNK 1783158556006 bytes=298 ---
data: {"id":"gen-1783158532-u3Mt5hnbf0R4gLFnPxHY","object":"chat.completion.chunk","created":1783158532,"model":"deepseek/deepseek-v4-flash-20260423","provider":"GMICloud","choices":[{"index":0,"delta":{"content":"你使用","role":"assistant"},"finish_reason":null,"native_finish_reason":null}]}


PARSED: {"id":"gen-1783158532-u3Mt5hnbf0R4gLFnPxHY","object":"chat.completion.chunk","created":1783158532,"model":"deepseek/deepseek-v4-flash-20260423","provider":"GMICloud","choices":[{"index":0,"delta":{"content":"你使用","role":"assistant"},"finish_reason":null,"native_finish_reason":null}]}
--- CHUNK 1783158556078 bytes=303 ---
data: {"id":"gen-1783158532-u3Mt5hnbf0R4gLFnPxHY","object":"chat.completion.chunk","created":1783158532,"model":"deepseek/deepseek-v4-flash-20260423","provider":"GMICloud","choices":[{"index":0,"delta":{"content":" Skill Builder","role":"assistant"},"finish_reason":null,"native_finish_reason":null}]}


PARSED: {"id":"gen-1783158532-u3Mt5hnbf0R4gLFnPxHY","object":"chat.completion.chunk","created":1783158532,"model":"deepseek/deepseek-v4-flash-20260423","provider":"GMICloud","choices":[{"index":0,"delta":{"content":" Skill Builder","role":"assistant"},"finish_reason":null,"native_finish_reason":null}]}
--- CHUNK 1783158556135 bytes=293 ---
data: {"id":"gen-1783158532-u3Mt5hnbf0R4gLFnPxHY","object":"chat.completion.chunk","created":1783158532,"model":"deepseek/deepseek-v4-flash-20260423","provider":"GMICloud","choices":[{"index":0,"delta":{"content":" 時","role":"assistant"},"finish_reason":null,"native_finish_reason":null}]}


PARSED: {"id":"gen-1783158532-u3Mt5hnbf0R4gLFnPxHY","object":"chat.completion.chunk","created":1783158532,"model":"deepseek/deepseek-v4-flash-20260423","provider":"GMICloud","choices":[{"index":0,"delta":{"content":" 時","role":"assistant"},"finish_reason":null,"native_finish_reason":null}]}
--- CHUNK 1783158556208 bytes=294 ---
data: {"id":"gen-1783158532-u3Mt5hnbf0R4gLFnPxHY","object":"chat.completion.chunk","created":1783158532,"model":"deepseek/deepseek-v4-flash-20260423","provider":"GMICloud","choices":[{"index":0,"delta":{"content":"，AI","role":"assistant"},"finish_reason":null,"native_finish_reason":null}]}


PARSED: {"id":"gen-1783158532-u3Mt5hnbf0R4gLFnPxHY","object":"chat.completion.chunk","created":1783158532,"model":"deepseek/deepseek-v4-flash-20260423","provider":"GMICloud","choices":[{"index":0,"delta":{"content":"，AI","role":"assistant"},"finish_reason":null,"native_finish_reason":null}]}
--- CHUNK 1783158556268 bytes=293 ---
data: {"id":"gen-1783158532-u3Mt5hnbf0R4gLFnPxHY","object":"chat.completion.chunk","created":1783158532,"model":"deepseek/deepseek-v4-flash-20260423","provider":"GMICloud","choices":[{"index":0,"delta":{"content":" 會","role":"assistant"},"finish_reason":null,"native_finish_reason":null}]}


PARSED: {"id":"gen-1783158532-u3Mt5hnbf0R4gLFnPxHY","object":"chat.completion.chunk","created":1783158532,"model":"deepseek/deepseek-v4-flash-20260423","provider":"GMICloud","choices":[{"index":0,"delta":{"content":" 會","role":"assistant"},"finish_reason":null,"native_finish_reason":null}]}
--- CHUNK 1783158556333 bytes=295 ---
data: {"id":"gen-1783158532-u3Mt5hnbf0R4gLFnPxHY","object":"chat.completion.chunk","created":1783158532,"model":"deepseek/deepseek-v4-flash-20260423","provider":"GMICloud","choices":[{"index":0,"delta":{"content":"獲得","role":"assistant"},"finish_reason":null,"native_finish_reason":null}]}


PARSED: {"id":"gen-1783158532-u3Mt5hnbf0R4gLFnPxHY","object":"chat.completion.chunk","created":1783158532,"model":"deepseek/deepseek-v4-flash-20260423","provider":"GMICloud","choices":[{"index":0,"delta":{"content":"獲得","role":"assistant"},"finish_reason":null,"native_finish_reason":null}]}
--- CHUNK 1783158556407 bytes=295 ---
data: {"id":"gen-1783158532-u3Mt5hnbf0R4gLFnPxHY","object":"chat.completion.chunk","created":1783158532,"model":"deepseek/deepseek-v4-flash-20260423","provider":"GMICloud","choices":[{"index":0,"delta":{"content":"以下","role":"assistant"},"finish_reason":null,"native_finish_reason":null}]}


PARSED: {"id":"gen-1783158532-u3Mt5hnbf0R4gLFnPxHY","object":"chat.completion.chunk","created":1783158532,"model":"deepseek/deepseek-v4-flash-20260423","provider":"GMICloud","choices":[{"index":0,"delta":{"content":"以下","role":"assistant"},"finish_reason":null,"native_finish_reason":null}]}
--- CHUNK 1783158556467 bytes=292 ---
data: {"id":"gen-1783158532-u3Mt5hnbf0R4gLFnPxHY","object":"chat.completion.chunk","created":1783158532,"model":"deepseek/deepseek-v4-flash-20260423","provider":"GMICloud","choices":[{"index":0,"delta":{"content":" **","role":"assistant"},"finish_reason":null,"native_finish_reason":null}]}


PARSED: {"id":"gen-1783158532-u3Mt5hnbf0R4gLFnPxHY","object":"chat.completion.chunk","created":1783158532,"model":"deepseek/deepseek-v4-flash-20260423","provider":"GMICloud","choices":[{"index":0,"delta":{"content":" **","role":"assistant"},"finish_reason":null,"native_finish_reason":null}]}
--- CHUNK 1783158556544 bytes=301 ---
data: {"id":"gen-1783158532-u3Mt5hnbf0R4gLFnPxHY","object":"chat.completion.chunk","created":1783158532,"model":"deepseek/deepseek-v4-flash-20260423","provider":"GMICloud","choices":[{"index":0,"delta":{"content":"systemPrompt","role":"assistant"},"finish_reason":null,"native_finish_reason":null}]}


PARSED: {"id":"gen-1783158532-u3Mt5hnbf0R4gLFnPxHY","object":"chat.completion.chunk","created":1783158532,"model":"deepseek/deepseek-v4-flash-20260423","provider":"GMICloud","choices":[{"index":0,"delta":{"content":"systemPrompt","role":"assistant"},"finish_reason":null,"native_finish_reason":null}]}
--- CHUNK 1783158556624 bytes=298 ---
data: {"id":"gen-1783158532-u3Mt5hnbf0R4gLFnPxHY","object":"chat.completion.chunk","created":1783158532,"model":"deepseek/deepseek-v4-flash-20260423","provider":"GMICloud","choices":[{"index":0,"delta":{"content":"**：\n\n","role":"assistant"},"finish_reason":null,"native_finish_reason":null}]}


PARSED: {"id":"gen-1783158532-u3Mt5hnbf0R4gLFnPxHY","object":"chat.completion.chunk","created":1783158532,"model":"deepseek/deepseek-v4-flash-20260423","provider":"GMICloud","choices":[{"index":0,"delta":{"content":"**：\n\n","role":"assistant"},"finish_reason":null,"native_finish_reason":null}]}
--- CHUNK 1783158556677 bytes=290 ---
data: {"id":"gen-1783158532-u3Mt5hnbf0R4gLFnPxHY","object":"chat.completion.chunk","created":1783158532,"model":"deepseek/deepseek-v4-flash-20260423","provider":"GMICloud","choices":[{"index":0,"delta":{"content":"1","role":"assistant"},"finish_reason":null,"native_finish_reason":null}]}


PARSED: {"id":"gen-1783158532-u3Mt5hnbf0R4gLFnPxHY","object":"chat.completion.chunk","created":1783158532,"model":"deepseek/deepseek-v4-flash-20260423","provider":"GMICloud","choices":[{"index":0,"delta":{"content":"1","role":"assistant"},"finish_reason":null,"native_finish_reason":null}]}
--- CHUNK 1783158556733 bytes=293 ---
data: {"id":"gen-1783158532-u3Mt5hnbf0R4gLFnPxHY","object":"chat.completion.chunk","created":1783158532,"model":"deepseek/deepseek-v4-flash-20260423","provider":"GMICloud","choices":[{"index":0,"delta":{"content":". **","role":"assistant"},"finish_reason":null,"native_finish_reason":null}]}


PARSED: {"id":"gen-1783158532-u3Mt5hnbf0R4gLFnPxHY","object":"chat.completion.chunk","created":1783158532,"model":"deepseek/deepseek-v4-flash-20260423","provider":"GMICloud","choices":[{"index":0,"delta":{"content":". **","role":"assistant"},"finish_reason":null,"native_finish_reason":null}]}
--- CHUNK 1783158556803 bytes=295 ---
data: {"id":"gen-1783158532-u3Mt5hnbf0R4gLFnPxHY","object":"chat.completion.chunk","created":1783158532,"model":"deepseek/deepseek-v4-flash-20260423","provider":"GMICloud","choices":[{"index":0,"delta":{"content":"`build","role":"assistant"},"finish_reason":null,"native_finish_reason":null}]}


PARSED: {"id":"gen-1783158532-u3Mt5hnbf0R4gLFnPxHY","object":"chat.completion.chunk","created":1783158532,"model":"deepseek/deepseek-v4-flash-20260423","provider":"GMICloud","choices":[{"index":0,"delta":{"content":"`build","role":"assistant"},"finish_reason":null,"native_finish_reason":null}]}
--- CHUNK 1783158556861 bytes=299 ---
data: {"id":"gen-1783158532-u3Mt5hnbf0R4gLFnPxHY","object":"chat.completion.chunk","created":1783158532,"model":"deepseek/deepseek-v4-flash-20260423","provider":"GMICloud","choices":[{"index":0,"delta":{"content":"FullSystem","role":"assistant"},"finish_reason":null,"native_finish_reason":null}]}


PARSED: {"id":"gen-1783158532-u3Mt5hnbf0R4gLFnPxHY","object":"chat.completion.chunk","created":1783158532,"model":"deepseek/deepseek-v4-flash-20260423","provider":"GMICloud","choices":[{"index":0,"delta":{"content":"FullSystem","role":"assistant"},"finish_reason":null,"native_finish_reason":null}]}
--- CHUNK 1783158556928 bytes=299 ---
data: {"id":"gen-1783158532-u3Mt5hnbf0R4gLFnPxHY","object":"chat.completion.chunk","created":1783158532,"model":"deepseek/deepseek-v4-flash-20260423","provider":"GMICloud","choices":[{"index":0,"delta":{"content":"Context()`","role":"assistant"},"finish_reason":null,"native_finish_reason":null}]}


PARSED: {"id":"gen-1783158532-u3Mt5hnbf0R4gLFnPxHY","object":"chat.completion.chunk","created":1783158532,"model":"deepseek/deepseek-v4-flash-20260423","provider":"GMICloud","choices":[{"index":0,"delta":{"content":"Context()`","role":"assistant"},"finish_reason":null,"native_finish_reason":null}]}
--- CHUNK 1783158557009 bytes=295 ---
data: {"id":"gen-1783158532-u3Mt5hnbf0R4gLFnPxHY","object":"chat.completion.chunk","created":1783158532,"model":"deepseek/deepseek-v4-flash-20260423","provider":"GMICloud","choices":[{"index":0,"delta":{"content":"** —","role":"assistant"},"finish_reason":null,"native_finish_reason":null}]}


PARSED: {"id":"gen-1783158532-u3Mt5hnbf0R4gLFnPxHY","object":"chat.completion.chunk","created":1783158532,"model":"deepseek/deepseek-v4-flash-20260423","provider":"GMICloud","choices":[{"index":0,"delta":{"content":"** —","role":"assistant"},"finish_reason":null,"native_finish_reason":null}]}
--- CHUNK 1783158557061 bytes=291 ---
data: {"id":"gen-1783158532-u3Mt5hnbf0R4gLFnPxHY","object":"chat.completion.chunk","created":1783158532,"model":"deepseek/deepseek-v4-flash-20260423","provider":"GMICloud","choices":[{"index":0,"delta":{"content":" P","role":"assistant"},"finish_reason":null,"native_finish_reason":null}]}


PARSED: {"id":"gen-1783158532-u3Mt5hnbf0R4gLFnPxHY","object":"chat.completion.chunk","created":1783158532,"model":"deepseek/deepseek-v4-flash-20260423","provider":"GMICloud","choices":[{"index":0,"delta":{"content":" P","role":"assistant"},"finish_reason":null,"native_finish_reason":null}]}
--- CHUNK 1783158557125 bytes=292 ---
data: {"id":"gen-1783158532-u3Mt5hnbf0R4gLFnPxHY","object":"chat.completion.chunk","created":1783158532,"model":"deepseek/deepseek-v4-flash-20260423","provider":"GMICloud","choices":[{"index":0,"delta":{"content":"AAW","role":"assistant"},"finish_reason":null,"native_finish_reason":null}]}


PARSED: {"id":"gen-1783158532-u3Mt5hnbf0R4gLFnPxHY","object":"chat.completion.chunk","created":1783158532,"model":"deepseek/deepseek-v4-flash-20260423","provider":"GMICloud","choices":[{"index":0,"delta":{"content":"AAW","role":"assistant"},"finish_reason":null,"native_finish_reason":null}]}
--- CHUNK 1783158557195 bytes=299 ---
data: {"id":"gen-1783158532-u3Mt5hnbf0R4gLFnPxHY","object":"chat.completion.chunk","created":1783158532,"model":"deepseek/deepseek-v4-flash-20260423","provider":"GMICloud","choices":[{"index":0,"delta":{"content":" 的基本","role":"assistant"},"finish_reason":null,"native_finish_reason":null}]}


PARSED: {"id":"gen-1783158532-u3Mt5hnbf0R4gLFnPxHY","object":"chat.completion.chunk","created":1783158532,"model":"deepseek/deepseek-v4-flash-20260423","provider":"GMICloud","choices":[{"index":0,"delta":{"content":" 的基本","role":"assistant"},"finish_reason":null,"native_finish_reason":null}]}
--- CHUNK 1783158557256 bytes=292 ---
data: {"id":"gen-1783158532-u3Mt5hnbf0R4gLFnPxHY","object":"chat.completion.chunk","created":1783158532,"model":"deepseek/deepseek-v4-flash-20260423","provider":"GMICloud","choices":[{"index":0,"delta":{"content":"脈","role":"assistant"},"finish_reason":null,"native_finish_reason":null}]}


PARSED: {"id":"gen-1783158532-u3Mt5hnbf0R4gLFnPxHY","object":"chat.completion.chunk","created":1783158532,"model":"deepseek/deepseek-v4-flash-20260423","provider":"GMICloud","choices":[{"index":0,"delta":{"content":"脈","role":"assistant"},"finish_reason":null,"native_finish_reason":null}]}
--- CHUNK 1783158557324 bytes=295 ---
data: {"id":"gen-1783158532-u3Mt5hnbf0R4gLFnPxHY","object":"chat.completion.chunk","created":1783158532,"model":"deepseek/deepseek-v4-flash-20260423","provider":"GMICloud","choices":[{"index":0,"delta":{"content":"絡（","role":"assistant"},"finish_reason":null,"native_finish_reason":null}]}


PARSED: {"id":"gen-1783158532-u3Mt5hnbf0R4gLFnPxHY","object":"chat.completion.chunk","created":1783158532,"model":"deepseek/deepseek-v4-flash-20260423","provider":"GMICloud","choices":[{"index":0,"delta":{"content":"絡（","role":"assistant"},"finish_reason":null,"native_finish_reason":null}]}
--- CHUNK 1783158557390 bytes=295 ---
data: {"id":"gen-1783158532-u3Mt5hnbf0R4gLFnPxHY","object":"chat.completion.chunk","created":1783158532,"model":"deepseek/deepseek-v4-flash-20260423","provider":"GMICloud","choices":[{"index":0,"delta":{"content":"路徑","role":"assistant"},"finish_reason":null,"native_finish_reason":null}]}


PARSED: {"id":"gen-1783158532-u3Mt5hnbf0R4gLFnPxHY","object":"chat.completion.chunk","created":1783158532,"model":"deepseek/deepseek-v4-flash-20260423","provider":"GMICloud","choices":[{"index":0,"delta":{"content":"路徑","role":"assistant"},"finish_reason":null,"native_finish_reason":null}]}
--- CHUNK 1783158557459 bytes=295 ---
data: {"id":"gen-1783158532-u3Mt5hnbf0R4gLFnPxHY","object":"chat.completion.chunk","created":1783158532,"model":"deepseek/deepseek-v4-flash-20260423","provider":"GMICloud","choices":[{"index":0,"delta":{"content":"結構","role":"assistant"},"finish_reason":null,"native_finish_reason":null}]}


PARSED: {"id":"gen-1783158532-u3Mt5hnbf0R4gLFnPxHY","object":"chat.completion.chunk","created":1783158532,"model":"deepseek/deepseek-v4-flash-20260423","provider":"GMICloud","choices":[{"index":0,"delta":{"content":"結構","role":"assistant"},"finish_reason":null,"native_finish_reason":null}]}
--- CHUNK 1783158557529 bytes=298 ---
data: {"id":"gen-1783158532-u3Mt5hnbf0R4gLFnPxHY","object":"chat.completion.chunk","created":1783158532,"model":"deepseek/deepseek-v4-flash-20260423","provider":"GMICloud","choices":[{"index":0,"delta":{"content":"、行為","role":"assistant"},"finish_reason":null,"native_finish_reason":null}]}


PARSED: {"id":"gen-1783158532-u3Mt5hnbf0R4gLFnPxHY","object":"chat.completion.chunk","created":1783158532,"model":"deepseek/deepseek-v4-flash-20260423","provider":"GMICloud","choices":[{"index":0,"delta":{"content":"、行為","role":"assistant"},"finish_reason":null,"native_finish_reason":null}]}
--- CHUNK 1783158557594 bytes=295 ---
data: {"id":"gen-1783158532-u3Mt5hnbf0R4gLFnPxHY","object":"chat.completion.chunk","created":1783158532,"model":"deepseek/deepseek-v4-flash-20260423","provider":"GMICloud","choices":[{"index":0,"delta":{"content":"規則","role":"assistant"},"finish_reason":null,"native_finish_reason":null}]}


PARSED: {"id":"gen-1783158532-u3Mt5hnbf0R4gLFnPxHY","object":"chat.completion.chunk","created":1783158532,"model":"deepseek/deepseek-v4-flash-20260423","provider":"GMICloud","choices":[{"index":0,"delta":{"content":"規則","role":"assistant"},"finish_reason":null,"native_finish_reason":null}]}
--- CHUNK 1783158557658 bytes=301 ---
data: {"id":"gen-1783158532-u3Mt5hnbf0R4gLFnPxHY","object":"chat.completion.chunk","created":1783158532,"model":"deepseek/deepseek-v4-flash-20260423","provider":"GMICloud","choices":[{"index":0,"delta":{"content":"、使用者","role":"assistant"},"finish_reason":null,"native_finish_reason":null}]}


PARSED: {"id":"gen-1783158532-u3Mt5hnbf0R4gLFnPxHY","object":"chat.completion.chunk","created":1783158532,"model":"deepseek/deepseek-v4-flash-20260423","provider":"GMICloud","choices":[{"index":0,"delta":{"content":"、使用者","role":"assistant"},"finish_reason":null,"native_finish_reason":null}]}
--- CHUNK 1783158557725 bytes=295 ---
data: {"id":"gen-1783158532-u3Mt5hnbf0R4gLFnPxHY","object":"chat.completion.chunk","created":1783158532,"model":"deepseek/deepseek-v4-flash-20260423","provider":"GMICloud","choices":[{"index":0,"delta":{"content":"資訊","role":"assistant"},"finish_reason":null,"native_finish_reason":null}]}


PARSED: {"id":"gen-1783158532-u3Mt5hnbf0R4gLFnPxHY","object":"chat.completion.chunk","created":1783158532,"model":"deepseek/deepseek-v4-flash-20260423","provider":"GMICloud","choices":[{"index":0,"delta":{"content":"資訊","role":"assistant"},"finish_reason":null,"native_finish_reason":null}]}
--- CHUNK 1783158557789 bytes=295 ---
data: {"id":"gen-1783158532-u3Mt5hnbf0R4gLFnPxHY","object":"chat.completion.chunk","created":1783158532,"model":"deepseek/deepseek-v4-flash-20260423","provider":"GMICloud","choices":[{"index":0,"delta":{"content":"、已","role":"assistant"},"finish_reason":null,"native_finish_reason":null}]}


PARSED: {"id":"gen-1783158532-u3Mt5hnbf0R4gLFnPxHY","object":"chat.completion.chunk","created":1783158532,"model":"deepseek/deepseek-v4-flash-20260423","provider":"GMICloud","choices":[{"index":0,"delta":{"content":"、已","role":"assistant"},"finish_reason":null,"native_finish_reason":null}]}
--- CHUNK 1783158557859 bytes=299 ---
data: {"id":"gen-1783158532-u3Mt5hnbf0R4gLFnPxHY","object":"chat.completion.chunk","created":1783158532,"model":"deepseek/deepseek-v4-flash-20260423","provider":"GMICloud","choices":[{"index":0,"delta":{"content":"安裝 App","role":"assistant"},"finish_reason":null,"native_finish_reason":null}]}


PARSED: {"id":"gen-1783158532-u3Mt5hnbf0R4gLFnPxHY","object":"chat.completion.chunk","created":1783158532,"model":"deepseek/deepseek-v4-flash-20260423","provider":"GMICloud","choices":[{"index":0,"delta":{"content":"安裝 App","role":"assistant"},"finish_reason":null,"native_finish_reason":null}]}
--- CHUNK 1783158557928 bytes=292 ---
data: {"id":"gen-1783158532-u3Mt5hnbf0R4gLFnPxHY","object":"chat.completion.chunk","created":1783158532,"model":"deepseek/deepseek-v4-flash-20260423","provider":"GMICloud","choices":[{"index":0,"delta":{"content":"、","role":"assistant"},"finish_reason":null,"native_finish_reason":null}]}


PARSED: {"id":"gen-1783158532-u3Mt5hnbf0R4gLFnPxHY","object":"chat.completion.chunk","created":1783158532,"model":"deepseek/deepseek-v4-flash-20260423","provider":"GMICloud","choices":[{"index":0,"delta":{"content":"、","role":"assistant"},"finish_reason":null,"native_finish_reason":null}]}
--- CHUNK 1783158557987 bytes=295 ---
data: {"id":"gen-1783158532-u3Mt5hnbf0R4gLFnPxHY","object":"chat.completion.chunk","created":1783158532,"model":"deepseek/deepseek-v4-flash-20260423","provider":"GMICloud","choices":[{"index":0,"delta":{"content":"工具","role":"assistant"},"finish_reason":null,"native_finish_reason":null}]}


PARSED: {"id":"gen-1783158532-u3Mt5hnbf0R4gLFnPxHY","object":"chat.completion.chunk","created":1783158532,"model":"deepseek/deepseek-v4-flash-20260423","provider":"GMICloud","choices":[{"index":0,"delta":{"content":"工具","role":"assistant"},"finish_reason":null,"native_finish_reason":null}]}
--- CHUNK 1783158558053 bytes=295 ---
data: {"id":"gen-1783158532-u3Mt5hnbf0R4gLFnPxHY","object":"chat.completion.chunk","created":1783158532,"model":"deepseek/deepseek-v4-flash-20260423","provider":"GMICloud","choices":[{"index":0,"delta":{"content":"使用","role":"assistant"},"finish_reason":null,"native_finish_reason":null}]}


PARSED: {"id":"gen-1783158532-u3Mt5hnbf0R4gLFnPxHY","object":"chat.completion.chunk","created":1783158532,"model":"deepseek/deepseek-v4-flash-20260423","provider":"GMICloud","choices":[{"index":0,"delta":{"content":"使用","role":"assistant"},"finish_reason":null,"native_finish_reason":null}]}
--- CHUNK 1783158558135 bytes=298 ---
data: {"id":"gen-1783158532-u3Mt5hnbf0R4gLFnPxHY","object":"chat.completion.chunk","created":1783158532,"model":"deepseek/deepseek-v4-flash-20260423","provider":"GMICloud","choices":[{"index":0,"delta":{"content":"規則等","role":"assistant"},"finish_reason":null,"native_finish_reason":null}]}


PARSED: {"id":"gen-1783158532-u3Mt5hnbf0R4gLFnPxHY","object":"chat.completion.chunk","created":1783158532,"model":"deepseek/deepseek-v4-flash-20260423","provider":"GMICloud","choices":[{"index":0,"delta":{"content":"規則等","role":"assistant"},"finish_reason":null,"native_finish_reason":null}]}
--- CHUNK 1783158558184 bytes=295 ---
data: {"id":"gen-1783158532-u3Mt5hnbf0R4gLFnPxHY","object":"chat.completion.chunk","created":1783158532,"model":"deepseek/deepseek-v4-flash-20260423","provider":"GMICloud","choices":[{"index":0,"delta":{"content":"）\n2","role":"assistant"},"finish_reason":null,"native_finish_reason":null}]}


PARSED: {"id":"gen-1783158532-u3Mt5hnbf0R4gLFnPxHY","object":"chat.completion.chunk","created":1783158532,"model":"deepseek/deepseek-v4-flash-20260423","provider":"GMICloud","choices":[{"index":0,"delta":{"content":"）\n2","role":"assistant"},"finish_reason":null,"native_finish_reason":null}]}
--- CHUNK 1783158558252 bytes=293 ---
data: {"id":"gen-1783158532-u3Mt5hnbf0R4gLFnPxHY","object":"chat.completion.chunk","created":1783158532,"model":"deepseek/deepseek-v4-flash-20260423","provider":"GMICloud","choices":[{"index":0,"delta":{"content":". **","role":"assistant"},"finish_reason":null,"native_finish_reason":null}]}


PARSED: {"id":"gen-1783158532-u3Mt5hnbf0R4gLFnPxHY","object":"chat.completion.chunk","created":1783158532,"model":"deepseek/deepseek-v4-flash-20260423","provider":"GMICloud","choices":[{"index":0,"delta":{"content":". **","role":"assistant"},"finish_reason":null,"native_finish_reason":null}]}
--- CHUNK 1783158558317 bytes=295 ---
data: {"id":"gen-1783158532-u3Mt5hnbf0R4gLFnPxHY","object":"chat.completion.chunk","created":1783158532,"model":"deepseek/deepseek-v4-flash-20260423","provider":"GMICloud","choices":[{"index":0,"delta":{"content":"`skill","role":"assistant"},"finish_reason":null,"native_finish_reason":null}]}


PARSED: {"id":"gen-1783158532-u3Mt5hnbf0R4gLFnPxHY","object":"chat.completion.chunk","created":1783158532,"model":"deepseek/deepseek-v4-flash-20260423","provider":"GMICloud","choices":[{"index":0,"delta":{"content":"`skill","role":"assistant"},"finish_reason":null,"native_finish_reason":null}]}
--- CHUNK 1783158558382 bytes=297 ---
data: {"id":"gen-1783158532-u3Mt5hnbf0R4gLFnPxHY","object":"chat.completion.chunk","created":1783158532,"model":"deepseek/deepseek-v4-flash-20260423","provider":"GMICloud","choices":[{"index":0,"delta":{"content":"-builder","role":"assistant"},"finish_reason":null,"native_finish_reason":null}]}


PARSED: {"id":"gen-1783158532-u3Mt5hnbf0R4gLFnPxHY","object":"chat.completion.chunk","created":1783158532,"model":"deepseek/deepseek-v4-flash-20260423","provider":"GMICloud","choices":[{"index":0,"delta":{"content":"-builder","role":"assistant"},"finish_reason":null,"native_finish_reason":null}]}
--- CHUNK 1783158558448 bytes=295 ---
data: {"id":"gen-1783158532-u3Mt5hnbf0R4gLFnPxHY","object":"chat.completion.chunk","created":1783158532,"model":"deepseek/deepseek-v4-flash-20260423","provider":"GMICloud","choices":[{"index":0,"delta":{"content":"/skill","role":"assistant"},"finish_reason":null,"native_finish_reason":null}]}


PARSED: {"id":"gen-1783158532-u3Mt5hnbf0R4gLFnPxHY","object":"chat.completion.chunk","created":1783158532,"model":"deepseek/deepseek-v4-flash-20260423","provider":"GMICloud","choices":[{"index":0,"delta":{"content":"/skill","role":"assistant"},"finish_reason":null,"native_finish_reason":null}]}
--- CHUNK 1783158558520 bytes=296 ---
data: {"id":"gen-1783158532-u3Mt5hnbf0R4gLFnPxHY","object":"chat.completion.chunk","created":1783158532,"model":"deepseek/deepseek-v4-flash-20260423","provider":"GMICloud","choices":[{"index":0,"delta":{"content":"-format","role":"assistant"},"finish_reason":null,"native_finish_reason":null}]}


PARSED: {"id":"gen-1783158532-u3Mt5hnbf0R4gLFnPxHY","object":"chat.completion.chunk","created":1783158532,"model":"deepseek/deepseek-v4-flash-20260423","provider":"GMICloud","choices":[{"index":0,"delta":{"content":"-format","role":"assistant"},"finish_reason":null,"native_finish_reason":null}]}
--- CHUNK 1783158558585 bytes=293 ---
data: {"id":"gen-1783158532-u3Mt5hnbf0R4gLFnPxHY","object":"chat.completion.chunk","created":1783158532,"model":"deepseek/deepseek-v4-flash-20260423","provider":"GMICloud","choices":[{"index":0,"delta":{"content":".md`","role":"assistant"},"finish_reason":null,"native_finish_reason":null}]}


PARSED: {"id":"gen-1783158532-u3Mt5hnbf0R4gLFnPxHY","object":"chat.completion.chunk","created":1783158532,"model":"deepseek/deepseek-v4-flash-20260423","provider":"GMICloud","choices":[{"index":0,"delta":{"content":".md`","role":"assistant"},"finish_reason":null,"native_finish_reason":null}]}
--- CHUNK 1783158558648 bytes=295 ---
data: {"id":"gen-1783158532-u3Mt5hnbf0R4gLFnPxHY","object":"chat.completion.chunk","created":1783158532,"model":"deepseek/deepseek-v4-flash-20260423","provider":"GMICloud","choices":[{"index":0,"delta":{"content":"** —","role":"assistant"},"finish_reason":null,"native_finish_reason":null}]}


PARSED: {"id":"gen-1783158532-u3Mt5hnbf0R4gLFnPxHY","object":"chat.completion.chunk","created":1783158532,"model":"deepseek/deepseek-v4-flash-20260423","provider":"GMICloud","choices":[{"index":0,"delta":{"content":"** —","role":"assistant"},"finish_reason":null,"native_finish_reason":null}]}
--- CHUNK 1783158558719 bytes=296 ---
data: {"id":"gen-1783158532-u3Mt5hnbf0R4gLFnPxHY","object":"chat.completion.chunk","created":1783158532,"model":"deepseek/deepseek-v4-flash-20260423","provider":"GMICloud","choices":[{"index":0,"delta":{"content":" Skill ","role":"assistant"},"finish_reason":null,"native_finish_reason":null}]}


PARSED: {"id":"gen-1783158532-u3Mt5hnbf0R4gLFnPxHY","object":"chat.completion.chunk","created":1783158532,"model":"deepseek/deepseek-v4-flash-20260423","provider":"GMICloud","choices":[{"index":0,"delta":{"content":" Skill ","role":"assistant"},"finish_reason":null,"native_finish_reason":null}]}
--- CHUNK 1783158558779 bytes=298 ---
data: {"id":"gen-1783158532-u3Mt5hnbf0R4gLFnPxHY","object":"chat.completion.chunk","created":1783158532,"model":"deepseek/deepseek-v4-flash-20260423","provider":"GMICloud","choices":[{"index":0,"delta":{"content":"的標準","role":"assistant"},"finish_reason":null,"native_finish_reason":null}]}


PARSED: {"id":"gen-1783158532-u3Mt5hnbf0R4gLFnPxHY","object":"chat.completion.chunk","created":1783158532,"model":"deepseek/deepseek-v4-flash-20260423","provider":"GMICloud","choices":[{"index":0,"delta":{"content":"的標準","role":"assistant"},"finish_reason":null,"native_finish_reason":null}]}
--- CHUNK 1783158558851 bytes=298 ---
data: {"id":"gen-1783158532-u3Mt5hnbf0R4gLFnPxHY","object":"chat.completion.chunk","created":1783158532,"model":"deepseek/deepseek-v4-flash-20260423","provider":"GMICloud","choices":[{"index":0,"delta":{"content":"格式範","role":"assistant"},"finish_reason":null,"native_finish_reason":null}]}


PARSED: {"id":"gen-1783158532-u3Mt5hnbf0R4gLFnPxHY","object":"chat.completion.chunk","created":1783158532,"model":"deepseek/deepseek-v4-flash-20260423","provider":"GMICloud","choices":[{"index":0,"delta":{"content":"格式範","role":"assistant"},"finish_reason":null,"native_finish_reason":null}]}
--- CHUNK 1783158558912 bytes=294 ---
data: {"id":"gen-1783158532-u3Mt5hnbf0R4gLFnPxHY","object":"chat.completion.chunk","created":1783158532,"model":"deepseek/deepseek-v4-flash-20260423","provider":"GMICloud","choices":[{"index":0,"delta":{"content":"本\n","role":"assistant"},"finish_reason":null,"native_finish_reason":null}]}


PARSED: {"id":"gen-1783158532-u3Mt5hnbf0R4gLFnPxHY","object":"chat.completion.chunk","created":1783158532,"model":"deepseek/deepseek-v4-flash-20260423","provider":"GMICloud","choices":[{"index":0,"delta":{"content":"本\n","role":"assistant"},"finish_reason":null,"native_finish_reason":null}]}
--- CHUNK 1783158558975 bytes=291 ---
data: {"id":"gen-1783158532-u3Mt5hnbf0R4gLFnPxHY","object":"chat.completion.chunk","created":1783158532,"model":"deepseek/deepseek-v4-flash-20260423","provider":"GMICloud","choices":[{"index":0,"delta":{"content":"3.","role":"assistant"},"finish_reason":null,"native_finish_reason":null}]}


PARSED: {"id":"gen-1783158532-u3Mt5hnbf0R4gLFnPxHY","object":"chat.completion.chunk","created":1783158532,"model":"deepseek/deepseek-v4-flash-20260423","provider":"GMICloud","choices":[{"index":0,"delta":{"content":"3.","role":"assistant"},"finish_reason":null,"native_finish_reason":null}]}
--- CHUNK 1783158559055 bytes=293 ---
data: {"id":"gen-1783158532-u3Mt5hnbf0R4gLFnPxHY","object":"chat.completion.chunk","created":1783158532,"model":"deepseek/deepseek-v4-flash-20260423","provider":"GMICloud","choices":[{"index":0,"delta":{"content":" **`","role":"assistant"},"finish_reason":null,"native_finish_reason":null}]}


PARSED: {"id":"gen-1783158532-u3Mt5hnbf0R4gLFnPxHY","object":"chat.completion.chunk","created":1783158532,"model":"deepseek/deepseek-v4-flash-20260423","provider":"GMICloud","choices":[{"index":0,"delta":{"content":" **`","role":"assistant"},"finish_reason":null,"native_finish_reason":null}]}
--- CHUNK 1783158559108 bytes=296 ---
data: {"id":"gen-1783158532-u3Mt5hnbf0R4gLFnPxHY","object":"chat.completion.chunk","created":1783158532,"model":"deepseek/deepseek-v4-flash-20260423","provider":"GMICloud","choices":[{"index":0,"delta":{"content":"skill-b","role":"assistant"},"finish_reason":null,"native_finish_reason":null}]}


PARSED: {"id":"gen-1783158532-u3Mt5hnbf0R4gLFnPxHY","object":"chat.completion.chunk","created":1783158532,"model":"deepseek/deepseek-v4-flash-20260423","provider":"GMICloud","choices":[{"index":0,"delta":{"content":"skill-b","role":"assistant"},"finish_reason":null,"native_finish_reason":null}]}
--- CHUNK 1783158559175 bytes=297 ---
data: {"id":"gen-1783158532-u3Mt5hnbf0R4gLFnPxHY","object":"chat.completion.chunk","created":1783158532,"model":"deepseek/deepseek-v4-flash-20260423","provider":"GMICloud","choices":[{"index":0,"delta":{"content":"uilder/b","role":"assistant"},"finish_reason":null,"native_finish_reason":null}]}


PARSED: {"id":"gen-1783158532-u3Mt5hnbf0R4gLFnPxHY","object":"chat.completion.chunk","created":1783158532,"model":"deepseek/deepseek-v4-flash-20260423","provider":"GMICloud","choices":[{"index":0,"delta":{"content":"uilder/b","role":"assistant"},"finish_reason":null,"native_finish_reason":null}]}
--- CHUNK 1783158559244 bytes=297 ---
data: {"id":"gen-1783158532-u3Mt5hnbf0R4gLFnPxHY","object":"chat.completion.chunk","created":1783158532,"model":"deepseek/deepseek-v4-flash-20260423","provider":"GMICloud","choices":[{"index":0,"delta":{"content":"uilder-r","role":"assistant"},"finish_reason":null,"native_finish_reason":null}]}


PARSED: {"id":"gen-1783158532-u3Mt5hnbf0R4gLFnPxHY","object":"chat.completion.chunk","created":1783158532,"model":"deepseek/deepseek-v4-flash-20260423","provider":"GMICloud","choices":[{"index":0,"delta":{"content":"uilder-r","role":"assistant"},"finish_reason":null,"native_finish_reason":null}]}
--- CHUNK 1783158559307 bytes=296 ---
data: {"id":"gen-1783158532-u3Mt5hnbf0R4gLFnPxHY","object":"chat.completion.chunk","created":1783158532,"model":"deepseek/deepseek-v4-flash-20260423","provider":"GMICloud","choices":[{"index":0,"delta":{"content":"ules.md","role":"assistant"},"finish_reason":null,"native_finish_reason":null}]}


PARSED: {"id":"gen-1783158532-u3Mt5hnbf0R4gLFnPxHY","object":"chat.completion.chunk","created":1783158532,"model":"deepseek/deepseek-v4-flash-20260423","provider":"GMICloud","choices":[{"index":0,"delta":{"content":"ules.md","role":"assistant"},"finish_reason":null,"native_finish_reason":null}]}
--- CHUNK 1783158559373 bytes=292 ---
data: {"id":"gen-1783158532-u3Mt5hnbf0R4gLFnPxHY","object":"chat.completion.chunk","created":1783158532,"model":"deepseek/deepseek-v4-flash-20260423","provider":"GMICloud","choices":[{"index":0,"delta":{"content":"`**","role":"assistant"},"finish_reason":null,"native_finish_reason":null}]}


PARSED: {"id":"gen-1783158532-u3Mt5hnbf0R4gLFnPxHY","object":"chat.completion.chunk","created":1783158532,"model":"deepseek/deepseek-v4-flash-20260423","provider":"GMICloud","choices":[{"index":0,"delta":{"content":"`**","role":"assistant"},"finish_reason":null,"native_finish_reason":null}]}
--- CHUNK 1783158559441 bytes=294 ---
data: {"id":"gen-1783158532-u3Mt5hnbf0R4gLFnPxHY","object":"chat.completion.chunk","created":1783158532,"model":"deepseek/deepseek-v4-flash-20260423","provider":"GMICloud","choices":[{"index":0,"delta":{"content":" — ","role":"assistant"},"finish_reason":null,"native_finish_reason":null}]}


PARSED: {"id":"gen-1783158532-u3Mt5hnbf0R4gLFnPxHY","object":"chat.completion.chunk","created":1783158532,"model":"deepseek/deepseek-v4-flash-20260423","provider":"GMICloud","choices":[{"index":0,"delta":{"content":" — ","role":"assistant"},"finish_reason":null,"native_finish_reason":null}]}
--- CHUNK 1783158559525 bytes=295 ---
data: {"id":"gen-1783158532-u3Mt5hnbf0R4gLFnPxHY","object":"chat.completion.chunk","created":1783158532,"model":"deepseek/deepseek-v4-flash-20260423","provider":"GMICloud","choices":[{"index":0,"delta":{"content":"建構","role":"assistant"},"finish_reason":null,"native_finish_reason":null}]}


PARSED: {"id":"gen-1783158532-u3Mt5hnbf0R4gLFnPxHY","object":"chat.completion.chunk","created":1783158532,"model":"deepseek/deepseek-v4-flash-20260423","provider":"GMICloud","choices":[{"index":0,"delta":{"content":"建構","role":"assistant"},"finish_reason":null,"native_finish_reason":null}]}
--- CHUNK 1783158559571 bytes=298 ---
data: {"id":"gen-1783158532-u3Mt5hnbf0R4gLFnPxHY","object":"chat.completion.chunk","created":1783158532,"model":"deepseek/deepseek-v4-flash-20260423","provider":"GMICloud","choices":[{"index":0,"delta":{"content":"規則（","role":"assistant"},"finish_reason":null,"native_finish_reason":null}]}


PARSED: {"id":"gen-1783158532-u3Mt5hnbf0R4gLFnPxHY","object":"chat.completion.chunk","created":1783158532,"model":"deepseek/deepseek-v4-flash-20260423","provider":"GMICloud","choices":[{"index":0,"delta":{"content":"規則（","role":"assistant"},"finish_reason":null,"native_finish_reason":null}]}
--- CHUNK 1783158559638 bytes=298 ---
data: {"id":"gen-1783158532-u3Mt5hnbf0R4gLFnPxHY","object":"chat.completion.chunk","created":1783158532,"model":"deepseek/deepseek-v4-flash-20260423","provider":"GMICloud","choices":[{"index":0,"delta":{"content":"告訴 AI","role":"assistant"},"finish_reason":null,"native_finish_reason":null}]}


PARSED: {"id":"gen-1783158532-u3Mt5hnbf0R4gLFnPxHY","object":"chat.completion.chunk","created":1783158532,"model":"deepseek/deepseek-v4-flash-20260423","provider":"GMICloud","choices":[{"index":0,"delta":{"content":"告訴 AI","role":"assistant"},"finish_reason":null,"native_finish_reason":null}]}
--- CHUNK 1783158559699 bytes=296 ---
data: {"id":"gen-1783158532-u3Mt5hnbf0R4gLFnPxHY","object":"chat.completion.chunk","created":1783158532,"model":"deepseek/deepseek-v4-flash-20260423","provider":"GMICloud","choices":[{"index":0,"delta":{"content":" 如何","role":"assistant"},"finish_reason":null,"native_finish_reason":null}]}


PARSED: {"id":"gen-1783158532-u3Mt5hnbf0R4gLFnPxHY","object":"chat.completion.chunk","created":1783158532,"model":"deepseek/deepseek-v4-flash-20260423","provider":"GMICloud","choices":[{"index":0,"delta":{"content":" 如何","role":"assistant"},"finish_reason":null,"native_finish_reason":null}]}
--- CHUNK 1783158559772 bytes=298 ---
data: {"id":"gen-1783158532-u3Mt5hnbf0R4gLFnPxHY","object":"chat.completion.chunk","created":1783158532,"model":"deepseek/deepseek-v4-flash-20260423","provider":"GMICloud","choices":[{"index":0,"delta":{"content":"一步步","role":"assistant"},"finish_reason":null,"native_finish_reason":null}]}


PARSED: {"id":"gen-1783158532-u3Mt5hnbf0R4gLFnPxHY","object":"chat.completion.chunk","created":1783158532,"model":"deepseek/deepseek-v4-flash-20260423","provider":"GMICloud","choices":[{"index":0,"delta":{"content":"一步步","role":"assistant"},"finish_reason":null,"native_finish_reason":null}]}
--- CHUNK 1783158559838 bytes=295 ---
data: {"id":"gen-1783158532-u3Mt5hnbf0R4gLFnPxHY","object":"chat.completion.chunk","created":1783158532,"model":"deepseek/deepseek-v4-flash-20260423","provider":"GMICloud","choices":[{"index":0,"delta":{"content":"協助","role":"assistant"},"finish_reason":null,"native_finish_reason":null}]}


PARSED: {"id":"gen-1783158532-u3Mt5hnbf0R4gLFnPxHY","object":"chat.completion.chunk","created":1783158532,"model":"deepseek/deepseek-v4-flash-20260423","provider":"GMICloud","choices":[{"index":0,"delta":{"content":"協助","role":"assistant"},"finish_reason":null,"native_finish_reason":null}]}
--- CHUNK 1783158559896 bytes=298 ---
data: {"id":"gen-1783158532-u3Mt5hnbf0R4gLFnPxHY","object":"chat.completion.chunk","created":1783158532,"model":"deepseek/deepseek-v4-flash-20260423","provider":"GMICloud","choices":[{"index":0,"delta":{"content":"使用者","role":"assistant"},"finish_reason":null,"native_finish_reason":null}]}


PARSED: {"id":"gen-1783158532-u3Mt5hnbf0R4gLFnPxHY","object":"chat.completion.chunk","created":1783158532,"model":"deepseek/deepseek-v4-flash-20260423","provider":"GMICloud","choices":[{"index":0,"delta":{"content":"使用者","role":"assistant"},"finish_reason":null,"native_finish_reason":null}]}
--- CHUNK 1783158559963 bytes=295 ---
data: {"id":"gen-1783158532-u3Mt5hnbf0R4gLFnPxHY","object":"chat.completion.chunk","created":1783158532,"model":"deepseek/deepseek-v4-flash-20260423","provider":"GMICloud","choices":[{"index":0,"delta":{"content":"建立","role":"assistant"},"finish_reason":null,"native_finish_reason":null}]}


PARSED: {"id":"gen-1783158532-u3Mt5hnbf0R4gLFnPxHY","object":"chat.completion.chunk","created":1783158532,"model":"deepseek/deepseek-v4-flash-20260423","provider":"GMICloud","choices":[{"index":0,"delta":{"content":"建立","role":"assistant"},"finish_reason":null,"native_finish_reason":null}]}
--- CHUNK 1783158560026 bytes=300 ---
data: {"id":"gen-1783158532-u3Mt5hnbf0R4gLFnPxHY","object":"chat.completion.chunk","created":1783158532,"model":"deepseek/deepseek-v4-flash-20260423","provider":"GMICloud","choices":[{"index":0,"delta":{"content":" Skill）\n","role":"assistant"},"finish_reason":null,"native_finish_reason":null}]}


PARSED: {"id":"gen-1783158532-u3Mt5hnbf0R4gLFnPxHY","object":"chat.completion.chunk","created":1783158532,"model":"deepseek/deepseek-v4-flash-20260423","provider":"GMICloud","choices":[{"index":0,"delta":{"content":" Skill）\n","role":"assistant"},"finish_reason":null,"native_finish_reason":null}]}
--- CHUNK 1783158560091 bytes=291 ---
data: {"id":"gen-1783158532-u3Mt5hnbf0R4gLFnPxHY","object":"chat.completion.chunk","created":1783158532,"model":"deepseek/deepseek-v4-flash-20260423","provider":"GMICloud","choices":[{"index":0,"delta":{"content":"4.","role":"assistant"},"finish_reason":null,"native_finish_reason":null}]}


PARSED: {"id":"gen-1783158532-u3Mt5hnbf0R4gLFnPxHY","object":"chat.completion.chunk","created":1783158532,"model":"deepseek/deepseek-v4-flash-20260423","provider":"GMICloud","choices":[{"index":0,"delta":{"content":"4.","role":"assistant"},"finish_reason":null,"native_finish_reason":null}]}
--- CHUNK 1783158560155 bytes=293 ---
data: {"id":"gen-1783158532-u3Mt5hnbf0R4gLFnPxHY","object":"chat.completion.chunk","created":1783158532,"model":"deepseek/deepseek-v4-flash-20260423","provider":"GMICloud","choices":[{"index":0,"delta":{"content":" **`","role":"assistant"},"finish_reason":null,"native_finish_reason":null}]}


PARSED: {"id":"gen-1783158532-u3Mt5hnbf0R4gLFnPxHY","object":"chat.completion.chunk","created":1783158532,"model":"deepseek/deepseek-v4-flash-20260423","provider":"GMICloud","choices":[{"index":0,"delta":{"content":" **`","role":"assistant"},"finish_reason":null,"native_finish_reason":null}]}
--- CHUNK 1783158560235 bytes=296 ---
data: {"id":"gen-1783158532-u3Mt5hnbf0R4gLFnPxHY","object":"chat.completion.chunk","created":1783158532,"model":"deepseek/deepseek-v4-flash-20260423","provider":"GMICloud","choices":[{"index":0,"delta":{"content":"skill-b","role":"assistant"},"finish_reason":null,"native_finish_reason":null}]}


PARSED: {"id":"gen-1783158532-u3Mt5hnbf0R4gLFnPxHY","object":"chat.completion.chunk","created":1783158532,"model":"deepseek/deepseek-v4-flash-20260423","provider":"GMICloud","choices":[{"index":0,"delta":{"content":"skill-b","role":"assistant"},"finish_reason":null,"native_finish_reason":null}]}
--- CHUNK 1783158560301 bytes=300 ---
data: {"id":"gen-1783158532-u3Mt5hnbf0R4gLFnPxHY","object":"chat.completion.chunk","created":1783158532,"model":"deepseek/deepseek-v4-flash-20260423","provider":"GMICloud","choices":[{"index":0,"delta":{"content":"uilder/test","role":"assistant"},"finish_reason":null,"native_finish_reason":null}]}


PARSED: {"id":"gen-1783158532-u3Mt5hnbf0R4gLFnPxHY","object":"chat.completion.chunk","created":1783158532,"model":"deepseek/deepseek-v4-flash-20260423","provider":"GMICloud","choices":[{"index":0,"delta":{"content":"uilder/test","role":"assistant"},"finish_reason":null,"native_finish_reason":null}]}
--- CHUNK 1783158560370 bytes=295 ---
data: {"id":"gen-1783158532-u3Mt5hnbf0R4gLFnPxHY","object":"chat.completion.chunk","created":1783158532,"model":"deepseek/deepseek-v4-flash-20260423","provider":"GMICloud","choices":[{"index":0,"delta":{"content":"-rules","role":"assistant"},"finish_reason":null,"native_finish_reason":null}]}


PARSED: {"id":"gen-1783158532-u3Mt5hnbf0R4gLFnPxHY","object":"chat.completion.chunk","created":1783158532,"model":"deepseek/deepseek-v4-flash-20260423","provider":"GMICloud","choices":[{"index":0,"delta":{"content":"-rules","role":"assistant"},"finish_reason":null,"native_finish_reason":null}]}
--- CHUNK 1783158560436 bytes=293 ---
data: {"id":"gen-1783158532-u3Mt5hnbf0R4gLFnPxHY","object":"chat.completion.chunk","created":1783158532,"model":"deepseek/deepseek-v4-flash-20260423","provider":"GMICloud","choices":[{"index":0,"delta":{"content":".md`","role":"assistant"},"finish_reason":null,"native_finish_reason":null}]}


PARSED: {"id":"gen-1783158532-u3Mt5hnbf0R4gLFnPxHY","object":"chat.completion.chunk","created":1783158532,"model":"deepseek/deepseek-v4-flash-20260423","provider":"GMICloud","choices":[{"index":0,"delta":{"content":".md`","role":"assistant"},"finish_reason":null,"native_finish_reason":null}]}
--- CHUNK 1783158560501 bytes=295 ---
data: {"id":"gen-1783158532-u3Mt5hnbf0R4gLFnPxHY","object":"chat.completion.chunk","created":1783158532,"model":"deepseek/deepseek-v4-flash-20260423","provider":"GMICloud","choices":[{"index":0,"delta":{"content":"** —","role":"assistant"},"finish_reason":null,"native_finish_reason":null}]}


PARSED: {"id":"gen-1783158532-u3Mt5hnbf0R4gLFnPxHY","object":"chat.completion.chunk","created":1783158532,"model":"deepseek/deepseek-v4-flash-20260423","provider":"GMICloud","choices":[{"index":0,"delta":{"content":"** —","role":"assistant"},"finish_reason":null,"native_finish_reason":null}]}
--- CHUNK 1783158560567 bytes=296 ---
data: {"id":"gen-1783158532-u3Mt5hnbf0R4gLFnPxHY","object":"chat.completion.chunk","created":1783158532,"model":"deepseek/deepseek-v4-flash-20260423","provider":"GMICloud","choices":[{"index":0,"delta":{"content":" 測試","role":"assistant"},"finish_reason":null,"native_finish_reason":null}]}


PARSED: {"id":"gen-1783158532-u3Mt5hnbf0R4gLFnPxHY","object":"chat.completion.chunk","created":1783158532,"model":"deepseek/deepseek-v4-flash-20260423","provider":"GMICloud","choices":[{"index":0,"delta":{"content":" 測試","role":"assistant"},"finish_reason":null,"native_finish_reason":null}]}
--- CHUNK 1783158560637 bytes=298 ---
data: {"id":"gen-1783158532-u3Mt5hnbf0R4gLFnPxHY","object":"chat.completion.chunk","created":1783158532,"model":"deepseek/deepseek-v4-flash-20260423","provider":"GMICloud","choices":[{"index":0,"delta":{"content":"規則（","role":"assistant"},"finish_reason":null,"native_finish_reason":null}]}


PARSED: {"id":"gen-1783158532-u3Mt5hnbf0R4gLFnPxHY","object":"chat.completion.chunk","created":1783158532,"model":"deepseek/deepseek-v4-flash-20260423","provider":"GMICloud","choices":[{"index":0,"delta":{"content":"規則（","role":"assistant"},"finish_reason":null,"native_finish_reason":null}]}
--- CHUNK 1783158560702 bytes=292 ---
data: {"id":"gen-1783158532-u3Mt5hnbf0R4gLFnPxHY","object":"chat.completion.chunk","created":1783158532,"model":"deepseek/deepseek-v4-flash-20260423","provider":"GMICloud","choices":[{"index":0,"delta":{"content":"建","role":"assistant"},"finish_reason":null,"native_finish_reason":null}]}


PARSED: {"id":"gen-1783158532-u3Mt5hnbf0R4gLFnPxHY","object":"chat.completion.chunk","created":1783158532,"model":"deepseek/deepseek-v4-flash-20260423","provider":"GMICloud","choices":[{"index":0,"delta":{"content":"建","role":"assistant"},"finish_reason":null,"native_finish_reason":null}]}
--- CHUNK 1783158560804 bytes=298 ---
data: {"id":"gen-1783158532-u3Mt5hnbf0R4gLFnPxHY","object":"chat.completion.chunk","created":1783158532,"model":"deepseek/deepseek-v4-flash-20260423","provider":"GMICloud","choices":[{"index":0,"delta":{"content":"構完成","role":"assistant"},"finish_reason":null,"native_finish_reason":null}]}


PARSED: {"id":"gen-1783158532-u3Mt5hnbf0R4gLFnPxHY","object":"chat.completion.chunk","created":1783158532,"model":"deepseek/deepseek-v4-flash-20260423","provider":"GMICloud","choices":[{"index":0,"delta":{"content":"構完成","role":"assistant"},"finish_reason":null,"native_finish_reason":null}]}
--- CHUNK 1783158560832 bytes=298 ---
data: {"id":"gen-1783158532-u3Mt5hnbf0R4gLFnPxHY","object":"chat.completion.chunk","created":1783158532,"model":"deepseek/deepseek-v4-flash-20260423","provider":"GMICloud","choices":[{"index":0,"delta":{"content":"後如何","role":"assistant"},"finish_reason":null,"native_finish_reason":null}]}


PARSED: {"id":"gen-1783158532-u3Mt5hnbf0R4gLFnPxHY","object":"chat.completion.chunk","created":1783158532,"model":"deepseek/deepseek-v4-flash-20260423","provider":"GMICloud","choices":[{"index":0,"delta":{"content":"後如何","role":"assistant"},"finish_reason":null,"native_finish_reason":null}]}
--- CHUNK 1783158560904 bytes=295 ---
data: {"id":"gen-1783158532-u3Mt5hnbf0R4gLFnPxHY","object":"chat.completion.chunk","created":1783158532,"model":"deepseek/deepseek-v4-flash-20260423","provider":"GMICloud","choices":[{"index":0,"delta":{"content":"驗證","role":"assistant"},"finish_reason":null,"native_finish_reason":null}]}


PARSED: {"id":"gen-1783158532-u3Mt5hnbf0R4gLFnPxHY","object":"chat.completion.chunk","created":1783158532,"model":"deepseek/deepseek-v4-flash-20260423","provider":"GMICloud","choices":[{"index":0,"delta":{"content":"驗證","role":"assistant"},"finish_reason":null,"native_finish_reason":null}]}
--- CHUNK 1783158560960 bytes=296 ---
data: {"id":"gen-1783158532-u3Mt5hnbf0R4gLFnPxHY","object":"chat.completion.chunk","created":1783158532,"model":"deepseek/deepseek-v4-flash-20260423","provider":"GMICloud","choices":[{"index":0,"delta":{"content":" Skill ","role":"assistant"},"finish_reason":null,"native_finish_reason":null}]}


PARSED: {"id":"gen-1783158532-u3Mt5hnbf0R4gLFnPxHY","object":"chat.completion.chunk","created":1783158532,"model":"deepseek/deepseek-v4-flash-20260423","provider":"GMICloud","choices":[{"index":0,"delta":{"content":" Skill ","role":"assistant"},"finish_reason":null,"native_finish_reason":null}]}
--- CHUNK 1783158561067 bytes=301 ---
data: {"id":"gen-1783158532-u3Mt5hnbf0R4gLFnPxHY","object":"chat.completion.chunk","created":1783158532,"model":"deepseek/deepseek-v4-flash-20260423","provider":"GMICloud","choices":[{"index":0,"delta":{"content":"是否正常","role":"assistant"},"finish_reason":null,"native_finish_reason":null}]}


PARSED: {"id":"gen-1783158532-u3Mt5hnbf0R4gLFnPxHY","object":"chat.completion.chunk","created":1783158532,"model":"deepseek/deepseek-v4-flash-20260423","provider":"GMICloud","choices":[{"index":0,"delta":{"content":"是否正常","role":"assistant"},"finish_reason":null,"native_finish_reason":null}]}
--- CHUNK 1783158561094 bytes=295 ---
data: {"id":"gen-1783158532-u3Mt5hnbf0R4gLFnPxHY","object":"chat.completion.chunk","created":1783158532,"model":"deepseek/deepseek-v4-flash-20260423","provider":"GMICloud","choices":[{"index":0,"delta":{"content":"運作","role":"assistant"},"finish_reason":null,"native_finish_reason":null}]}


PARSED: {"id":"gen-1783158532-u3Mt5hnbf0R4gLFnPxHY","object":"chat.completion.chunk","created":1783158532,"model":"deepseek/deepseek-v4-flash-20260423","provider":"GMICloud","choices":[{"index":0,"delta":{"content":"運作","role":"assistant"},"finish_reason":null,"native_finish_reason":null}]}
--- CHUNK 1783158561158 bytes=302 ---
data: {"id":"gen-1783158532-u3Mt5hnbf0R4gLFnPxHY","object":"chat.completion.chunk","created":1783158532,"model":"deepseek/deepseek-v4-flash-20260423","provider":"GMICloud","choices":[{"index":0,"delta":{"content":"）\n\n這樣","role":"assistant"},"finish_reason":null,"native_finish_reason":null}]}


PARSED: {"id":"gen-1783158532-u3Mt5hnbf0R4gLFnPxHY","object":"chat.completion.chunk","created":1783158532,"model":"deepseek/deepseek-v4-flash-20260423","provider":"GMICloud","choices":[{"index":0,"delta":{"content":"）\n\n這樣","role":"assistant"},"finish_reason":null,"native_finish_reason":null}]}
--- CHUNK 1783158561223 bytes=292 ---
data: {"id":"gen-1783158532-u3Mt5hnbf0R4gLFnPxHY","object":"chat.completion.chunk","created":1783158532,"model":"deepseek/deepseek-v4-flash-20260423","provider":"GMICloud","choices":[{"index":0,"delta":{"content":" AI","role":"assistant"},"finish_reason":null,"native_finish_reason":null}]}


PARSED: {"id":"gen-1783158532-u3Mt5hnbf0R4gLFnPxHY","object":"chat.completion.chunk","created":1783158532,"model":"deepseek/deepseek-v4-flash-20260423","provider":"GMICloud","choices":[{"index":0,"delta":{"content":" AI","role":"assistant"},"finish_reason":null,"native_finish_reason":null}]}
--- CHUNK 1783158561289 bytes=296 ---
data: {"id":"gen-1783158532-u3Mt5hnbf0R4gLFnPxHY","object":"chat.completion.chunk","created":1783158532,"model":"deepseek/deepseek-v4-flash-20260423","provider":"GMICloud","choices":[{"index":0,"delta":{"content":" 就能","role":"assistant"},"finish_reason":null,"native_finish_reason":null}]}


PARSED: {"id":"gen-1783158532-u3Mt5hnbf0R4gLFnPxHY","object":"chat.completion.chunk","created":1783158532,"model":"deepseek/deepseek-v4-flash-20260423","provider":"GMICloud","choices":[{"index":0,"delta":{"content":" 就能","role":"assistant"},"finish_reason":null,"native_finish_reason":null}]}
--- CHUNK 1783158561355 bytes=298 ---
data: {"id":"gen-1783158532-u3Mt5hnbf0R4gLFnPxHY","object":"chat.completion.chunk","created":1783158532,"model":"deepseek/deepseek-v4-flash-20260423","provider":"GMICloud","choices":[{"index":0,"delta":{"content":"在你的","role":"assistant"},"finish_reason":null,"native_finish_reason":null}]}


PARSED: {"id":"gen-1783158532-u3Mt5hnbf0R4gLFnPxHY","object":"chat.completion.chunk","created":1783158532,"model":"deepseek/deepseek-v4-flash-20260423","provider":"GMICloud","choices":[{"index":0,"delta":{"content":"在你的","role":"assistant"},"finish_reason":null,"native_finish_reason":null}]}
--- CHUNK 1783158561425 bytes=292 ---
data: {"id":"gen-1783158532-u3Mt5hnbf0R4gLFnPxHY","object":"chat.completion.chunk","created":1783158532,"model":"deepseek/deepseek-v4-flash-20260423","provider":"GMICloud","choices":[{"index":0,"delta":{"content":"引","role":"assistant"},"finish_reason":null,"native_finish_reason":null}]}


PARSED: {"id":"gen-1783158532-u3Mt5hnbf0R4gLFnPxHY","object":"chat.completion.chunk","created":1783158532,"model":"deepseek/deepseek-v4-flash-20260423","provider":"GMICloud","choices":[{"index":0,"delta":{"content":"引","role":"assistant"},"finish_reason":null,"native_finish_reason":null}]}
--- CHUNK 1783158561490 bytes=295 ---
data: {"id":"gen-1783158532-u3Mt5hnbf0R4gLFnPxHY","object":"chat.completion.chunk","created":1783158532,"model":"deepseek/deepseek-v4-flash-20260423","provider":"GMICloud","choices":[{"index":0,"delta":{"content":"導下","role":"assistant"},"finish_reason":null,"native_finish_reason":null}]}


PARSED: {"id":"gen-1783158532-u3Mt5hnbf0R4gLFnPxHY","object":"chat.completion.chunk","created":1783158532,"model":"deepseek/deepseek-v4-flash-20260423","provider":"GMICloud","choices":[{"index":0,"delta":{"content":"導下","role":"assistant"},"finish_reason":null,"native_finish_reason":null}]}
--- CHUNK 1783158561555 bytes=295 ---
data: {"id":"gen-1783158532-u3Mt5hnbf0R4gLFnPxHY","object":"chat.completion.chunk","created":1783158532,"model":"deepseek/deepseek-v4-flash-20260423","provider":"GMICloud","choices":[{"index":0,"delta":{"content":"，產","role":"assistant"},"finish_reason":null,"native_finish_reason":null}]}


PARSED: {"id":"gen-1783158532-u3Mt5hnbf0R4gLFnPxHY","object":"chat.completion.chunk","created":1783158532,"model":"deepseek/deepseek-v4-flash-20260423","provider":"GMICloud","choices":[{"index":0,"delta":{"content":"，產","role":"assistant"},"finish_reason":null,"native_finish_reason":null}]}
--- CHUNK 1783158561622 bytes=298 ---
data: {"id":"gen-1783158532-u3Mt5hnbf0R4gLFnPxHY","object":"chat.completion.chunk","created":1783158532,"model":"deepseek/deepseek-v4-flash-20260423","provider":"GMICloud","choices":[{"index":0,"delta":{"content":"出符合","role":"assistant"},"finish_reason":null,"native_finish_reason":null}]}


PARSED: {"id":"gen-1783158532-u3Mt5hnbf0R4gLFnPxHY","object":"chat.completion.chunk","created":1783158532,"model":"deepseek/deepseek-v4-flash-20260423","provider":"GMICloud","choices":[{"index":0,"delta":{"content":"出符合","role":"assistant"},"finish_reason":null,"native_finish_reason":null}]}
--- CHUNK 1783158561685 bytes=293 ---
data: {"id":"gen-1783158532-u3Mt5hnbf0R4gLFnPxHY","object":"chat.completion.chunk","created":1783158532,"model":"deepseek/deepseek-v4-flash-20260423","provider":"GMICloud","choices":[{"index":0,"delta":{"content":" PAA","role":"assistant"},"finish_reason":null,"native_finish_reason":null}]}


PARSED: {"id":"gen-1783158532-u3Mt5hnbf0R4gLFnPxHY","object":"chat.completion.chunk","created":1783158532,"model":"deepseek/deepseek-v4-flash-20260423","provider":"GMICloud","choices":[{"index":0,"delta":{"content":" PAA","role":"assistant"},"finish_reason":null,"native_finish_reason":null}]}
--- CHUNK 1783158561754 bytes=291 ---
data: {"id":"gen-1783158532-u3Mt5hnbf0R4gLFnPxHY","object":"chat.completion.chunk","created":1783158532,"model":"deepseek/deepseek-v4-flash-20260423","provider":"GMICloud","choices":[{"index":0,"delta":{"content":"W ","role":"assistant"},"finish_reason":null,"native_finish_reason":null}]}


PARSED: {"id":"gen-1783158532-u3Mt5hnbf0R4gLFnPxHY","object":"chat.completion.chunk","created":1783158532,"model":"deepseek/deepseek-v4-flash-20260423","provider":"GMICloud","choices":[{"index":0,"delta":{"content":"W ","role":"assistant"},"finish_reason":null,"native_finish_reason":null}]}
--- CHUNK 1783158561827 bytes=298 ---
data: {"id":"gen-1783158532-u3Mt5hnbf0R4gLFnPxHY","object":"chat.completion.chunk","created":1783158532,"model":"deepseek/deepseek-v4-flash-20260423","provider":"GMICloud","choices":[{"index":0,"delta":{"content":"標準的","role":"assistant"},"finish_reason":null,"native_finish_reason":null}]}


PARSED: {"id":"gen-1783158532-u3Mt5hnbf0R4gLFnPxHY","object":"chat.completion.chunk","created":1783158532,"model":"deepseek/deepseek-v4-flash-20260423","provider":"GMICloud","choices":[{"index":0,"delta":{"content":"標準的","role":"assistant"},"finish_reason":null,"native_finish_reason":null}]}
--- CHUNK 1783158561879 bytes=302 ---
data: {"id":"gen-1783158532-u3Mt5hnbf0R4gLFnPxHY","object":"chat.completion.chunk","created":1783158532,"model":"deepseek/deepseek-v4-flash-20260423","provider":"GMICloud","choices":[{"index":0,"delta":{"content":" Skill。\n\n","role":"assistant"},"finish_reason":null,"native_finish_reason":null}]}


PARSED: {"id":"gen-1783158532-u3Mt5hnbf0R4gLFnPxHY","object":"chat.completion.chunk","created":1783158532,"model":"deepseek/deepseek-v4-flash-20260423","provider":"GMICloud","choices":[{"index":0,"delta":{"content":" Skill。\n\n","role":"assistant"},"finish_reason":null,"native_finish_reason":null}]}
--- CHUNK 1783158561953 bytes=299 ---
data: {"id":"gen-1783158532-u3Mt5hnbf0R4gLFnPxHY","object":"chat.completion.chunk","created":1783158532,"model":"deepseek/deepseek-v4-flash-20260423","provider":"GMICloud","choices":[{"index":0,"delta":{"content":"---\n\n###","role":"assistant"},"finish_reason":null,"native_finish_reason":null}]}


PARSED: {"id":"gen-1783158532-u3Mt5hnbf0R4gLFnPxHY","object":"chat.completion.chunk","created":1783158532,"model":"deepseek/deepseek-v4-flash-20260423","provider":"GMICloud","choices":[{"index":0,"delta":{"content":"---\n\n###","role":"assistant"},"finish_reason":null,"native_finish_reason":null}]}
--- CHUNK 1783158562011 bytes=296 ---
data: {"id":"gen-1783158532-u3Mt5hnbf0R4gLFnPxHY","object":"chat.completion.chunk","created":1783158532,"model":"deepseek/deepseek-v4-flash-20260423","provider":"GMICloud","choices":[{"index":0,"delta":{"content":" 哪些","role":"assistant"},"finish_reason":null,"native_finish_reason":null}]}


PARSED: {"id":"gen-1783158532-u3Mt5hnbf0R4gLFnPxHY","object":"chat.completion.chunk","created":1783158532,"model":"deepseek/deepseek-v4-flash-20260423","provider":"GMICloud","choices":[{"index":0,"delta":{"content":" 哪些","role":"assistant"},"finish_reason":null,"native_finish_reason":null}]}
--- CHUNK 1783158562076 bytes=295 ---
data: {"id":"gen-1783158532-u3Mt5hnbf0R4gLFnPxHY","object":"chat.completion.chunk","created":1783158532,"model":"deepseek/deepseek-v4-flash-20260423","provider":"GMICloud","choices":[{"index":0,"delta":{"content":"地方","role":"assistant"},"finish_reason":null,"native_finish_reason":null}]}


PARSED: {"id":"gen-1783158532-u3Mt5hnbf0R4gLFnPxHY","object":"chat.completion.chunk","created":1783158532,"model":"deepseek/deepseek-v4-flash-20260423","provider":"GMICloud","choices":[{"index":0,"delta":{"content":"地方","role":"assistant"},"finish_reason":null,"native_finish_reason":null}]}
--- CHUNK 1783158562141 bytes=298 ---
data: {"id":"gen-1783158532-u3Mt5hnbf0R4gLFnPxHY","object":"chat.completion.chunk","created":1783158532,"model":"deepseek/deepseek-v4-flash-20260423","provider":"GMICloud","choices":[{"index":0,"delta":{"content":"會用到","role":"assistant"},"finish_reason":null,"native_finish_reason":null}]}


PARSED: {"id":"gen-1783158532-u3Mt5hnbf0R4gLFnPxHY","object":"chat.completion.chunk","created":1783158532,"model":"deepseek/deepseek-v4-flash-20260423","provider":"GMICloud","choices":[{"index":0,"delta":{"content":"會用到","role":"assistant"},"finish_reason":null,"native_finish_reason":null}]}
--- CHUNK 1783158562211 bytes=303 ---
data: {"id":"gen-1783158532-u3Mt5hnbf0R4gLFnPxHY","object":"chat.completion.chunk","created":1783158532,"model":"deepseek/deepseek-v4-flash-20260423","provider":"GMICloud","choices":[{"index":0,"delta":{"content":" Skill Builder","role":"assistant"},"finish_reason":null,"native_finish_reason":null}]}


PARSED: {"id":"gen-1783158532-u3Mt5hnbf0R4gLFnPxHY","object":"chat.completion.chunk","created":1783158532,"model":"deepseek/deepseek-v4-flash-20260423","provider":"GMICloud","choices":[{"index":0,"delta":{"content":" Skill Builder","role":"assistant"},"finish_reason":null,"native_finish_reason":null}]}
--- CHUNK 1783158562279 bytes=290 ---
data: {"id":"gen-1783158532-u3Mt5hnbf0R4gLFnPxHY","object":"chat.completion.chunk","created":1783158532,"model":"deepseek/deepseek-v4-flash-20260423","provider":"GMICloud","choices":[{"index":0,"delta":{"content":" ","role":"assistant"},"finish_reason":null,"native_finish_reason":null}]}


PARSED: {"id":"gen-1783158532-u3Mt5hnbf0R4gLFnPxHY","object":"chat.completion.chunk","created":1783158532,"model":"deepseek/deepseek-v4-flash-20260423","provider":"GMICloud","choices":[{"index":0,"delta":{"content":" ","role":"assistant"},"finish_reason":null,"native_finish_reason":null}]}
--- CHUNK 1783158562343 bytes=298 ---
data: {"id":"gen-1783158532-u3Mt5hnbf0R4gLFnPxHY","object":"chat.completion.chunk","created":1783158532,"model":"deepseek/deepseek-v4-flash-20260423","provider":"GMICloud","choices":[{"index":0,"delta":{"content":"產出的","role":"assistant"},"finish_reason":null,"native_finish_reason":null}]}


PARSED: {"id":"gen-1783158532-u3Mt5hnbf0R4gLFnPxHY","object":"chat.completion.chunk","created":1783158532,"model":"deepseek/deepseek-v4-flash-20260423","provider":"GMICloud","choices":[{"index":0,"delta":{"content":"產出的","role":"assistant"},"finish_reason":null,"native_finish_reason":null}]}
--- CHUNK 1783158562403 bytes=295 ---
data: {"id":"gen-1783158532-u3Mt5hnbf0R4gLFnPxHY","object":"chat.completion.chunk","created":1783158532,"model":"deepseek/deepseek-v4-flash-20260423","provider":"GMICloud","choices":[{"index":0,"delta":{"content":"結果","role":"assistant"},"finish_reason":null,"native_finish_reason":null}]}


PARSED: {"id":"gen-1783158532-u3Mt5hnbf0R4gLFnPxHY","object":"chat.completion.chunk","created":1783158532,"model":"deepseek/deepseek-v4-flash-20260423","provider":"GMICloud","choices":[{"index":0,"delta":{"content":"結果","role":"assistant"},"finish_reason":null,"native_finish_reason":null}]}
--- CHUNK 1783158562479 bytes=302 ---
data: {"id":"gen-1783158532-u3Mt5hnbf0R4gLFnPxHY","object":"chat.completion.chunk","created":1783158532,"model":"deepseek/deepseek-v4-flash-20260423","provider":"GMICloud","choices":[{"index":0,"delta":{"content":"？\n\n建立","role":"assistant"},"finish_reason":null,"native_finish_reason":null}]}


PARSED: {"id":"gen-1783158532-u3Mt5hnbf0R4gLFnPxHY","object":"chat.completion.chunk","created":1783158532,"model":"deepseek/deepseek-v4-flash-20260423","provider":"GMICloud","choices":[{"index":0,"delta":{"content":"？\n\n建立","role":"assistant"},"finish_reason":null,"native_finish_reason":null}]}
--- CHUNK 1783158562543 bytes=295 ---
data: {"id":"gen-1783158532-u3Mt5hnbf0R4gLFnPxHY","object":"chat.completion.chunk","created":1783158532,"model":"deepseek/deepseek-v4-flash-20260423","provider":"GMICloud","choices":[{"index":0,"delta":{"content":"好的","role":"assistant"},"finish_reason":null,"native_finish_reason":null}]}


PARSED: {"id":"gen-1783158532-u3Mt5hnbf0R4gLFnPxHY","object":"chat.completion.chunk","created":1783158532,"model":"deepseek/deepseek-v4-flash-20260423","provider":"GMICloud","choices":[{"index":0,"delta":{"content":"好的","role":"assistant"},"finish_reason":null,"native_finish_reason":null}]}
--- CHUNK 1783158562596 bytes=296 ---
data: {"id":"gen-1783158532-u3Mt5hnbf0R4gLFnPxHY","object":"chat.completion.chunk","created":1783158532,"model":"deepseek/deepseek-v4-flash-20260423","provider":"GMICloud","choices":[{"index":0,"delta":{"content":" Skill ","role":"assistant"},"finish_reason":null,"native_finish_reason":null}]}


PARSED: {"id":"gen-1783158532-u3Mt5hnbf0R4gLFnPxHY","object":"chat.completion.chunk","created":1783158532,"model":"deepseek/deepseek-v4-flash-20260423","provider":"GMICloud","choices":[{"index":0,"delta":{"content":" Skill ","role":"assistant"},"finish_reason":null,"native_finish_reason":null}]}
--- CHUNK 1783158562661 bytes=292 ---
data: {"id":"gen-1783158532-u3Mt5hnbf0R4gLFnPxHY","object":"chat.completion.chunk","created":1783158532,"model":"deepseek/deepseek-v4-flash-20260423","provider":"GMICloud","choices":[{"index":0,"delta":{"content":"會","role":"assistant"},"finish_reason":null,"native_finish_reason":null}]}


PARSED: {"id":"gen-1783158532-u3Mt5hnbf0R4gLFnPxHY","object":"chat.completion.chunk","created":1783158532,"model":"deepseek/deepseek-v4-flash-20260423","provider":"GMICloud","choices":[{"index":0,"delta":{"content":"會","role":"assistant"},"finish_reason":null,"native_finish_reason":null}]}
--- CHUNK 1783158562725 bytes=298 ---
data: {"id":"gen-1783158532-u3Mt5hnbf0R4gLFnPxHY","object":"chat.completion.chunk","created":1783158532,"model":"deepseek/deepseek-v4-flash-20260423","provider":"GMICloud","choices":[{"index":0,"delta":{"content":"存放在","role":"assistant"},"finish_reason":null,"native_finish_reason":null}]}


PARSED: {"id":"gen-1783158532-u3Mt5hnbf0R4gLFnPxHY","object":"chat.completion.chunk","created":1783158532,"model":"deepseek/deepseek-v4-flash-20260423","provider":"GMICloud","choices":[{"index":0,"delta":{"content":"存放在","role":"assistant"},"finish_reason":null,"native_finish_reason":null}]}
--- CHUNK 1783158562788 bytes=295 ---
data: {"id":"gen-1783158532-u3Mt5hnbf0R4gLFnPxHY","object":"chat.completion.chunk","created":1783158532,"model":"deepseek/deepseek-v4-flash-20260423","provider":"GMICloud","choices":[{"index":0,"delta":{"content":" `data","role":"assistant"},"finish_reason":null,"native_finish_reason":null}]}


PARSED: {"id":"gen-1783158532-u3Mt5hnbf0R4gLFnPxHY","object":"chat.completion.chunk","created":1783158532,"model":"deepseek/deepseek-v4-flash-20260423","provider":"GMICloud","choices":[{"index":0,"delta":{"content":" `data","role":"assistant"},"finish_reason":null,"native_finish_reason":null}]}
--- CHUNK 1783158562853 bytes=292 ---
data: {"id":"gen-1783158532-u3Mt5hnbf0R4gLFnPxHY","object":"chat.completion.chunk","created":1783158532,"model":"deepseek/deepseek-v4-flash-20260423","provider":"GMICloud","choices":[{"index":0,"delta":{"content":"/sk","role":"assistant"},"finish_reason":null,"native_finish_reason":null}]}


PARSED: {"id":"gen-1783158532-u3Mt5hnbf0R4gLFnPxHY","object":"chat.completion.chunk","created":1783158532,"model":"deepseek/deepseek-v4-flash-20260423","provider":"GMICloud","choices":[{"index":0,"delta":{"content":"/sk","role":"assistant"},"finish_reason":null,"native_finish_reason":null}]}
--- CHUNK 1783158562920 bytes=294 ---
data: {"id":"gen-1783158532-u3Mt5hnbf0R4gLFnPxHY","object":"chat.completion.chunk","created":1783158532,"model":"deepseek/deepseek-v4-flash-20260423","provider":"GMICloud","choices":[{"index":0,"delta":{"content":"ills/","role":"assistant"},"finish_reason":null,"native_finish_reason":null}]}


PARSED: {"id":"gen-1783158532-u3Mt5hnbf0R4gLFnPxHY","object":"chat.completion.chunk","created":1783158532,"model":"deepseek/deepseek-v4-flash-20260423","provider":"GMICloud","choices":[{"index":0,"delta":{"content":"ills/","role":"assistant"},"finish_reason":null,"native_finish_reason":null}]}
--- CHUNK 1783158563001 bytes=291 ---
data: {"id":"gen-1783158532-u3Mt5hnbf0R4gLFnPxHY","object":"chat.completion.chunk","created":1783158532,"model":"deepseek/deepseek-v4-flash-20260423","provider":"GMICloud","choices":[{"index":0,"delta":{"content":"` ","role":"assistant"},"finish_reason":null,"native_finish_reason":null}]}


PARSED: {"id":"gen-1783158532-u3Mt5hnbf0R4gLFnPxHY","object":"chat.completion.chunk","created":1783158532,"model":"deepseek/deepseek-v4-flash-20260423","provider":"GMICloud","choices":[{"index":0,"delta":{"content":"` ","role":"assistant"},"finish_reason":null,"native_finish_reason":null}]}
--- CHUNK 1783158563076 bytes=295 ---
data: {"id":"gen-1783158532-u3Mt5hnbf0R4gLFnPxHY","object":"chat.completion.chunk","created":1783158532,"model":"deepseek/deepseek-v4-flash-20260423","provider":"GMICloud","choices":[{"index":0,"delta":{"content":"目錄","role":"assistant"},"finish_reason":null,"native_finish_reason":null}]}


PARSED: {"id":"gen-1783158532-u3Mt5hnbf0R4gLFnPxHY","object":"chat.completion.chunk","created":1783158532,"model":"deepseek/deepseek-v4-flash-20260423","provider":"GMICloud","choices":[{"index":0,"delta":{"content":"目錄","role":"assistant"},"finish_reason":null,"native_finish_reason":null}]}
--- CHUNK 1783158563112 bytes=295 ---
data: {"id":"gen-1783158532-u3Mt5hnbf0R4gLFnPxHY","object":"chat.completion.chunk","created":1783158532,"model":"deepseek/deepseek-v4-flash-20260423","provider":"GMICloud","choices":[{"index":0,"delta":{"content":"下，","role":"assistant"},"finish_reason":null,"native_finish_reason":null}]}


PARSED: {"id":"gen-1783158532-u3Mt5hnbf0R4gLFnPxHY","object":"chat.completion.chunk","created":1783158532,"model":"deepseek/deepseek-v4-flash-20260423","provider":"GMICloud","choices":[{"index":0,"delta":{"content":"下，","role":"assistant"},"finish_reason":null,"native_finish_reason":null}]}
--- CHUNK 1783158563177 bytes=292 ---
data: {"id":"gen-1783158532-u3Mt5hnbf0R4gLFnPxHY","object":"chat.completion.chunk","created":1783158532,"model":"deepseek/deepseek-v4-flash-20260423","provider":"GMICloud","choices":[{"index":0,"delta":{"content":"並","role":"assistant"},"finish_reason":null,"native_finish_reason":null}]}


PARSED: {"id":"gen-1783158532-u3Mt5hnbf0R4gLFnPxHY","object":"chat.completion.chunk","created":1783158532,"model":"deepseek/deepseek-v4-flash-20260423","provider":"GMICloud","choices":[{"index":0,"delta":{"content":"並","role":"assistant"},"finish_reason":null,"native_finish_reason":null}]}
--- CHUNK 1783158563244 bytes=298 ---
data: {"id":"gen-1783158532-u3Mt5hnbf0R4gLFnPxHY","object":"chat.completion.chunk","created":1783158532,"model":"deepseek/deepseek-v4-flash-20260423","provider":"GMICloud","choices":[{"index":0,"delta":{"content":"可以被","role":"assistant"},"finish_reason":null,"native_finish_reason":null}]}


PARSED: {"id":"gen-1783158532-u3Mt5hnbf0R4gLFnPxHY","object":"chat.completion.chunk","created":1783158532,"model":"deepseek/deepseek-v4-flash-20260423","provider":"GMICloud","choices":[{"index":0,"delta":{"content":"可以被","role":"assistant"},"finish_reason":null,"native_finish_reason":null}]}
--- CHUNK 1783158563314 bytes=301 ---
data: {"id":"gen-1783158532-u3Mt5hnbf0R4gLFnPxHY","object":"chat.completion.chunk","created":1783158532,"model":"deepseek/deepseek-v4-flash-20260423","provider":"GMICloud","choices":[{"index":0,"delta":{"content":"以下機制","role":"assistant"},"finish_reason":null,"native_finish_reason":null}]}


PARSED: {"id":"gen-1783158532-u3Mt5hnbf0R4gLFnPxHY","object":"chat.completion.chunk","created":1783158532,"model":"deepseek/deepseek-v4-flash-20260423","provider":"GMICloud","choices":[{"index":0,"delta":{"content":"以下機制","role":"assistant"},"finish_reason":null,"native_finish_reason":null}]}
--- CHUNK 1783158563372 bytes=302 ---
data: {"id":"gen-1783158532-u3Mt5hnbf0R4gLFnPxHY","object":"chat.completion.chunk","created":1783158532,"model":"deepseek/deepseek-v4-flash-20260423","provider":"GMICloud","choices":[{"index":0,"delta":{"content":"使用：\n\n","role":"assistant"},"finish_reason":null,"native_finish_reason":null}]}


PARSED: {"id":"gen-1783158532-u3Mt5hnbf0R4gLFnPxHY","object":"chat.completion.chunk","created":1783158532,"model":"deepseek/deepseek-v4-flash-20260423","provider":"GMICloud","choices":[{"index":0,"delta":{"content":"使用：\n\n","role":"assistant"},"finish_reason":null,"native_finish_reason":null}]}
--- CHUNK 1783158563433 bytes=294 ---
data: {"id":"gen-1783158532-u3Mt5hnbf0R4gLFnPxHY","object":"chat.completion.chunk","created":1783158532,"model":"deepseek/deepseek-v4-flash-20260423","provider":"GMICloud","choices":[{"index":0,"delta":{"content":"```\n","role":"assistant"},"finish_reason":null,"native_finish_reason":null}]}


PARSED: {"id":"gen-1783158532-u3Mt5hnbf0R4gLFnPxHY","object":"chat.completion.chunk","created":1783158532,"model":"deepseek/deepseek-v4-flash-20260423","provider":"GMICloud","choices":[{"index":0,"delta":{"content":"```\n","role":"assistant"},"finish_reason":null,"native_finish_reason":null}]}
--- CHUNK 1783158563566 bytes=302 ---
data: {"id":"gen-1783158532-u3Mt5hnbf0R4gLFnPxHY","object":"chat.completion.chunk","created":1783158532,"model":"deepseek/deepseek-v4-flash-20260423","provider":"GMICloud","choices":[{"index":0,"delta":{"content":"Skill Builder","role":"assistant"},"finish_reason":null,"native_finish_reason":null}]}


PARSED: {"id":"gen-1783158532-u3Mt5hnbf0R4gLFnPxHY","object":"chat.completion.chunk","created":1783158532,"model":"deepseek/deepseek-v4-flash-20260423","provider":"GMICloud","choices":[{"index":0,"delta":{"content":"Skill Builder","role":"assistant"},"finish_reason":null,"native_finish_reason":null}]}
--- CHUNK 1783158563567 bytes=293 ---
data: {"id":"gen-1783158532-u3Mt5hnbf0R4gLFnPxHY","object":"chat.completion.chunk","created":1783158532,"model":"deepseek/deepseek-v4-flash-20260423","provider":"GMICloud","choices":[{"index":0,"delta":{"content":" 產","role":"assistant"},"finish_reason":null,"native_finish_reason":null}]}


PARSED: {"id":"gen-1783158532-u3Mt5hnbf0R4gLFnPxHY","object":"chat.completion.chunk","created":1783158532,"model":"deepseek/deepseek-v4-flash-20260423","provider":"GMICloud","choices":[{"index":0,"delta":{"content":" 產","role":"assistant"},"finish_reason":null,"native_finish_reason":null}]}
--- CHUNK 1783158563877 bytes=295 ---
data: {"id":"gen-1783158532-u3Mt5hnbf0R4gLFnPxHY","object":"chat.completion.chunk","created":1783158532,"model":"deepseek/deepseek-v4-flash-20260423","provider":"GMICloud","choices":[{"index":0,"delta":{"content":"出 SK","role":"assistant"},"finish_reason":null,"native_finish_reason":null}]}


PARSED: {"id":"gen-1783158532-u3Mt5hnbf0R4gLFnPxHY","object":"chat.completion.chunk","created":1783158532,"model":"deepseek/deepseek-v4-flash-20260423","provider":"GMICloud","choices":[{"index":0,"delta":{"content":"出 SK","role":"assistant"},"finish_reason":null,"native_finish_reason":null}]}
--- CHUNK 1783158563877 bytes=295 ---
data: {"id":"gen-1783158532-u3Mt5hnbf0R4gLFnPxHY","object":"chat.completion.chunk","created":1783158532,"model":"deepseek/deepseek-v4-flash-20260423","provider":"GMICloud","choices":[{"index":0,"delta":{"content":"ILL.md","role":"assistant"},"finish_reason":null,"native_finish_reason":null}]}


PARSED: {"id":"gen-1783158532-u3Mt5hnbf0R4gLFnPxHY","object":"chat.completion.chunk","created":1783158532,"model":"deepseek/deepseek-v4-flash-20260423","provider":"GMICloud","choices":[{"index":0,"delta":{"content":"ILL.md","role":"assistant"},"finish_reason":null,"native_finish_reason":null}]}
--- CHUNK 1783158563877 bytes=298 ---
data: {"id":"gen-1783158532-u3Mt5hnbf0R4gLFnPxHY","object":"chat.completion.chunk","created":1783158532,"model":"deepseek/deepseek-v4-flash-20260423","provider":"GMICloud","choices":[{"index":0,"delta":{"content":"\n       ","role":"assistant"},"finish_reason":null,"native_finish_reason":null}]}


PARSED: {"id":"gen-1783158532-u3Mt5hnbf0R4gLFnPxHY","object":"chat.completion.chunk","created":1783158532,"model":"deepseek/deepseek-v4-flash-20260423","provider":"GMICloud","choices":[{"index":0,"delta":{"content":"\n       ","role":"assistant"},"finish_reason":null,"native_finish_reason":null}]}
--- CHUNK 1783158563878 bytes=295 ---
data: {"id":"gen-1783158532-u3Mt5hnbf0R4gLFnPxHY","object":"chat.completion.chunk","created":1783158532,"model":"deepseek/deepseek-v4-flash-20260423","provider":"GMICloud","choices":[{"index":0,"delta":{"content":" ↓\n","role":"assistant"},"finish_reason":null,"native_finish_reason":null}]}


PARSED: {"id":"gen-1783158532-u3Mt5hnbf0R4gLFnPxHY","object":"chat.completion.chunk","created":1783158532,"model":"deepseek/deepseek-v4-flash-20260423","provider":"GMICloud","choices":[{"index":0,"delta":{"content":" ↓\n","role":"assistant"},"finish_reason":null,"native_finish_reason":null}]}
--- CHUNK 1783158563878 bytes=295 ---
data: {"id":"gen-1783158532-u3Mt5hnbf0R4gLFnPxHY","object":"chat.completion.chunk","created":1783158532,"model":"deepseek/deepseek-v4-flash-20260423","provider":"GMICloud","choices":[{"index":0,"delta":{"content":"App（","role":"assistant"},"finish_reason":null,"native_finish_reason":null}]}


PARSED: {"id":"gen-1783158532-u3Mt5hnbf0R4gLFnPxHY","object":"chat.completion.chunk","created":1783158532,"model":"deepseek/deepseek-v4-flash-20260423","provider":"GMICloud","choices":[{"index":0,"delta":{"content":"App（","role":"assistant"},"finish_reason":null,"native_finish_reason":null}]}
--- CHUNK 1783158563909 bytes=300 ---
data: {"id":"gen-1783158532-u3Mt5hnbf0R4gLFnPxHY","object":"chat.completion.chunk","created":1783158532,"model":"deepseek/deepseek-v4-flash-20260423","provider":"GMICloud","choices":[{"index":0,"delta":{"content":"Skill-based","role":"assistant"},"finish_reason":null,"native_finish_reason":null}]}


PARSED: {"id":"gen-1783158532-u3Mt5hnbf0R4gLFnPxHY","object":"chat.completion.chunk","created":1783158532,"model":"deepseek/deepseek-v4-flash-20260423","provider":"GMICloud","choices":[{"index":0,"delta":{"content":"Skill-based","role":"assistant"},"finish_reason":null,"native_finish_reason":null}]}
--- CHUNK 1783158563976 bytes=294 ---
data: {"id":"gen-1783158532-u3Mt5hnbf0R4gLFnPxHY","object":"chat.completion.chunk","created":1783158532,"model":"deepseek/deepseek-v4-flash-20260423","provider":"GMICloud","choices":[{"index":0,"delta":{"content":" App ","role":"assistant"},"finish_reason":null,"native_finish_reason":null}]}


PARSED: {"id":"gen-1783158532-u3Mt5hnbf0R4gLFnPxHY","object":"chat.completion.chunk","created":1783158532,"model":"deepseek/deepseek-v4-flash-20260423","provider":"GMICloud","choices":[{"index":0,"delta":{"content":" App ","role":"assistant"},"finish_reason":null,"native_finish_reason":null}]}
--- CHUNK 1783158564038 bytes=295 ---
data: {"id":"gen-1783158532-u3Mt5hnbf0R4gLFnPxHY","object":"chat.completion.chunk","created":1783158532,"model":"deepseek/deepseek-v4-flash-20260423","provider":"GMICloud","choices":[{"index":0,"delta":{"content":"直接","role":"assistant"},"finish_reason":null,"native_finish_reason":null}]}


PARSED: {"id":"gen-1783158532-u3Mt5hnbf0R4gLFnPxHY","object":"chat.completion.chunk","created":1783158532,"model":"deepseek/deepseek-v4-flash-20260423","provider":"GMICloud","choices":[{"index":0,"delta":{"content":"直接","role":"assistant"},"finish_reason":null,"native_finish_reason":null}]}
--- CHUNK 1783158564110 bytes=292 ---
data: {"id":"gen-1783158532-u3Mt5hnbf0R4gLFnPxHY","object":"chat.completion.chunk","created":1783158532,"model":"deepseek/deepseek-v4-flash-20260423","provider":"GMICloud","choices":[{"index":0,"delta":{"content":"叫","role":"assistant"},"finish_reason":null,"native_finish_reason":null}]}


PARSED: {"id":"gen-1783158532-u3Mt5hnbf0R4gLFnPxHY","object":"chat.completion.chunk","created":1783158532,"model":"deepseek/deepseek-v4-flash-20260423","provider":"GMICloud","choices":[{"index":0,"delta":{"content":"叫","role":"assistant"},"finish_reason":null,"native_finish_reason":null}]}
--- CHUNK 1783158564144 bytes=297 ---
data: {"id":"gen-1783158532-u3Mt5hnbf0R4gLFnPxHY","object":"chat.completion.chunk","created":1783158532,"model":"deepseek/deepseek-v4-flash-20260423","provider":"GMICloud","choices":[{"index":0,"delta":{"content":"用）\n","role":"assistant"},"finish_reason":null,"native_finish_reason":null}]}


PARSED: {"id":"gen-1783158532-u3Mt5hnbf0R4gLFnPxHY","object":"chat.completion.chunk","created":1783158532,"model":"deepseek/deepseek-v4-flash-20260423","provider":"GMICloud","choices":[{"index":0,"delta":{"content":"用）\n","role":"assistant"},"finish_reason":null,"native_finish_reason":null}]}
--- CHUNK 1783158564209 bytes=293 ---
data: {"id":"gen-1783158532-u3Mt5hnbf0R4gLFnPxHY","object":"chat.completion.chunk","created":1783158532,"model":"deepseek/deepseek-v4-flash-20260423","provider":"GMICloud","choices":[{"index":0,"delta":{"content":"Work","role":"assistant"},"finish_reason":null,"native_finish_reason":null}]}


PARSED: {"id":"gen-1783158532-u3Mt5hnbf0R4gLFnPxHY","object":"chat.completion.chunk","created":1783158532,"model":"deepseek/deepseek-v4-flash-20260423","provider":"GMICloud","choices":[{"index":0,"delta":{"content":"Work","role":"assistant"},"finish_reason":null,"native_finish_reason":null}]}
--- CHUNK 1783158564266 bytes=296 ---
data: {"id":"gen-1783158532-u3Mt5hnbf0R4gLFnPxHY","object":"chat.completion.chunk","created":1783158532,"model":"deepseek/deepseek-v4-flash-20260423","provider":"GMICloud","choices":[{"index":0,"delta":{"content":"flow（","role":"assistant"},"finish_reason":null,"native_finish_reason":null}]}


PARSED: {"id":"gen-1783158532-u3Mt5hnbf0R4gLFnPxHY","object":"chat.completion.chunk","created":1783158532,"model":"deepseek/deepseek-v4-flash-20260423","provider":"GMICloud","choices":[{"index":0,"delta":{"content":"flow（","role":"assistant"},"finish_reason":null,"native_finish_reason":null}]}
--- CHUNK 1783158564326 bytes=298 ---
data: {"id":"gen-1783158532-u3Mt5hnbf0R4gLFnPxHY","object":"chat.completion.chunk","created":1783158532,"model":"deepseek/deepseek-v4-flash-20260423","provider":"GMICloud","choices":[{"index":0,"delta":{"content":"工作流","role":"assistant"},"finish_reason":null,"native_finish_reason":null}]}


PARSED: {"id":"gen-1783158532-u3Mt5hnbf0R4gLFnPxHY","object":"chat.completion.chunk","created":1783158532,"model":"deepseek/deepseek-v4-flash-20260423","provider":"GMICloud","choices":[{"index":0,"delta":{"content":"工作流","role":"assistant"},"finish_reason":null,"native_finish_reason":null}]}
--- CHUNK 1783158564391 bytes=301 ---
data: {"id":"gen-1783158532-u3Mt5hnbf0R4gLFnPxHY","object":"chat.completion.chunk","created":1783158532,"model":"deepseek/deepseek-v4-flash-20260423","provider":"GMICloud","choices":[{"index":0,"delta":{"content":"中的步驟","role":"assistant"},"finish_reason":null,"native_finish_reason":null}]}


PARSED: {"id":"gen-1783158532-u3Mt5hnbf0R4gLFnPxHY","object":"chat.completion.chunk","created":1783158532,"model":"deepseek/deepseek-v4-flash-20260423","provider":"GMICloud","choices":[{"index":0,"delta":{"content":"中的步驟","role":"assistant"},"finish_reason":null,"native_finish_reason":null}]}
--- CHUNK 1783158564450 bytes=295 ---
data: {"id":"gen-1783158532-u3Mt5hnbf0R4gLFnPxHY","object":"chat.completion.chunk","created":1783158532,"model":"deepseek/deepseek-v4-flash-20260423","provider":"GMICloud","choices":[{"index":0,"delta":{"content":"）\nC","role":"assistant"},"finish_reason":null,"native_finish_reason":null}]}


PARSED: {"id":"gen-1783158532-u3Mt5hnbf0R4gLFnPxHY","object":"chat.completion.chunk","created":1783158532,"model":"deepseek/deepseek-v4-flash-20260423","provider":"GMICloud","choices":[{"index":0,"delta":{"content":"）\nC","role":"assistant"},"finish_reason":null,"native_finish_reason":null}]}
--- CHUNK 1783158564507 bytes=294 ---
data: {"id":"gen-1783158532-u3Mt5hnbf0R4gLFnPxHY","object":"chat.completion.chunk","created":1783158532,"model":"deepseek/deepseek-v4-flash-20260423","provider":"GMICloud","choices":[{"index":0,"delta":{"content":"rew /","role":"assistant"},"finish_reason":null,"native_finish_reason":null}]}


PARSED: {"id":"gen-1783158532-u3Mt5hnbf0R4gLFnPxHY","object":"chat.completion.chunk","created":1783158532,"model":"deepseek/deepseek-v4-flash-20260423","provider":"GMICloud","choices":[{"index":0,"delta":{"content":"rew /","role":"assistant"},"finish_reason":null,"native_finish_reason":null}]}
--- CHUNK 1783158564565 bytes=301 ---
data: {"id":"gen-1783158532-u3Mt5hnbf0R4gLFnPxHY","object":"chat.completion.chunk","created":1783158532,"model":"deepseek/deepseek-v4-flash-20260423","provider":"GMICloud","choices":[{"index":0,"delta":{"content":" Employee（","role":"assistant"},"finish_reason":null,"native_finish_reason":null}]}


PARSED: {"id":"gen-1783158532-u3Mt5hnbf0R4gLFnPxHY","object":"chat.completion.chunk","created":1783158532,"model":"deepseek/deepseek-v4-flash-20260423","provider":"GMICloud","choices":[{"index":0,"delta":{"content":" Employee（","role":"assistant"},"finish_reason":null,"native_finish_reason":null}]}
--- CHUNK 1783158564627 bytes=292 ---
data: {"id":"gen-1783158532-u3Mt5hnbf0R4gLFnPxHY","object":"chat.completion.chunk","created":1783158532,"model":"deepseek/deepseek-v4-flash-20260423","provider":"GMICloud","choices":[{"index":0,"delta":{"content":"AI ","role":"assistant"},"finish_reason":null,"native_finish_reason":null}]}


PARSED: {"id":"gen-1783158532-u3Mt5hnbf0R4gLFnPxHY","object":"chat.completion.chunk","created":1783158532,"model":"deepseek/deepseek-v4-flash-20260423","provider":"GMICloud","choices":[{"index":0,"delta":{"content":"AI ","role":"assistant"},"finish_reason":null,"native_finish_reason":null}]}
--- CHUNK 1783158564698 bytes=298 ---
data: {"id":"gen-1783158532-u3Mt5hnbf0R4gLFnPxHY","object":"chat.completion.chunk","created":1783158532,"model":"deepseek/deepseek-v4-flash-20260423","provider":"GMICloud","choices":[{"index":0,"delta":{"content":"員工綁","role":"assistant"},"finish_reason":null,"native_finish_reason":null}]}


PARSED: {"id":"gen-1783158532-u3Mt5hnbf0R4gLFnPxHY","object":"chat.completion.chunk","created":1783158532,"model":"deepseek/deepseek-v4-flash-20260423","provider":"GMICloud","choices":[{"index":0,"delta":{"content":"員工綁","role":"assistant"},"finish_reason":null,"native_finish_reason":null}]}
--- CHUNK 1783158564745 bytes=298 ---
data: {"id":"gen-1783158532-u3Mt5hnbf0R4gLFnPxHY","object":"chat.completion.chunk","created":1783158532,"model":"deepseek/deepseek-v4-flash-20260423","provider":"GMICloud","choices":[{"index":0,"delta":{"content":"定 Skill","role":"assistant"},"finish_reason":null,"native_finish_reason":null}]}


PARSED: {"id":"gen-1783158532-u3Mt5hnbf0R4gLFnPxHY","object":"chat.completion.chunk","created":1783158532,"model":"deepseek/deepseek-v4-flash-20260423","provider":"GMICloud","choices":[{"index":0,"delta":{"content":"定 Skill","role":"assistant"},"finish_reason":null,"native_finish_reason":null}]}
--- CHUNK 1783158564805 bytes=295 ---
data: {"id":"gen-1783158532-u3Mt5hnbf0R4gLFnPxHY","object":"chat.completion.chunk","created":1783158532,"model":"deepseek/deepseek-v4-flash-20260423","provider":"GMICloud","choices":[{"index":0,"delta":{"content":"）\nC","role":"assistant"},"finish_reason":null,"native_finish_reason":null}]}


PARSED: {"id":"gen-1783158532-u3Mt5hnbf0R4gLFnPxHY","object":"chat.completion.chunk","created":1783158532,"model":"deepseek/deepseek-v4-flash-20260423","provider":"GMICloud","choices":[{"index":0,"delta":{"content":"）\nC","role":"assistant"},"finish_reason":null,"native_finish_reason":null}]}
--- CHUNK 1783158564865 bytes=296 ---
data: {"id":"gen-1783158532-u3Mt5hnbf0R4gLFnPxHY","object":"chat.completion.chunk","created":1783158532,"model":"deepseek/deepseek-v4-flash-20260423","provider":"GMICloud","choices":[{"index":0,"delta":{"content":"ron Job","role":"assistant"},"finish_reason":null,"native_finish_reason":null}]}


PARSED: {"id":"gen-1783158532-u3Mt5hnbf0R4gLFnPxHY","object":"chat.completion.chunk","created":1783158532,"model":"deepseek/deepseek-v4-flash-20260423","provider":"GMICloud","choices":[{"index":0,"delta":{"content":"ron Job","role":"assistant"},"finish_reason":null,"native_finish_reason":null}]}
--- CHUNK 1783158564925 bytes=295 ---
data: {"id":"gen-1783158532-u3Mt5hnbf0R4gLFnPxHY","object":"chat.completion.chunk","created":1783158532,"model":"deepseek/deepseek-v4-flash-20260423","provider":"GMICloud","choices":[{"index":0,"delta":{"content":"（排","role":"assistant"},"finish_reason":null,"native_finish_reason":null}]}


PARSED: {"id":"gen-1783158532-u3Mt5hnbf0R4gLFnPxHY","object":"chat.completion.chunk","created":1783158532,"model":"deepseek/deepseek-v4-flash-20260423","provider":"GMICloud","choices":[{"index":0,"delta":{"content":"（排","role":"assistant"},"finish_reason":null,"native_finish_reason":null}]}
--- CHUNK 1783158564988 bytes=298 ---
data: {"id":"gen-1783158532-u3Mt5hnbf0R4gLFnPxHY","object":"chat.completion.chunk","created":1783158532,"model":"deepseek/deepseek-v4-flash-20260423","provider":"GMICloud","choices":[{"index":0,"delta":{"content":"程執行","role":"assistant"},"finish_reason":null,"native_finish_reason":null}]}


PARSED: {"id":"gen-1783158532-u3Mt5hnbf0R4gLFnPxHY","object":"chat.completion.chunk","created":1783158532,"model":"deepseek/deepseek-v4-flash-20260423","provider":"GMICloud","choices":[{"index":0,"delta":{"content":"程執行","role":"assistant"},"finish_reason":null,"native_finish_reason":null}]}
--- CHUNK 1783158565080 bytes=300 ---
data: {"id":"gen-1783158532-u3Mt5hnbf0R4gLFnPxHY","object":"chat.completion.chunk","created":1783158532,"model":"deepseek/deepseek-v4-flash-20260423","provider":"GMICloud","choices":[{"index":0,"delta":{"content":" Skill）\n","role":"assistant"},"finish_reason":null,"native_finish_reason":null}]}


PARSED: {"id":"gen-1783158532-u3Mt5hnbf0R4gLFnPxHY","object":"chat.completion.chunk","created":1783158532,"model":"deepseek/deepseek-v4-flash-20260423","provider":"GMICloud","choices":[{"index":0,"delta":{"content":" Skill）\n","role":"assistant"},"finish_reason":null,"native_finish_reason":null}]}
--- CHUNK 1783158565111 bytes=293 ---
data: {"id":"gen-1783158532-u3Mt5hnbf0R4gLFnPxHY","object":"chat.completion.chunk","created":1783158532,"model":"deepseek/deepseek-v4-flash-20260423","provider":"GMICloud","choices":[{"index":0,"delta":{"content":"Chat","role":"assistant"},"finish_reason":null,"native_finish_reason":null}]}


PARSED: {"id":"gen-1783158532-u3Mt5hnbf0R4gLFnPxHY","object":"chat.completion.chunk","created":1783158532,"model":"deepseek/deepseek-v4-flash-20260423","provider":"GMICloud","choices":[{"index":0,"delta":{"content":"Chat","role":"assistant"},"finish_reason":null,"native_finish_reason":null}]}
--- CHUNK 1783158565169 bytes=292 ---
data: {"id":"gen-1783158532-u3Mt5hnbf0R4gLFnPxHY","object":"chat.completion.chunk","created":1783158532,"model":"deepseek/deepseek-v4-flash-20260423","provider":"GMICloud","choices":[{"index":0,"delta":{"content":"（","role":"assistant"},"finish_reason":null,"native_finish_reason":null}]}


PARSED: {"id":"gen-1783158532-u3Mt5hnbf0R4gLFnPxHY","object":"chat.completion.chunk","created":1783158532,"model":"deepseek/deepseek-v4-flash-20260423","provider":"GMICloud","choices":[{"index":0,"delta":{"content":"（","role":"assistant"},"finish_reason":null,"native_finish_reason":null}]}
--- CHUNK 1783158565222 bytes=295 ---
data: {"id":"gen-1783158532-u3Mt5hnbf0R4gLFnPxHY","object":"chat.completion.chunk","created":1783158532,"model":"deepseek/deepseek-v4-flash-20260423","provider":"GMICloud","choices":[{"index":0,"delta":{"content":"透過","role":"assistant"},"finish_reason":null,"native_finish_reason":null}]}


PARSED: {"id":"gen-1783158532-u3Mt5hnbf0R4gLFnPxHY","object":"chat.completion.chunk","created":1783158532,"model":"deepseek/deepseek-v4-flash-20260423","provider":"GMICloud","choices":[{"index":0,"delta":{"content":"透過","role":"assistant"},"finish_reason":null,"native_finish_reason":null}]}
--- CHUNK 1783158565281 bytes=295 ---
data: {"id":"gen-1783158532-u3Mt5hnbf0R4gLFnPxHY","object":"chat.completion.chunk","created":1783158532,"model":"deepseek/deepseek-v4-flash-20260423","provider":"GMICloud","choices":[{"index":0,"delta":{"content":"關鍵","role":"assistant"},"finish_reason":null,"native_finish_reason":null}]}


PARSED: {"id":"gen-1783158532-u3Mt5hnbf0R4gLFnPxHY","object":"chat.completion.chunk","created":1783158532,"model":"deepseek/deepseek-v4-flash-20260423","provider":"GMICloud","choices":[{"index":0,"delta":{"content":"關鍵","role":"assistant"},"finish_reason":null,"native_finish_reason":null}]}
--- CHUNK 1783158565346 bytes=298 ---
data: {"id":"gen-1783158532-u3Mt5hnbf0R4gLFnPxHY","object":"chat.completion.chunk","created":1783158532,"model":"deepseek/deepseek-v4-flash-20260423","provider":"GMICloud","choices":[{"index":0,"delta":{"content":"字路由","role":"assistant"},"finish_reason":null,"native_finish_reason":null}]}


PARSED: {"id":"gen-1783158532-u3Mt5hnbf0R4gLFnPxHY","object":"chat.completion.chunk","created":1783158532,"model":"deepseek/deepseek-v4-flash-20260423","provider":"GMICloud","choices":[{"index":0,"delta":{"content":"字路由","role":"assistant"},"finish_reason":null,"native_finish_reason":null}]}
--- CHUNK 1783158565415 bytes=295 ---
data: {"id":"gen-1783158532-u3Mt5hnbf0R4gLFnPxHY","object":"chat.completion.chunk","created":1783158532,"model":"deepseek/deepseek-v4-flash-20260423","provider":"GMICloud","choices":[{"index":0,"delta":{"content":"觸發","role":"assistant"},"finish_reason":null,"native_finish_reason":null}]}


PARSED: {"id":"gen-1783158532-u3Mt5hnbf0R4gLFnPxHY","object":"chat.completion.chunk","created":1783158532,"model":"deepseek/deepseek-v4-flash-20260423","provider":"GMICloud","choices":[{"index":0,"delta":{"content":"觸發","role":"assistant"},"finish_reason":null,"native_finish_reason":null}]}
--- CHUNK 1783158565464 bytes=301 ---
data: {"id":"gen-1783158532-u3Mt5hnbf0R4gLFnPxHY","object":"chat.completion.chunk","created":1783158532,"model":"deepseek/deepseek-v4-flash-20260423","provider":"GMICloud","choices":[{"index":0,"delta":{"content":"）\n```\n\n","role":"assistant"},"finish_reason":null,"native_finish_reason":null}]}


PARSED: {"id":"gen-1783158532-u3Mt5hnbf0R4gLFnPxHY","object":"chat.completion.chunk","created":1783158532,"model":"deepseek/deepseek-v4-flash-20260423","provider":"GMICloud","choices":[{"index":0,"delta":{"content":"）\n```\n\n","role":"assistant"},"finish_reason":null,"native_finish_reason":null}]}
--- CHUNK 1783158565522 bytes=299 ---
data: {"id":"gen-1783158532-u3Mt5hnbf0R4gLFnPxHY","object":"chat.completion.chunk","created":1783158532,"model":"deepseek/deepseek-v4-flash-20260423","provider":"GMICloud","choices":[{"index":0,"delta":{"content":"---\n\n###","role":"assistant"},"finish_reason":null,"native_finish_reason":null}]}


PARSED: {"id":"gen-1783158532-u3Mt5hnbf0R4gLFnPxHY","object":"chat.completion.chunk","created":1783158532,"model":"deepseek/deepseek-v4-flash-20260423","provider":"GMICloud","choices":[{"index":0,"delta":{"content":"---\n\n###","role":"assistant"},"finish_reason":null,"native_finish_reason":null}]}
--- CHUNK 1783158565583 bytes=296 ---
data: {"id":"gen-1783158532-u3Mt5hnbf0R4gLFnPxHY","object":"chat.completion.chunk","created":1783158532,"model":"deepseek/deepseek-v4-flash-20260423","provider":"GMICloud","choices":[{"index":0,"delta":{"content":" 一句","role":"assistant"},"finish_reason":null,"native_finish_reason":null}]}


PARSED: {"id":"gen-1783158532-u3Mt5hnbf0R4gLFnPxHY","object":"chat.completion.chunk","created":1783158532,"model":"deepseek/deepseek-v4-flash-20260423","provider":"GMICloud","choices":[{"index":0,"delta":{"content":" 一句","role":"assistant"},"finish_reason":null,"native_finish_reason":null}]}
--- CHUNK 1783158565643 bytes=298 ---
data: {"id":"gen-1783158532-u3Mt5hnbf0R4gLFnPxHY","object":"chat.completion.chunk","created":1783158532,"model":"deepseek/deepseek-v4-flash-20260423","provider":"GMICloud","choices":[{"index":0,"delta":{"content":"話總結","role":"assistant"},"finish_reason":null,"native_finish_reason":null}]}


PARSED: {"id":"gen-1783158532-u3Mt5hnbf0R4gLFnPxHY","object":"chat.completion.chunk","created":1783158532,"model":"deepseek/deepseek-v4-flash-20260423","provider":"GMICloud","choices":[{"index":0,"delta":{"content":"話總結","role":"assistant"},"finish_reason":null,"native_finish_reason":null}]}
--- CHUNK 1783158565722 bytes=294 ---
data: {"id":"gen-1783158532-u3Mt5hnbf0R4gLFnPxHY","object":"chat.completion.chunk","created":1783158532,"model":"deepseek/deepseek-v4-flash-20260423","provider":"GMICloud","choices":[{"index":0,"delta":{"content":"\n\n>","role":"assistant"},"finish_reason":null,"native_finish_reason":null}]}


PARSED: {"id":"gen-1783158532-u3Mt5hnbf0R4gLFnPxHY","object":"chat.completion.chunk","created":1783158532,"model":"deepseek/deepseek-v4-flash-20260423","provider":"GMICloud","choices":[{"index":0,"delta":{"content":"\n\n>","role":"assistant"},"finish_reason":null,"native_finish_reason":null}]}
--- CHUNK 1783158565772 bytes=297 ---
data: {"id":"gen-1783158532-u3Mt5hnbf0R4gLFnPxHY","object":"chat.completion.chunk","created":1783158532,"model":"deepseek/deepseek-v4-flash-20260423","provider":"GMICloud","choices":[{"index":0,"delta":{"content":" **Skill","role":"assistant"},"finish_reason":null,"native_finish_reason":null}]}


PARSED: {"id":"gen-1783158532-u3Mt5hnbf0R4gLFnPxHY","object":"chat.completion.chunk","created":1783158532,"model":"deepseek/deepseek-v4-flash-20260423","provider":"GMICloud","choices":[{"index":0,"delta":{"content":" **Skill","role":"assistant"},"finish_reason":null,"native_finish_reason":null}]}
--- CHUNK 1783158565824 bytes=298 ---
data: {"id":"gen-1783158532-u3Mt5hnbf0R4gLFnPxHY","object":"chat.completion.chunk","created":1783158532,"model":"deepseek/deepseek-v4-flash-20260423","provider":"GMICloud","choices":[{"index":0,"delta":{"content":" Builder ","role":"assistant"},"finish_reason":null,"native_finish_reason":null}]}


PARSED: {"id":"gen-1783158532-u3Mt5hnbf0R4gLFnPxHY","object":"chat.completion.chunk","created":1783158532,"model":"deepseek/deepseek-v4-flash-20260423","provider":"GMICloud","choices":[{"index":0,"delta":{"content":" Builder ","role":"assistant"},"finish_reason":null,"native_finish_reason":null}]}
--- CHUNK 1783158565883 bytes=294 ---
data: {"id":"gen-1783158532-u3Mt5hnbf0R4gLFnPxHY","object":"chat.completion.chunk","created":1783158532,"model":"deepseek/deepseek-v4-flash-20260423","provider":"GMICloud","choices":[{"index":0,"delta":{"content":"是 P","role":"assistant"},"finish_reason":null,"native_finish_reason":null}]}


PARSED: {"id":"gen-1783158532-u3Mt5hnbf0R4gLFnPxHY","object":"chat.completion.chunk","created":1783158532,"model":"deepseek/deepseek-v4-flash-20260423","provider":"GMICloud","choices":[{"index":0,"delta":{"content":"是 P","role":"assistant"},"finish_reason":null,"native_finish_reason":null}]}
--- CHUNK 1783158565941 bytes=292 ---
data: {"id":"gen-1783158532-u3Mt5hnbf0R4gLFnPxHY","object":"chat.completion.chunk","created":1783158532,"model":"deepseek/deepseek-v4-flash-20260423","provider":"GMICloud","choices":[{"index":0,"delta":{"content":"AAW","role":"assistant"},"finish_reason":null,"native_finish_reason":null}]}


PARSED: {"id":"gen-1783158532-u3Mt5hnbf0R4gLFnPxHY","object":"chat.completion.chunk","created":1783158532,"model":"deepseek/deepseek-v4-flash-20260423","provider":"GMICloud","choices":[{"index":0,"delta":{"content":"AAW","role":"assistant"},"finish_reason":null,"native_finish_reason":null}]}
--- CHUNK 1783158566011 bytes=293 ---
data: {"id":"gen-1783158532-u3Mt5hnbf0R4gLFnPxHY","object":"chat.completion.chunk","created":1783158532,"model":"deepseek/deepseek-v4-flash-20260423","provider":"GMICloud","choices":[{"index":0,"delta":{"content":" 的","role":"assistant"},"finish_reason":null,"native_finish_reason":null}]}


PARSED: {"id":"gen-1783158532-u3Mt5hnbf0R4gLFnPxHY","object":"chat.completion.chunk","created":1783158532,"model":"deepseek/deepseek-v4-flash-20260423","provider":"GMICloud","choices":[{"index":0,"delta":{"content":" 的","role":"assistant"},"finish_reason":null,"native_finish_reason":null}]}
--- CHUNK 1783158566062 bytes=298 ---
data: {"id":"gen-1783158532-u3Mt5hnbf0R4gLFnPxHY","object":"chat.completion.chunk","created":1783158532,"model":"deepseek/deepseek-v4-flash-20260423","provider":"GMICloud","choices":[{"index":0,"delta":{"content":"「技能","role":"assistant"},"finish_reason":null,"native_finish_reason":null}]}


PARSED: {"id":"gen-1783158532-u3Mt5hnbf0R4gLFnPxHY","object":"chat.completion.chunk","created":1783158532,"model":"deepseek/deepseek-v4-flash-20260423","provider":"GMICloud","choices":[{"index":0,"delta":{"content":"「技能","role":"assistant"},"finish_reason":null,"native_finish_reason":null}]}
--- CHUNK 1783158566131 bytes=298 ---
data: {"id":"gen-1783158532-u3Mt5hnbf0R4gLFnPxHY","object":"chat.completion.chunk","created":1783158532,"model":"deepseek/deepseek-v4-flash-20260423","provider":"GMICloud","choices":[{"index":0,"delta":{"content":"編輯器","role":"assistant"},"finish_reason":null,"native_finish_reason":null}]}


PARSED: {"id":"gen-1783158532-u3Mt5hnbf0R4gLFnPxHY","object":"chat.completion.chunk","created":1783158532,"model":"deepseek/deepseek-v4-flash-20260423","provider":"GMICloud","choices":[{"index":0,"delta":{"content":"編輯器","role":"assistant"},"finish_reason":null,"native_finish_reason":null}]}
--- CHUNK 1783158566186 bytes=298 ---
data: {"id":"gen-1783158532-u3Mt5hnbf0R4gLFnPxHY","object":"chat.completion.chunk","created":1783158532,"model":"deepseek/deepseek-v4-flash-20260423","provider":"GMICloud","choices":[{"index":0,"delta":{"content":"」——","role":"assistant"},"finish_reason":null,"native_finish_reason":null}]}


PARSED: {"id":"gen-1783158532-u3Mt5hnbf0R4gLFnPxHY","object":"chat.completion.chunk","created":1783158532,"model":"deepseek/deepseek-v4-flash-20260423","provider":"GMICloud","choices":[{"index":0,"delta":{"content":"」——","role":"assistant"},"finish_reason":null,"native_finish_reason":null}]}
--- CHUNK 1783158566248 bytes=292 ---
data: {"id":"gen-1783158532-u3Mt5hnbf0R4gLFnPxHY","object":"chat.completion.chunk","created":1783158532,"model":"deepseek/deepseek-v4-flash-20260423","provider":"GMICloud","choices":[{"index":0,"delta":{"content":"讓","role":"assistant"},"finish_reason":null,"native_finish_reason":null}]}


PARSED: {"id":"gen-1783158532-u3Mt5hnbf0R4gLFnPxHY","object":"chat.completion.chunk","created":1783158532,"model":"deepseek/deepseek-v4-flash-20260423","provider":"GMICloud","choices":[{"index":0,"delta":{"content":"讓","role":"assistant"},"finish_reason":null,"native_finish_reason":null}]}
--- CHUNK 1783158566311 bytes=295 ---
data: {"id":"gen-1783158532-u3Mt5hnbf0R4gLFnPxHY","object":"chat.completion.chunk","created":1783158532,"model":"deepseek/deepseek-v4-flash-20260423","provider":"GMICloud","choices":[{"index":0,"delta":{"content":"你不","role":"assistant"},"finish_reason":null,"native_finish_reason":null}]}


PARSED: {"id":"gen-1783158532-u3Mt5hnbf0R4gLFnPxHY","object":"chat.completion.chunk","created":1783158532,"model":"deepseek/deepseek-v4-flash-20260423","provider":"GMICloud","choices":[{"index":0,"delta":{"content":"你不","role":"assistant"},"finish_reason":null,"native_finish_reason":null}]}
--- CHUNK 1783158566368 bytes=298 ---
data: {"id":"gen-1783158532-u3Mt5hnbf0R4gLFnPxHY","object":"chat.completion.chunk","created":1783158532,"model":"deepseek/deepseek-v4-flash-20260423","provider":"GMICloud","choices":[{"index":0,"delta":{"content":"寫程式","role":"assistant"},"finish_reason":null,"native_finish_reason":null}]}


PARSED: {"id":"gen-1783158532-u3Mt5hnbf0R4gLFnPxHY","object":"chat.completion.chunk","created":1783158532,"model":"deepseek/deepseek-v4-flash-20260423","provider":"GMICloud","choices":[{"index":0,"delta":{"content":"寫程式","role":"assistant"},"finish_reason":null,"native_finish_reason":null}]}
--- CHUNK 1783158566439 bytes=295 ---
data: {"id":"gen-1783158532-u3Mt5hnbf0R4gLFnPxHY","object":"chat.completion.chunk","created":1783158532,"model":"deepseek/deepseek-v4-flash-20260423","provider":"GMICloud","choices":[{"index":0,"delta":{"content":"碼，","role":"assistant"},"finish_reason":null,"native_finish_reason":null}]}


PARSED: {"id":"gen-1783158532-u3Mt5hnbf0R4gLFnPxHY","object":"chat.completion.chunk","created":1783158532,"model":"deepseek/deepseek-v4-flash-20260423","provider":"GMICloud","choices":[{"index":0,"delta":{"content":"碼，","role":"assistant"},"finish_reason":null,"native_finish_reason":null}]}
--- CHUNK 1783158566489 bytes=298 ---
data: {"id":"gen-1783158532-u3Mt5hnbf0R4gLFnPxHY","object":"chat.completion.chunk","created":1783158532,"model":"deepseek/deepseek-v4-flash-20260423","provider":"GMICloud","choices":[{"index":0,"delta":{"content":"透過和","role":"assistant"},"finish_reason":null,"native_finish_reason":null}]}


PARSED: {"id":"gen-1783158532-u3Mt5hnbf0R4gLFnPxHY","object":"chat.completion.chunk","created":1783158532,"model":"deepseek/deepseek-v4-flash-20260423","provider":"GMICloud","choices":[{"index":0,"delta":{"content":"透過和","role":"assistant"},"finish_reason":null,"native_finish_reason":null}]}
--- CHUNK 1783158566548 bytes=293 ---
data: {"id":"gen-1783158532-u3Mt5hnbf0R4gLFnPxHY","object":"chat.completion.chunk","created":1783158532,"model":"deepseek/deepseek-v4-flash-20260423","provider":"GMICloud","choices":[{"index":0,"delta":{"content":" AI ","role":"assistant"},"finish_reason":null,"native_finish_reason":null}]}


PARSED: {"id":"gen-1783158532-u3Mt5hnbf0R4gLFnPxHY","object":"chat.completion.chunk","created":1783158532,"model":"deepseek/deepseek-v4-flash-20260423","provider":"GMICloud","choices":[{"index":0,"delta":{"content":" AI ","role":"assistant"},"finish_reason":null,"native_finish_reason":null}]}
--- CHUNK 1783158566617 bytes=301 ---
data: {"id":"gen-1783158532-u3Mt5hnbf0R4gLFnPxHY","object":"chat.completion.chunk","created":1783158532,"model":"deepseek/deepseek-v4-flash-20260423","provider":"GMICloud","choices":[{"index":0,"delta":{"content":"對話就能","role":"assistant"},"finish_reason":null,"native_finish_reason":null}]}


PARSED: {"id":"gen-1783158532-u3Mt5hnbf0R4gLFnPxHY","object":"chat.completion.chunk","created":1783158532,"model":"deepseek/deepseek-v4-flash-20260423","provider":"GMICloud","choices":[{"index":0,"delta":{"content":"對話就能","role":"assistant"},"finish_reason":null,"native_finish_reason":null}]}
--- CHUNK 1783158566675 bytes=298 ---
data: {"id":"gen-1783158532-u3Mt5hnbf0R4gLFnPxHY","object":"chat.completion.chunk","created":1783158532,"model":"deepseek/deepseek-v4-flash-20260423","provider":"GMICloud","choices":[{"index":0,"delta":{"content":"建立、","role":"assistant"},"finish_reason":null,"native_finish_reason":null}]}


PARSED: {"id":"gen-1783158532-u3Mt5hnbf0R4gLFnPxHY","object":"chat.completion.chunk","created":1783158532,"model":"deepseek/deepseek-v4-flash-20260423","provider":"GMICloud","choices":[{"index":0,"delta":{"content":"建立、","role":"assistant"},"finish_reason":null,"native_finish_reason":null}]}
--- CHUNK 1783158566729 bytes=295 ---
data: {"id":"gen-1783158532-u3Mt5hnbf0R4gLFnPxHY","object":"chat.completion.chunk","created":1783158532,"model":"deepseek/deepseek-v4-flash-20260423","provider":"GMICloud","choices":[{"index":0,"delta":{"content":"測試","role":"assistant"},"finish_reason":null,"native_finish_reason":null}]}


PARSED: {"id":"gen-1783158532-u3Mt5hnbf0R4gLFnPxHY","object":"chat.completion.chunk","created":1783158532,"model":"deepseek/deepseek-v4-flash-20260423","provider":"GMICloud","choices":[{"index":0,"delta":{"content":"測試","role":"assistant"},"finish_reason":null,"native_finish_reason":null}]}
--- CHUNK 1783158566797 bytes=292 ---
data: {"id":"gen-1783158532-u3Mt5hnbf0R4gLFnPxHY","object":"chat.completion.chunk","created":1783158532,"model":"deepseek/deepseek-v4-flash-20260423","provider":"GMICloud","choices":[{"index":0,"delta":{"content":"並","role":"assistant"},"finish_reason":null,"native_finish_reason":null}]}


PARSED: {"id":"gen-1783158532-u3Mt5hnbf0R4gLFnPxHY","object":"chat.completion.chunk","created":1783158532,"model":"deepseek/deepseek-v4-flash-20260423","provider":"GMICloud","choices":[{"index":0,"delta":{"content":"並","role":"assistant"},"finish_reason":null,"native_finish_reason":null}]}
--- CHUNK 1783158566849 bytes=298 ---
data: {"id":"gen-1783158532-u3Mt5hnbf0R4gLFnPxHY","object":"chat.completion.chunk","created":1783158532,"model":"deepseek/deepseek-v4-flash-20260423","provider":"GMICloud","choices":[{"index":0,"delta":{"content":"發布可","role":"assistant"},"finish_reason":null,"native_finish_reason":null}]}


PARSED: {"id":"gen-1783158532-u3Mt5hnbf0R4gLFnPxHY","object":"chat.completion.chunk","created":1783158532,"model":"deepseek/deepseek-v4-flash-20260423","provider":"GMICloud","choices":[{"index":0,"delta":{"content":"發布可","role":"assistant"},"finish_reason":null,"native_finish_reason":null}]}
--- CHUNK 1783158566913 bytes=295 ---
data: {"id":"gen-1783158532-u3Mt5hnbf0R4gLFnPxHY","object":"chat.completion.chunk","created":1783158532,"model":"deepseek/deepseek-v4-flash-20260423","provider":"GMICloud","choices":[{"index":0,"delta":{"content":"重複","role":"assistant"},"finish_reason":null,"native_finish_reason":null}]}


PARSED: {"id":"gen-1783158532-u3Mt5hnbf0R4gLFnPxHY","object":"chat.completion.chunk","created":1783158532,"model":"deepseek/deepseek-v4-flash-20260423","provider":"GMICloud","choices":[{"index":0,"delta":{"content":"重複","role":"assistant"},"finish_reason":null,"native_finish_reason":null}]}
--- CHUNK 1783158566970 bytes=292 ---
data: {"id":"gen-1783158532-u3Mt5hnbf0R4gLFnPxHY","object":"chat.completion.chunk","created":1783158532,"model":"deepseek/deepseek-v4-flash-20260423","provider":"GMICloud","choices":[{"index":0,"delta":{"content":"執","role":"assistant"},"finish_reason":null,"native_finish_reason":null}]}


PARSED: {"id":"gen-1783158532-u3Mt5hnbf0R4gLFnPxHY","object":"chat.completion.chunk","created":1783158532,"model":"deepseek/deepseek-v4-flash-20260423","provider":"GMICloud","choices":[{"index":0,"delta":{"content":"執","role":"assistant"},"finish_reason":null,"native_finish_reason":null}]}
--- CHUNK 1783158567205 bytes=301 ---
data: {"id":"gen-1783158532-u3Mt5hnbf0R4gLFnPxHY","object":"chat.completion.chunk","created":1783158532,"model":"deepseek/deepseek-v4-flash-20260423","provider":"GMICloud","choices":[{"index":0,"delta":{"content":"行的能力","role":"assistant"},"finish_reason":null,"native_finish_reason":null}]}


PARSED: {"id":"gen-1783158532-u3Mt5hnbf0R4gLFnPxHY","object":"chat.completion.chunk","created":1783158532,"model":"deepseek/deepseek-v4-flash-20260423","provider":"GMICloud","choices":[{"index":0,"delta":{"content":"行的能力","role":"assistant"},"finish_reason":null,"native_finish_reason":null}]}
--- CHUNK 1783158567205 bytes=592 ---
data: {"id":"gen-1783158532-u3Mt5hnbf0R4gLFnPxHY","object":"chat.completion.chunk","created":1783158532,"model":"deepseek/deepseek-v4-flash-20260423","provider":"GMICloud","choices":[{"index":0,"delta":{"content":"單元","role":"assistant"},"finish_reason":null,"native_finish_reason":null}]}

data: {"id":"gen-1783158532-u3Mt5hnbf0R4gLFnPxHY","object":"chat.completion.chunk","created":1783158532,"model":"deepseek/deepseek-v4-flash-20260423","provider":"GMICloud","choices":[{"index":0,"delta":{"content":"（Skill","role":"assistant"},"finish_reason":null,"native_finish_reason":null}]}


PARSED: {"id":"gen-1783158532-u3Mt5hnbf0R4gLFnPxHY","object":"chat.completion.chunk","created":1783158532,"model":"deepseek/deepseek-v4-flash-20260423","provider":"GMICloud","choices":[{"index":0,"delta":{"content":"單元","role":"assistant"},"finish_reason":null,"native_finish_reason":null}]}
PARSED: {"id":"gen-1783158532-u3Mt5hnbf0R4gLFnPxHY","object":"chat.completion.chunk","created":1783158532,"model":"deepseek/deepseek-v4-flash-20260423","provider":"GMICloud","choices":[{"index":0,"delta":{"content":"（Skill","role":"assistant"},"finish_reason":null,"native_finish_reason":null}]}
--- CHUNK 1783158567212 bytes=301 ---
data: {"id":"gen-1783158532-u3Mt5hnbf0R4gLFnPxHY","object":"chat.completion.chunk","created":1783158532,"model":"deepseek/deepseek-v4-flash-20260423","provider":"GMICloud","choices":[{"index":0,"delta":{"content":"）。**\n\n","role":"assistant"},"finish_reason":null,"native_finish_reason":null}]}


PARSED: {"id":"gen-1783158532-u3Mt5hnbf0R4gLFnPxHY","object":"chat.completion.chunk","created":1783158532,"model":"deepseek/deepseek-v4-flash-20260423","provider":"GMICloud","choices":[{"index":0,"delta":{"content":"）。**\n\n","role":"assistant"},"finish_reason":null,"native_finish_reason":null}]}
--- CHUNK 1783158567269 bytes=299 ---
data: {"id":"gen-1783158532-u3Mt5hnbf0R4gLFnPxHY","object":"chat.completion.chunk","created":1783158532,"model":"deepseek/deepseek-v4-flash-20260423","provider":"GMICloud","choices":[{"index":0,"delta":{"content":"---\n\n###","role":"assistant"},"finish_reason":null,"native_finish_reason":null}]}


PARSED: {"id":"gen-1783158532-u3Mt5hnbf0R4gLFnPxHY","object":"chat.completion.chunk","created":1783158532,"model":"deepseek/deepseek-v4-flash-20260423","provider":"GMICloud","choices":[{"index":0,"delta":{"content":"---\n\n###","role":"assistant"},"finish_reason":null,"native_finish_reason":null}]}
--- CHUNK 1783158567418 bytes=588 ---
data: {"id":"gen-1783158532-u3Mt5hnbf0R4gLFnPxHY","object":"chat.completion.chunk","created":1783158532,"model":"deepseek/deepseek-v4-flash-20260423","provider":"GMICloud","choices":[{"index":0,"delta":{"content":" 建議","role":"assistant"},"finish_reason":null,"native_finish_reason":null}]}

data: {"id":"gen-1783158532-u3Mt5hnbf0R4gLFnPxHY","object":"chat.completion.chunk","created":1783158532,"model":"deepseek/deepseek-v4-flash-20260423","provider":"GMICloud","choices":[{"index":0,"delta":{"content":"後","role":"assistant"},"finish_reason":null,"native_finish_reason":null}]}


PARSED: {"id":"gen-1783158532-u3Mt5hnbf0R4gLFnPxHY","object":"chat.completion.chunk","created":1783158532,"model":"deepseek/deepseek-v4-flash-20260423","provider":"GMICloud","choices":[{"index":0,"delta":{"content":" 建議","role":"assistant"},"finish_reason":null,"native_finish_reason":null}]}
PARSED: {"id":"gen-1783158532-u3Mt5hnbf0R4gLFnPxHY","object":"chat.completion.chunk","created":1783158532,"model":"deepseek/deepseek-v4-flash-20260423","provider":"GMICloud","choices":[{"index":0,"delta":{"content":"後","role":"assistant"},"finish_reason":null,"native_finish_reason":null}]}
--- CHUNK 1783158567483 bytes=298 ---
data: {"id":"gen-1783158532-u3Mt5hnbf0R4gLFnPxHY","object":"chat.completion.chunk","created":1783158532,"model":"deepseek/deepseek-v4-flash-20260423","provider":"GMICloud","choices":[{"index":0,"delta":{"content":"續問題","role":"assistant"},"finish_reason":null,"native_finish_reason":null}]}


PARSED: {"id":"gen-1783158532-u3Mt5hnbf0R4gLFnPxHY","object":"chat.completion.chunk","created":1783158532,"model":"deepseek/deepseek-v4-flash-20260423","provider":"GMICloud","choices":[{"index":0,"delta":{"content":"續問題","role":"assistant"},"finish_reason":null,"native_finish_reason":null}]}
--- CHUNK 1783158567517 bytes=294 ---
data: {"id":"gen-1783158532-u3Mt5hnbf0R4gLFnPxHY","object":"chat.completion.chunk","created":1783158532,"model":"deepseek/deepseek-v4-flash-20260423","provider":"GMICloud","choices":[{"index":0,"delta":{"content":"\n\n-","role":"assistant"},"finish_reason":null,"native_finish_reason":null}]}


PARSED: {"id":"gen-1783158532-u3Mt5hnbf0R4gLFnPxHY","object":"chat.completion.chunk","created":1783158532,"model":"deepseek/deepseek-v4-flash-20260423","provider":"GMICloud","choices":[{"index":0,"delta":{"content":"\n\n-","role":"assistant"},"finish_reason":null,"native_finish_reason":null}]}
--- CHUNK 1783158567571 bytes=295 ---
data: {"id":"gen-1783158532-u3Mt5hnbf0R4gLFnPxHY","object":"chat.completion.chunk","created":1783158532,"model":"deepseek/deepseek-v4-flash-20260423","provider":"GMICloud","choices":[{"index":0,"delta":{"content":" Skill","role":"assistant"},"finish_reason":null,"native_finish_reason":null}]}


PARSED: {"id":"gen-1783158532-u3Mt5hnbf0R4gLFnPxHY","object":"chat.completion.chunk","created":1783158532,"model":"deepseek/deepseek-v4-flash-20260423","provider":"GMICloud","choices":[{"index":0,"delta":{"content":" Skill","role":"assistant"},"finish_reason":null,"native_finish_reason":null}]}
--- CHUNK 1783158567632 bytes=293 ---
data: {"id":"gen-1783158532-u3Mt5hnbf0R4gLFnPxHY","object":"chat.completion.chunk","created":1783158532,"model":"deepseek/deepseek-v4-flash-20260423","provider":"GMICloud","choices":[{"index":0,"delta":{"content":" 的","role":"assistant"},"finish_reason":null,"native_finish_reason":null}]}


PARSED: {"id":"gen-1783158532-u3Mt5hnbf0R4gLFnPxHY","object":"chat.completion.chunk","created":1783158532,"model":"deepseek/deepseek-v4-flash-20260423","provider":"GMICloud","choices":[{"index":0,"delta":{"content":" 的","role":"assistant"},"finish_reason":null,"native_finish_reason":null}]}
--- CHUNK 1783158567693 bytes=293 ---
data: {"id":"gen-1783158532-u3Mt5hnbf0R4gLFnPxHY","object":"chat.completion.chunk","created":1783158532,"model":"deepseek/deepseek-v4-flash-20260423","provider":"GMICloud","choices":[{"index":0,"delta":{"content":" `SK","role":"assistant"},"finish_reason":null,"native_finish_reason":null}]}


PARSED: {"id":"gen-1783158532-u3Mt5hnbf0R4gLFnPxHY","object":"chat.completion.chunk","created":1783158532,"model":"deepseek/deepseek-v4-flash-20260423","provider":"GMICloud","choices":[{"index":0,"delta":{"content":" `SK","role":"assistant"},"finish_reason":null,"native_finish_reason":null}]}
--- CHUNK 1783158567774 bytes=295 ---
data: {"id":"gen-1783158532-u3Mt5hnbf0R4gLFnPxHY","object":"chat.completion.chunk","created":1783158532,"model":"deepseek/deepseek-v4-flash-20260423","provider":"GMICloud","choices":[{"index":0,"delta":{"content":"ILL.md","role":"assistant"},"finish_reason":null,"native_finish_reason":null}]}


PARSED: {"id":"gen-1783158532-u3Mt5hnbf0R4gLFnPxHY","object":"chat.completion.chunk","created":1783158532,"model":"deepseek/deepseek-v4-flash-20260423","provider":"GMICloud","choices":[{"index":0,"delta":{"content":"ILL.md","role":"assistant"},"finish_reason":null,"native_finish_reason":null}]}
--- CHUNK 1783158567830 bytes=291 ---
data: {"id":"gen-1783158532-u3Mt5hnbf0R4gLFnPxHY","object":"chat.completion.chunk","created":1783158532,"model":"deepseek/deepseek-v4-flash-20260423","provider":"GMICloud","choices":[{"index":0,"delta":{"content":"` ","role":"assistant"},"finish_reason":null,"native_finish_reason":null}]}


PARSED: {"id":"gen-1783158532-u3Mt5hnbf0R4gLFnPxHY","object":"chat.completion.chunk","created":1783158532,"model":"deepseek/deepseek-v4-flash-20260423","provider":"GMICloud","choices":[{"index":0,"delta":{"content":"` ","role":"assistant"},"finish_reason":null,"native_finish_reason":null}]}
--- CHUNK 1783158567873 bytes=298 ---
data: {"id":"gen-1783158532-u3Mt5hnbf0R4gLFnPxHY","object":"chat.completion.chunk","created":1783158532,"model":"deepseek/deepseek-v4-flash-20260423","provider":"GMICloud","choices":[{"index":0,"delta":{"content":"格式長","role":"assistant"},"finish_reason":null,"native_finish_reason":null}]}


PARSED: {"id":"gen-1783158532-u3Mt5hnbf0R4gLFnPxHY","object":"chat.completion.chunk","created":1783158532,"model":"deepseek/deepseek-v4-flash-20260423","provider":"GMICloud","choices":[{"index":0,"delta":{"content":"格式長","role":"assistant"},"finish_reason":null,"native_finish_reason":null}]}
--- CHUNK 1783158567933 bytes=295 ---
data: {"id":"gen-1783158532-u3Mt5hnbf0R4gLFnPxHY","object":"chat.completion.chunk","created":1783158532,"model":"deepseek/deepseek-v4-flash-20260423","provider":"GMICloud","choices":[{"index":0,"delta":{"content":"什麼","role":"assistant"},"finish_reason":null,"native_finish_reason":null}]}


PARSED: {"id":"gen-1783158532-u3Mt5hnbf0R4gLFnPxHY","object":"chat.completion.chunk","created":1783158532,"model":"deepseek/deepseek-v4-flash-20260423","provider":"GMICloud","choices":[{"index":0,"delta":{"content":"什麼","role":"assistant"},"finish_reason":null,"native_finish_reason":null}]}
--- CHUNK 1783158567993 bytes=300 ---
data: {"id":"gen-1783158532-u3Mt5hnbf0R4gLFnPxHY","object":"chat.completion.chunk","created":1783158532,"model":"deepseek/deepseek-v4-flash-20260423","provider":"GMICloud","choices":[{"index":0,"delta":{"content":"樣子？\n","role":"assistant"},"finish_reason":null,"native_finish_reason":null}]}


PARSED: {"id":"gen-1783158532-u3Mt5hnbf0R4gLFnPxHY","object":"chat.completion.chunk","created":1783158532,"model":"deepseek/deepseek-v4-flash-20260423","provider":"GMICloud","choices":[{"index":0,"delta":{"content":"樣子？\n","role":"assistant"},"finish_reason":null,"native_finish_reason":null}]}
--- CHUNK 1783158568057 bytes=291 ---
data: {"id":"gen-1783158532-u3Mt5hnbf0R4gLFnPxHY","object":"chat.completion.chunk","created":1783158532,"model":"deepseek/deepseek-v4-flash-20260423","provider":"GMICloud","choices":[{"index":0,"delta":{"content":"- ","role":"assistant"},"finish_reason":null,"native_finish_reason":null}]}


PARSED: {"id":"gen-1783158532-u3Mt5hnbf0R4gLFnPxHY","object":"chat.completion.chunk","created":1783158532,"model":"deepseek/deepseek-v4-flash-20260423","provider":"GMICloud","choices":[{"index":0,"delta":{"content":"- ","role":"assistant"},"finish_reason":null,"native_finish_reason":null}]}
--- CHUNK 1783158568118 bytes=301 ---
data: {"id":"gen-1783158532-u3Mt5hnbf0R4gLFnPxHY","object":"chat.completion.chunk","created":1783158532,"model":"deepseek/deepseek-v4-flash-20260423","provider":"GMICloud","choices":[{"index":0,"delta":{"content":"怎麼把我","role":"assistant"},"finish_reason":null,"native_finish_reason":null}]}


PARSED: {"id":"gen-1783158532-u3Mt5hnbf0R4gLFnPxHY","object":"chat.completion.chunk","created":1783158532,"model":"deepseek/deepseek-v4-flash-20260423","provider":"GMICloud","choices":[{"index":0,"delta":{"content":"怎麼把我","role":"assistant"},"finish_reason":null,"native_finish_reason":null}]}
--- CHUNK 1783158568181 bytes=292 ---
data: {"id":"gen-1783158532-u3Mt5hnbf0R4gLFnPxHY","object":"chat.completion.chunk","created":1783158532,"model":"deepseek/deepseek-v4-flash-20260423","provider":"GMICloud","choices":[{"index":0,"delta":{"content":"建","role":"assistant"},"finish_reason":null,"native_finish_reason":null}]}


PARSED: {"id":"gen-1783158532-u3Mt5hnbf0R4gLFnPxHY","object":"chat.completion.chunk","created":1783158532,"model":"deepseek/deepseek-v4-flash-20260423","provider":"GMICloud","choices":[{"index":0,"delta":{"content":"建","role":"assistant"},"finish_reason":null,"native_finish_reason":null}]}
--- CHUNK 1783158568237 bytes=301 ---
data: {"id":"gen-1783158532-u3Mt5hnbf0R4gLFnPxHY","object":"chat.completion.chunk","created":1783158532,"model":"deepseek/deepseek-v4-flash-20260423","provider":"GMICloud","choices":[{"index":0,"delta":{"content":"好的 Skill","role":"assistant"},"finish_reason":null,"native_finish_reason":null}]}


PARSED: {"id":"gen-1783158532-u3Mt5hnbf0R4gLFnPxHY","object":"chat.completion.chunk","created":1783158532,"model":"deepseek/deepseek-v4-flash-20260423","provider":"GMICloud","choices":[{"index":0,"delta":{"content":"好的 Skill","role":"assistant"},"finish_reason":null,"native_finish_reason":null}]}
--- CHUNK 1783158568300 bytes=293 ---
data: {"id":"gen-1783158532-u3Mt5hnbf0R4gLFnPxHY","object":"chat.completion.chunk","created":1783158532,"model":"deepseek/deepseek-v4-flash-20260423","provider":"GMICloud","choices":[{"index":0,"delta":{"content":" 掛","role":"assistant"},"finish_reason":null,"native_finish_reason":null}]}


PARSED: {"id":"gen-1783158532-u3Mt5hnbf0R4gLFnPxHY","object":"chat.completion.chunk","created":1783158532,"model":"deepseek/deepseek-v4-flash-20260423","provider":"GMICloud","choices":[{"index":0,"delta":{"content":" 掛","role":"assistant"},"finish_reason":null,"native_finish_reason":null}]}
--- CHUNK 1783158568357 bytes=298 ---
data: {"id":"gen-1783158532-u3Mt5hnbf0R4gLFnPxHY","object":"chat.completion.chunk","created":1783158532,"model":"deepseek/deepseek-v4-flash-20260423","provider":"GMICloud","choices":[{"index":0,"delta":{"content":"到一個","role":"assistant"},"finish_reason":null,"native_finish_reason":null}]}


PARSED: {"id":"gen-1783158532-u3Mt5hnbf0R4gLFnPxHY","object":"chat.completion.chunk","created":1783158532,"model":"deepseek/deepseek-v4-flash-20260423","provider":"GMICloud","choices":[{"index":0,"delta":{"content":"到一個","role":"assistant"},"finish_reason":null,"native_finish_reason":null}]}
--- CHUNK 1783158568421 bytes=294 ---
data: {"id":"gen-1783158532-u3Mt5hnbf0R4gLFnPxHY","object":"chat.completion.chunk","created":1783158532,"model":"deepseek/deepseek-v4-flash-20260423","provider":"GMICloud","choices":[{"index":0,"delta":{"content":" App ","role":"assistant"},"finish_reason":null,"native_finish_reason":null}]}


PARSED: {"id":"gen-1783158532-u3Mt5hnbf0R4gLFnPxHY","object":"chat.completion.chunk","created":1783158532,"model":"deepseek/deepseek-v4-flash-20260423","provider":"GMICloud","choices":[{"index":0,"delta":{"content":" App ","role":"assistant"},"finish_reason":null,"native_finish_reason":null}]}
--- CHUNK 1783158568495 bytes=297 ---
data: {"id":"gen-1783158532-u3Mt5hnbf0R4gLFnPxHY","object":"chat.completion.chunk","created":1783158532,"model":"deepseek/deepseek-v4-flash-20260423","provider":"GMICloud","choices":[{"index":0,"delta":{"content":"上？\n","role":"assistant"},"finish_reason":null,"native_finish_reason":null}]}


PARSED: {"id":"gen-1783158532-u3Mt5hnbf0R4gLFnPxHY","object":"chat.completion.chunk","created":1783158532,"model":"deepseek/deepseek-v4-flash-20260423","provider":"GMICloud","choices":[{"index":0,"delta":{"content":"上？\n","role":"assistant"},"finish_reason":null,"native_finish_reason":null}]}
--- CHUNK 1783158568546 bytes=296 ---
data: {"id":"gen-1783158532-u3Mt5hnbf0R4gLFnPxHY","object":"chat.completion.chunk","created":1783158532,"model":"deepseek/deepseek-v4-flash-20260423","provider":"GMICloud","choices":[{"index":0,"delta":{"content":"- Skill","role":"assistant"},"finish_reason":null,"native_finish_reason":null}]}


PARSED: {"id":"gen-1783158532-u3Mt5hnbf0R4gLFnPxHY","object":"chat.completion.chunk","created":1783158532,"model":"deepseek/deepseek-v4-flash-20260423","provider":"GMICloud","choices":[{"index":0,"delta":{"content":"- Skill","role":"assistant"},"finish_reason":null,"native_finish_reason":null}]}
--- CHUNK 1783158568603 bytes=290 ---
data: {"id":"gen-1783158532-u3Mt5hnbf0R4gLFnPxHY","object":"chat.completion.chunk","created":1783158532,"model":"deepseek/deepseek-v4-flash-20260423","provider":"GMICloud","choices":[{"index":0,"delta":{"content":" ","role":"assistant"},"finish_reason":null,"native_finish_reason":null}]}


PARSED: {"id":"gen-1783158532-u3Mt5hnbf0R4gLFnPxHY","object":"chat.completion.chunk","created":1783158532,"model":"deepseek/deepseek-v4-flash-20260423","provider":"GMICloud","choices":[{"index":0,"delta":{"content":" ","role":"assistant"},"finish_reason":null,"native_finish_reason":null}]}
--- CHUNK 1783158568660 bytes=297 ---
data: {"id":"gen-1783158532-u3Mt5hnbf0R4gLFnPxHY","object":"chat.completion.chunk","created":1783158532,"model":"deepseek/deepseek-v4-flash-20260423","provider":"GMICloud","choices":[{"index":0,"delta":{"content":"和 Work","role":"assistant"},"finish_reason":null,"native_finish_reason":null}]}


PARSED: {"id":"gen-1783158532-u3Mt5hnbf0R4gLFnPxHY","object":"chat.completion.chunk","created":1783158532,"model":"deepseek/deepseek-v4-flash-20260423","provider":"GMICloud","choices":[{"index":0,"delta":{"content":"和 Work","role":"assistant"},"finish_reason":null,"native_finish_reason":null}]}
--- CHUNK 1783158568722 bytes=294 ---
data: {"id":"gen-1783158532-u3Mt5hnbf0R4gLFnPxHY","object":"chat.completion.chunk","created":1783158532,"model":"deepseek/deepseek-v4-flash-20260423","provider":"GMICloud","choices":[{"index":0,"delta":{"content":"flow ","role":"assistant"},"finish_reason":null,"native_finish_reason":null}]}


PARSED: {"id":"gen-1783158532-u3Mt5hnbf0R4gLFnPxHY","object":"chat.completion.chunk","created":1783158532,"model":"deepseek/deepseek-v4-flash-20260423","provider":"GMICloud","choices":[{"index":0,"delta":{"content":"flow ","role":"assistant"},"finish_reason":null,"native_finish_reason":null}]}
--- CHUNK 1783158568783 bytes=304 ---
data: {"id":"gen-1783158532-u3Mt5hnbf0R4gLFnPxHY","object":"chat.completion.chunk","created":1783158532,"model":"deepseek/deepseek-v4-flash-20260423","provider":"GMICloud","choices":[{"index":0,"delta":{"content":"有什麼不同","role":"assistant"},"finish_reason":null,"native_finish_reason":null}]}


PARSED: {"id":"gen-1783158532-u3Mt5hnbf0R4gLFnPxHY","object":"chat.completion.chunk","created":1783158532,"model":"deepseek/deepseek-v4-flash-20260423","provider":"GMICloud","choices":[{"index":0,"delta":{"content":"有什麼不同","role":"assistant"},"finish_reason":null,"native_finish_reason":null}]}
--- CHUNK 1783158568842 bytes=295 ---
data: {"id":"gen-1783158532-u3Mt5hnbf0R4gLFnPxHY","object":"chat.completion.chunk","created":1783158532,"model":"deepseek/deepseek-v4-flash-20260423","provider":"GMICloud","choices":[{"index":0,"delta":{"content":"？\n-","role":"assistant"},"finish_reason":null,"native_finish_reason":null}]}


PARSED: {"id":"gen-1783158532-u3Mt5hnbf0R4gLFnPxHY","object":"chat.completion.chunk","created":1783158532,"model":"deepseek/deepseek-v4-flash-20260423","provider":"GMICloud","choices":[{"index":0,"delta":{"content":"？\n-","role":"assistant"},"finish_reason":null,"native_finish_reason":null}]}
--- CHUNK 1783158568905 bytes=290 ---
data: {"id":"gen-1783158532-u3Mt5hnbf0R4gLFnPxHY","object":"chat.completion.chunk","created":1783158532,"model":"deepseek/deepseek-v4-flash-20260423","provider":"GMICloud","choices":[{"index":0,"delta":{"content":" ","role":"assistant"},"finish_reason":null,"native_finish_reason":null}]}


PARSED: {"id":"gen-1783158532-u3Mt5hnbf0R4gLFnPxHY","object":"chat.completion.chunk","created":1783158532,"model":"deepseek/deepseek-v4-flash-20260423","provider":"GMICloud","choices":[{"index":0,"delta":{"content":" ","role":"assistant"},"finish_reason":null,"native_finish_reason":null}]}
--- CHUNK 1783158568968 bytes=298 ---
data: {"id":"gen-1783158532-u3Mt5hnbf0R4gLFnPxHY","object":"chat.completion.chunk","created":1783158532,"model":"deepseek/deepseek-v4-flash-20260423","provider":"GMICloud","choices":[{"index":0,"delta":{"content":"我可以","role":"assistant"},"finish_reason":null,"native_finish_reason":null}]}


PARSED: {"id":"gen-1783158532-u3Mt5hnbf0R4gLFnPxHY","object":"chat.completion.chunk","created":1783158532,"model":"deepseek/deepseek-v4-flash-20260423","provider":"GMICloud","choices":[{"index":0,"delta":{"content":"我可以","role":"assistant"},"finish_reason":null,"native_finish_reason":null}]}
--- CHUNK 1783158569049 bytes=298 ---
data: {"id":"gen-1783158532-u3Mt5hnbf0R4gLFnPxHY","object":"chat.completion.chunk","created":1783158532,"model":"deepseek/deepseek-v4-flash-20260423","provider":"GMICloud","choices":[{"index":0,"delta":{"content":"讓一個","role":"assistant"},"finish_reason":null,"native_finish_reason":null}]}


PARSED: {"id":"gen-1783158532-u3Mt5hnbf0R4gLFnPxHY","object":"chat.completion.chunk","created":1783158532,"model":"deepseek/deepseek-v4-flash-20260423","provider":"GMICloud","choices":[{"index":0,"delta":{"content":"讓一個","role":"assistant"},"finish_reason":null,"native_finish_reason":null}]}
--- CHUNK 1783158569108 bytes=296 ---
data: {"id":"gen-1783158532-u3Mt5hnbf0R4gLFnPxHY","object":"chat.completion.chunk","created":1783158532,"model":"deepseek/deepseek-v4-flash-20260423","provider":"GMICloud","choices":[{"index":0,"delta":{"content":" Skill ","role":"assistant"},"finish_reason":null,"native_finish_reason":null}]}


PARSED: {"id":"gen-1783158532-u3Mt5hnbf0R4gLFnPxHY","object":"chat.completion.chunk","created":1783158532,"model":"deepseek/deepseek-v4-flash-20260423","provider":"GMICloud","choices":[{"index":0,"delta":{"content":" Skill ","role":"assistant"},"finish_reason":null,"native_finish_reason":null}]}
--- CHUNK 1783158569153 bytes=304 ---
data: {"id":"gen-1783158532-u3Mt5hnbf0R4gLFnPxHY","object":"chat.completion.chunk","created":1783158532,"model":"deepseek/deepseek-v4-flash-20260423","provider":"GMICloud","choices":[{"index":0,"delta":{"content":"呼叫另一個","role":"assistant"},"finish_reason":null,"native_finish_reason":null}]}


PARSED: {"id":"gen-1783158532-u3Mt5hnbf0R4gLFnPxHY","object":"chat.completion.chunk","created":1783158532,"model":"deepseek/deepseek-v4-flash-20260423","provider":"GMICloud","choices":[{"index":0,"delta":{"content":"呼叫另一個","role":"assistant"},"finish_reason":null,"native_finish_reason":null}]}
--- CHUNK 1783158569212 bytes=296 ---
data: {"id":"gen-1783158532-u3Mt5hnbf0R4gLFnPxHY","object":"chat.completion.chunk","created":1783158532,"model":"deepseek/deepseek-v4-flash-20260423","provider":"GMICloud","choices":[{"index":0,"delta":{"content":" Skill ","role":"assistant"},"finish_reason":null,"native_finish_reason":null}]}


PARSED: {"id":"gen-1783158532-u3Mt5hnbf0R4gLFnPxHY","object":"chat.completion.chunk","created":1783158532,"model":"deepseek/deepseek-v4-flash-20260423","provider":"GMICloud","choices":[{"index":0,"delta":{"content":" Skill ","role":"assistant"},"finish_reason":null,"native_finish_reason":null}]}
--- CHUNK 1783158569271 bytes=299 ---
data: {"id":"gen-1783158532-u3Mt5hnbf0R4gLFnPxHY","object":"chat.completion.chunk","created":1783158532,"model":"deepseek/deepseek-v4-flash-20260423","provider":"GMICloud","choices":[{"index":0,"delta":{"content":"嗎？\n\n","role":"assistant"},"finish_reason":null,"native_finish_reason":null}]}


PARSED: {"id":"gen-1783158532-u3Mt5hnbf0R4gLFnPxHY","object":"chat.completion.chunk","created":1783158532,"model":"deepseek/deepseek-v4-flash-20260423","provider":"GMICloud","choices":[{"index":0,"delta":{"content":"嗎？\n\n","role":"assistant"},"finish_reason":null,"native_finish_reason":null}]}
--- CHUNK 1783158569330 bytes=298 ---
data: {"id":"gen-1783158532-u3Mt5hnbf0R4gLFnPxHY","object":"chat.completion.chunk","created":1783158532,"model":"deepseek/deepseek-v4-flash-20260423","provider":"GMICloud","choices":[{"index":0,"delta":{"content":"---\n\n**","role":"assistant"},"finish_reason":null,"native_finish_reason":null}]}


PARSED: {"id":"gen-1783158532-u3Mt5hnbf0R4gLFnPxHY","object":"chat.completion.chunk","created":1783158532,"model":"deepseek/deepseek-v4-flash-20260423","provider":"GMICloud","choices":[{"index":0,"delta":{"content":"---\n\n**","role":"assistant"},"finish_reason":null,"native_finish_reason":null}]}
--- CHUNK 1783158569398 bytes=293 ---
data: {"id":"gen-1783158532-u3Mt5hnbf0R4gLFnPxHY","object":"chat.completion.chunk","created":1783158532,"model":"deepseek/deepseek-v4-flash-20260423","provider":"GMICloud","choices":[{"index":0,"delta":{"content":"📚","role":"assistant"},"finish_reason":null,"native_finish_reason":null}]}


PARSED: {"id":"gen-1783158532-u3Mt5hnbf0R4gLFnPxHY","object":"chat.completion.chunk","created":1783158532,"model":"deepseek/deepseek-v4-flash-20260423","provider":"GMICloud","choices":[{"index":0,"delta":{"content":"📚","role":"assistant"},"finish_reason":null,"native_finish_reason":null}]}
--- CHUNK 1783158569452 bytes=296 ---
data: {"id":"gen-1783158532-u3Mt5hnbf0R4gLFnPxHY","object":"chat.completion.chunk","created":1783158532,"model":"deepseek/deepseek-v4-flash-20260423","provider":"GMICloud","choices":[{"index":0,"delta":{"content":" 參考","role":"assistant"},"finish_reason":null,"native_finish_reason":null}]}


PARSED: {"id":"gen-1783158532-u3Mt5hnbf0R4gLFnPxHY","object":"chat.completion.chunk","created":1783158532,"model":"deepseek/deepseek-v4-flash-20260423","provider":"GMICloud","choices":[{"index":0,"delta":{"content":" 參考","role":"assistant"},"finish_reason":null,"native_finish_reason":null}]}
--- CHUNK 1783158569523 bytes=298 ---
data: {"id":"gen-1783158532-u3Mt5hnbf0R4gLFnPxHY","object":"chat.completion.chunk","created":1783158532,"model":"deepseek/deepseek-v4-flash-20260423","provider":"GMICloud","choices":[{"index":0,"delta":{"content":"來源：","role":"assistant"},"finish_reason":null,"native_finish_reason":null}]}


PARSED: {"id":"gen-1783158532-u3Mt5hnbf0R4gLFnPxHY","object":"chat.completion.chunk","created":1783158532,"model":"deepseek/deepseek-v4-flash-20260423","provider":"GMICloud","choices":[{"index":0,"delta":{"content":"來源：","role":"assistant"},"finish_reason":null,"native_finish_reason":null}]}
--- CHUNK 1783158569572 bytes=294 ---
data: {"id":"gen-1783158532-u3Mt5hnbf0R4gLFnPxHY","object":"chat.completion.chunk","created":1783158532,"model":"deepseek/deepseek-v4-flash-20260423","provider":"GMICloud","choices":[{"index":0,"delta":{"content":"**\n-","role":"assistant"},"finish_reason":null,"native_finish_reason":null}]}


PARSED: {"id":"gen-1783158532-u3Mt5hnbf0R4gLFnPxHY","object":"chat.completion.chunk","created":1783158532,"model":"deepseek/deepseek-v4-flash-20260423","provider":"GMICloud","choices":[{"index":0,"delta":{"content":"**\n-","role":"assistant"},"finish_reason":null,"native_finish_reason":null}]}
--- CHUNK 1783158569634 bytes=300 ---
data: {"id":"gen-1783158532-u3Mt5hnbf0R4gLFnPxHY","object":"chat.completion.chunk","created":1783158532,"model":"deepseek/deepseek-v4-flash-20260423","provider":"GMICloud","choices":[{"index":0,"delta":{"content":" `knowledge","role":"assistant"},"finish_reason":null,"native_finish_reason":null}]}


PARSED: {"id":"gen-1783158532-u3Mt5hnbf0R4gLFnPxHY","object":"chat.completion.chunk","created":1783158532,"model":"deepseek/deepseek-v4-flash-20260423","provider":"GMICloud","choices":[{"index":0,"delta":{"content":" `knowledge","role":"assistant"},"finish_reason":null,"native_finish_reason":null}]}
--- CHUNK 1783158569696 bytes=297 ---
data: {"id":"gen-1783158532-u3Mt5hnbf0R4gLFnPxHY","object":"chat.completion.chunk","created":1783158532,"model":"deepseek/deepseek-v4-flash-20260423","provider":"GMICloud","choices":[{"index":0,"delta":{"content":"/about-p","role":"assistant"},"finish_reason":null,"native_finish_reason":null}]}


PARSED: {"id":"gen-1783158532-u3Mt5hnbf0R4gLFnPxHY","object":"chat.completion.chunk","created":1783158532,"model":"deepseek/deepseek-v4-flash-20260423","provider":"GMICloud","choices":[{"index":0,"delta":{"content":"/about-p","role":"assistant"},"finish_reason":null,"native_finish_reason":null}]}
--- CHUNK 1783158569784 bytes=292 ---
data: {"id":"gen-1783158532-u3Mt5hnbf0R4gLFnPxHY","object":"chat.completion.chunk","created":1783158532,"model":"deepseek/deepseek-v4-flash-20260423","provider":"GMICloud","choices":[{"index":0,"delta":{"content":"aaw","role":"assistant"},"finish_reason":null,"native_finish_reason":null}]}


PARSED: {"id":"gen-1783158532-u3Mt5hnbf0R4gLFnPxHY","object":"chat.completion.chunk","created":1783158532,"model":"deepseek/deepseek-v4-flash-20260423","provider":"GMICloud","choices":[{"index":0,"delta":{"content":"aaw","role":"assistant"},"finish_reason":null,"native_finish_reason":null}]}
--- CHUNK 1783158569848 bytes=292 ---
data: {"id":"gen-1783158532-u3Mt5hnbf0R4gLFnPxHY","object":"chat.completion.chunk","created":1783158532,"model":"deepseek/deepseek-v4-flash-20260423","provider":"GMICloud","choices":[{"index":0,"delta":{"content":"/AI","role":"assistant"},"finish_reason":null,"native_finish_reason":null}]}


PARSED: {"id":"gen-1783158532-u3Mt5hnbf0R4gLFnPxHY","object":"chat.completion.chunk","created":1783158532,"model":"deepseek/deepseek-v4-flash-20260423","provider":"GMICloud","choices":[{"index":0,"delta":{"content":"/AI","role":"assistant"},"finish_reason":null,"native_finish_reason":null}]}
--- CHUNK 1783158569883 bytes=292 ---
data: {"id":"gen-1783158532-u3Mt5hnbf0R4gLFnPxHY","object":"chat.completion.chunk","created":1783158532,"model":"deepseek/deepseek-v4-flash-20260423","provider":"GMICloud","choices":[{"index":0,"delta":{"content":"-FE","role":"assistant"},"finish_reason":null,"native_finish_reason":null}]}


PARSED: {"id":"gen-1783158532-u3Mt5hnbf0R4gLFnPxHY","object":"chat.completion.chunk","created":1783158532,"model":"deepseek/deepseek-v4-flash-20260423","provider":"GMICloud","choices":[{"index":0,"delta":{"content":"-FE","role":"assistant"},"finish_reason":null,"native_finish_reason":null}]}
--- CHUNK 1783158569950 bytes=295 ---
data: {"id":"gen-1783158532-u3Mt5hnbf0R4gLFnPxHY","object":"chat.completion.chunk","created":1783158532,"model":"deepseek/deepseek-v4-flash-20260423","provider":"GMICloud","choices":[{"index":0,"delta":{"content":"ATURES","role":"assistant"},"finish_reason":null,"native_finish_reason":null}]}


PARSED: {"id":"gen-1783158532-u3Mt5hnbf0R4gLFnPxHY","object":"chat.completion.chunk","created":1783158532,"model":"deepseek/deepseek-v4-flash-20260423","provider":"GMICloud","choices":[{"index":0,"delta":{"content":"ATURES","role":"assistant"},"finish_reason":null,"native_finish_reason":null}]}
--- CHUNK 1783158570005 bytes=293 ---
data: {"id":"gen-1783158532-u3Mt5hnbf0R4gLFnPxHY","object":"chat.completion.chunk","created":1783158532,"model":"deepseek/deepseek-v4-flash-20260423","provider":"GMICloud","choices":[{"index":0,"delta":{"content":".md`","role":"assistant"},"finish_reason":null,"native_finish_reason":null}]}


PARSED: {"id":"gen-1783158532-u3Mt5hnbf0R4gLFnPxHY","object":"chat.completion.chunk","created":1783158532,"model":"deepseek/deepseek-v4-flash-20260423","provider":"GMICloud","choices":[{"index":0,"delta":{"content":".md`","role":"assistant"},"finish_reason":null,"native_finish_reason":null}]}
--- CHUNK 1783158570069 bytes=293 ---
data: {"id":"gen-1783158532-u3Mt5hnbf0R4gLFnPxHY","object":"chat.completion.chunk","created":1783158532,"model":"deepseek/deepseek-v4-flash-20260423","provider":"GMICloud","choices":[{"index":0,"delta":{"content":" —","role":"assistant"},"finish_reason":null,"native_finish_reason":null}]}


PARSED: {"id":"gen-1783158532-u3Mt5hnbf0R4gLFnPxHY","object":"chat.completion.chunk","created":1783158532,"model":"deepseek/deepseek-v4-flash-20260423","provider":"GMICloud","choices":[{"index":0,"delta":{"content":" —","role":"assistant"},"finish_reason":null,"native_finish_reason":null}]}
--- CHUNK 1783158570175 bytes=291 ---
data: {"id":"gen-1783158532-u3Mt5hnbf0R4gLFnPxHY","object":"chat.completion.chunk","created":1783158532,"model":"deepseek/deepseek-v4-flash-20260423","provider":"GMICloud","choices":[{"index":0,"delta":{"content":" #","role":"assistant"},"finish_reason":null,"native_finish_reason":null}]}


PARSED: {"id":"gen-1783158532-u3Mt5hnbf0R4gLFnPxHY","object":"chat.completion.chunk","created":1783158532,"model":"deepseek/deepseek-v4-flash-20260423","provider":"GMICloud","choices":[{"index":0,"delta":{"content":" #","role":"assistant"},"finish_reason":null,"native_finish_reason":null}]}
--- CHUNK 1783158570185 bytes=296 ---
data: {"id":"gen-1783158532-u3Mt5hnbf0R4gLFnPxHY","object":"chat.completion.chunk","created":1783158532,"model":"deepseek/deepseek-v4-flash-20260423","provider":"GMICloud","choices":[{"index":0,"delta":{"content":"2 Skill","role":"assistant"},"finish_reason":null,"native_finish_reason":null}]}


PARSED: {"id":"gen-1783158532-u3Mt5hnbf0R4gLFnPxHY","object":"chat.completion.chunk","created":1783158532,"model":"deepseek/deepseek-v4-flash-20260423","provider":"GMICloud","choices":[{"index":0,"delta":{"content":"2 Skill","role":"assistant"},"finish_reason":null,"native_finish_reason":null}]}
--- CHUNK 1783158570252 bytes=298 ---
data: {"id":"gen-1783158532-u3Mt5hnbf0R4gLFnPxHY","object":"chat.completion.chunk","created":1783158532,"model":"deepseek/deepseek-v4-flash-20260423","provider":"GMICloud","choices":[{"index":0,"delta":{"content":" Builder ","role":"assistant"},"finish_reason":null,"native_finish_reason":null}]}


PARSED: {"id":"gen-1783158532-u3Mt5hnbf0R4gLFnPxHY","object":"chat.completion.chunk","created":1783158532,"model":"deepseek/deepseek-v4-flash-20260423","provider":"GMICloud","choices":[{"index":0,"delta":{"content":" Builder ","role":"assistant"},"finish_reason":null,"native_finish_reason":null}]}
--- CHUNK 1783158570308 bytes=295 ---
data: {"id":"gen-1783158532-u3Mt5hnbf0R4gLFnPxHY","object":"chat.completion.chunk","created":1783158532,"model":"deepseek/deepseek-v4-flash-20260423","provider":"GMICloud","choices":[{"index":0,"delta":{"content":"詳細","role":"assistant"},"finish_reason":null,"native_finish_reason":null}]}


PARSED: {"id":"gen-1783158532-u3Mt5hnbf0R4gLFnPxHY","object":"chat.completion.chunk","created":1783158532,"model":"deepseek/deepseek-v4-flash-20260423","provider":"GMICloud","choices":[{"index":0,"delta":{"content":"詳細","role":"assistant"},"finish_reason":null,"native_finish_reason":null}]}
--- CHUNK 1783158570377 bytes=292 ---
data: {"id":"gen-1783158532-u3Mt5hnbf0R4gLFnPxHY","object":"chat.completion.chunk","created":1783158532,"model":"deepseek/deepseek-v4-flash-20260423","provider":"GMICloud","choices":[{"index":0,"delta":{"content":"規","role":"assistant"},"finish_reason":null,"native_finish_reason":null}]}


PARSED: {"id":"gen-1783158532-u3Mt5hnbf0R4gLFnPxHY","object":"chat.completion.chunk","created":1783158532,"model":"deepseek/deepseek-v4-flash-20260423","provider":"GMICloud","choices":[{"index":0,"delta":{"content":"規","role":"assistant"},"finish_reason":null,"native_finish_reason":null}]}
--- CHUNK 1783158570439 bytes=294 ---
data: {"id":"gen-1783158532-u3Mt5hnbf0R4gLFnPxHY","object":"chat.completion.chunk","created":1783158532,"model":"deepseek/deepseek-v4-flash-20260423","provider":"GMICloud","choices":[{"index":0,"delta":{"content":"格\n","role":"assistant"},"finish_reason":null,"native_finish_reason":null}]}


PARSED: {"id":"gen-1783158532-u3Mt5hnbf0R4gLFnPxHY","object":"chat.completion.chunk","created":1783158532,"model":"deepseek/deepseek-v4-flash-20260423","provider":"GMICloud","choices":[{"index":0,"delta":{"content":"格\n","role":"assistant"},"finish_reason":null,"native_finish_reason":null}]}
--- CHUNK 1783158570489 bytes=292 ---
data: {"id":"gen-1783158532-u3Mt5hnbf0R4gLFnPxHY","object":"chat.completion.chunk","created":1783158532,"model":"deepseek/deepseek-v4-flash-20260423","provider":"GMICloud","choices":[{"index":0,"delta":{"content":"- `","role":"assistant"},"finish_reason":null,"native_finish_reason":null}]}


PARSED: {"id":"gen-1783158532-u3Mt5hnbf0R4gLFnPxHY","object":"chat.completion.chunk","created":1783158532,"model":"deepseek/deepseek-v4-flash-20260423","provider":"GMICloud","choices":[{"index":0,"delta":{"content":"- `","role":"assistant"},"finish_reason":null,"native_finish_reason":null}]}
--- CHUNK 1783158570549 bytes=304 ---
data: {"id":"gen-1783158532-u3Mt5hnbf0R4gLFnPxHY","object":"chat.completion.chunk","created":1783158532,"model":"deepseek/deepseek-v4-flash-20260423","provider":"GMICloud","choices":[{"index":0,"delta":{"content":"knowledge/about","role":"assistant"},"finish_reason":null,"native_finish_reason":null}]}


PARSED: {"id":"gen-1783158532-u3Mt5hnbf0R4gLFnPxHY","object":"chat.completion.chunk","created":1783158532,"model":"deepseek/deepseek-v4-flash-20260423","provider":"GMICloud","choices":[{"index":0,"delta":{"content":"knowledge/about","role":"assistant"},"finish_reason":null,"native_finish_reason":null}]}
--- CHUNK 1783158570611 bytes=292 ---
data: {"id":"gen-1783158532-u3Mt5hnbf0R4gLFnPxHY","object":"chat.completion.chunk","created":1783158532,"model":"deepseek/deepseek-v4-flash-20260423","provider":"GMICloud","choices":[{"index":0,"delta":{"content":"-pa","role":"assistant"},"finish_reason":null,"native_finish_reason":null}]}


PARSED: {"id":"gen-1783158532-u3Mt5hnbf0R4gLFnPxHY","object":"chat.completion.chunk","created":1783158532,"model":"deepseek/deepseek-v4-flash-20260423","provider":"GMICloud","choices":[{"index":0,"delta":{"content":"-pa","role":"assistant"},"finish_reason":null,"native_finish_reason":null}]}
--- CHUNK 1783158571158 bytes=293 ---
data: {"id":"gen-1783158532-u3Mt5hnbf0R4gLFnPxHY","object":"chat.completion.chunk","created":1783158532,"model":"deepseek/deepseek-v4-flash-20260423","provider":"GMICloud","choices":[{"index":0,"delta":{"content":"aw/P","role":"assistant"},"finish_reason":null,"native_finish_reason":null}]}


PARSED: {"id":"gen-1783158532-u3Mt5hnbf0R4gLFnPxHY","object":"chat.completion.chunk","created":1783158532,"model":"deepseek/deepseek-v4-flash-20260423","provider":"GMICloud","choices":[{"index":0,"delta":{"content":"aw/P","role":"assistant"},"finish_reason":null,"native_finish_reason":null}]}
--- CHUNK 1783158571158 bytes=293 ---
data: {"id":"gen-1783158532-u3Mt5hnbf0R4gLFnPxHY","object":"chat.completion.chunk","created":1783158532,"model":"deepseek/deepseek-v4-flash-20260423","provider":"GMICloud","choices":[{"index":0,"delta":{"content":"ROMP","role":"assistant"},"finish_reason":null,"native_finish_reason":null}]}


PARSED: {"id":"gen-1783158532-u3Mt5hnbf0R4gLFnPxHY","object":"chat.completion.chunk","created":1783158532,"model":"deepseek/deepseek-v4-flash-20260423","provider":"GMICloud","choices":[{"index":0,"delta":{"content":"ROMP","role":"assistant"},"finish_reason":null,"native_finish_reason":null}]}
--- CHUNK 1783158571158 bytes=291 ---
data: {"id":"gen-1783158532-u3Mt5hnbf0R4gLFnPxHY","object":"chat.completion.chunk","created":1783158532,"model":"deepseek/deepseek-v4-flash-20260423","provider":"GMICloud","choices":[{"index":0,"delta":{"content":"T-","role":"assistant"},"finish_reason":null,"native_finish_reason":null}]}


PARSED: {"id":"gen-1783158532-u3Mt5hnbf0R4gLFnPxHY","object":"chat.completion.chunk","created":1783158532,"model":"deepseek/deepseek-v4-flash-20260423","provider":"GMICloud","choices":[{"index":0,"delta":{"content":"T-","role":"assistant"},"finish_reason":null,"native_finish_reason":null}]}
--- CHUNK 1783158571158 bytes=295 ---
data: {"id":"gen-1783158532-u3Mt5hnbf0R4gLFnPxHY","object":"chat.completion.chunk","created":1783158532,"model":"deepseek/deepseek-v4-flash-20260423","provider":"GMICloud","choices":[{"index":0,"delta":{"content":"ARCHIT","role":"assistant"},"finish_reason":null,"native_finish_reason":null}]}


PARSED: {"id":"gen-1783158532-u3Mt5hnbf0R4gLFnPxHY","object":"chat.completion.chunk","created":1783158532,"model":"deepseek/deepseek-v4-flash-20260423","provider":"GMICloud","choices":[{"index":0,"delta":{"content":"ARCHIT","role":"assistant"},"finish_reason":null,"native_finish_reason":null}]}
--- CHUNK 1783158571158 bytes=295 ---
data: {"id":"gen-1783158532-u3Mt5hnbf0R4gLFnPxHY","object":"chat.completion.chunk","created":1783158532,"model":"deepseek/deepseek-v4-flash-20260423","provider":"GMICloud","choices":[{"index":0,"delta":{"content":"ECTURE","role":"assistant"},"finish_reason":null,"native_finish_reason":null}]}


PARSED: {"id":"gen-1783158532-u3Mt5hnbf0R4gLFnPxHY","object":"chat.completion.chunk","created":1783158532,"model":"deepseek/deepseek-v4-flash-20260423","provider":"GMICloud","choices":[{"index":0,"delta":{"content":"ECTURE","role":"assistant"},"finish_reason":null,"native_finish_reason":null}]}
--- CHUNK 1783158571158 bytes=293 ---
data: {"id":"gen-1783158532-u3Mt5hnbf0R4gLFnPxHY","object":"chat.completion.chunk","created":1783158532,"model":"deepseek/deepseek-v4-flash-20260423","provider":"GMICloud","choices":[{"index":0,"delta":{"content":".md`","role":"assistant"},"finish_reason":null,"native_finish_reason":null}]}


PARSED: {"id":"gen-1783158532-u3Mt5hnbf0R4gLFnPxHY","object":"chat.completion.chunk","created":1783158532,"model":"deepseek/deepseek-v4-flash-20260423","provider":"GMICloud","choices":[{"index":0,"delta":{"content":".md`","role":"assistant"},"finish_reason":null,"native_finish_reason":null}]}
--- CHUNK 1783158571158 bytes=299 ---
data: {"id":"gen-1783158532-u3Mt5hnbf0R4gLFnPxHY","object":"chat.completion.chunk","created":1783158532,"model":"deepseek/deepseek-v4-flash-20260423","provider":"GMICloud","choices":[{"index":0,"delta":{"content":" — Skill","role":"assistant"},"finish_reason":null,"native_finish_reason":null}]}


PARSED: {"id":"gen-1783158532-u3Mt5hnbf0R4gLFnPxHY","object":"chat.completion.chunk","created":1783158532,"model":"deepseek/deepseek-v4-flash-20260423","provider":"GMICloud","choices":[{"index":0,"delta":{"content":" — Skill","role":"assistant"},"finish_reason":null,"native_finish_reason":null}]}
--- CHUNK 1783158571158 bytes=305 ---
data: {"id":"gen-1783158532-u3Mt5hnbf0R4gLFnPxHY","object":"chat.completion.chunk","created":1783158532,"model":"deepseek/deepseek-v4-flash-20260423","provider":"GMICloud","choices":[{"index":0,"delta":{"content":" Builder context","role":"assistant"},"finish_reason":null,"native_finish_reason":null}]}


PARSED: {"id":"gen-1783158532-u3Mt5hnbf0R4gLFnPxHY","object":"chat.completion.chunk","created":1783158532,"model":"deepseek/deepseek-v4-flash-20260423","provider":"GMICloud","choices":[{"index":0,"delta":{"content":" Builder context","role":"assistant"},"finish_reason":null,"native_finish_reason":null}]}
--- CHUNK 1783158571167 bytes=293 ---
data: {"id":"gen-1783158532-u3Mt5hnbf0R4gLFnPxHY","object":"chat.completion.chunk","created":1783158532,"model":"deepseek/deepseek-v4-flash-20260423","provider":"GMICloud","choices":[{"index":0,"delta":{"content":" 組","role":"assistant"},"finish_reason":null,"native_finish_reason":null}]}


PARSED: {"id":"gen-1783158532-u3Mt5hnbf0R4gLFnPxHY","object":"chat.completion.chunk","created":1783158532,"model":"deepseek/deepseek-v4-flash-20260423","provider":"GMICloud","choices":[{"index":0,"delta":{"content":" 組","role":"assistant"},"finish_reason":null,"native_finish_reason":null}]}
--- CHUNK 1783158571233 bytes=298 ---
data: {"id":"gen-1783158532-u3Mt5hnbf0R4gLFnPxHY","object":"chat.completion.chunk","created":1783158532,"model":"deepseek/deepseek-v4-flash-20260423","provider":"GMICloud","choices":[{"index":0,"delta":{"content":"裝方式","role":"assistant"},"finish_reason":null,"native_finish_reason":null}]}


PARSED: {"id":"gen-1783158532-u3Mt5hnbf0R4gLFnPxHY","object":"chat.completion.chunk","created":1783158532,"model":"deepseek/deepseek-v4-flash-20260423","provider":"GMICloud","choices":[{"index":0,"delta":{"content":"裝方式","role":"assistant"},"finish_reason":null,"native_finish_reason":null}]}
--- CHUNK 1783158571291 bytes=292 ---
data: {"id":"gen-1783158532-u3Mt5hnbf0R4gLFnPxHY","object":"chat.completion.chunk","created":1783158532,"model":"deepseek/deepseek-v4-flash-20260423","provider":"GMICloud","choices":[{"index":0,"delta":{"content":"\n-","role":"assistant"},"finish_reason":null,"native_finish_reason":null}]}


PARSED: {"id":"gen-1783158532-u3Mt5hnbf0R4gLFnPxHY","object":"chat.completion.chunk","created":1783158532,"model":"deepseek/deepseek-v4-flash-20260423","provider":"GMICloud","choices":[{"index":0,"delta":{"content":"\n-","role":"assistant"},"finish_reason":null,"native_finish_reason":null}]}
--- CHUNK 1783158571362 bytes=300 ---
data: {"id":"gen-1783158532-u3Mt5hnbf0R4gLFnPxHY","object":"chat.completion.chunk","created":1783158532,"model":"deepseek/deepseek-v4-flash-20260423","provider":"GMICloud","choices":[{"index":0,"delta":{"content":" `knowledge","role":"assistant"},"finish_reason":null,"native_finish_reason":null}]}


PARSED: {"id":"gen-1783158532-u3Mt5hnbf0R4gLFnPxHY","object":"chat.completion.chunk","created":1783158532,"model":"deepseek/deepseek-v4-flash-20260423","provider":"GMICloud","choices":[{"index":0,"delta":{"content":" `knowledge","role":"assistant"},"finish_reason":null,"native_finish_reason":null}]}
--- CHUNK 1783158571413 bytes=297 ---
data: {"id":"gen-1783158532-u3Mt5hnbf0R4gLFnPxHY","object":"chat.completion.chunk","created":1783158532,"model":"deepseek/deepseek-v4-flash-20260423","provider":"GMICloud","choices":[{"index":0,"delta":{"content":"/about-p","role":"assistant"},"finish_reason":null,"native_finish_reason":null}]}


PARSED: {"id":"gen-1783158532-u3Mt5hnbf0R4gLFnPxHY","object":"chat.completion.chunk","created":1783158532,"model":"deepseek/deepseek-v4-flash-20260423","provider":"GMICloud","choices":[{"index":0,"delta":{"content":"/about-p","role":"assistant"},"finish_reason":null,"native_finish_reason":null}]}
--- CHUNK 1783158571477 bytes=292 ---
data: {"id":"gen-1783158532-u3Mt5hnbf0R4gLFnPxHY","object":"chat.completion.chunk","created":1783158532,"model":"deepseek/deepseek-v4-flash-20260423","provider":"GMICloud","choices":[{"index":0,"delta":{"content":"aaw","role":"assistant"},"finish_reason":null,"native_finish_reason":null}]}


PARSED: {"id":"gen-1783158532-u3Mt5hnbf0R4gLFnPxHY","object":"chat.completion.chunk","created":1783158532,"model":"deepseek/deepseek-v4-flash-20260423","provider":"GMICloud","choices":[{"index":0,"delta":{"content":"aaw","role":"assistant"},"finish_reason":null,"native_finish_reason":null}]}
--- CHUNK 1783158571536 bytes=292 ---
data: {"id":"gen-1783158532-u3Mt5hnbf0R4gLFnPxHY","object":"chat.completion.chunk","created":1783158532,"model":"deepseek/deepseek-v4-flash-20260423","provider":"GMICloud","choices":[{"index":0,"delta":{"content":"/DE","role":"assistant"},"finish_reason":null,"native_finish_reason":null}]}


PARSED: {"id":"gen-1783158532-u3Mt5hnbf0R4gLFnPxHY","object":"chat.completion.chunk","created":1783158532,"model":"deepseek/deepseek-v4-flash-20260423","provider":"GMICloud","choices":[{"index":0,"delta":{"content":"/DE","role":"assistant"},"finish_reason":null,"native_finish_reason":null}]}
--- CHUNK 1783158571599 bytes=296 ---
data: {"id":"gen-1783158532-u3Mt5hnbf0R4gLFnPxHY","object":"chat.completion.chunk","created":1783158532,"model":"deepseek/deepseek-v4-flash-20260423","provider":"GMICloud","choices":[{"index":0,"delta":{"content":"VELOPER","role":"assistant"},"finish_reason":null,"native_finish_reason":null}]}


PARSED: {"id":"gen-1783158532-u3Mt5hnbf0R4gLFnPxHY","object":"chat.completion.chunk","created":1783158532,"model":"deepseek/deepseek-v4-flash-20260423","provider":"GMICloud","choices":[{"index":0,"delta":{"content":"VELOPER","role":"assistant"},"finish_reason":null,"native_finish_reason":null}]}
--- CHUNK 1783158571668 bytes=294 ---
data: {"id":"gen-1783158532-u3Mt5hnbf0R4gLFnPxHY","object":"chat.completion.chunk","created":1783158532,"model":"deepseek/deepseek-v4-flash-20260423","provider":"GMICloud","choices":[{"index":0,"delta":{"content":"-GUID","role":"assistant"},"finish_reason":null,"native_finish_reason":null}]}


PARSED: {"id":"gen-1783158532-u3Mt5hnbf0R4gLFnPxHY","object":"chat.completion.chunk","created":1783158532,"model":"deepseek/deepseek-v4-flash-20260423","provider":"GMICloud","choices":[{"index":0,"delta":{"content":"-GUID","role":"assistant"},"finish_reason":null,"native_finish_reason":null}]}
--- CHUNK 1783158571728 bytes=293 ---
data: {"id":"gen-1783158532-u3Mt5hnbf0R4gLFnPxHY","object":"chat.completion.chunk","created":1783158532,"model":"deepseek/deepseek-v4-flash-20260423","provider":"GMICloud","choices":[{"index":0,"delta":{"content":"E.md","role":"assistant"},"finish_reason":null,"native_finish_reason":null}]}


PARSED: {"id":"gen-1783158532-u3Mt5hnbf0R4gLFnPxHY","object":"chat.completion.chunk","created":1783158532,"model":"deepseek/deepseek-v4-flash-20260423","provider":"GMICloud","choices":[{"index":0,"delta":{"content":"E.md","role":"assistant"},"finish_reason":null,"native_finish_reason":null}]}
--- CHUNK 1783158571784 bytes=294 ---
data: {"id":"gen-1783158532-u3Mt5hnbf0R4gLFnPxHY","object":"chat.completion.chunk","created":1783158532,"model":"deepseek/deepseek-v4-flash-20260423","provider":"GMICloud","choices":[{"index":0,"delta":{"content":"` —","role":"assistant"},"finish_reason":null,"native_finish_reason":null}]}


PARSED: {"id":"gen-1783158532-u3Mt5hnbf0R4gLFnPxHY","object":"chat.completion.chunk","created":1783158532,"model":"deepseek/deepseek-v4-flash-20260423","provider":"GMICloud","choices":[{"index":0,"delta":{"content":"` —","role":"assistant"},"finish_reason":null,"native_finish_reason":null}]}
--- CHUNK 1783158571855 bytes=291 ---
data: {"id":"gen-1783158532-u3Mt5hnbf0R4gLFnPxHY","object":"chat.completion.chunk","created":1783158532,"model":"deepseek/deepseek-v4-flash-20260423","provider":"GMICloud","choices":[{"index":0,"delta":{"content":" P","role":"assistant"},"finish_reason":null,"native_finish_reason":null}]}


PARSED: {"id":"gen-1783158532-u3Mt5hnbf0R4gLFnPxHY","object":"chat.completion.chunk","created":1783158532,"model":"deepseek/deepseek-v4-flash-20260423","provider":"GMICloud","choices":[{"index":0,"delta":{"content":" P","role":"assistant"},"finish_reason":null,"native_finish_reason":null}]}
--- CHUNK 1783158571914 bytes=292 ---
data: {"id":"gen-1783158532-u3Mt5hnbf0R4gLFnPxHY","object":"chat.completion.chunk","created":1783158532,"model":"deepseek/deepseek-v4-flash-20260423","provider":"GMICloud","choices":[{"index":0,"delta":{"content":"AAW","role":"assistant"},"finish_reason":null,"native_finish_reason":null}]}


PARSED: {"id":"gen-1783158532-u3Mt5hnbf0R4gLFnPxHY","object":"chat.completion.chunk","created":1783158532,"model":"deepseek/deepseek-v4-flash-20260423","provider":"GMICloud","choices":[{"index":0,"delta":{"content":"AAW","role":"assistant"},"finish_reason":null,"native_finish_reason":null}]}
--- CHUNK 1783158571980 bytes=296 ---
data: {"id":"gen-1783158532-u3Mt5hnbf0R4gLFnPxHY","object":"chat.completion.chunk","created":1783158532,"model":"deepseek/deepseek-v4-flash-20260423","provider":"GMICloud","choices":[{"index":0,"delta":{"content":" 整體","role":"assistant"},"finish_reason":null,"native_finish_reason":null}]}


PARSED: {"id":"gen-1783158532-u3Mt5hnbf0R4gLFnPxHY","object":"chat.completion.chunk","created":1783158532,"model":"deepseek/deepseek-v4-flash-20260423","provider":"GMICloud","choices":[{"index":0,"delta":{"content":" 整體","role":"assistant"},"finish_reason":null,"native_finish_reason":null}]}
--- CHUNK 1783158572044 bytes=295 ---
data: {"id":"gen-1783158532-u3Mt5hnbf0R4gLFnPxHY","object":"chat.completion.chunk","created":1783158532,"model":"deepseek/deepseek-v4-flash-20260423","provider":"GMICloud","choices":[{"index":0,"delta":{"content":"架構","role":"assistant"},"finish_reason":null,"native_finish_reason":null}]}


PARSED: {"id":"gen-1783158532-u3Mt5hnbf0R4gLFnPxHY","object":"chat.completion.chunk","created":1783158532,"model":"deepseek/deepseek-v4-flash-20260423","provider":"GMICloud","choices":[{"index":0,"delta":{"content":"架構","role":"assistant"},"finish_reason":null,"native_finish_reason":null}]}
--- CHUNK 1783158572102 bytes=292 ---
data: {"id":"gen-1783158532-u3Mt5hnbf0R4gLFnPxHY","object":"chat.completion.chunk","created":1783158532,"model":"deepseek/deepseek-v4-flash-20260423","provider":"GMICloud","choices":[{"index":0,"delta":{"content":"與","role":"assistant"},"finish_reason":null,"native_finish_reason":null}]}


PARSED: {"id":"gen-1783158532-u3Mt5hnbf0R4gLFnPxHY","object":"chat.completion.chunk","created":1783158532,"model":"deepseek/deepseek-v4-flash-20260423","provider":"GMICloud","choices":[{"index":0,"delta":{"content":"與","role":"assistant"},"finish_reason":null,"native_finish_reason":null}]}
--- CHUNK 1783158572179 bytes=295 ---
data: {"id":"gen-1783158532-u3Mt5hnbf0R4gLFnPxHY","object":"chat.completion.chunk","created":1783158532,"model":"deepseek/deepseek-v4-flash-20260423","provider":"GMICloud","choices":[{"index":0,"delta":{"content":"核心","role":"assistant"},"finish_reason":null,"native_finish_reason":null}]}


PARSED: {"id":"gen-1783158532-u3Mt5hnbf0R4gLFnPxHY","object":"chat.completion.chunk","created":1783158532,"model":"deepseek/deepseek-v4-flash-20260423","provider":"GMICloud","choices":[{"index":0,"delta":{"content":"核心","role":"assistant"},"finish_reason":null,"native_finish_reason":null}]}
--- CHUNK 1783158572228 bytes=295 ---
data: {"id":"gen-1783158532-u3Mt5hnbf0R4gLFnPxHY","object":"chat.completion.chunk","created":1783158532,"model":"deepseek/deepseek-v4-flash-20260423","provider":"GMICloud","choices":[{"index":0,"delta":{"content":"概念","role":"assistant"},"finish_reason":null,"native_finish_reason":null}]}


PARSED: {"id":"gen-1783158532-u3Mt5hnbf0R4gLFnPxHY","object":"chat.completion.chunk","created":1783158532,"model":"deepseek/deepseek-v4-flash-20260423","provider":"GMICloud","choices":[{"index":0,"delta":{"content":"概念","role":"assistant"},"finish_reason":null,"native_finish_reason":null}]}
--- CHUNK 1783158572289 bytes=292 ---
data: {"id":"gen-1783158532-u3Mt5hnbf0R4gLFnPxHY","object":"chat.completion.chunk","created":1783158532,"model":"deepseek/deepseek-v4-flash-20260423","provider":"GMICloud","choices":[{"index":0,"delta":{"content":"\n-","role":"assistant"},"finish_reason":null,"native_finish_reason":null}]}


PARSED: {"id":"gen-1783158532-u3Mt5hnbf0R4gLFnPxHY","object":"chat.completion.chunk","created":1783158532,"model":"deepseek/deepseek-v4-flash-20260423","provider":"GMICloud","choices":[{"index":0,"delta":{"content":"\n-","role":"assistant"},"finish_reason":null,"native_finish_reason":null}]}
--- CHUNK 1783158572398 bytes=300 ---
data: {"id":"gen-1783158532-u3Mt5hnbf0R4gLFnPxHY","object":"chat.completion.chunk","created":1783158532,"model":"deepseek/deepseek-v4-flash-20260423","provider":"GMICloud","choices":[{"index":0,"delta":{"content":" `knowledge","role":"assistant"},"finish_reason":null,"native_finish_reason":null}]}


PARSED: {"id":"gen-1783158532-u3Mt5hnbf0R4gLFnPxHY","object":"chat.completion.chunk","created":1783158532,"model":"deepseek/deepseek-v4-flash-20260423","provider":"GMICloud","choices":[{"index":0,"delta":{"content":" `knowledge","role":"assistant"},"finish_reason":null,"native_finish_reason":null}]}
--- CHUNK 1783158572419 bytes=297 ---
data: {"id":"gen-1783158532-u3Mt5hnbf0R4gLFnPxHY","object":"chat.completion.chunk","created":1783158532,"model":"deepseek/deepseek-v4-flash-20260423","provider":"GMICloud","choices":[{"index":0,"delta":{"content":"/about-p","role":"assistant"},"finish_reason":null,"native_finish_reason":null}]}


PARSED: {"id":"gen-1783158532-u3Mt5hnbf0R4gLFnPxHY","object":"chat.completion.chunk","created":1783158532,"model":"deepseek/deepseek-v4-flash-20260423","provider":"GMICloud","choices":[{"index":0,"delta":{"content":"/about-p","role":"assistant"},"finish_reason":null,"native_finish_reason":null}]}
--- CHUNK 1783158572475 bytes=292 ---
data: {"id":"gen-1783158532-u3Mt5hnbf0R4gLFnPxHY","object":"chat.completion.chunk","created":1783158532,"model":"deepseek/deepseek-v4-flash-20260423","provider":"GMICloud","choices":[{"index":0,"delta":{"content":"aaw","role":"assistant"},"finish_reason":null,"native_finish_reason":null}]}


PARSED: {"id":"gen-1783158532-u3Mt5hnbf0R4gLFnPxHY","object":"chat.completion.chunk","created":1783158532,"model":"deepseek/deepseek-v4-flash-20260423","provider":"GMICloud","choices":[{"index":0,"delta":{"content":"aaw","role":"assistant"},"finish_reason":null,"native_finish_reason":null}]}
--- CHUNK 1783158572543 bytes=293 ---
data: {"id":"gen-1783158532-u3Mt5hnbf0R4gLFnPxHY","object":"chat.completion.chunk","created":1783158532,"model":"deepseek/deepseek-v4-flash-20260423","provider":"GMICloud","choices":[{"index":0,"delta":{"content":"/PAA","role":"assistant"},"finish_reason":null,"native_finish_reason":null}]}


PARSED: {"id":"gen-1783158532-u3Mt5hnbf0R4gLFnPxHY","object":"chat.completion.chunk","created":1783158532,"model":"deepseek/deepseek-v4-flash-20260423","provider":"GMICloud","choices":[{"index":0,"delta":{"content":"/PAA","role":"assistant"},"finish_reason":null,"native_finish_reason":null}]}
--- CHUNK 1783158572605 bytes=291 ---
data: {"id":"gen-1783158532-u3Mt5hnbf0R4gLFnPxHY","object":"chat.completion.chunk","created":1783158532,"model":"deepseek/deepseek-v4-flash-20260423","provider":"GMICloud","choices":[{"index":0,"delta":{"content":"W-","role":"assistant"},"finish_reason":null,"native_finish_reason":null}]}


PARSED: {"id":"gen-1783158532-u3Mt5hnbf0R4gLFnPxHY","object":"chat.completion.chunk","created":1783158532,"model":"deepseek/deepseek-v4-flash-20260423","provider":"GMICloud","choices":[{"index":0,"delta":{"content":"W-","role":"assistant"},"finish_reason":null,"native_finish_reason":null}]}
--- CHUNK 1783158572666 bytes=298 ---
data: {"id":"gen-1783158532-u3Mt5hnbf0R4gLFnPxHY","object":"chat.completion.chunk","created":1783158532,"model":"deepseek/deepseek-v4-flash-20260423","provider":"GMICloud","choices":[{"index":0,"delta":{"content":"REFERENCE","role":"assistant"},"finish_reason":null,"native_finish_reason":null}]}


PARSED: {"id":"gen-1783158532-u3Mt5hnbf0R4gLFnPxHY","object":"chat.completion.chunk","created":1783158532,"model":"deepseek/deepseek-v4-flash-20260423","provider":"GMICloud","choices":[{"index":0,"delta":{"content":"REFERENCE","role":"assistant"},"finish_reason":null,"native_finish_reason":null}]}
--- CHUNK 1783158572727 bytes=293 ---
data: {"id":"gen-1783158532-u3Mt5hnbf0R4gLFnPxHY","object":"chat.completion.chunk","created":1783158532,"model":"deepseek/deepseek-v4-flash-20260423","provider":"GMICloud","choices":[{"index":0,"delta":{"content":".md`","role":"assistant"},"finish_reason":null,"native_finish_reason":null}]}


PARSED: {"id":"gen-1783158532-u3Mt5hnbf0R4gLFnPxHY","object":"chat.completion.chunk","created":1783158532,"model":"deepseek/deepseek-v4-flash-20260423","provider":"GMICloud","choices":[{"index":0,"delta":{"content":".md`","role":"assistant"},"finish_reason":null,"native_finish_reason":null}]}
--- CHUNK 1783158572789 bytes=294 ---
data: {"id":"gen-1783158532-u3Mt5hnbf0R4gLFnPxHY","object":"chat.completion.chunk","created":1783158532,"model":"deepseek/deepseek-v4-flash-20260423","provider":"GMICloud","choices":[{"index":0,"delta":{"content":" — ","role":"assistant"},"finish_reason":null,"native_finish_reason":null}]}


PARSED: {"id":"gen-1783158532-u3Mt5hnbf0R4gLFnPxHY","object":"chat.completion.chunk","created":1783158532,"model":"deepseek/deepseek-v4-flash-20260423","provider":"GMICloud","choices":[{"index":0,"delta":{"content":" — ","role":"assistant"},"finish_reason":null,"native_finish_reason":null}]}
--- CHUNK 1783158572855 bytes=292 ---
data: {"id":"gen-1783158532-u3Mt5hnbf0R4gLFnPxHY","object":"chat.completion.chunk","created":1783158532,"model":"deepseek/deepseek-v4-flash-20260423","provider":"GMICloud","choices":[{"index":0,"delta":{"content":"專","role":"assistant"},"finish_reason":null,"native_finish_reason":null}]}


PARSED: {"id":"gen-1783158532-u3Mt5hnbf0R4gLFnPxHY","object":"chat.completion.chunk","created":1783158532,"model":"deepseek/deepseek-v4-flash-20260423","provider":"GMICloud","choices":[{"index":0,"delta":{"content":"專","role":"assistant"},"finish_reason":null,"native_finish_reason":null}]}
--- CHUNK 1783158572917 bytes=298 ---
data: {"id":"gen-1783158532-u3Mt5hnbf0R4gLFnPxHY","object":"chat.completion.chunk","created":1783158532,"model":"deepseek/deepseek-v4-flash-20260423","provider":"GMICloud","choices":[{"index":0,"delta":{"content":"案結構","role":"assistant"},"finish_reason":null,"native_finish_reason":null}]}


PARSED: {"id":"gen-1783158532-u3Mt5hnbf0R4gLFnPxHY","object":"chat.completion.chunk","created":1783158532,"model":"deepseek/deepseek-v4-flash-20260423","provider":"GMICloud","choices":[{"index":0,"delta":{"content":"案結構","role":"assistant"},"finish_reason":null,"native_finish_reason":null}]}
--- CHUNK 1783158572976 bytes=298 ---
data: {"id":"gen-1783158532-u3Mt5hnbf0R4gLFnPxHY","object":"chat.completion.chunk","created":1783158532,"model":"deepseek/deepseek-v4-flash-20260423","provider":"GMICloud","choices":[{"index":0,"delta":{"content":"與資料","role":"assistant"},"finish_reason":null,"native_finish_reason":null}]}


PARSED: {"id":"gen-1783158532-u3Mt5hnbf0R4gLFnPxHY","object":"chat.completion.chunk","created":1783158532,"model":"deepseek/deepseek-v4-flash-20260423","provider":"GMICloud","choices":[{"index":0,"delta":{"content":"與資料","role":"assistant"},"finish_reason":null,"native_finish_reason":null}]}
--- CHUNK 1783158573053 bytes=295 ---
data: {"id":"gen-1783158532-u3Mt5hnbf0R4gLFnPxHY","object":"chat.completion.chunk","created":1783158532,"model":"deepseek/deepseek-v4-flash-20260423","provider":"GMICloud","choices":[{"index":0,"delta":{"content":"存放","role":"assistant"},"finish_reason":null,"native_finish_reason":null}]}


PARSED: {"id":"gen-1783158532-u3Mt5hnbf0R4gLFnPxHY","object":"chat.completion.chunk","created":1783158532,"model":"deepseek/deepseek-v4-flash-20260423","provider":"GMICloud","choices":[{"index":0,"delta":{"content":"存放","role":"assistant"},"finish_reason":null,"native_finish_reason":null}]}
--- CHUNK 1783158573104 bytes=295 ---
data: {"id":"gen-1783158532-u3Mt5hnbf0R4gLFnPxHY","object":"chat.completion.chunk","created":1783158532,"model":"deepseek/deepseek-v4-flash-20260423","provider":"GMICloud","choices":[{"index":0,"delta":{"content":"位置","role":"assistant"},"finish_reason":null,"native_finish_reason":null}]}


PARSED: {"id":"gen-1783158532-u3Mt5hnbf0R4gLFnPxHY","object":"chat.completion.chunk","created":1783158532,"model":"deepseek/deepseek-v4-flash-20260423","provider":"GMICloud","choices":[{"index":0,"delta":{"content":"位置","role":"assistant"},"finish_reason":null,"native_finish_reason":null}]}
--- CHUNK 1783158573134 bytes=293 ---
data: {"id":"gen-1783158532-u3Mt5hnbf0R4gLFnPxHY","object":"chat.completion.chunk","created":1783158532,"model":"deepseek/deepseek-v4-flash-20260423","provider":"GMICloud","choices":[{"index":0,"delta":{"content":"","role":"assistant"},"finish_reason":"stop","native_finish_reason":"stop"}]}


PARSED: {"id":"gen-1783158532-u3Mt5hnbf0R4gLFnPxHY","object":"chat.completion.chunk","created":1783158532,"model":"deepseek/deepseek-v4-flash-20260423","provider":"GMICloud","choices":[{"index":0,"delta":{"content":"","role":"assistant"},"finish_reason":"stop","native_finish_reason":"stop"}]}
FINISH: stop
--- CHUNK 1783158573134 bytes=761 ---
data: {"id":"gen-1783158532-u3Mt5hnbf0R4gLFnPxHY","object":"chat.completion.chunk","created":1783158532,"model":"deepseek/deepseek-v4-flash-20260423","provider":"GMICloud","service_tier":null,"choices":[{"index":0,"delta":{"content":"","role":"assistant"},"finish_reason":"stop","native_finish_reason":"stop"}],"usage":{"prompt_tokens":17464,"completion_tokens":819,"total_tokens":18283,"cost":0.001871996,"is_byok":false,"prompt_tokens_details":{"cached_tokens":0,"cache_write_tokens":0,"audio_tokens":0,"video_tokens":0},"cost_details":{"upstream_inference_cost":0.001871996,"upstream_inference_prompt_cost":0.001711472,"upstream_inference_completions_cost":0.000160524},"completion_tokens_details":{"reasoning_tokens":0,"image_tokens":0,"audio_tokens":0}}}


PARSED: {"id":"gen-1783158532-u3Mt5hnbf0R4gLFnPxHY","object":"chat.completion.chunk","created":1783158532,"model":"deepseek/deepseek-v4-flash-20260423","provider":"GMICloud","service_tier":null,"choices":[{"index":0,"delta":{"content":"","role":"assistant"},"finish_reason":"stop","native_finish_reason":"sto
FINISH: stop
--- CHUNK 1783158573134 bytes=14 ---
data: [DONE]


[DONE] received
=== STREAM ENDED ===
