--- CHUNK 1783158654723 bytes=25 ---
: OPENROUTER PROCESSING


--- CHUNK 1783158654723 bytes=25 ---
: OPENROUTER PROCESSING


--- CHUNK 1783158654723 bytes=25 ---
: OPENROUTER PROCESSING


--- CHUNK 1783158654723 bytes=25 ---
: OPENROUTER PROCESSING


--- CHUNK 1783158654723 bytes=25 ---
: OPENROUTER PROCESSING


--- CHUNK 1783158654723 bytes=25 ---
: OPENROUTER PROCESSING


--- CHUNK 1783158654723 bytes=25 ---
: OPENROUTER PROCESSING


--- CHUNK 1783158654723 bytes=25 ---
: OPENROUTER PROCESSING


--- CHUNK 1783158654723 bytes=25 ---
: OPENROUTER PROCESSING


--- CHUNK 1783158654723 bytes=395 ---
data: {"id":"gen-1783158650-6fMKVkLglsFk7xQKrVEy","object":"chat.completion.chunk","created":1783158650,"model":"deepseek/deepseek-v4-flash-20260423","provider":"GMICloud","choices":[{"index":0,"delta":{"content":"","role":"assistant","reasoning":"It","reasoning_details":[{"type":"reasoning.text","text":"It","format":"unknown","index":0}]},"finish_reason":null,"native_finish_reason":null}]}


PARSED: {"id":"gen-1783158650-6fMKVkLglsFk7xQKrVEy","object":"chat.completion.chunk","created":1783158650,"model":"deepseek/deepseek-v4-flash-20260423","provider":"GMICloud","choices":[{"index":0,"delta":{"content":"","role":"assistant","reasoning":"It","reasoning_details":[{"type":"reasoning.text","text":"
--- CHUNK 1783158654723 bytes=411 ---
data: {"id":"gen-1783158650-6fMKVkLglsFk7xQKrVEy","object":"chat.completion.chunk","created":1783158650,"model":"deepseek/deepseek-v4-flash-20260423","provider":"GMICloud","choices":[{"index":0,"delta":{"content":"","role":"assistant","reasoning":" seems the","reasoning_details":[{"type":"reasoning.text","text":" seems the","format":"unknown","index":0}]},"finish_reason":null,"native_finish_reason":null}]}


PARSED: {"id":"gen-1783158650-6fMKVkLglsFk7xQKrVEy","object":"chat.completion.chunk","created":1783158650,"model":"deepseek/deepseek-v4-flash-20260423","provider":"GMICloud","choices":[{"index":0,"delta":{"content":"","role":"assistant","reasoning":" seems the","reasoning_details":[{"type":"reasoning.text",
--- CHUNK 1783158654723 bytes=407 ---
data: {"id":"gen-1783158650-6fMKVkLglsFk7xQKrVEy","object":"chat.completion.chunk","created":1783158650,"model":"deepseek/deepseek-v4-flash-20260423","provider":"GMICloud","choices":[{"index":0,"delta":{"content":"","role":"assistant","reasoning":" about-p","reasoning_details":[{"type":"reasoning.text","text":" about-p","format":"unknown","index":0}]},"finish_reason":null,"native_finish_reason":null}]}


PARSED: {"id":"gen-1783158650-6fMKVkLglsFk7xQKrVEy","object":"chat.completion.chunk","created":1783158650,"model":"deepseek/deepseek-v4-flash-20260423","provider":"GMICloud","choices":[{"index":0,"delta":{"content":"","role":"assistant","reasoning":" about-p","reasoning_details":[{"type":"reasoning.text","t
--- CHUNK 1783158654723 bytes=397 ---
data: {"id":"gen-1783158650-6fMKVkLglsFk7xQKrVEy","object":"chat.completion.chunk","created":1783158650,"model":"deepseek/deepseek-v4-flash-20260423","provider":"GMICloud","choices":[{"index":0,"delta":{"content":"","role":"assistant","reasoning":"aaw","reasoning_details":[{"type":"reasoning.text","text":"aaw","format":"unknown","index":0}]},"finish_reason":null,"native_finish_reason":null}]}


PARSED: {"id":"gen-1783158650-6fMKVkLglsFk7xQKrVEy","object":"chat.completion.chunk","created":1783158650,"model":"deepseek/deepseek-v4-flash-20260423","provider":"GMICloud","choices":[{"index":0,"delta":{"content":"","role":"assistant","reasoning":"aaw","reasoning_details":[{"type":"reasoning.text","text":
--- CHUNK 1783158654724 bytes=411 ---
data: {"id":"gen-1783158650-6fMKVkLglsFk7xQKrVEy","object":"chat.completion.chunk","created":1783158650,"model":"deepseek/deepseek-v4-flash-20260423","provider":"GMICloud","choices":[{"index":0,"delta":{"content":"","role":"assistant","reasoning":" directory","reasoning_details":[{"type":"reasoning.text","text":" directory","format":"unknown","index":0}]},"finish_reason":null,"native_finish_reason":null}]}


PARSED: {"id":"gen-1783158650-6fMKVkLglsFk7xQKrVEy","object":"chat.completion.chunk","created":1783158650,"model":"deepseek/deepseek-v4-flash-20260423","provider":"GMICloud","choices":[{"index":0,"delta":{"content":"","role":"assistant","reasoning":" directory","reasoning_details":[{"type":"reasoning.text",
--- CHUNK 1783158654724 bytes=409 ---
data: {"id":"gen-1783158650-6fMKVkLglsFk7xQKrVEy","object":"chat.completion.chunk","created":1783158650,"model":"deepseek/deepseek-v4-flash-20260423","provider":"GMICloud","choices":[{"index":0,"delta":{"content":"","role":"assistant","reasoning":" only has","reasoning_details":[{"type":"reasoning.text","text":" only has","format":"unknown","index":0}]},"finish_reason":null,"native_finish_reason":null}]}


PARSED: {"id":"gen-1783158650-6fMKVkLglsFk7xQKrVEy","object":"chat.completion.chunk","created":1783158650,"model":"deepseek/deepseek-v4-flash-20260423","provider":"GMICloud","choices":[{"index":0,"delta":{"content":"","role":"assistant","reasoning":" only has","reasoning_details":[{"type":"reasoning.text","
--- CHUNK 1783158654724 bytes=409 ---
data: {"id":"gen-1783158650-6fMKVkLglsFk7xQKrVEy","object":"chat.completion.chunk","created":1783158650,"model":"deepseek/deepseek-v4-flash-20260423","provider":"GMICloud","choices":[{"index":0,"delta":{"content":"","role":"assistant","reasoning":" files at","reasoning_details":[{"type":"reasoning.text","text":" files at","format":"unknown","index":0}]},"finish_reason":null,"native_finish_reason":null}]}


PARSED: {"id":"gen-1783158650-6fMKVkLglsFk7xQKrVEy","object":"chat.completion.chunk","created":1783158650,"model":"deepseek/deepseek-v4-flash-20260423","provider":"GMICloud","choices":[{"index":0,"delta":{"content":"","role":"assistant","reasoning":" files at","reasoning_details":[{"type":"reasoning.text","
--- CHUNK 1783158654724 bytes=409 ---
data: {"id":"gen-1783158650-6fMKVkLglsFk7xQKrVEy","object":"chat.completion.chunk","created":1783158650,"model":"deepseek/deepseek-v4-flash-20260423","provider":"GMICloud","choices":[{"index":0,"delta":{"content":"","role":"assistant","reasoning":" the root","reasoning_details":[{"type":"reasoning.text","text":" the root","format":"unknown","index":0}]},"finish_reason":null,"native_finish_reason":null}]}


PARSED: {"id":"gen-1783158650-6fMKVkLglsFk7xQKrVEy","object":"chat.completion.chunk","created":1783158650,"model":"deepseek/deepseek-v4-flash-20260423","provider":"GMICloud","choices":[{"index":0,"delta":{"content":"","role":"assistant","reasoning":" the root","reasoning_details":[{"type":"reasoning.text","
--- CHUNK 1783158654724 bytes=405 ---
data: {"id":"gen-1783158650-6fMKVkLglsFk7xQKrVEy","object":"chat.completion.chunk","created":1783158650,"model":"deepseek/deepseek-v4-flash-20260423","provider":"GMICloud","choices":[{"index":0,"delta":{"content":"","role":"assistant","reasoning":" level.","reasoning_details":[{"type":"reasoning.text","text":" level.","format":"unknown","index":0}]},"finish_reason":null,"native_finish_reason":null}]}


PARSED: {"id":"gen-1783158650-6fMKVkLglsFk7xQKrVEy","object":"chat.completion.chunk","created":1783158650,"model":"deepseek/deepseek-v4-flash-20260423","provider":"GMICloud","choices":[{"index":0,"delta":{"content":"","role":"assistant","reasoning":" level.","reasoning_details":[{"type":"reasoning.text","te
--- CHUNK 1783158654836 bytes=407 ---
data: {"id":"gen-1783158650-6fMKVkLglsFk7xQKrVEy","object":"chat.completion.chunk","created":1783158650,"model":"deepseek/deepseek-v4-flash-20260423","provider":"GMICloud","choices":[{"index":0,"delta":{"content":"","role":"assistant","reasoning":" The sub","reasoning_details":[{"type":"reasoning.text","text":" The sub","format":"unknown","index":0}]},"finish_reason":null,"native_finish_reason":null}]}


PARSED: {"id":"gen-1783158650-6fMKVkLglsFk7xQKrVEy","object":"chat.completion.chunk","created":1783158650,"model":"deepseek/deepseek-v4-flash-20260423","provider":"GMICloud","choices":[{"index":0,"delta":{"content":"","role":"assistant","reasoning":" The sub","reasoning_details":[{"type":"reasoning.text","t
--- CHUNK 1783158654837 bytes=413 ---
data: {"id":"gen-1783158650-6fMKVkLglsFk7xQKrVEy","object":"chat.completion.chunk","created":1783158650,"model":"deepseek/deepseek-v4-flash-20260423","provider":"GMICloud","choices":[{"index":0,"delta":{"content":"","role":"assistant","reasoning":"directories","reasoning_details":[{"type":"reasoning.text","text":"directories","format":"unknown","index":0}]},"finish_reason":null,"native_finish_reason":null}]}


PARSED: {"id":"gen-1783158650-6fMKVkLglsFk7xQKrVEy","object":"chat.completion.chunk","created":1783158650,"model":"deepseek/deepseek-v4-flash-20260423","provider":"GMICloud","choices":[{"index":0,"delta":{"content":"","role":"assistant","reasoning":"directories","reasoning_details":[{"type":"reasoning.text"
--- CHUNK 1783158654838 bytes=395 ---
data: {"id":"gen-1783158650-6fMKVkLglsFk7xQKrVEy","object":"chat.completion.chunk","created":1783158650,"model":"deepseek/deepseek-v4-flash-20260423","provider":"GMICloud","choices":[{"index":0,"delta":{"content":"","role":"assistant","reasoning":" I","reasoning_details":[{"type":"reasoning.text","text":" I","format":"unknown","index":0}]},"finish_reason":null,"native_finish_reason":null}]}


PARSED: {"id":"gen-1783158650-6fMKVkLglsFk7xQKrVEy","object":"chat.completion.chunk","created":1783158650,"model":"deepseek/deepseek-v4-flash-20260423","provider":"GMICloud","choices":[{"index":0,"delta":{"content":"","role":"assistant","reasoning":" I","reasoning_details":[{"type":"reasoning.text","text":"
--- CHUNK 1783158654839 bytes=409 ---
data: {"id":"gen-1783158650-6fMKVkLglsFk7xQKrVEy","object":"chat.completion.chunk","created":1783158650,"model":"deepseek/deepseek-v4-flash-20260423","provider":"GMICloud","choices":[{"index":0,"delta":{"content":"","role":"assistant","reasoning":" tried to","reasoning_details":[{"type":"reasoning.text","text":" tried to","format":"unknown","index":0}]},"finish_reason":null,"native_finish_reason":null}]}


PARSED: {"id":"gen-1783158650-6fMKVkLglsFk7xQKrVEy","object":"chat.completion.chunk","created":1783158650,"model":"deepseek/deepseek-v4-flash-20260423","provider":"GMICloud","choices":[{"index":0,"delta":{"content":"","role":"assistant","reasoning":" tried to","reasoning_details":[{"type":"reasoning.text","
--- CHUNK 1783158654841 bytes=409 ---
data: {"id":"gen-1783158650-6fMKVkLglsFk7xQKrVEy","object":"chat.completion.chunk","created":1783158650,"model":"deepseek/deepseek-v4-flash-20260423","provider":"GMICloud","choices":[{"index":0,"delta":{"content":"","role":"assistant","reasoning":" list don","reasoning_details":[{"type":"reasoning.text","text":" list don","format":"unknown","index":0}]},"finish_reason":null,"native_finish_reason":null}]}


PARSED: {"id":"gen-1783158650-6fMKVkLglsFk7xQKrVEy","object":"chat.completion.chunk","created":1783158650,"model":"deepseek/deepseek-v4-flash-20260423","provider":"GMICloud","choices":[{"index":0,"delta":{"content":"","role":"assistant","reasoning":" list don","reasoning_details":[{"type":"reasoning.text","
--- CHUNK 1783158654841 bytes=405 ---
data: {"id":"gen-1783158650-6fMKVkLglsFk7xQKrVEy","object":"chat.completion.chunk","created":1783158650,"model":"deepseek/deepseek-v4-flash-20260423","provider":"GMICloud","choices":[{"index":0,"delta":{"content":"","role":"assistant","reasoning":"'t work","reasoning_details":[{"type":"reasoning.text","text":"'t work","format":"unknown","index":0}]},"finish_reason":null,"native_finish_reason":null}]}


PARSED: {"id":"gen-1783158650-6fMKVkLglsFk7xQKrVEy","object":"chat.completion.chunk","created":1783158650,"model":"deepseek/deepseek-v4-flash-20260423","provider":"GMICloud","choices":[{"index":0,"delta":{"content":"","role":"assistant","reasoning":"'t work","reasoning_details":[{"type":"reasoning.text","te
--- CHUNK 1783158654843 bytes=401 ---
data: {"id":"gen-1783158650-6fMKVkLglsFk7xQKrVEy","object":"chat.completion.chunk","created":1783158650,"model":"deepseek/deepseek-v4-flash-20260423","provider":"GMICloud","choices":[{"index":0,"delta":{"content":"","role":"assistant","reasoning":". Let","reasoning_details":[{"type":"reasoning.text","text":". Let","format":"unknown","index":0}]},"finish_reason":null,"native_finish_reason":null}]}


PARSED: {"id":"gen-1783158650-6fMKVkLglsFk7xQKrVEy","object":"chat.completion.chunk","created":1783158650,"model":"deepseek/deepseek-v4-flash-20260423","provider":"GMICloud","choices":[{"index":0,"delta":{"content":"","role":"assistant","reasoning":". Let","reasoning_details":[{"type":"reasoning.text","text
--- CHUNK 1783158654845 bytes=407 ---
data: {"id":"gen-1783158650-6fMKVkLglsFk7xQKrVEy","object":"chat.completion.chunk","created":1783158650,"model":"deepseek/deepseek-v4-flash-20260423","provider":"GMICloud","choices":[{"index":0,"delta":{"content":"","role":"assistant","reasoning":" me look","reasoning_details":[{"type":"reasoning.text","text":" me look","format":"unknown","index":0}]},"finish_reason":null,"native_finish_reason":null}]}


PARSED: {"id":"gen-1783158650-6fMKVkLglsFk7xQKrVEy","object":"chat.completion.chunk","created":1783158650,"model":"deepseek/deepseek-v4-flash-20260423","provider":"GMICloud","choices":[{"index":0,"delta":{"content":"","role":"assistant","reasoning":" me look","reasoning_details":[{"type":"reasoning.text","t
--- CHUNK 1783158655003 bytes=407 ---
data: {"id":"gen-1783158650-6fMKVkLglsFk7xQKrVEy","object":"chat.completion.chunk","created":1783158650,"model":"deepseek/deepseek-v4-flash-20260423","provider":"GMICloud","choices":[{"index":0,"delta":{"content":"","role":"assistant","reasoning":" at what","reasoning_details":[{"type":"reasoning.text","text":" at what","format":"unknown","index":0}]},"finish_reason":null,"native_finish_reason":null}]}


PARSED: {"id":"gen-1783158650-6fMKVkLglsFk7xQKrVEy","object":"chat.completion.chunk","created":1783158650,"model":"deepseek/deepseek-v4-flash-20260423","provider":"GMICloud","choices":[{"index":0,"delta":{"content":"","role":"assistant","reasoning":" at what","reasoning_details":[{"type":"reasoning.text","t
--- CHUNK 1783158655004 bytes=409 ---
data: {"id":"gen-1783158650-6fMKVkLglsFk7xQKrVEy","object":"chat.completion.chunk","created":1783158650,"model":"deepseek/deepseek-v4-flash-20260423","provider":"GMICloud","choices":[{"index":0,"delta":{"content":"","role":"assistant","reasoning":" files we","reasoning_details":[{"type":"reasoning.text","text":" files we","format":"unknown","index":0}]},"finish_reason":null,"native_finish_reason":null}]}


PARSED: {"id":"gen-1783158650-6fMKVkLglsFk7xQKrVEy","object":"chat.completion.chunk","created":1783158650,"model":"deepseek/deepseek-v4-flash-20260423","provider":"GMICloud","choices":[{"index":0,"delta":{"content":"","role":"assistant","reasoning":" files we","reasoning_details":[{"type":"reasoning.text","
--- CHUNK 1783158655012 bytes=417 ---
data: {"id":"gen-1783158650-6fMKVkLglsFk7xQKrVEy","object":"chat.completion.chunk","created":1783158650,"model":"deepseek/deepseek-v4-flash-20260423","provider":"GMICloud","choices":[{"index":0,"delta":{"content":"","role":"assistant","reasoning":" already have","reasoning_details":[{"type":"reasoning.text","text":" already have","format":"unknown","index":0}]},"finish_reason":null,"native_finish_reason":null}]}


PARSED: {"id":"gen-1783158650-6fMKVkLglsFk7xQKrVEy","object":"chat.completion.chunk","created":1783158650,"model":"deepseek/deepseek-v4-flash-20260423","provider":"GMICloud","choices":[{"index":0,"delta":{"content":"","role":"assistant","reasoning":" already have","reasoning_details":[{"type":"reasoning.tex
--- CHUNK 1783158655039 bytes=395 ---
data: {"id":"gen-1783158650-6fMKVkLglsFk7xQKrVEy","object":"chat.completion.chunk","created":1783158650,"model":"deepseek/deepseek-v4-flash-20260423","provider":"GMICloud","choices":[{"index":0,"delta":{"content":"","role":"assistant","reasoning":" -","reasoning_details":[{"type":"reasoning.text","text":" -","format":"unknown","index":0}]},"finish_reason":null,"native_finish_reason":null}]}


PARSED: {"id":"gen-1783158650-6fMKVkLglsFk7xQKrVEy","object":"chat.completion.chunk","created":1783158650,"model":"deepseek/deepseek-v4-flash-20260423","provider":"GMICloud","choices":[{"index":0,"delta":{"content":"","role":"assistant","reasoning":" -","reasoning_details":[{"type":"reasoning.text","text":"
--- CHUNK 1783158655152 bytes=401 ---
data: {"id":"gen-1783158650-6fMKVkLglsFk7xQKrVEy","object":"chat.completion.chunk","created":1783158650,"model":"deepseek/deepseek-v4-flash-20260423","provider":"GMICloud","choices":[{"index":0,"delta":{"content":"","role":"assistant","reasoning":" I've","reasoning_details":[{"type":"reasoning.text","text":" I've","format":"unknown","index":0}]},"finish_reason":null,"native_finish_reason":null}]}


PARSED: {"id":"gen-1783158650-6fMKVkLglsFk7xQKrVEy","object":"chat.completion.chunk","created":1783158650,"model":"deepseek/deepseek-v4-flash-20260423","provider":"GMICloud","choices":[{"index":0,"delta":{"content":"","role":"assistant","reasoning":" I've","reasoning_details":[{"type":"reasoning.text","text
--- CHUNK 1783158655153 bytes=409 ---
data: {"id":"gen-1783158650-6fMKVkLglsFk7xQKrVEy","object":"chat.completion.chunk","created":1783158650,"model":"deepseek/deepseek-v4-flash-20260423","provider":"GMICloud","choices":[{"index":0,"delta":{"content":"","role":"assistant","reasoning":" read the","reasoning_details":[{"type":"reasoning.text","text":" read the","format":"unknown","index":0}]},"finish_reason":null,"native_finish_reason":null}]}


PARSED: {"id":"gen-1783158650-6fMKVkLglsFk7xQKrVEy","object":"chat.completion.chunk","created":1783158650,"model":"deepseek/deepseek-v4-flash-20260423","provider":"GMICloud","choices":[{"index":0,"delta":{"content":"","role":"assistant","reasoning":" read the","reasoning_details":[{"type":"reasoning.text","
--- CHUNK 1783158655155 bytes=411 ---
data: {"id":"gen-1783158650-6fMKVkLglsFk7xQKrVEy","object":"chat.completion.chunk","created":1783158650,"model":"deepseek/deepseek-v4-flash-20260423","provider":"GMICloud","choices":[{"index":0,"delta":{"content":"","role":"assistant","reasoning":" main docs","reasoning_details":[{"type":"reasoning.text","text":" main docs","format":"unknown","index":0}]},"finish_reason":null,"native_finish_reason":null}]}


PARSED: {"id":"gen-1783158650-6fMKVkLglsFk7xQKrVEy","object":"chat.completion.chunk","created":1783158650,"model":"deepseek/deepseek-v4-flash-20260423","provider":"GMICloud","choices":[{"index":0,"delta":{"content":"","role":"assistant","reasoning":" main docs","reasoning_details":[{"type":"reasoning.text",
--- CHUNK 1783158655158 bytes=403 ---
data: {"id":"gen-1783158650-6fMKVkLglsFk7xQKrVEy","object":"chat.completion.chunk","created":1783158650,"model":"deepseek/deepseek-v4-flash-20260423","provider":"GMICloud","choices":[{"index":0,"delta":{"content":"","role":"assistant","reasoning":":\n\n1","reasoning_details":[{"type":"reasoning.text","text":":\n\n1","format":"unknown","index":0}]},"finish_reason":null,"native_finish_reason":null}]}


PARSED: {"id":"gen-1783158650-6fMKVkLglsFk7xQKrVEy","object":"chat.completion.chunk","created":1783158650,"model":"deepseek/deepseek-v4-flash-20260423","provider":"GMICloud","choices":[{"index":0,"delta":{"content":"","role":"assistant","reasoning":":\n\n1","reasoning_details":[{"type":"reasoning.text","tex
--- CHUNK 1783158655160 bytes=397 ---
data: {"id":"gen-1783158650-6fMKVkLglsFk7xQKrVEy","object":"chat.completion.chunk","created":1783158650,"model":"deepseek/deepseek-v4-flash-20260423","provider":"GMICloud","choices":[{"index":0,"delta":{"content":"","role":"assistant","reasoning":". P","reasoning_details":[{"type":"reasoning.text","text":". P","format":"unknown","index":0}]},"finish_reason":null,"native_finish_reason":null}]}


PARSED: {"id":"gen-1783158650-6fMKVkLglsFk7xQKrVEy","object":"chat.completion.chunk","created":1783158650,"model":"deepseek/deepseek-v4-flash-20260423","provider":"GMICloud","choices":[{"index":0,"delta":{"content":"","role":"assistant","reasoning":". P","reasoning_details":[{"type":"reasoning.text","text":
--- CHUNK 1783158655163 bytes=397 ---
data: {"id":"gen-1783158650-6fMKVkLglsFk7xQKrVEy","object":"chat.completion.chunk","created":1783158650,"model":"deepseek/deepseek-v4-flash-20260423","provider":"GMICloud","choices":[{"index":0,"delta":{"content":"","role":"assistant","reasoning":"AAW","reasoning_details":[{"type":"reasoning.text","text":"AAW","format":"unknown","index":0}]},"finish_reason":null,"native_finish_reason":null}]}


PARSED: {"id":"gen-1783158650-6fMKVkLglsFk7xQKrVEy","object":"chat.completion.chunk","created":1783158650,"model":"deepseek/deepseek-v4-flash-20260423","provider":"GMICloud","choices":[{"index":0,"delta":{"content":"","role":"assistant","reasoning":"AAW","reasoning_details":[{"type":"reasoning.text","text":
--- CHUNK 1783158655165 bytes=399 ---
data: {"id":"gen-1783158650-6fMKVkLglsFk7xQKrVEy","object":"chat.completion.chunk","created":1783158650,"model":"deepseek/deepseek-v4-flash-20260423","provider":"GMICloud","choices":[{"index":0,"delta":{"content":"","role":"assistant","reasoning":"-REF","reasoning_details":[{"type":"reasoning.text","text":"-REF","format":"unknown","index":0}]},"finish_reason":null,"native_finish_reason":null}]}


PARSED: {"id":"gen-1783158650-6fMKVkLglsFk7xQKrVEy","object":"chat.completion.chunk","created":1783158650,"model":"deepseek/deepseek-v4-flash-20260423","provider":"GMICloud","choices":[{"index":0,"delta":{"content":"","role":"assistant","reasoning":"-REF","reasoning_details":[{"type":"reasoning.text","text"
--- CHUNK 1783158655167 bytes=409 ---
data: {"id":"gen-1783158650-6fMKVkLglsFk7xQKrVEy","object":"chat.completion.chunk","created":1783158650,"model":"deepseek/deepseek-v4-flash-20260423","provider":"GMICloud","choices":[{"index":0,"delta":{"content":"","role":"assistant","reasoning":"ERENCE.md","reasoning_details":[{"type":"reasoning.text","text":"ERENCE.md","format":"unknown","index":0}]},"finish_reason":null,"native_finish_reason":null}]}


PARSED: {"id":"gen-1783158650-6fMKVkLglsFk7xQKrVEy","object":"chat.completion.chunk","created":1783158650,"model":"deepseek/deepseek-v4-flash-20260423","provider":"GMICloud","choices":[{"index":0,"delta":{"content":"","role":"assistant","reasoning":"ERENCE.md","reasoning_details":[{"type":"reasoning.text","
--- CHUNK 1783158655169 bytes=395 ---
data: {"id":"gen-1783158650-6fMKVkLglsFk7xQKrVEy","object":"chat.completion.chunk","created":1783158650,"model":"deepseek/deepseek-v4-flash-20260423","provider":"GMICloud","choices":[{"index":0,"delta":{"content":"","role":"assistant","reasoning":" -","reasoning_details":[{"type":"reasoning.text","text":" -","format":"unknown","index":0}]},"finish_reason":null,"native_finish_reason":null}]}


PARSED: {"id":"gen-1783158650-6fMKVkLglsFk7xQKrVEy","object":"chat.completion.chunk","created":1783158650,"model":"deepseek/deepseek-v4-flash-20260423","provider":"GMICloud","choices":[{"index":0,"delta":{"content":"","role":"assistant","reasoning":" -","reasoning_details":[{"type":"reasoning.text","text":"
--- CHUNK 1783158655172 bytes=828 ---
data: {"id":"gen-1783158650-6fMKVkLglsFk7xQKrVEy","object":"chat.completion.chunk","created":1783158650,"model":"deepseek/deepseek-v4-flash-20260423","provider":"GMICloud","choices":[{"index":0,"delta":{"content":"","role":"assistant","reasoning":" has project","reasoning_details":[{"type":"reasoning.text","text":" has project","format":"unknown","index":0}]},"finish_reason":null,"native_finish_reason":null}]}

data: {"id":"gen-1783158650-6fMKVkLglsFk7xQKrVEy","object":"chat.completion.chunk","created":1783158650,"model":"deepseek/deepseek-v4-flash-20260423","provider":"GMICloud","choices":[{"index":0,"delta":{"content":"","role":"assistant","reasoning":" structure,","reasoning_details":[{"type":"reasoning.text","text":" structure,","format":"unknown","index":0}]},"finish_reason":null,"native_finish_reason":null}]}


PARSED: {"id":"gen-1783158650-6fMKVkLglsFk7xQKrVEy","object":"chat.completion.chunk","created":1783158650,"model":"deepseek/deepseek-v4-flash-20260423","provider":"GMICloud","choices":[{"index":0,"delta":{"content":"","role":"assistant","reasoning":" has project","reasoning_details":[{"type":"reasoning.text
PARSED: {"id":"gen-1783158650-6fMKVkLglsFk7xQKrVEy","object":"chat.completion.chunk","created":1783158650,"model":"deepseek/deepseek-v4-flash-20260423","provider":"GMICloud","choices":[{"index":0,"delta":{"content":"","role":"assistant","reasoning":" structure,","reasoning_details":[{"type":"reasoning.text"
--- CHUNK 1783158655174 bytes=417 ---
data: {"id":"gen-1783158650-6fMKVkLglsFk7xQKrVEy","object":"chat.completion.chunk","created":1783158650,"model":"deepseek/deepseek-v4-flash-20260423","provider":"GMICloud","choices":[{"index":0,"delta":{"content":"","role":"assistant","reasoning":" architecture","reasoning_details":[{"type":"reasoning.text","text":" architecture","format":"unknown","index":0}]},"finish_reason":null,"native_finish_reason":null}]}


PARSED: {"id":"gen-1783158650-6fMKVkLglsFk7xQKrVEy","object":"chat.completion.chunk","created":1783158650,"model":"deepseek/deepseek-v4-flash-20260423","provider":"GMICloud","choices":[{"index":0,"delta":{"content":"","role":"assistant","reasoning":" architecture","reasoning_details":[{"type":"reasoning.tex
--- CHUNK 1783158655177 bytes=409 ---
data: {"id":"gen-1783158650-6fMKVkLglsFk7xQKrVEy","object":"chat.completion.chunk","created":1783158650,"model":"deepseek/deepseek-v4-flash-20260423","provider":"GMICloud","choices":[{"index":0,"delta":{"content":"","role":"assistant","reasoning":", context","reasoning_details":[{"type":"reasoning.text","text":", context","format":"unknown","index":0}]},"finish_reason":null,"native_finish_reason":null}]}


PARSED: {"id":"gen-1783158650-6fMKVkLglsFk7xQKrVEy","object":"chat.completion.chunk","created":1783158650,"model":"deepseek/deepseek-v4-flash-20260423","provider":"GMICloud","choices":[{"index":0,"delta":{"content":"","role":"assistant","reasoning":", context","reasoning_details":[{"type":"reasoning.text","
--- CHUNK 1783158655179 bytes=407 ---
data: {"id":"gen-1783158650-6fMKVkLglsFk7xQKrVEy","object":"chat.completion.chunk","created":1783158650,"model":"deepseek/deepseek-v4-flash-20260423","provider":"GMICloud","choices":[{"index":0,"delta":{"content":"","role":"assistant","reasoning":" engine,","reasoning_details":[{"type":"reasoning.text","text":" engine,","format":"unknown","index":0}]},"finish_reason":null,"native_finish_reason":null}]}


PARSED: {"id":"gen-1783158650-6fMKVkLglsFk7xQKrVEy","object":"chat.completion.chunk","created":1783158650,"model":"deepseek/deepseek-v4-flash-20260423","provider":"GMICloud","choices":[{"index":0,"delta":{"content":"","role":"assistant","reasoning":" engine,","reasoning_details":[{"type":"reasoning.text","t
--- CHUNK 1783158655198 bytes=403 ---
data: {"id":"gen-1783158650-6fMKVkLglsFk7xQKrVEy","object":"chat.completion.chunk","created":1783158650,"model":"deepseek/deepseek-v4-flash-20260423","provider":"GMICloud","choices":[{"index":0,"delta":{"content":"","role":"assistant","reasoning":" agent","reasoning_details":[{"type":"reasoning.text","text":" agent","format":"unknown","index":0}]},"finish_reason":null,"native_finish_reason":null}]}


PARSED: {"id":"gen-1783158650-6fMKVkLglsFk7xQKrVEy","object":"chat.completion.chunk","created":1783158650,"model":"deepseek/deepseek-v4-flash-20260423","provider":"GMICloud","choices":[{"index":0,"delta":{"content":"","role":"assistant","reasoning":" agent","reasoning_details":[{"type":"reasoning.text","tex
--- CHUNK 1783158655202 bytes=411 ---
data: {"id":"gen-1783158650-6fMKVkLglsFk7xQKrVEy","object":"chat.completion.chunk","created":1783158650,"model":"deepseek/deepseek-v4-flash-20260423","provider":"GMICloud","choices":[{"index":0,"delta":{"content":"","role":"assistant","reasoning":" loop info","reasoning_details":[{"type":"reasoning.text","text":" loop info","format":"unknown","index":0}]},"finish_reason":null,"native_finish_reason":null}]}


PARSED: {"id":"gen-1783158650-6fMKVkLglsFk7xQKrVEy","object":"chat.completion.chunk","created":1783158650,"model":"deepseek/deepseek-v4-flash-20260423","provider":"GMICloud","choices":[{"index":0,"delta":{"content":"","role":"assistant","reasoning":" loop info","reasoning_details":[{"type":"reasoning.text",
--- CHUNK 1783158655213 bytes=397 ---
data: {"id":"gen-1783158650-6fMKVkLglsFk7xQKrVEy","object":"chat.completion.chunk","created":1783158650,"model":"deepseek/deepseek-v4-flash-20260423","provider":"GMICloud","choices":[{"index":0,"delta":{"content":"","role":"assistant","reasoning":"\n2","reasoning_details":[{"type":"reasoning.text","text":"\n2","format":"unknown","index":0}]},"finish_reason":null,"native_finish_reason":null}]}


PARSED: {"id":"gen-1783158650-6fMKVkLglsFk7xQKrVEy","object":"chat.completion.chunk","created":1783158650,"model":"deepseek/deepseek-v4-flash-20260423","provider":"GMICloud","choices":[{"index":0,"delta":{"content":"","role":"assistant","reasoning":"\n2","reasoning_details":[{"type":"reasoning.text","text":
--- CHUNK 1783158655226 bytes=393 ---
data: {"id":"gen-1783158650-6fMKVkLglsFk7xQKrVEy","object":"chat.completion.chunk","created":1783158650,"model":"deepseek/deepseek-v4-flash-20260423","provider":"GMICloud","choices":[{"index":0,"delta":{"content":"","role":"assistant","reasoning":".","reasoning_details":[{"type":"reasoning.text","text":".","format":"unknown","index":0}]},"finish_reason":null,"native_finish_reason":null}]}


PARSED: {"id":"gen-1783158650-6fMKVkLglsFk7xQKrVEy","object":"chat.completion.chunk","created":1783158650,"model":"deepseek/deepseek-v4-flash-20260423","provider":"GMICloud","choices":[{"index":0,"delta":{"content":"","role":"assistant","reasoning":".","reasoning_details":[{"type":"reasoning.text","text":".
--- CHUNK 1783158655232 bytes=411 ---
data: {"id":"gen-1783158650-6fMKVkLglsFk7xQKrVEy","object":"chat.completion.chunk","created":1783158650,"model":"deepseek/deepseek-v4-flash-20260423","provider":"GMICloud","choices":[{"index":0,"delta":{"content":"","role":"assistant","reasoning":" DEVELOPER","reasoning_details":[{"type":"reasoning.text","text":" DEVELOPER","format":"unknown","index":0}]},"finish_reason":null,"native_finish_reason":null}]}


PARSED: {"id":"gen-1783158650-6fMKVkLglsFk7xQKrVEy","object":"chat.completion.chunk","created":1783158650,"model":"deepseek/deepseek-v4-flash-20260423","provider":"GMICloud","choices":[{"index":0,"delta":{"content":"","role":"assistant","reasoning":" DEVELOPER","reasoning_details":[{"type":"reasoning.text",
--- CHUNK 1783158655236 bytes=401 ---
data: {"id":"gen-1783158650-6fMKVkLglsFk7xQKrVEy","object":"chat.completion.chunk","created":1783158650,"model":"deepseek/deepseek-v4-flash-20260423","provider":"GMICloud","choices":[{"index":0,"delta":{"content":"","role":"assistant","reasoning":"-GUID","reasoning_details":[{"type":"reasoning.text","text":"-GUID","format":"unknown","index":0}]},"finish_reason":null,"native_finish_reason":null}]}


PARSED: {"id":"gen-1783158650-6fMKVkLglsFk7xQKrVEy","object":"chat.completion.chunk","created":1783158650,"model":"deepseek/deepseek-v4-flash-20260423","provider":"GMICloud","choices":[{"index":0,"delta":{"content":"","role":"assistant","reasoning":"-GUID","reasoning_details":[{"type":"reasoning.text","text
--- CHUNK 1783158655309 bytes=399 ---
data: {"id":"gen-1783158650-6fMKVkLglsFk7xQKrVEy","object":"chat.completion.chunk","created":1783158650,"model":"deepseek/deepseek-v4-flash-20260423","provider":"GMICloud","choices":[{"index":0,"delta":{"content":"","role":"assistant","reasoning":"E.md","reasoning_details":[{"type":"reasoning.text","text":"E.md","format":"unknown","index":0}]},"finish_reason":null,"native_finish_reason":null}]}


PARSED: {"id":"gen-1783158650-6fMKVkLglsFk7xQKrVEy","object":"chat.completion.chunk","created":1783158650,"model":"deepseek/deepseek-v4-flash-20260423","provider":"GMICloud","choices":[{"index":0,"delta":{"content":"","role":"assistant","reasoning":"E.md","reasoning_details":[{"type":"reasoning.text","text"
--- CHUNK 1783158655311 bytes=417 ---
data: {"id":"gen-1783158650-6fMKVkLglsFk7xQKrVEy","object":"chat.completion.chunk","created":1783158650,"model":"deepseek/deepseek-v4-flash-20260423","provider":"GMICloud","choices":[{"index":0,"delta":{"content":"","role":"assistant","reasoning":" - onboarding","reasoning_details":[{"type":"reasoning.text","text":" - onboarding","format":"unknown","index":0}]},"finish_reason":null,"native_finish_reason":null}]}


PARSED: {"id":"gen-1783158650-6fMKVkLglsFk7xQKrVEy","object":"chat.completion.chunk","created":1783158650,"model":"deepseek/deepseek-v4-flash-20260423","provider":"GMICloud","choices":[{"index":0,"delta":{"content":"","role":"assistant","reasoning":" - onboarding","reasoning_details":[{"type":"reasoning.tex
--- CHUNK 1783158655317 bytes=413 ---
data: {"id":"gen-1783158650-6fMKVkLglsFk7xQKrVEy","object":"chat.completion.chunk","created":1783158650,"model":"deepseek/deepseek-v4-flash-20260423","provider":"GMICloud","choices":[{"index":0,"delta":{"content":"","role":"assistant","reasoning":" guide with","reasoning_details":[{"type":"reasoning.text","text":" guide with","format":"unknown","index":0}]},"finish_reason":null,"native_finish_reason":null}]}


PARSED: {"id":"gen-1783158650-6fMKVkLglsFk7xQKrVEy","object":"chat.completion.chunk","created":1783158650,"model":"deepseek/deepseek-v4-flash-20260423","provider":"GMICloud","choices":[{"index":0,"delta":{"content":"","role":"assistant","reasoning":" guide with","reasoning_details":[{"type":"reasoning.text"
--- CHUNK 1783158655334 bytes=417 ---
data: {"id":"gen-1783158650-6fMKVkLglsFk7xQKrVEy","object":"chat.completion.chunk","created":1783158650,"model":"deepseek/deepseek-v4-flash-20260423","provider":"GMICloud","choices":[{"index":0,"delta":{"content":"","role":"assistant","reasoning":" architecture","reasoning_details":[{"type":"reasoning.text","text":" architecture","format":"unknown","index":0}]},"finish_reason":null,"native_finish_reason":null}]}


PARSED: {"id":"gen-1783158650-6fMKVkLglsFk7xQKrVEy","object":"chat.completion.chunk","created":1783158650,"model":"deepseek/deepseek-v4-flash-20260423","provider":"GMICloud","choices":[{"index":0,"delta":{"content":"","role":"assistant","reasoning":" architecture","reasoning_details":[{"type":"reasoning.tex
--- CHUNK 1783158655339 bytes=411 ---
data: {"id":"gen-1783158650-6fMKVkLglsFk7xQKrVEy","object":"chat.completion.chunk","created":1783158650,"model":"deepseek/deepseek-v4-flash-20260423","provider":"GMICloud","choices":[{"index":0,"delta":{"content":"","role":"assistant","reasoning":" details\n","reasoning_details":[{"type":"reasoning.text","text":" details\n","format":"unknown","index":0}]},"finish_reason":null,"native_finish_reason":null}]}


PARSED: {"id":"gen-1783158650-6fMKVkLglsFk7xQKrVEy","object":"chat.completion.chunk","created":1783158650,"model":"deepseek/deepseek-v4-flash-20260423","provider":"GMICloud","choices":[{"index":0,"delta":{"content":"","role":"assistant","reasoning":" details\n","reasoning_details":[{"type":"reasoning.text",
--- CHUNK 1783158655345 bytes=395 ---
data: {"id":"gen-1783158650-6fMKVkLglsFk7xQKrVEy","object":"chat.completion.chunk","created":1783158650,"model":"deepseek/deepseek-v4-flash-20260423","provider":"GMICloud","choices":[{"index":0,"delta":{"content":"","role":"assistant","reasoning":"3.","reasoning_details":[{"type":"reasoning.text","text":"3.","format":"unknown","index":0}]},"finish_reason":null,"native_finish_reason":null}]}


PARSED: {"id":"gen-1783158650-6fMKVkLglsFk7xQKrVEy","object":"chat.completion.chunk","created":1783158650,"model":"deepseek/deepseek-v4-flash-20260423","provider":"GMICloud","choices":[{"index":0,"delta":{"content":"","role":"assistant","reasoning":"3.","reasoning_details":[{"type":"reasoning.text","text":"
--- CHUNK 1783158655361 bytes=403 ---
data: {"id":"gen-1783158650-6fMKVkLglsFk7xQKrVEy","object":"chat.completion.chunk","created":1783158650,"model":"deepseek/deepseek-v4-flash-20260423","provider":"GMICloud","choices":[{"index":0,"delta":{"content":"","role":"assistant","reasoning":" PROMP","reasoning_details":[{"type":"reasoning.text","text":" PROMP","format":"unknown","index":0}]},"finish_reason":null,"native_finish_reason":null}]}


PARSED: {"id":"gen-1783158650-6fMKVkLglsFk7xQKrVEy","object":"chat.completion.chunk","created":1783158650,"model":"deepseek/deepseek-v4-flash-20260423","provider":"GMICloud","choices":[{"index":0,"delta":{"content":"","role":"assistant","reasoning":" PROMP","reasoning_details":[{"type":"reasoning.text","tex
--- CHUNK 1783158655364 bytes=393 ---
data: {"id":"gen-1783158650-6fMKVkLglsFk7xQKrVEy","object":"chat.completion.chunk","created":1783158650,"model":"deepseek/deepseek-v4-flash-20260423","provider":"GMICloud","choices":[{"index":0,"delta":{"content":"","role":"assistant","reasoning":"T","reasoning_details":[{"type":"reasoning.text","text":"T","format":"unknown","index":0}]},"finish_reason":null,"native_finish_reason":null}]}


PARSED: {"id":"gen-1783158650-6fMKVkLglsFk7xQKrVEy","object":"chat.completion.chunk","created":1783158650,"model":"deepseek/deepseek-v4-flash-20260423","provider":"GMICloud","choices":[{"index":0,"delta":{"content":"","role":"assistant","reasoning":"T","reasoning_details":[{"type":"reasoning.text","text":"T
--- CHUNK 1783158655365 bytes=401 ---
data: {"id":"gen-1783158650-6fMKVkLglsFk7xQKrVEy","object":"chat.completion.chunk","created":1783158650,"model":"deepseek/deepseek-v4-flash-20260423","provider":"GMICloud","choices":[{"index":0,"delta":{"content":"","role":"assistant","reasoning":"-ARCH","reasoning_details":[{"type":"reasoning.text","text":"-ARCH","format":"unknown","index":0}]},"finish_reason":null,"native_finish_reason":null}]}


PARSED: {"id":"gen-1783158650-6fMKVkLglsFk7xQKrVEy","object":"chat.completion.chunk","created":1783158650,"model":"deepseek/deepseek-v4-flash-20260423","provider":"GMICloud","choices":[{"index":0,"delta":{"content":"","role":"assistant","reasoning":"-ARCH","reasoning_details":[{"type":"reasoning.text","text
--- CHUNK 1783158655366 bytes=401 ---
data: {"id":"gen-1783158650-6fMKVkLglsFk7xQKrVEy","object":"chat.completion.chunk","created":1783158650,"model":"deepseek/deepseek-v4-flash-20260423","provider":"GMICloud","choices":[{"index":0,"delta":{"content":"","role":"assistant","reasoning":"ITECT","reasoning_details":[{"type":"reasoning.text","text":"ITECT","format":"unknown","index":0}]},"finish_reason":null,"native_finish_reason":null}]}


PARSED: {"id":"gen-1783158650-6fMKVkLglsFk7xQKrVEy","object":"chat.completion.chunk","created":1783158650,"model":"deepseek/deepseek-v4-flash-20260423","provider":"GMICloud","choices":[{"index":0,"delta":{"content":"","role":"assistant","reasoning":"ITECT","reasoning_details":[{"type":"reasoning.text","text
--- CHUNK 1783158655384 bytes=403 ---
data: {"id":"gen-1783158650-6fMKVkLglsFk7xQKrVEy","object":"chat.completion.chunk","created":1783158650,"model":"deepseek/deepseek-v4-flash-20260423","provider":"GMICloud","choices":[{"index":0,"delta":{"content":"","role":"assistant","reasoning":"URE.md","reasoning_details":[{"type":"reasoning.text","text":"URE.md","format":"unknown","index":0}]},"finish_reason":null,"native_finish_reason":null}]}


PARSED: {"id":"gen-1783158650-6fMKVkLglsFk7xQKrVEy","object":"chat.completion.chunk","created":1783158650,"model":"deepseek/deepseek-v4-flash-20260423","provider":"GMICloud","choices":[{"index":0,"delta":{"content":"","role":"assistant","reasoning":"URE.md","reasoning_details":[{"type":"reasoning.text","tex
--- CHUNK 1783158655389 bytes=413 ---
data: {"id":"gen-1783158650-6fMKVkLglsFk7xQKrVEy","object":"chat.completion.chunk","created":1783158650,"model":"deepseek/deepseek-v4-flash-20260423","provider":"GMICloud","choices":[{"index":0,"delta":{"content":"","role":"assistant","reasoning":" - detailed","reasoning_details":[{"type":"reasoning.text","text":" - detailed","format":"unknown","index":0}]},"finish_reason":null,"native_finish_reason":null}]}


PARSED: {"id":"gen-1783158650-6fMKVkLglsFk7xQKrVEy","object":"chat.completion.chunk","created":1783158650,"model":"deepseek/deepseek-v4-flash-20260423","provider":"GMICloud","choices":[{"index":0,"delta":{"content":"","role":"assistant","reasoning":" - detailed","reasoning_details":[{"type":"reasoning.text"
--- CHUNK 1783158655394 bytes=423 ---
data: {"id":"gen-1783158650-6fMKVkLglsFk7xQKrVEy","object":"chat.completion.chunk","created":1783158650,"model":"deepseek/deepseek-v4-flash-20260423","provider":"GMICloud","choices":[{"index":0,"delta":{"content":"","role":"assistant","reasoning":" prompt assembly","reasoning_details":[{"type":"reasoning.text","text":" prompt assembly","format":"unknown","index":0}]},"finish_reason":null,"native_finish_reason":null}]}


PARSED: {"id":"gen-1783158650-6fMKVkLglsFk7xQKrVEy","object":"chat.completion.chunk","created":1783158650,"model":"deepseek/deepseek-v4-flash-20260423","provider":"GMICloud","choices":[{"index":0,"delta":{"content":"","role":"assistant","reasoning":" prompt assembly","reasoning_details":[{"type":"reasoning.
--- CHUNK 1783158655444 bytes=399 ---
data: {"id":"gen-1783158650-6fMKVkLglsFk7xQKrVEy","object":"chat.completion.chunk","created":1783158650,"model":"deepseek/deepseek-v4-flash-20260423","provider":"GMICloud","choices":[{"index":0,"delta":{"content":"","role":"assistant","reasoning":" for","reasoning_details":[{"type":"reasoning.text","text":" for","format":"unknown","index":0}]},"finish_reason":null,"native_finish_reason":null}]}


PARSED: {"id":"gen-1783158650-6fMKVkLglsFk7xQKrVEy","object":"chat.completion.chunk","created":1783158650,"model":"deepseek/deepseek-v4-flash-20260423","provider":"GMICloud","choices":[{"index":0,"delta":{"content":"","role":"assistant","reasoning":" for","reasoning_details":[{"type":"reasoning.text","text"
--- CHUNK 1783158655448 bytes=419 ---
data: {"id":"gen-1783158650-6fMKVkLglsFk7xQKrVEy","object":"chat.completion.chunk","created":1783158650,"model":"deepseek/deepseek-v4-flash-20260423","provider":"GMICloud","choices":[{"index":0,"delta":{"content":"","role":"assistant","reasoning":" each function","reasoning_details":[{"type":"reasoning.text","text":" each function","format":"unknown","index":0}]},"finish_reason":null,"native_finish_reason":null}]}


PARSED: {"id":"gen-1783158650-6fMKVkLglsFk7xQKrVEy","object":"chat.completion.chunk","created":1783158650,"model":"deepseek/deepseek-v4-flash-20260423","provider":"GMICloud","choices":[{"index":0,"delta":{"content":"","role":"assistant","reasoning":" each function","reasoning_details":[{"type":"reasoning.te
--- CHUNK 1783158655456 bytes=397 ---
data: {"id":"gen-1783158650-6fMKVkLglsFk7xQKrVEy","object":"chat.completion.chunk","created":1783158650,"model":"deepseek/deepseek-v4-flash-20260423","provider":"GMICloud","choices":[{"index":0,"delta":{"content":"","role":"assistant","reasoning":"\n4","reasoning_details":[{"type":"reasoning.text","text":"\n4","format":"unknown","index":0}]},"finish_reason":null,"native_finish_reason":null}]}


PARSED: {"id":"gen-1783158650-6fMKVkLglsFk7xQKrVEy","object":"chat.completion.chunk","created":1783158650,"model":"deepseek/deepseek-v4-flash-20260423","provider":"GMICloud","choices":[{"index":0,"delta":{"content":"","role":"assistant","reasoning":"\n4","reasoning_details":[{"type":"reasoning.text","text":
--- CHUNK 1783158655461 bytes=393 ---
data: {"id":"gen-1783158650-6fMKVkLglsFk7xQKrVEy","object":"chat.completion.chunk","created":1783158650,"model":"deepseek/deepseek-v4-flash-20260423","provider":"GMICloud","choices":[{"index":0,"delta":{"content":"","role":"assistant","reasoning":".","reasoning_details":[{"type":"reasoning.text","text":".","format":"unknown","index":0}]},"finish_reason":null,"native_finish_reason":null}]}


PARSED: {"id":"gen-1783158650-6fMKVkLglsFk7xQKrVEy","object":"chat.completion.chunk","created":1783158650,"model":"deepseek/deepseek-v4-flash-20260423","provider":"GMICloud","choices":[{"index":0,"delta":{"content":"","role":"assistant","reasoning":".","reasoning_details":[{"type":"reasoning.text","text":".
--- CHUNK 1783158655464 bytes=401 ---
data: {"id":"gen-1783158650-6fMKVkLglsFk7xQKrVEy","object":"chat.completion.chunk","created":1783158650,"model":"deepseek/deepseek-v4-flash-20260423","provider":"GMICloud","choices":[{"index":0,"delta":{"content":"","role":"assistant","reasoning":" AI-F","reasoning_details":[{"type":"reasoning.text","text":" AI-F","format":"unknown","index":0}]},"finish_reason":null,"native_finish_reason":null}]}


PARSED: {"id":"gen-1783158650-6fMKVkLglsFk7xQKrVEy","object":"chat.completion.chunk","created":1783158650,"model":"deepseek/deepseek-v4-flash-20260423","provider":"GMICloud","choices":[{"index":0,"delta":{"content":"","role":"assistant","reasoning":" AI-F","reasoning_details":[{"type":"reasoning.text","text
--- CHUNK 1783158655466 bytes=397 ---
data: {"id":"gen-1783158650-6fMKVkLglsFk7xQKrVEy","object":"chat.completion.chunk","created":1783158650,"model":"deepseek/deepseek-v4-flash-20260423","provider":"GMICloud","choices":[{"index":0,"delta":{"content":"","role":"assistant","reasoning":"EAT","reasoning_details":[{"type":"reasoning.text","text":"EAT","format":"unknown","index":0}]},"finish_reason":null,"native_finish_reason":null}]}


PARSED: {"id":"gen-1783158650-6fMKVkLglsFk7xQKrVEy","object":"chat.completion.chunk","created":1783158650,"model":"deepseek/deepseek-v4-flash-20260423","provider":"GMICloud","choices":[{"index":0,"delta":{"content":"","role":"assistant","reasoning":"EAT","reasoning_details":[{"type":"reasoning.text","text":
--- CHUNK 1783158655471 bytes=405 ---
data: {"id":"gen-1783158650-6fMKVkLglsFk7xQKrVEy","object":"chat.completion.chunk","created":1783158650,"model":"deepseek/deepseek-v4-flash-20260423","provider":"GMICloud","choices":[{"index":0,"delta":{"content":"","role":"assistant","reasoning":"URES.md","reasoning_details":[{"type":"reasoning.text","text":"URES.md","format":"unknown","index":0}]},"finish_reason":null,"native_finish_reason":null}]}


PARSED: {"id":"gen-1783158650-6fMKVkLglsFk7xQKrVEy","object":"chat.completion.chunk","created":1783158650,"model":"deepseek/deepseek-v4-flash-20260423","provider":"GMICloud","choices":[{"index":0,"delta":{"content":"","role":"assistant","reasoning":"URES.md","reasoning_details":[{"type":"reasoning.text","te
--- CHUNK 1783158655474 bytes=403 ---
data: {"id":"gen-1783158650-6fMKVkLglsFk7xQKrVEy","object":"chat.completion.chunk","created":1783158650,"model":"deepseek/deepseek-v4-flash-20260423","provider":"GMICloud","choices":[{"index":0,"delta":{"content":"","role":"assistant","reasoning":" - all","reasoning_details":[{"type":"reasoning.text","text":" - all","format":"unknown","index":0}]},"finish_reason":null,"native_finish_reason":null}]}


PARSED: {"id":"gen-1783158650-6fMKVkLglsFk7xQKrVEy","object":"chat.completion.chunk","created":1783158650,"model":"deepseek/deepseek-v4-flash-20260423","provider":"GMICloud","choices":[{"index":0,"delta":{"content":"","role":"assistant","reasoning":" - all","reasoning_details":[{"type":"reasoning.text","tex
--- CHUNK 1783158655481 bytes=415 ---
data: {"id":"gen-1783158650-6fMKVkLglsFk7xQKrVEy","object":"chat.completion.chunk","created":1783158650,"model":"deepseek/deepseek-v4-flash-20260423","provider":"GMICloud","choices":[{"index":0,"delta":{"content":"","role":"assistant","reasoning":" AI features","reasoning_details":[{"type":"reasoning.text","text":" AI features","format":"unknown","index":0}]},"finish_reason":null,"native_finish_reason":null}]}


PARSED: {"id":"gen-1783158650-6fMKVkLglsFk7xQKrVEy","object":"chat.completion.chunk","created":1783158650,"model":"deepseek/deepseek-v4-flash-20260423","provider":"GMICloud","choices":[{"index":0,"delta":{"content":"","role":"assistant","reasoning":" AI features","reasoning_details":[{"type":"reasoning.text
--- CHUNK 1783158655534 bytes=411 ---
data: {"id":"gen-1783158650-6fMKVkLglsFk7xQKrVEy","object":"chat.completion.chunk","created":1783158650,"model":"deepseek/deepseek-v4-flash-20260423","provider":"GMICloud","choices":[{"index":0,"delta":{"content":"","role":"assistant","reasoning":" including","reasoning_details":[{"type":"reasoning.text","text":" including","format":"unknown","index":0}]},"finish_reason":null,"native_finish_reason":null}]}


PARSED: {"id":"gen-1783158650-6fMKVkLglsFk7xQKrVEy","object":"chat.completion.chunk","created":1783158650,"model":"deepseek/deepseek-v4-flash-20260423","provider":"GMICloud","choices":[{"index":0,"delta":{"content":"","role":"assistant","reasoning":" including","reasoning_details":[{"type":"reasoning.text",
--- CHUNK 1783158655539 bytes=419 ---
data: {"id":"gen-1783158650-6fMKVkLglsFk7xQKrVEy","object":"chat.completion.chunk","created":1783158650,"model":"deepseek/deepseek-v4-flash-20260423","provider":"GMICloud","choices":[{"index":0,"delta":{"content":"","role":"assistant","reasoning":" Skill-related","reasoning_details":[{"type":"reasoning.text","text":" Skill-related","format":"unknown","index":0}]},"finish_reason":null,"native_finish_reason":null}]}


PARSED: {"id":"gen-1783158650-6fMKVkLglsFk7xQKrVEy","object":"chat.completion.chunk","created":1783158650,"model":"deepseek/deepseek-v4-flash-20260423","provider":"GMICloud","choices":[{"index":0,"delta":{"content":"","role":"assistant","reasoning":" Skill-related","reasoning_details":[{"type":"reasoning.te
--- CHUNK 1783158655540 bytes=405 ---
data: {"id":"gen-1783158650-6fMKVkLglsFk7xQKrVEy","object":"chat.completion.chunk","created":1783158650,"model":"deepseek/deepseek-v4-flash-20260423","provider":"GMICloud","choices":[{"index":0,"delta":{"content":"","role":"assistant","reasoning":" ones\n","reasoning_details":[{"type":"reasoning.text","text":" ones\n","format":"unknown","index":0}]},"finish_reason":null,"native_finish_reason":null}]}


PARSED: {"id":"gen-1783158650-6fMKVkLglsFk7xQKrVEy","object":"chat.completion.chunk","created":1783158650,"model":"deepseek/deepseek-v4-flash-20260423","provider":"GMICloud","choices":[{"index":0,"delta":{"content":"","role":"assistant","reasoning":" ones\n","reasoning_details":[{"type":"reasoning.text","te
--- CHUNK 1783158655562 bytes=395 ---
data: {"id":"gen-1783158650-6fMKVkLglsFk7xQKrVEy","object":"chat.completion.chunk","created":1783158650,"model":"deepseek/deepseek-v4-flash-20260423","provider":"GMICloud","choices":[{"index":0,"delta":{"content":"","role":"assistant","reasoning":"5.","reasoning_details":[{"type":"reasoning.text","text":"5.","format":"unknown","index":0}]},"finish_reason":null,"native_finish_reason":null}]}


PARSED: {"id":"gen-1783158650-6fMKVkLglsFk7xQKrVEy","object":"chat.completion.chunk","created":1783158650,"model":"deepseek/deepseek-v4-flash-20260423","provider":"GMICloud","choices":[{"index":0,"delta":{"content":"","role":"assistant","reasoning":"5.","reasoning_details":[{"type":"reasoning.text","text":"
--- CHUNK 1783158655576 bytes=407 ---
data: {"id":"gen-1783158650-6fMKVkLglsFk7xQKrVEy","object":"chat.completion.chunk","created":1783158650,"model":"deepseek/deepseek-v4-flash-20260423","provider":"GMICloud","choices":[{"index":0,"delta":{"content":"","role":"assistant","reasoning":" TESTING","reasoning_details":[{"type":"reasoning.text","text":" TESTING","format":"unknown","index":0}]},"finish_reason":null,"native_finish_reason":null}]}


PARSED: {"id":"gen-1783158650-6fMKVkLglsFk7xQKrVEy","object":"chat.completion.chunk","created":1783158650,"model":"deepseek/deepseek-v4-flash-20260423","provider":"GMICloud","choices":[{"index":0,"delta":{"content":"","role":"assistant","reasoning":" TESTING","reasoning_details":[{"type":"reasoning.text","t
--- CHUNK 1783158655577 bytes=401 ---
data: {"id":"gen-1783158650-6fMKVkLglsFk7xQKrVEy","object":"chat.completion.chunk","created":1783158650,"model":"deepseek/deepseek-v4-flash-20260423","provider":"GMICloud","choices":[{"index":0,"delta":{"content":"","role":"assistant","reasoning":".md -","reasoning_details":[{"type":"reasoning.text","text":".md -","format":"unknown","index":0}]},"finish_reason":null,"native_finish_reason":null}]}


PARSED: {"id":"gen-1783158650-6fMKVkLglsFk7xQKrVEy","object":"chat.completion.chunk","created":1783158650,"model":"deepseek/deepseek-v4-flash-20260423","provider":"GMICloud","choices":[{"index":0,"delta":{"content":"","role":"assistant","reasoning":".md -","reasoning_details":[{"type":"reasoning.text","text
--- CHUNK 1783158655589 bytes=407 ---
data: {"id":"gen-1783158650-6fMKVkLglsFk7xQKrVEy","object":"chat.completion.chunk","created":1783158650,"model":"deepseek/deepseek-v4-flash-20260423","provider":"GMICloud","choices":[{"index":0,"delta":{"content":"","role":"assistant","reasoning":" testing","reasoning_details":[{"type":"reasoning.text","text":" testing","format":"unknown","index":0}]},"finish_reason":null,"native_finish_reason":null}]}


PARSED: {"id":"gen-1783158650-6fMKVkLglsFk7xQKrVEy","object":"chat.completion.chunk","created":1783158650,"model":"deepseek/deepseek-v4-flash-20260423","provider":"GMICloud","choices":[{"index":0,"delta":{"content":"","role":"assistant","reasoning":" testing","reasoning_details":[{"type":"reasoning.text","t
--- CHUNK 1783158655593 bytes=407 ---
data: {"id":"gen-1783158650-6fMKVkLglsFk7xQKrVEy","object":"chat.completion.chunk","created":1783158650,"model":"deepseek/deepseek-v4-flash-20260423","provider":"GMICloud","choices":[{"index":0,"delta":{"content":"","role":"assistant","reasoning":" guide (","reasoning_details":[{"type":"reasoning.text","text":" guide (","format":"unknown","index":0}]},"finish_reason":null,"native_finish_reason":null}]}


PARSED: {"id":"gen-1783158650-6fMKVkLglsFk7xQKrVEy","object":"chat.completion.chunk","created":1783158650,"model":"deepseek/deepseek-v4-flash-20260423","provider":"GMICloud","choices":[{"index":0,"delta":{"content":"","role":"assistant","reasoning":" guide (","reasoning_details":[{"type":"reasoning.text","t
--- CHUNK 1783158655597 bytes=403 ---
data: {"id":"gen-1783158650-6fMKVkLglsFk7xQKrVEy","object":"chat.completion.chunk","created":1783158650,"model":"deepseek/deepseek-v4-flash-20260423","provider":"GMICloud","choices":[{"index":0,"delta":{"content":"","role":"assistant","reasoning":"not as","reasoning_details":[{"type":"reasoning.text","text":"not as","format":"unknown","index":0}]},"finish_reason":null,"native_finish_reason":null}]}


PARSED: {"id":"gen-1783158650-6fMKVkLglsFk7xQKrVEy","object":"chat.completion.chunk","created":1783158650,"model":"deepseek/deepseek-v4-flash-20260423","provider":"GMICloud","choices":[{"index":0,"delta":{"content":"","role":"assistant","reasoning":"not as","reasoning_details":[{"type":"reasoning.text","tex
--- CHUNK 1783158655660 bytes=409 ---
data: {"id":"gen-1783158650-6fMKVkLglsFk7xQKrVEy","object":"chat.completion.chunk","created":1783158650,"model":"deepseek/deepseek-v4-flash-20260423","provider":"GMICloud","choices":[{"index":0,"delta":{"content":"","role":"assistant","reasoning":" relevant","reasoning_details":[{"type":"reasoning.text","text":" relevant","format":"unknown","index":0}]},"finish_reason":null,"native_finish_reason":null}]}


PARSED: {"id":"gen-1783158650-6fMKVkLglsFk7xQKrVEy","object":"chat.completion.chunk","created":1783158650,"model":"deepseek/deepseek-v4-flash-20260423","provider":"GMICloud","choices":[{"index":0,"delta":{"content":"","role":"assistant","reasoning":" relevant","reasoning_details":[{"type":"reasoning.text","
--- CHUNK 1783158655661 bytes=407 ---
data: {"id":"gen-1783158650-6fMKVkLglsFk7xQKrVEy","object":"chat.completion.chunk","created":1783158650,"model":"deepseek/deepseek-v4-flash-20260423","provider":"GMICloud","choices":[{"index":0,"delta":{"content":"","role":"assistant","reasoning":")\n\nLet","reasoning_details":[{"type":"reasoning.text","text":")\n\nLet","format":"unknown","index":0}]},"finish_reason":null,"native_finish_reason":null}]}


PARSED: {"id":"gen-1783158650-6fMKVkLglsFk7xQKrVEy","object":"chat.completion.chunk","created":1783158650,"model":"deepseek/deepseek-v4-flash-20260423","provider":"GMICloud","choices":[{"index":0,"delta":{"content":"","role":"assistant","reasoning":")\n\nLet","reasoning_details":[{"type":"reasoning.text","t
--- CHUNK 1783158655661 bytes=407 ---
data: {"id":"gen-1783158650-6fMKVkLglsFk7xQKrVEy","object":"chat.completion.chunk","created":1783158650,"model":"deepseek/deepseek-v4-flash-20260423","provider":"GMICloud","choices":[{"index":0,"delta":{"content":"","role":"assistant","reasoning":" me also","reasoning_details":[{"type":"reasoning.text","text":" me also","format":"unknown","index":0}]},"finish_reason":null,"native_finish_reason":null}]}


PARSED: {"id":"gen-1783158650-6fMKVkLglsFk7xQKrVEy","object":"chat.completion.chunk","created":1783158650,"model":"deepseek/deepseek-v4-flash-20260423","provider":"GMICloud","choices":[{"index":0,"delta":{"content":"","role":"assistant","reasoning":" me also","reasoning_details":[{"type":"reasoning.text","t
--- CHUNK 1783158655950 bytes=401 ---
data: {"id":"gen-1783158650-6fMKVkLglsFk7xQKrVEy","object":"chat.completion.chunk","created":1783158650,"model":"deepseek/deepseek-v4-flash-20260423","provider":"GMICloud","choices":[{"index":0,"delta":{"content":"","role":"assistant","reasoning":" look","reasoning_details":[{"type":"reasoning.text","text":" look","format":"unknown","index":0}]},"finish_reason":null,"native_finish_reason":null}]}


PARSED: {"id":"gen-1783158650-6fMKVkLglsFk7xQKrVEy","object":"chat.completion.chunk","created":1783158650,"model":"deepseek/deepseek-v4-flash-20260423","provider":"GMICloud","choices":[{"index":0,"delta":{"content":"","role":"assistant","reasoning":" look","reasoning_details":[{"type":"reasoning.text","text
--- CHUNK 1783158655951 bytes=407 ---
data: {"id":"gen-1783158650-6fMKVkLglsFk7xQKrVEy","object":"chat.completion.chunk","created":1783158650,"model":"deepseek/deepseek-v4-flash-20260423","provider":"GMICloud","choices":[{"index":0,"delta":{"content":"","role":"assistant","reasoning":" at what","reasoning_details":[{"type":"reasoning.text","text":" at what","format":"unknown","index":0}]},"finish_reason":null,"native_finish_reason":null}]}


PARSED: {"id":"gen-1783158650-6fMKVkLglsFk7xQKrVEy","object":"chat.completion.chunk","created":1783158650,"model":"deepseek/deepseek-v4-flash-20260423","provider":"GMICloud","choices":[{"index":0,"delta":{"content":"","role":"assistant","reasoning":" at what","reasoning_details":[{"type":"reasoning.text","t
--- CHUNK 1783158655951 bytes=413 ---
data: {"id":"gen-1783158650-6fMKVkLglsFk7xQKrVEy","object":"chat.completion.chunk","created":1783158650,"model":"deepseek/deepseek-v4-flash-20260423","provider":"GMICloud","choices":[{"index":0,"delta":{"content":"","role":"assistant","reasoning":" the actual","reasoning_details":[{"type":"reasoning.text","text":" the actual","format":"unknown","index":0}]},"finish_reason":null,"native_finish_reason":null}]}


PARSED: {"id":"gen-1783158650-6fMKVkLglsFk7xQKrVEy","object":"chat.completion.chunk","created":1783158650,"model":"deepseek/deepseek-v4-flash-20260423","provider":"GMICloud","choices":[{"index":0,"delta":{"content":"","role":"assistant","reasoning":" the actual","reasoning_details":[{"type":"reasoning.text"
--- CHUNK 1783158655951 bytes=405 ---
data: {"id":"gen-1783158650-6fMKVkLglsFk7xQKrVEy","object":"chat.completion.chunk","created":1783158650,"model":"deepseek/deepseek-v4-flash-20260423","provider":"GMICloud","choices":[{"index":0,"delta":{"content":"","role":"assistant","reasoning":" skills","reasoning_details":[{"type":"reasoning.text","text":" skills","format":"unknown","index":0}]},"finish_reason":null,"native_finish_reason":null}]}


PARSED: {"id":"gen-1783158650-6fMKVkLglsFk7xQKrVEy","object":"chat.completion.chunk","created":1783158650,"model":"deepseek/deepseek-v4-flash-20260423","provider":"GMICloud","choices":[{"index":0,"delta":{"content":"","role":"assistant","reasoning":" skills","reasoning_details":[{"type":"reasoning.text","te
--- CHUNK 1783158655951 bytes=429 ---
data: {"id":"gen-1783158650-6fMKVkLglsFk7xQKrVEy","object":"chat.completion.chunk","created":1783158650,"model":"deepseek/deepseek-v4-flash-20260423","provider":"GMICloud","choices":[{"index":0,"delta":{"content":"","role":"assistant","reasoning":" directory contains","reasoning_details":[{"type":"reasoning.text","text":" directory contains","format":"unknown","index":0}]},"finish_reason":null,"native_finish_reason":null}]}


PARSED: {"id":"gen-1783158650-6fMKVkLglsFk7xQKrVEy","object":"chat.completion.chunk","created":1783158650,"model":"deepseek/deepseek-v4-flash-20260423","provider":"GMICloud","choices":[{"index":0,"delta":{"content":"","role":"assistant","reasoning":" directory contains","reasoning_details":[{"type":"reasoni
--- CHUNK 1783158655951 bytes=405 ---
data: {"id":"gen-1783158650-6fMKVkLglsFk7xQKrVEy","object":"chat.completion.chunk","created":1783158650,"model":"deepseek/deepseek-v4-flash-20260423","provider":"GMICloud","choices":[{"index":0,"delta":{"content":"","role":"assistant","reasoning":" in the","reasoning_details":[{"type":"reasoning.text","text":" in the","format":"unknown","index":0}]},"finish_reason":null,"native_finish_reason":null}]}


PARSED: {"id":"gen-1783158650-6fMKVkLglsFk7xQKrVEy","object":"chat.completion.chunk","created":1783158650,"model":"deepseek/deepseek-v4-flash-20260423","provider":"GMICloud","choices":[{"index":0,"delta":{"content":"","role":"assistant","reasoning":" in the","reasoning_details":[{"type":"reasoning.text","te
--- CHUNK 1783158655988 bytes=421 ---
data: {"id":"gen-1783158650-6fMKVkLglsFk7xQKrVEy","object":"chat.completion.chunk","created":1783158650,"model":"deepseek/deepseek-v4-flash-20260423","provider":"GMICloud","choices":[{"index":0,"delta":{"content":"","role":"assistant","reasoning":" data structure","reasoning_details":[{"type":"reasoning.text","text":" data structure","format":"unknown","index":0}]},"finish_reason":null,"native_finish_reason":null}]}


PARSED: {"id":"gen-1783158650-6fMKVkLglsFk7xQKrVEy","object":"chat.completion.chunk","created":1783158650,"model":"deepseek/deepseek-v4-flash-20260423","provider":"GMICloud","choices":[{"index":0,"delta":{"content":"","role":"assistant","reasoning":" data structure","reasoning_details":[{"type":"reasoning.t
--- CHUNK 1783158655989 bytes=403 ---
data: {"id":"gen-1783158650-6fMKVkLglsFk7xQKrVEy","object":"chat.completion.chunk","created":1783158650,"model":"deepseek/deepseek-v4-flash-20260423","provider":"GMICloud","choices":[{"index":0,"delta":{"content":"","role":"assistant","reasoning":".\n\nI","reasoning_details":[{"type":"reasoning.text","text":".\n\nI","format":"unknown","index":0}]},"finish_reason":null,"native_finish_reason":null}]}


PARSED: {"id":"gen-1783158650-6fMKVkLglsFk7xQKrVEy","object":"chat.completion.chunk","created":1783158650,"model":"deepseek/deepseek-v4-flash-20260423","provider":"GMICloud","choices":[{"index":0,"delta":{"content":"","role":"assistant","reasoning":".\n\nI","reasoning_details":[{"type":"reasoning.text","tex
--- CHUNK 1783158655995 bytes=407 ---
data: {"id":"gen-1783158650-6fMKVkLglsFk7xQKrVEy","object":"chat.completion.chunk","created":1783158650,"model":"deepseek/deepseek-v4-flash-20260423","provider":"GMICloud","choices":[{"index":0,"delta":{"content":"","role":"assistant","reasoning":" think I","reasoning_details":[{"type":"reasoning.text","text":" think I","format":"unknown","index":0}]},"finish_reason":null,"native_finish_reason":null}]}


PARSED: {"id":"gen-1783158650-6fMKVkLglsFk7xQKrVEy","object":"chat.completion.chunk","created":1783158650,"model":"deepseek/deepseek-v4-flash-20260423","provider":"GMICloud","choices":[{"index":0,"delta":{"content":"","role":"assistant","reasoning":" think I","reasoning_details":[{"type":"reasoning.text","t
--- CHUNK 1783158656047 bytes=415 ---
data: {"id":"gen-1783158650-6fMKVkLglsFk7xQKrVEy","object":"chat.completion.chunk","created":1783158650,"model":"deepseek/deepseek-v4-flash-20260423","provider":"GMICloud","choices":[{"index":0,"delta":{"content":"","role":"assistant","reasoning":" have enough","reasoning_details":[{"type":"reasoning.text","text":" have enough","format":"unknown","index":0}]},"finish_reason":null,"native_finish_reason":null}]}


PARSED: {"id":"gen-1783158650-6fMKVkLglsFk7xQKrVEy","object":"chat.completion.chunk","created":1783158650,"model":"deepseek/deepseek-v4-flash-20260423","provider":"GMICloud","choices":[{"index":0,"delta":{"content":"","role":"assistant","reasoning":" have enough","reasoning_details":[{"type":"reasoning.text
--- CHUNK 1783158656051 bytes=423 ---
data: {"id":"gen-1783158650-6fMKVkLglsFk7xQKrVEy","object":"chat.completion.chunk","created":1783158650,"model":"deepseek/deepseek-v4-flash-20260423","provider":"GMICloud","choices":[{"index":0,"delta":{"content":"","role":"assistant","reasoning":" information now","reasoning_details":[{"type":"reasoning.text","text":" information now","format":"unknown","index":0}]},"finish_reason":null,"native_finish_reason":null}]}


PARSED: {"id":"gen-1783158650-6fMKVkLglsFk7xQKrVEy","object":"chat.completion.chunk","created":1783158650,"model":"deepseek/deepseek-v4-flash-20260423","provider":"GMICloud","choices":[{"index":0,"delta":{"content":"","role":"assistant","reasoning":" information now","reasoning_details":[{"type":"reasoning.
--- CHUNK 1783158656052 bytes=411 ---
data: {"id":"gen-1783158650-6fMKVkLglsFk7xQKrVEy","object":"chat.completion.chunk","created":1783158650,"model":"deepseek/deepseek-v4-flash-20260423","provider":"GMICloud","choices":[{"index":0,"delta":{"content":"","role":"assistant","reasoning":" to answer","reasoning_details":[{"type":"reasoning.text","text":" to answer","format":"unknown","index":0}]},"finish_reason":null,"native_finish_reason":null}]}


PARSED: {"id":"gen-1783158650-6fMKVkLglsFk7xQKrVEy","object":"chat.completion.chunk","created":1783158650,"model":"deepseek/deepseek-v4-flash-20260423","provider":"GMICloud","choices":[{"index":0,"delta":{"content":"","role":"assistant","reasoning":" to answer","reasoning_details":[{"type":"reasoning.text",
--- CHUNK 1783158656062 bytes=399 ---
data: {"id":"gen-1783158650-6fMKVkLglsFk7xQKrVEy","object":"chat.completion.chunk","created":1783158650,"model":"deepseek/deepseek-v4-flash-20260423","provider":"GMICloud","choices":[{"index":0,"delta":{"content":"","role":"assistant","reasoning":" the","reasoning_details":[{"type":"reasoning.text","text":" the","format":"unknown","index":0}]},"finish_reason":null,"native_finish_reason":null}]}


PARSED: {"id":"gen-1783158650-6fMKVkLglsFk7xQKrVEy","object":"chat.completion.chunk","created":1783158650,"model":"deepseek/deepseek-v4-flash-20260423","provider":"GMICloud","choices":[{"index":0,"delta":{"content":"","role":"assistant","reasoning":" the","reasoning_details":[{"type":"reasoning.text","text"
--- CHUNK 1783158656063 bytes=405 ---
data: {"id":"gen-1783158650-6fMKVkLglsFk7xQKrVEy","object":"chat.completion.chunk","created":1783158650,"model":"deepseek/deepseek-v4-flash-20260423","provider":"GMICloud","choices":[{"index":0,"delta":{"content":"","role":"assistant","reasoning":" user's","reasoning_details":[{"type":"reasoning.text","text":" user's","format":"unknown","index":0}]},"finish_reason":null,"native_finish_reason":null}]}


PARSED: {"id":"gen-1783158650-6fMKVkLglsFk7xQKrVEy","object":"chat.completion.chunk","created":1783158650,"model":"deepseek/deepseek-v4-flash-20260423","provider":"GMICloud","choices":[{"index":0,"delta":{"content":"","role":"assistant","reasoning":" user's","reasoning_details":[{"type":"reasoning.text","te
--- CHUNK 1783158656073 bytes=421 ---
data: {"id":"gen-1783158650-6fMKVkLglsFk7xQKrVEy","object":"chat.completion.chunk","created":1783158650,"model":"deepseek/deepseek-v4-flash-20260423","provider":"GMICloud","choices":[{"index":0,"delta":{"content":"","role":"assistant","reasoning":" question about","reasoning_details":[{"type":"reasoning.text","text":" question about","format":"unknown","index":0}]},"finish_reason":null,"native_finish_reason":null}]}


PARSED: {"id":"gen-1783158650-6fMKVkLglsFk7xQKrVEy","object":"chat.completion.chunk","created":1783158650,"model":"deepseek/deepseek-v4-flash-20260423","provider":"GMICloud","choices":[{"index":0,"delta":{"content":"","role":"assistant","reasoning":" question about","reasoning_details":[{"type":"reasoning.t
--- CHUNK 1783158656092 bytes=399 ---
data: {"id":"gen-1783158650-6fMKVkLglsFk7xQKrVEy","object":"chat.completion.chunk","created":1783158650,"model":"deepseek/deepseek-v4-flash-20260423","provider":"GMICloud","choices":[{"index":0,"delta":{"content":"","role":"assistant","reasoning":" how","reasoning_details":[{"type":"reasoning.text","text":" how","format":"unknown","index":0}]},"finish_reason":null,"native_finish_reason":null}]}


PARSED: {"id":"gen-1783158650-6fMKVkLglsFk7xQKrVEy","object":"chat.completion.chunk","created":1783158650,"model":"deepseek/deepseek-v4-flash-20260423","provider":"GMICloud","choices":[{"index":0,"delta":{"content":"","role":"assistant","reasoning":" how","reasoning_details":[{"type":"reasoning.text","text"
--- CHUNK 1783158656096 bytes=411 ---
data: {"id":"gen-1783158650-6fMKVkLglsFk7xQKrVEy","object":"chat.completion.chunk","created":1783158650,"model":"deepseek/deepseek-v4-flash-20260423","provider":"GMICloud","choices":[{"index":0,"delta":{"content":"","role":"assistant","reasoning":" the Skill","reasoning_details":[{"type":"reasoning.text","text":" the Skill","format":"unknown","index":0}]},"finish_reason":null,"native_finish_reason":null}]}


PARSED: {"id":"gen-1783158650-6fMKVkLglsFk7xQKrVEy","object":"chat.completion.chunk","created":1783158650,"model":"deepseek/deepseek-v4-flash-20260423","provider":"GMICloud","choices":[{"index":0,"delta":{"content":"","role":"assistant","reasoning":" the Skill","reasoning_details":[{"type":"reasoning.text",
--- CHUNK 1783158656100 bytes=417 ---
data: {"id":"gen-1783158650-6fMKVkLglsFk7xQKrVEy","object":"chat.completion.chunk","created":1783158650,"model":"deepseek/deepseek-v4-flash-20260423","provider":"GMICloud","choices":[{"index":0,"delta":{"content":"","role":"assistant","reasoning":" system works","reasoning_details":[{"type":"reasoning.text","text":" system works","format":"unknown","index":0}]},"finish_reason":null,"native_finish_reason":null}]}


PARSED: {"id":"gen-1783158650-6fMKVkLglsFk7xQKrVEy","object":"chat.completion.chunk","created":1783158650,"model":"deepseek/deepseek-v4-flash-20260423","provider":"GMICloud","choices":[{"index":0,"delta":{"content":"","role":"assistant","reasoning":" system works","reasoning_details":[{"type":"reasoning.tex
--- CHUNK 1783158656136 bytes=393 ---
data: {"id":"gen-1783158650-6fMKVkLglsFk7xQKrVEy","object":"chat.completion.chunk","created":1783158650,"model":"deepseek/deepseek-v4-flash-20260423","provider":"GMICloud","choices":[{"index":0,"delta":{"content":"","role":"assistant","reasoning":".","reasoning_details":[{"type":"reasoning.text","text":".","format":"unknown","index":0}]},"finish_reason":null,"native_finish_reason":null}]}


PARSED: {"id":"gen-1783158650-6fMKVkLglsFk7xQKrVEy","object":"chat.completion.chunk","created":1783158650,"model":"deepseek/deepseek-v4-flash-20260423","provider":"GMICloud","choices":[{"index":0,"delta":{"content":"","role":"assistant","reasoning":".","reasoning_details":[{"type":"reasoning.text","text":".
--- CHUNK 1783158656137 bytes=405 ---
data: {"id":"gen-1783158650-6fMKVkLglsFk7xQKrVEy","object":"chat.completion.chunk","created":1783158650,"model":"deepseek/deepseek-v4-flash-20260423","provider":"GMICloud","choices":[{"index":0,"delta":{"content":"","role":"assistant","reasoning":" Let me","reasoning_details":[{"type":"reasoning.text","text":" Let me","format":"unknown","index":0}]},"finish_reason":null,"native_finish_reason":null}]}


PARSED: {"id":"gen-1783158650-6fMKVkLglsFk7xQKrVEy","object":"chat.completion.chunk","created":1783158650,"model":"deepseek/deepseek-v4-flash-20260423","provider":"GMICloud","choices":[{"index":0,"delta":{"content":"","role":"assistant","reasoning":" Let me","reasoning_details":[{"type":"reasoning.text","te
--- CHUNK 1783158656142 bytes=417 ---
data: {"id":"gen-1783158650-6fMKVkLglsFk7xQKrVEy","object":"chat.completion.chunk","created":1783158650,"model":"deepseek/deepseek-v4-flash-20260423","provider":"GMICloud","choices":[{"index":0,"delta":{"content":"","role":"assistant","reasoning":" synthesize a","reasoning_details":[{"type":"reasoning.text","text":" synthesize a","format":"unknown","index":0}]},"finish_reason":null,"native_finish_reason":null}]}


PARSED: {"id":"gen-1783158650-6fMKVkLglsFk7xQKrVEy","object":"chat.completion.chunk","created":1783158650,"model":"deepseek/deepseek-v4-flash-20260423","provider":"GMICloud","choices":[{"index":0,"delta":{"content":"","role":"assistant","reasoning":" synthesize a","reasoning_details":[{"type":"reasoning.tex
--- CHUNK 1783158656150 bytes=433 ---
data: {"id":"gen-1783158650-6fMKVkLglsFk7xQKrVEy","object":"chat.completion.chunk","created":1783158650,"model":"deepseek/deepseek-v4-flash-20260423","provider":"GMICloud","choices":[{"index":0,"delta":{"content":"","role":"assistant","reasoning":" comprehensive answer","reasoning_details":[{"type":"reasoning.text","text":" comprehensive answer","format":"unknown","index":0}]},"finish_reason":null,"native_finish_reason":null}]}


PARSED: {"id":"gen-1783158650-6fMKVkLglsFk7xQKrVEy","object":"chat.completion.chunk","created":1783158650,"model":"deepseek/deepseek-v4-flash-20260423","provider":"GMICloud","choices":[{"index":0,"delta":{"content":"","role":"assistant","reasoning":" comprehensive answer","reasoning_details":[{"type":"reaso
--- CHUNK 1783158656157 bytes=401 ---
data: {"id":"gen-1783158650-6fMKVkLglsFk7xQKrVEy","object":"chat.completion.chunk","created":1783158650,"model":"deepseek/deepseek-v4-flash-20260423","provider":"GMICloud","choices":[{"index":0,"delta":{"content":"","role":"assistant","reasoning":".\n\n","reasoning_details":[{"type":"reasoning.text","text":".\n\n","format":"unknown","index":0}]},"finish_reason":null,"native_finish_reason":null}]}


PARSED: {"id":"gen-1783158650-6fMKVkLglsFk7xQKrVEy","object":"chat.completion.chunk","created":1783158650,"model":"deepseek/deepseek-v4-flash-20260423","provider":"GMICloud","choices":[{"index":0,"delta":{"content":"","role":"assistant","reasoning":".\n\n","reasoning_details":[{"type":"reasoning.text","text
--- CHUNK 1783158656162 bytes=407 ---
data: {"id":"gen-1783158650-6fMKVkLglsFk7xQKrVEy","object":"chat.completion.chunk","created":1783158650,"model":"deepseek/deepseek-v4-flash-20260423","provider":"GMICloud","choices":[{"index":0,"delta":{"content":"","role":"assistant","reasoning":"From the","reasoning_details":[{"type":"reasoning.text","text":"From the","format":"unknown","index":0}]},"finish_reason":null,"native_finish_reason":null}]}


PARSED: {"id":"gen-1783158650-6fMKVkLglsFk7xQKrVEy","object":"chat.completion.chunk","created":1783158650,"model":"deepseek/deepseek-v4-flash-20260423","provider":"GMICloud","choices":[{"index":0,"delta":{"content":"","role":"assistant","reasoning":"From the","reasoning_details":[{"type":"reasoning.text","t
--- CHUNK 1783158656166 bytes=413 ---
data: {"id":"gen-1783158650-6fMKVkLglsFk7xQKrVEy","object":"chat.completion.chunk","created":1783158650,"model":"deepseek/deepseek-v4-flash-20260423","provider":"GMICloud","choices":[{"index":0,"delta":{"content":"","role":"assistant","reasoning":" documents,","reasoning_details":[{"type":"reasoning.text","text":" documents,","format":"unknown","index":0}]},"finish_reason":null,"native_finish_reason":null}]}


PARSED: {"id":"gen-1783158650-6fMKVkLglsFk7xQKrVEy","object":"chat.completion.chunk","created":1783158650,"model":"deepseek/deepseek-v4-flash-20260423","provider":"GMICloud","choices":[{"index":0,"delta":{"content":"","role":"assistant","reasoning":" documents,","reasoning_details":[{"type":"reasoning.text"
--- CHUNK 1783158656544 bytes=25 ---
: OPENROUTER PROCESSING


--- CHUNK 1783158656973 bytes=25 ---
: OPENROUTER PROCESSING


--- CHUNK 1783158656973 bytes=806 ---
data: {"id":"gen-1783158650-6fMKVkLglsFk7xQKrVEy","object":"chat.completion.chunk","created":1783158650,"model":"deepseek/deepseek-v4-flash-20260423","provider":"GMICloud","choices":[{"index":0,"delta":{"content":"","role":"assistant","reasoning":" here","reasoning_details":[{"type":"reasoning.text","text":" here","format":"unknown","index":0}]},"finish_reason":null,"native_finish_reason":null}]}

data: {"id":"gen-1783158650-6fMKVkLglsFk7xQKrVEy","object":"chat.completion.chunk","created":1783158650,"model":"deepseek/deepseek-v4-flash-20260423","provider":"GMICloud","choices":[{"index":0,"delta":{"content":"","role":"assistant","reasoning":"'s what","reasoning_details":[{"type":"reasoning.text","text":"'s what","format":"unknown","index":0}]},"finish_reason":null,"native_finish_reason":null}]}


PARSED: {"id":"gen-1783158650-6fMKVkLglsFk7xQKrVEy","object":"chat.completion.chunk","created":1783158650,"model":"deepseek/deepseek-v4-flash-20260423","provider":"GMICloud","choices":[{"index":0,"delta":{"content":"","role":"assistant","reasoning":" here","reasoning_details":[{"type":"reasoning.text","text
PARSED: {"id":"gen-1783158650-6fMKVkLglsFk7xQKrVEy","object":"chat.completion.chunk","created":1783158650,"model":"deepseek/deepseek-v4-flash-20260423","provider":"GMICloud","choices":[{"index":0,"delta":{"content":"","role":"assistant","reasoning":"'s what","reasoning_details":[{"type":"reasoning.text","te
--- CHUNK 1783158656976 bytes=405 ---
data: {"id":"gen-1783158650-6fMKVkLglsFk7xQKrVEy","object":"chat.completion.chunk","created":1783158650,"model":"deepseek/deepseek-v4-flash-20260423","provider":"GMICloud","choices":[{"index":0,"delta":{"content":"","role":"assistant","reasoning":" I know","reasoning_details":[{"type":"reasoning.text","text":" I know","format":"unknown","index":0}]},"finish_reason":null,"native_finish_reason":null}]}


PARSED: {"id":"gen-1783158650-6fMKVkLglsFk7xQKrVEy","object":"chat.completion.chunk","created":1783158650,"model":"deepseek/deepseek-v4-flash-20260423","provider":"GMICloud","choices":[{"index":0,"delta":{"content":"","role":"assistant","reasoning":" I know","reasoning_details":[{"type":"reasoning.text","te
--- CHUNK 1783158657003 bytes=1229 ---
data: {"id":"gen-1783158650-6fMKVkLglsFk7xQKrVEy","object":"chat.completion.chunk","created":1783158650,"model":"deepseek/deepseek-v4-flash-20260423","provider":"GMICloud","choices":[{"index":0,"delta":{"content":"","role":"assistant","reasoning":" about","reasoning_details":[{"type":"reasoning.text","text":" about","format":"unknown","index":0}]},"finish_reason":null,"native_finish_reason":null}]}

data: {"id":"gen-1783158650-6fMKVkLglsFk7xQKrVEy","object":"chat.completion.chunk","created":1783158650,"model":"deepseek/deepseek-v4-flash-20260423","provider":"GMICloud","choices":[{"index":0,"delta":{"content":"","role":"assistant","reasoning":" the Skill","reasoning_details":[{"type":"reasoning.text","text":" the Skill","format":"unknown","index":0}]},"finish_reason":null,"native_finish_reason":null}]}

data: {"id":"gen-1783158650-6fMKVkLglsFk7xQKrVEy","object":"chat.completion.chunk","created":1783158650,"model":"deepseek/deepseek-v4-flash-20260423","provider":"GMICloud","choices":[{"index":0,"delta":{"content":"","role":"assistant","reasoning":" system:\n\n","reasoning_details":[{"type":"reasoning.text","text":" system:\n\n","format":"unknown","index":0}]},"finish_reason":null,"native_finish_reason":null}]}


PARSED: {"id":"gen-1783158650-6fMKVkLglsFk7xQKrVEy","object":"chat.completion.chunk","created":1783158650,"model":"deepseek/deepseek-v4-flash-20260423","provider":"GMICloud","choices":[{"index":0,"delta":{"content":"","role":"assistant","reasoning":" about","reasoning_details":[{"type":"reasoning.text","tex
PARSED: {"id":"gen-1783158650-6fMKVkLglsFk7xQKrVEy","object":"chat.completion.chunk","created":1783158650,"model":"deepseek/deepseek-v4-flash-20260423","provider":"GMICloud","choices":[{"index":0,"delta":{"content":"","role":"assistant","reasoning":" the Skill","reasoning_details":[{"type":"reasoning.text",
PARSED: {"id":"gen-1783158650-6fMKVkLglsFk7xQKrVEy","object":"chat.completion.chunk","created":1783158650,"model":"deepseek/deepseek-v4-flash-20260423","provider":"GMICloud","choices":[{"index":0,"delta":{"content":"","role":"assistant","reasoning":" system:\n\n","reasoning_details":[{"type":"reasoning.text
--- CHUNK 1783158657048 bytes=395 ---
data: {"id":"gen-1783158650-6fMKVkLglsFk7xQKrVEy","object":"chat.completion.chunk","created":1783158650,"model":"deepseek/deepseek-v4-flash-20260423","provider":"GMICloud","choices":[{"index":0,"delta":{"content":"","role":"assistant","reasoning":"**","reasoning_details":[{"type":"reasoning.text","text":"**","format":"unknown","index":0}]},"finish_reason":null,"native_finish_reason":null}]}


PARSED: {"id":"gen-1783158650-6fMKVkLglsFk7xQKrVEy","object":"chat.completion.chunk","created":1783158650,"model":"deepseek/deepseek-v4-flash-20260423","provider":"GMICloud","choices":[{"index":0,"delta":{"content":"","role":"assistant","reasoning":"**","reasoning_details":[{"type":"reasoning.text","text":"
--- CHUNK 1783158657056 bytes=423 ---
data: {"id":"gen-1783158650-6fMKVkLglsFk7xQKrVEy","object":"chat.completion.chunk","created":1783158650,"model":"deepseek/deepseek-v4-flash-20260423","provider":"GMICloud","choices":[{"index":0,"delta":{"content":"","role":"assistant","reasoning":"Skill Definition","reasoning_details":[{"type":"reasoning.text","text":"Skill Definition","format":"unknown","index":0}]},"finish_reason":null,"native_finish_reason":null}]}


PARSED: {"id":"gen-1783158650-6fMKVkLglsFk7xQKrVEy","object":"chat.completion.chunk","created":1783158650,"model":"deepseek/deepseek-v4-flash-20260423","provider":"GMICloud","choices":[{"index":0,"delta":{"content":"","role":"assistant","reasoning":"Skill Definition","reasoning_details":[{"type":"reasoning.
--- CHUNK 1783158657058 bytes=409 ---
data: {"id":"gen-1783158650-6fMKVkLglsFk7xQKrVEy","object":"chat.completion.chunk","created":1783158650,"model":"deepseek/deepseek-v4-flash-20260423","provider":"GMICloud","choices":[{"index":0,"delta":{"content":"","role":"assistant","reasoning":" Format (","reasoning_details":[{"type":"reasoning.text","text":" Format (","format":"unknown","index":0}]},"finish_reason":null,"native_finish_reason":null}]}


PARSED: {"id":"gen-1783158650-6fMKVkLglsFk7xQKrVEy","object":"chat.completion.chunk","created":1783158650,"model":"deepseek/deepseek-v4-flash-20260423","provider":"GMICloud","choices":[{"index":0,"delta":{"content":"","role":"assistant","reasoning":" Format (","reasoning_details":[{"type":"reasoning.text","
--- CHUNK 1783158657061 bytes=401 ---
data: {"id":"gen-1783158650-6fMKVkLglsFk7xQKrVEy","object":"chat.completion.chunk","created":1783158650,"model":"deepseek/deepseek-v4-flash-20260423","provider":"GMICloud","choices":[{"index":0,"delta":{"content":"","role":"assistant","reasoning":"SKILL","reasoning_details":[{"type":"reasoning.text","text":"SKILL","format":"unknown","index":0}]},"finish_reason":null,"native_finish_reason":null}]}


PARSED: {"id":"gen-1783158650-6fMKVkLglsFk7xQKrVEy","object":"chat.completion.chunk","created":1783158650,"model":"deepseek/deepseek-v4-flash-20260423","provider":"GMICloud","choices":[{"index":0,"delta":{"content":"","role":"assistant","reasoning":"SKILL","reasoning_details":[{"type":"reasoning.text","text
--- CHUNK 1783158657114 bytes=397 ---
data: {"id":"gen-1783158650-6fMKVkLglsFk7xQKrVEy","object":"chat.completion.chunk","created":1783158650,"model":"deepseek/deepseek-v4-flash-20260423","provider":"GMICloud","choices":[{"index":0,"delta":{"content":"","role":"assistant","reasoning":".md","reasoning_details":[{"type":"reasoning.text","text":".md","format":"unknown","index":0}]},"finish_reason":null,"native_finish_reason":null}]}


PARSED: {"id":"gen-1783158650-6fMKVkLglsFk7xQKrVEy","object":"chat.completion.chunk","created":1783158650,"model":"deepseek/deepseek-v4-flash-20260423","provider":"GMICloud","choices":[{"index":0,"delta":{"content":"","role":"assistant","reasoning":".md","reasoning_details":[{"type":"reasoning.text","text":
--- CHUNK 1783158657114 bytes=403 ---
data: {"id":"gen-1783158650-6fMKVkLglsFk7xQKrVEy","object":"chat.completion.chunk","created":1783158650,"model":"deepseek/deepseek-v4-flash-20260423","provider":"GMICloud","choices":[{"index":0,"delta":{"content":"","role":"assistant","reasoning":"):**\n","reasoning_details":[{"type":"reasoning.text","text":"):**\n","format":"unknown","index":0}]},"finish_reason":null,"native_finish_reason":null}]}


PARSED: {"id":"gen-1783158650-6fMKVkLglsFk7xQKrVEy","object":"chat.completion.chunk","created":1783158650,"model":"deepseek/deepseek-v4-flash-20260423","provider":"GMICloud","choices":[{"index":0,"delta":{"content":"","role":"assistant","reasoning":"):**\n","reasoning_details":[{"type":"reasoning.text","tex
--- CHUNK 1783158657114 bytes=407 ---
data: {"id":"gen-1783158650-6fMKVkLglsFk7xQKrVEy","object":"chat.completion.chunk","created":1783158650,"model":"deepseek/deepseek-v4-flash-20260423","provider":"GMICloud","choices":[{"index":0,"delta":{"content":"","role":"assistant","reasoning":"From the","reasoning_details":[{"type":"reasoning.text","text":"From the","format":"unknown","index":0}]},"finish_reason":null,"native_finish_reason":null}]}


PARSED: {"id":"gen-1783158650-6fMKVkLglsFk7xQKrVEy","object":"chat.completion.chunk","created":1783158650,"model":"deepseek/deepseek-v4-flash-20260423","provider":"GMICloud","choices":[{"index":0,"delta":{"content":"","role":"assistant","reasoning":"From the","reasoning_details":[{"type":"reasoning.text","t
--- CHUNK 1783158657126 bytes=403 ---
data: {"id":"gen-1783158650-6fMKVkLglsFk7xQKrVEy","object":"chat.completion.chunk","created":1783158650,"model":"deepseek/deepseek-v4-flash-20260423","provider":"GMICloud","choices":[{"index":0,"delta":{"content":"","role":"assistant","reasoning":" Skill","reasoning_details":[{"type":"reasoning.text","text":" Skill","format":"unknown","index":0}]},"finish_reason":null,"native_finish_reason":null}]}


PARSED: {"id":"gen-1783158650-6fMKVkLglsFk7xQKrVEy","object":"chat.completion.chunk","created":1783158650,"model":"deepseek/deepseek-v4-flash-20260423","provider":"GMICloud","choices":[{"index":0,"delta":{"content":"","role":"assistant","reasoning":" Skill","reasoning_details":[{"type":"reasoning.text","tex
--- CHUNK 1783158657130 bytes=431 ---
data: {"id":"gen-1783158650-6fMKVkLglsFk7xQKrVEy","object":"chat.completion.chunk","created":1783158650,"model":"deepseek/deepseek-v4-flash-20260423","provider":"GMICloud","choices":[{"index":0,"delta":{"content":"","role":"assistant","reasoning":" Builder description","reasoning_details":[{"type":"reasoning.text","text":" Builder description","format":"unknown","index":0}]},"finish_reason":null,"native_finish_reason":null}]}


PARSED: {"id":"gen-1783158650-6fMKVkLglsFk7xQKrVEy","object":"chat.completion.chunk","created":1783158650,"model":"deepseek/deepseek-v4-flash-20260423","provider":"GMICloud","choices":[{"index":0,"delta":{"content":"","role":"assistant","reasoning":" Builder description","reasoning_details":[{"type":"reason
--- CHUNK 1783158657135 bytes=407 ---
data: {"id":"gen-1783158650-6fMKVkLglsFk7xQKrVEy","object":"chat.completion.chunk","created":1783158650,"model":"deepseek/deepseek-v4-flash-20260423","provider":"GMICloud","choices":[{"index":0,"delta":{"content":"","role":"assistant","reasoning":" and the","reasoning_details":[{"type":"reasoning.text","text":" and the","format":"unknown","index":0}]},"finish_reason":null,"native_finish_reason":null}]}


PARSED: {"id":"gen-1783158650-6fMKVkLglsFk7xQKrVEy","object":"chat.completion.chunk","created":1783158650,"model":"deepseek/deepseek-v4-flash-20260423","provider":"GMICloud","choices":[{"index":0,"delta":{"content":"","role":"assistant","reasoning":" and the","reasoning_details":[{"type":"reasoning.text","t
--- CHUNK 1783158657164 bytes=399 ---
data: {"id":"gen-1783158650-6fMKVkLglsFk7xQKrVEy","object":"chat.completion.chunk","created":1783158650,"model":"deepseek/deepseek-v4-flash-20260423","provider":"GMICloud","choices":[{"index":0,"delta":{"content":"","role":"assistant","reasoning":" PRO","reasoning_details":[{"type":"reasoning.text","text":" PRO","format":"unknown","index":0}]},"finish_reason":null,"native_finish_reason":null}]}


PARSED: {"id":"gen-1783158650-6fMKVkLglsFk7xQKrVEy","object":"chat.completion.chunk","created":1783158650,"model":"deepseek/deepseek-v4-flash-20260423","provider":"GMICloud","choices":[{"index":0,"delta":{"content":"","role":"assistant","reasoning":" PRO","reasoning_details":[{"type":"reasoning.text","text"
--- CHUNK 1783158657166 bytes=397 ---
data: {"id":"gen-1783158650-6fMKVkLglsFk7xQKrVEy","object":"chat.completion.chunk","created":1783158650,"model":"deepseek/deepseek-v4-flash-20260423","provider":"GMICloud","choices":[{"index":0,"delta":{"content":"","role":"assistant","reasoning":"MPT","reasoning_details":[{"type":"reasoning.text","text":"MPT","format":"unknown","index":0}]},"finish_reason":null,"native_finish_reason":null}]}


PARSED: {"id":"gen-1783158650-6fMKVkLglsFk7xQKrVEy","object":"chat.completion.chunk","created":1783158650,"model":"deepseek/deepseek-v4-flash-20260423","provider":"GMICloud","choices":[{"index":0,"delta":{"content":"","role":"assistant","reasoning":"MPT","reasoning_details":[{"type":"reasoning.text","text":
--- CHUNK 1783158657170 bytes=401 ---
data: {"id":"gen-1783158650-6fMKVkLglsFk7xQKrVEy","object":"chat.completion.chunk","created":1783158650,"model":"deepseek/deepseek-v4-flash-20260423","provider":"GMICloud","choices":[{"index":0,"delta":{"content":"","role":"assistant","reasoning":"-ARCH","reasoning_details":[{"type":"reasoning.text","text":"-ARCH","format":"unknown","index":0}]},"finish_reason":null,"native_finish_reason":null}]}


PARSED: {"id":"gen-1783158650-6fMKVkLglsFk7xQKrVEy","object":"chat.completion.chunk","created":1783158650,"model":"deepseek/deepseek-v4-flash-20260423","provider":"GMICloud","choices":[{"index":0,"delta":{"content":"","role":"assistant","reasoning":"-ARCH","reasoning_details":[{"type":"reasoning.text","text
--- CHUNK 1783158657213 bytes=401 ---
data: {"id":"gen-1783158650-6fMKVkLglsFk7xQKrVEy","object":"chat.completion.chunk","created":1783158650,"model":"deepseek/deepseek-v4-flash-20260423","provider":"GMICloud","choices":[{"index":0,"delta":{"content":"","role":"assistant","reasoning":"ITECT","reasoning_details":[{"type":"reasoning.text","text":"ITECT","format":"unknown","index":0}]},"finish_reason":null,"native_finish_reason":null}]}


PARSED: {"id":"gen-1783158650-6fMKVkLglsFk7xQKrVEy","object":"chat.completion.chunk","created":1783158650,"model":"deepseek/deepseek-v4-flash-20260423","provider":"GMICloud","choices":[{"index":0,"delta":{"content":"","role":"assistant","reasoning":"ITECT","reasoning_details":[{"type":"reasoning.text","text
--- CHUNK 1783158657213 bytes=403 ---
data: {"id":"gen-1783158650-6fMKVkLglsFk7xQKrVEy","object":"chat.completion.chunk","created":1783158650,"model":"deepseek/deepseek-v4-flash-20260423","provider":"GMICloud","choices":[{"index":0,"delta":{"content":"","role":"assistant","reasoning":"URE.md","reasoning_details":[{"type":"reasoning.text","text":"URE.md","format":"unknown","index":0}]},"finish_reason":null,"native_finish_reason":null}]}


PARSED: {"id":"gen-1783158650-6fMKVkLglsFk7xQKrVEy","object":"chat.completion.chunk","created":1783158650,"model":"deepseek/deepseek-v4-flash-20260423","provider":"GMICloud","choices":[{"index":0,"delta":{"content":"","role":"assistant","reasoning":"URE.md","reasoning_details":[{"type":"reasoning.text","tex
--- CHUNK 1783158657214 bytes=399 ---
data: {"id":"gen-1783158650-6fMKVkLglsFk7xQKrVEy","object":"chat.completion.chunk","created":1783158650,"model":"deepseek/deepseek-v4-flash-20260423","provider":"GMICloud","choices":[{"index":0,"delta":{"content":"","role":"assistant","reasoning":":\n-","reasoning_details":[{"type":"reasoning.text","text":":\n-","format":"unknown","index":0}]},"finish_reason":null,"native_finish_reason":null}]}


PARSED: {"id":"gen-1783158650-6fMKVkLglsFk7xQKrVEy","object":"chat.completion.chunk","created":1783158650,"model":"deepseek/deepseek-v4-flash-20260423","provider":"GMICloud","choices":[{"index":0,"delta":{"content":"","role":"assistant","reasoning":":\n-","reasoning_details":[{"type":"reasoning.text","text"
--- CHUNK 1783158657234 bytes=403 ---
data: {"id":"gen-1783158650-6fMKVkLglsFk7xQKrVEy","object":"chat.completion.chunk","created":1783158650,"model":"deepseek/deepseek-v4-flash-20260423","provider":"GMICloud","choices":[{"index":0,"delta":{"content":"","role":"assistant","reasoning":" Front","reasoning_details":[{"type":"reasoning.text","text":" Front","format":"unknown","index":0}]},"finish_reason":null,"native_finish_reason":null}]}


PARSED: {"id":"gen-1783158650-6fMKVkLglsFk7xQKrVEy","object":"chat.completion.chunk","created":1783158650,"model":"deepseek/deepseek-v4-flash-20260423","provider":"GMICloud","choices":[{"index":0,"delta":{"content":"","role":"assistant","reasoning":" Front","reasoning_details":[{"type":"reasoning.text","tex
--- CHUNK 1783158657242 bytes=403 ---
data: {"id":"gen-1783158650-6fMKVkLglsFk7xQKrVEy","object":"chat.completion.chunk","created":1783158650,"model":"deepseek/deepseek-v4-flash-20260423","provider":"GMICloud","choices":[{"index":0,"delta":{"content":"","role":"assistant","reasoning":"matter","reasoning_details":[{"type":"reasoning.text","text":"matter","format":"unknown","index":0}]},"finish_reason":null,"native_finish_reason":null}]}


PARSED: {"id":"gen-1783158650-6fMKVkLglsFk7xQKrVEy","object":"chat.completion.chunk","created":1783158650,"model":"deepseek/deepseek-v4-flash-20260423","provider":"GMICloud","choices":[{"index":0,"delta":{"content":"","role":"assistant","reasoning":"matter","reasoning_details":[{"type":"reasoning.text","tex
--- CHUNK 1783158657251 bytes=419 ---
data: {"id":"gen-1783158650-6fMKVkLglsFk7xQKrVEy","object":"chat.completion.chunk","created":1783158650,"model":"deepseek/deepseek-v4-flash-20260423","provider":"GMICloud","choices":[{"index":0,"delta":{"content":"","role":"assistant","reasoning":" with metadata","reasoning_details":[{"type":"reasoning.text","text":" with metadata","format":"unknown","index":0}]},"finish_reason":null,"native_finish_reason":null}]}


PARSED: {"id":"gen-1783158650-6fMKVkLglsFk7xQKrVEy","object":"chat.completion.chunk","created":1783158650,"model":"deepseek/deepseek-v4-flash-20260423","provider":"GMICloud","choices":[{"index":0,"delta":{"content":"","role":"assistant","reasoning":" with metadata","reasoning_details":[{"type":"reasoning.te
--- CHUNK 1783158657268 bytes=399 ---
data: {"id":"gen-1783158650-6fMKVkLglsFk7xQKrVEy","object":"chat.completion.chunk","created":1783158650,"model":"deepseek/deepseek-v4-flash-20260423","provider":"GMICloud","choices":[{"index":0,"delta":{"content":"","role":"assistant","reasoning":" (id","reasoning_details":[{"type":"reasoning.text","text":" (id","format":"unknown","index":0}]},"finish_reason":null,"native_finish_reason":null}]}


PARSED: {"id":"gen-1783158650-6fMKVkLglsFk7xQKrVEy","object":"chat.completion.chunk","created":1783158650,"model":"deepseek/deepseek-v4-flash-20260423","provider":"GMICloud","choices":[{"index":0,"delta":{"content":"","role":"assistant","reasoning":" (id","reasoning_details":[{"type":"reasoning.text","text"
--- CHUNK 1783158657273 bytes=403 ---
data: {"id":"gen-1783158650-6fMKVkLglsFk7xQKrVEy","object":"chat.completion.chunk","created":1783158650,"model":"deepseek/deepseek-v4-flash-20260423","provider":"GMICloud","choices":[{"index":0,"delta":{"content":"","role":"assistant","reasoning":", name","reasoning_details":[{"type":"reasoning.text","text":", name","format":"unknown","index":0}]},"finish_reason":null,"native_finish_reason":null}]}


PARSED: {"id":"gen-1783158650-6fMKVkLglsFk7xQKrVEy","object":"chat.completion.chunk","created":1783158650,"model":"deepseek/deepseek-v4-flash-20260423","provider":"GMICloud","choices":[{"index":0,"delta":{"content":"","role":"assistant","reasoning":", name","reasoning_details":[{"type":"reasoning.text","tex
--- CHUNK 1783158657278 bytes=417 ---
data: {"id":"gen-1783158650-6fMKVkLglsFk7xQKrVEy","object":"chat.completion.chunk","created":1783158650,"model":"deepseek/deepseek-v4-flash-20260423","provider":"GMICloud","choices":[{"index":0,"delta":{"content":"","role":"assistant","reasoning":", description","reasoning_details":[{"type":"reasoning.text","text":", description","format":"unknown","index":0}]},"finish_reason":null,"native_finish_reason":null}]}


PARSED: {"id":"gen-1783158650-6fMKVkLglsFk7xQKrVEy","object":"chat.completion.chunk","created":1783158650,"model":"deepseek/deepseek-v4-flash-20260423","provider":"GMICloud","choices":[{"index":0,"delta":{"content":"","role":"assistant","reasoning":", description","reasoning_details":[{"type":"reasoning.tex
--- CHUNK 1783158657296 bytes=401 ---
data: {"id":"gen-1783158650-6fMKVkLglsFk7xQKrVEy","object":"chat.completion.chunk","created":1783158650,"model":"deepseek/deepseek-v4-flash-20260423","provider":"GMICloud","choices":[{"index":0,"delta":{"content":"","role":"assistant","reasoning":", etc","reasoning_details":[{"type":"reasoning.text","text":", etc","format":"unknown","index":0}]},"finish_reason":null,"native_finish_reason":null}]}


PARSED: {"id":"gen-1783158650-6fMKVkLglsFk7xQKrVEy","object":"chat.completion.chunk","created":1783158650,"model":"deepseek/deepseek-v4-flash-20260423","provider":"GMICloud","choices":[{"index":0,"delta":{"content":"","role":"assistant","reasoning":", etc","reasoning_details":[{"type":"reasoning.text","text
--- CHUNK 1783158657311 bytes=812 ---
data: {"id":"gen-1783158650-6fMKVkLglsFk7xQKrVEy","object":"chat.completion.chunk","created":1783158650,"model":"deepseek/deepseek-v4-flash-20260423","provider":"GMICloud","choices":[{"index":0,"delta":{"content":"","role":"assistant","reasoning":".)\n-","reasoning_details":[{"type":"reasoning.text","text":".)\n-","format":"unknown","index":0}]},"finish_reason":null,"native_finish_reason":null}]}

data: {"id":"gen-1783158650-6fMKVkLglsFk7xQKrVEy","object":"chat.completion.chunk","created":1783158650,"model":"deepseek/deepseek-v4-flash-20260423","provider":"GMICloud","choices":[{"index":0,"delta":{"content":"","role":"assistant","reasoning":" Purpose\n","reasoning_details":[{"type":"reasoning.text","text":" Purpose\n","format":"unknown","index":0}]},"finish_reason":null,"native_finish_reason":null}]}


PARSED: {"id":"gen-1783158650-6fMKVkLglsFk7xQKrVEy","object":"chat.completion.chunk","created":1783158650,"model":"deepseek/deepseek-v4-flash-20260423","provider":"GMICloud","choices":[{"index":0,"delta":{"content":"","role":"assistant","reasoning":".)\n-","reasoning_details":[{"type":"reasoning.text","text
PARSED: {"id":"gen-1783158650-6fMKVkLglsFk7xQKrVEy","object":"chat.completion.chunk","created":1783158650,"model":"deepseek/deepseek-v4-flash-20260423","provider":"GMICloud","choices":[{"index":0,"delta":{"content":"","role":"assistant","reasoning":" Purpose\n","reasoning_details":[{"type":"reasoning.text",
--- CHUNK 1783158657344 bytes=405 ---
data: {"id":"gen-1783158650-6fMKVkLglsFk7xQKrVEy","object":"chat.completion.chunk","created":1783158650,"model":"deepseek/deepseek-v4-flash-20260423","provider":"GMICloud","choices":[{"index":0,"delta":{"content":"","role":"assistant","reasoning":"- Input","reasoning_details":[{"type":"reasoning.text","text":"- Input","format":"unknown","index":0}]},"finish_reason":null,"native_finish_reason":null}]}


PARSED: {"id":"gen-1783158650-6fMKVkLglsFk7xQKrVEy","object":"chat.completion.chunk","created":1783158650,"model":"deepseek/deepseek-v4-flash-20260423","provider":"GMICloud","choices":[{"index":0,"delta":{"content":"","role":"assistant","reasoning":"- Input","reasoning_details":[{"type":"reasoning.text","te
--- CHUNK 1783158657346 bytes=397 ---
data: {"id":"gen-1783158650-6fMKVkLglsFk7xQKrVEy","object":"chat.completion.chunk","created":1783158650,"model":"deepseek/deepseek-v4-flash-20260423","provider":"GMICloud","choices":[{"index":0,"delta":{"content":"","role":"assistant","reasoning":"s (","reasoning_details":[{"type":"reasoning.text","text":"s (","format":"unknown","index":0}]},"finish_reason":null,"native_finish_reason":null}]}


PARSED: {"id":"gen-1783158650-6fMKVkLglsFk7xQKrVEy","object":"chat.completion.chunk","created":1783158650,"model":"deepseek/deepseek-v4-flash-20260423","provider":"GMICloud","choices":[{"index":0,"delta":{"content":"","role":"assistant","reasoning":"s (","reasoning_details":[{"type":"reasoning.text","text":
--- CHUNK 1783158657363 bytes=413 ---
data: {"id":"gen-1783158650-6fMKVkLglsFk7xQKrVEy","object":"chat.completion.chunk","created":1783158650,"model":"deepseek/deepseek-v4-flash-20260423","provider":"GMICloud","choices":[{"index":0,"delta":{"content":"","role":"assistant","reasoning":"with schema","reasoning_details":[{"type":"reasoning.text","text":"with schema","format":"unknown","index":0}]},"finish_reason":null,"native_finish_reason":null}]}


PARSED: {"id":"gen-1783158650-6fMKVkLglsFk7xQKrVEy","object":"chat.completion.chunk","created":1783158650,"model":"deepseek/deepseek-v4-flash-20260423","provider":"GMICloud","choices":[{"index":0,"delta":{"content":"","role":"assistant","reasoning":"with schema","reasoning_details":[{"type":"reasoning.text"
--- CHUNK 1783158657382 bytes=415 ---
data: {"id":"gen-1783158650-6fMKVkLglsFk7xQKrVEy","object":"chat.completion.chunk","created":1783158650,"model":"deepseek/deepseek-v4-flash-20260423","provider":"GMICloud","choices":[{"index":0,"delta":{"content":"","role":"assistant","reasoning":" definitions","reasoning_details":[{"type":"reasoning.text","text":" definitions","format":"unknown","index":0}]},"finish_reason":null,"native_finish_reason":null}]}


PARSED: {"id":"gen-1783158650-6fMKVkLglsFk7xQKrVEy","object":"chat.completion.chunk","created":1783158650,"model":"deepseek/deepseek-v4-flash-20260423","provider":"GMICloud","choices":[{"index":0,"delta":{"content":"","role":"assistant","reasoning":" definitions","reasoning_details":[{"type":"reasoning.text
--- CHUNK 1783158657384 bytes=399 ---
data: {"id":"gen-1783158650-6fMKVkLglsFk7xQKrVEy","object":"chat.completion.chunk","created":1783158650,"model":"deepseek/deepseek-v4-flash-20260423","provider":"GMICloud","choices":[{"index":0,"delta":{"content":"","role":"assistant","reasoning":")\n-","reasoning_details":[{"type":"reasoning.text","text":")\n-","format":"unknown","index":0}]},"finish_reason":null,"native_finish_reason":null}]}


PARSED: {"id":"gen-1783158650-6fMKVkLglsFk7xQKrVEy","object":"chat.completion.chunk","created":1783158650,"model":"deepseek/deepseek-v4-flash-20260423","provider":"GMICloud","choices":[{"index":0,"delta":{"content":"","role":"assistant","reasoning":")\n-","reasoning_details":[{"type":"reasoning.text","text"
--- CHUNK 1783158657389 bytes=419 ---
data: {"id":"gen-1783158650-6fMKVkLglsFk7xQKrVEy","object":"chat.completion.chunk","created":1783158650,"model":"deepseek/deepseek-v4-flash-20260423","provider":"GMICloud","choices":[{"index":0,"delta":{"content":"","role":"assistant","reasoning":" Deterministic","reasoning_details":[{"type":"reasoning.text","text":" Deterministic","format":"unknown","index":0}]},"finish_reason":null,"native_finish_reason":null}]}


PARSED: {"id":"gen-1783158650-6fMKVkLglsFk7xQKrVEy","object":"chat.completion.chunk","created":1783158650,"model":"deepseek/deepseek-v4-flash-20260423","provider":"GMICloud","choices":[{"index":0,"delta":{"content":"","role":"assistant","reasoning":" Deterministic","reasoning_details":[{"type":"reasoning.te
--- CHUNK 1783158657403 bytes=405 ---
data: {"id":"gen-1783158650-6fMKVkLglsFk7xQKrVEy","object":"chat.completion.chunk","created":1783158650,"model":"deepseek/deepseek-v4-flash-20260423","provider":"GMICloud","choices":[{"index":0,"delta":{"content":"","role":"assistant","reasoning":" Script","reasoning_details":[{"type":"reasoning.text","text":" Script","format":"unknown","index":0}]},"finish_reason":null,"native_finish_reason":null}]}


PARSED: {"id":"gen-1783158650-6fMKVkLglsFk7xQKrVEy","object":"chat.completion.chunk","created":1783158650,"model":"deepseek/deepseek-v4-flash-20260423","provider":"GMICloud","choices":[{"index":0,"delta":{"content":"","role":"assistant","reasoning":" Script","reasoning_details":[{"type":"reasoning.text","te
--- CHUNK 1783158657408 bytes=401 ---
data: {"id":"gen-1783158650-6fMKVkLglsFk7xQKrVEy","object":"chat.completion.chunk","created":1783158650,"model":"deepseek/deepseek-v4-flash-20260423","provider":"GMICloud","choices":[{"index":0,"delta":{"content":"","role":"assistant","reasoning":" (the","reasoning_details":[{"type":"reasoning.text","text":" (the","format":"unknown","index":0}]},"finish_reason":null,"native_finish_reason":null}]}


PARSED: {"id":"gen-1783158650-6fMKVkLglsFk7xQKrVEy","object":"chat.completion.chunk","created":1783158650,"model":"deepseek/deepseek-v4-flash-20260423","provider":"GMICloud","choices":[{"index":0,"delta":{"content":"","role":"assistant","reasoning":" (the","reasoning_details":[{"type":"reasoning.text","text
--- CHUNK 1783158657411 bytes=423 ---
data: {"id":"gen-1783158650-6fMKVkLglsFk7xQKrVEy","object":"chat.completion.chunk","created":1783158650,"model":"deepseek/deepseek-v4-flash-20260423","provider":"GMICloud","choices":[{"index":0,"delta":{"content":"","role":"assistant","reasoning":" execution steps","reasoning_details":[{"type":"reasoning.text","text":" execution steps","format":"unknown","index":0}]},"finish_reason":null,"native_finish_reason":null}]}


PARSED: {"id":"gen-1783158650-6fMKVkLglsFk7xQKrVEy","object":"chat.completion.chunk","created":1783158650,"model":"deepseek/deepseek-v4-flash-20260423","provider":"GMICloud","choices":[{"index":0,"delta":{"content":"","role":"assistant","reasoning":" execution steps","reasoning_details":[{"type":"reasoning.
--- CHUNK 1783158657449 bytes=397 ---
data: {"id":"gen-1783158650-6fMKVkLglsFk7xQKrVEy","object":"chat.completion.chunk","created":1783158650,"model":"deepseek/deepseek-v4-flash-20260423","provider":"GMICloud","choices":[{"index":0,"delta":{"content":"","role":"assistant","reasoning":")\n","reasoning_details":[{"type":"reasoning.text","text":")\n","format":"unknown","index":0}]},"finish_reason":null,"native_finish_reason":null}]}


PARSED: {"id":"gen-1783158650-6fMKVkLglsFk7xQKrVEy","object":"chat.completion.chunk","created":1783158650,"model":"deepseek/deepseek-v4-flash-20260423","provider":"GMICloud","choices":[{"index":0,"delta":{"content":"","role":"assistant","reasoning":")\n","reasoning_details":[{"type":"reasoning.text","text":
--- CHUNK 1783158657450 bytes=405 ---
data: {"id":"gen-1783158650-6fMKVkLglsFk7xQKrVEy","object":"chat.completion.chunk","created":1783158650,"model":"deepseek/deepseek-v4-flash-20260423","provider":"GMICloud","choices":[{"index":0,"delta":{"content":"","role":"assistant","reasoning":"- Guard","reasoning_details":[{"type":"reasoning.text","text":"- Guard","format":"unknown","index":0}]},"finish_reason":null,"native_finish_reason":null}]}


PARSED: {"id":"gen-1783158650-6fMKVkLglsFk7xQKrVEy","object":"chat.completion.chunk","created":1783158650,"model":"deepseek/deepseek-v4-flash-20260423","provider":"GMICloud","choices":[{"index":0,"delta":{"content":"","role":"assistant","reasoning":"- Guard","reasoning_details":[{"type":"reasoning.text","te
--- CHUNK 1783158657456 bytes=405 ---
data: {"id":"gen-1783158650-6fMKVkLglsFk7xQKrVEy","object":"chat.completion.chunk","created":1783158650,"model":"deepseek/deepseek-v4-flash-20260423","provider":"GMICloud","choices":[{"index":0,"delta":{"content":"","role":"assistant","reasoning":"rails\n","reasoning_details":[{"type":"reasoning.text","text":"rails\n","format":"unknown","index":0}]},"finish_reason":null,"native_finish_reason":null}]}


PARSED: {"id":"gen-1783158650-6fMKVkLglsFk7xQKrVEy","object":"chat.completion.chunk","created":1783158650,"model":"deepseek/deepseek-v4-flash-20260423","provider":"GMICloud","choices":[{"index":0,"delta":{"content":"","role":"assistant","reasoning":"rails\n","reasoning_details":[{"type":"reasoning.text","te
--- CHUNK 1783158657503 bytes=407 ---
data: {"id":"gen-1783158650-6fMKVkLglsFk7xQKrVEy","object":"chat.completion.chunk","created":1783158650,"model":"deepseek/deepseek-v4-flash-20260423","provider":"GMICloud","choices":[{"index":0,"delta":{"content":"","role":"assistant","reasoning":"- Output","reasoning_details":[{"type":"reasoning.text","text":"- Output","format":"unknown","index":0}]},"finish_reason":null,"native_finish_reason":null}]}


PARSED: {"id":"gen-1783158650-6fMKVkLglsFk7xQKrVEy","object":"chat.completion.chunk","created":1783158650,"model":"deepseek/deepseek-v4-flash-20260423","provider":"GMICloud","choices":[{"index":0,"delta":{"content":"","role":"assistant","reasoning":"- Output","reasoning_details":[{"type":"reasoning.text","t
--- CHUNK 1783158657510 bytes=413 ---
data: {"id":"gen-1783158650-6fMKVkLglsFk7xQKrVEy","object":"chat.completion.chunk","created":1783158650,"model":"deepseek/deepseek-v4-flash-20260423","provider":"GMICloud","choices":[{"index":0,"delta":{"content":"","role":"assistant","reasoning":" Contract (","reasoning_details":[{"type":"reasoning.text","text":" Contract (","format":"unknown","index":0}]},"finish_reason":null,"native_finish_reason":null}]}


PARSED: {"id":"gen-1783158650-6fMKVkLglsFk7xQKrVEy","object":"chat.completion.chunk","created":1783158650,"model":"deepseek/deepseek-v4-flash-20260423","provider":"GMICloud","choices":[{"index":0,"delta":{"content":"","role":"assistant","reasoning":" Contract (","reasoning_details":[{"type":"reasoning.text"
--- CHUNK 1783158657512 bytes=415 ---
data: {"id":"gen-1783158650-6fMKVkLglsFk7xQKrVEy","object":"chat.completion.chunk","created":1783158650,"model":"deepseek/deepseek-v4-flash-20260423","provider":"GMICloud","choices":[{"index":0,"delta":{"content":"","role":"assistant","reasoning":"validation +","reasoning_details":[{"type":"reasoning.text","text":"validation +","format":"unknown","index":0}]},"finish_reason":null,"native_finish_reason":null}]}


PARSED: {"id":"gen-1783158650-6fMKVkLglsFk7xQKrVEy","object":"chat.completion.chunk","created":1783158650,"model":"deepseek/deepseek-v4-flash-20260423","provider":"GMICloud","choices":[{"index":0,"delta":{"content":"","role":"assistant","reasoning":"validation +","reasoning_details":[{"type":"reasoning.text
--- CHUNK 1783158657515 bytes=419 ---
data: {"id":"gen-1783158650-6fMKVkLglsFk7xQKrVEy","object":"chat.completion.chunk","created":1783158650,"model":"deepseek/deepseek-v4-flash-20260423","provider":"GMICloud","choices":[{"index":0,"delta":{"content":"","role":"assistant","reasoning":" output format","reasoning_details":[{"type":"reasoning.text","text":" output format","format":"unknown","index":0}]},"finish_reason":null,"native_finish_reason":null}]}


PARSED: {"id":"gen-1783158650-6fMKVkLglsFk7xQKrVEy","object":"chat.completion.chunk","created":1783158650,"model":"deepseek/deepseek-v4-flash-20260423","provider":"GMICloud","choices":[{"index":0,"delta":{"content":"","role":"assistant","reasoning":" output format","reasoning_details":[{"type":"reasoning.te
--- CHUNK 1783158657557 bytes=397 ---
data: {"id":"gen-1783158650-6fMKVkLglsFk7xQKrVEy","object":"chat.completion.chunk","created":1783158650,"model":"deepseek/deepseek-v4-flash-20260423","provider":"GMICloud","choices":[{"index":0,"delta":{"content":"","role":"assistant","reasoning":")\n","reasoning_details":[{"type":"reasoning.text","text":")\n","format":"unknown","index":0}]},"finish_reason":null,"native_finish_reason":null}]}


PARSED: {"id":"gen-1783158650-6fMKVkLglsFk7xQKrVEy","object":"chat.completion.chunk","created":1783158650,"model":"deepseek/deepseek-v4-flash-20260423","provider":"GMICloud","choices":[{"index":0,"delta":{"content":"","role":"assistant","reasoning":")\n","reasoning_details":[{"type":"reasoning.text","text":
--- CHUNK 1783158657564 bytes=415 ---
data: {"id":"gen-1783158650-6fMKVkLglsFk7xQKrVEy","object":"chat.completion.chunk","created":1783158650,"model":"deepseek/deepseek-v4-flash-20260423","provider":"GMICloud","choices":[{"index":0,"delta":{"content":"","role":"assistant","reasoning":"- Validation","reasoning_details":[{"type":"reasoning.text","text":"- Validation","format":"unknown","index":0}]},"finish_reason":null,"native_finish_reason":null}]}


PARSED: {"id":"gen-1783158650-6fMKVkLglsFk7xQKrVEy","object":"chat.completion.chunk","created":1783158650,"model":"deepseek/deepseek-v4-flash-20260423","provider":"GMICloud","choices":[{"index":0,"delta":{"content":"","role":"assistant","reasoning":"- Validation","reasoning_details":[{"type":"reasoning.text
--- CHUNK 1783158657566 bytes=411 ---
data: {"id":"gen-1783158650-6fMKVkLglsFk7xQKrVEy","object":"chat.completion.chunk","created":1783158650,"model":"deepseek/deepseek-v4-flash-20260423","provider":"GMICloud","choices":[{"index":0,"delta":{"content":"","role":"assistant","reasoning":" rules\n\n","reasoning_details":[{"type":"reasoning.text","text":" rules\n\n","format":"unknown","index":0}]},"finish_reason":null,"native_finish_reason":null}]}


PARSED: {"id":"gen-1783158650-6fMKVkLglsFk7xQKrVEy","object":"chat.completion.chunk","created":1783158650,"model":"deepseek/deepseek-v4-flash-20260423","provider":"GMICloud","choices":[{"index":0,"delta":{"content":"","role":"assistant","reasoning":" rules\n\n","reasoning_details":[{"type":"reasoning.text",
--- CHUNK 1783158657582 bytes=405 ---
data: {"id":"gen-1783158650-6fMKVkLglsFk7xQKrVEy","object":"chat.completion.chunk","created":1783158650,"model":"deepseek/deepseek-v4-flash-20260423","provider":"GMICloud","choices":[{"index":0,"delta":{"content":"","role":"assistant","reasoning":"**Skill","reasoning_details":[{"type":"reasoning.text","text":"**Skill","format":"unknown","index":0}]},"finish_reason":null,"native_finish_reason":null}]}


PARSED: {"id":"gen-1783158650-6fMKVkLglsFk7xQKrVEy","object":"chat.completion.chunk","created":1783158650,"model":"deepseek/deepseek-v4-flash-20260423","provider":"GMICloud","choices":[{"index":0,"delta":{"content":"","role":"assistant","reasoning":"**Skill","reasoning_details":[{"type":"reasoning.text","te
--- CHUNK 1783158657584 bytes=411 ---
data: {"id":"gen-1783158650-6fMKVkLglsFk7xQKrVEy","object":"chat.completion.chunk","created":1783158650,"model":"deepseek/deepseek-v4-flash-20260423","provider":"GMICloud","choices":[{"index":0,"delta":{"content":"","role":"assistant","reasoning":" Lifecycle","reasoning_details":[{"type":"reasoning.text","text":" Lifecycle","format":"unknown","index":0}]},"finish_reason":null,"native_finish_reason":null}]}


PARSED: {"id":"gen-1783158650-6fMKVkLglsFk7xQKrVEy","object":"chat.completion.chunk","created":1783158650,"model":"deepseek/deepseek-v4-flash-20260423","provider":"GMICloud","choices":[{"index":0,"delta":{"content":"","role":"assistant","reasoning":" Lifecycle","reasoning_details":[{"type":"reasoning.text",
--- CHUNK 1783158657588 bytes=401 ---
data: {"id":"gen-1783158650-6fMKVkLglsFk7xQKrVEy","object":"chat.completion.chunk","created":1783158650,"model":"deepseek/deepseek-v4-flash-20260423","provider":"GMICloud","choices":[{"index":0,"delta":{"content":"","role":"assistant","reasoning":":**\n","reasoning_details":[{"type":"reasoning.text","text":":**\n","format":"unknown","index":0}]},"finish_reason":null,"native_finish_reason":null}]}


PARSED: {"id":"gen-1783158650-6fMKVkLglsFk7xQKrVEy","object":"chat.completion.chunk","created":1783158650,"model":"deepseek/deepseek-v4-flash-20260423","provider":"GMICloud","choices":[{"index":0,"delta":{"content":"","role":"assistant","reasoning":":**\n","reasoning_details":[{"type":"reasoning.text","text
--- CHUNK 1783158657785 bytes=395 ---
data: {"id":"gen-1783158650-6fMKVkLglsFk7xQKrVEy","object":"chat.completion.chunk","created":1783158650,"model":"deepseek/deepseek-v4-flash-20260423","provider":"GMICloud","choices":[{"index":0,"delta":{"content":"","role":"assistant","reasoning":"1.","reasoning_details":[{"type":"reasoning.text","text":"1.","format":"unknown","index":0}]},"finish_reason":null,"native_finish_reason":null}]}


PARSED: {"id":"gen-1783158650-6fMKVkLglsFk7xQKrVEy","object":"chat.completion.chunk","created":1783158650,"model":"deepseek/deepseek-v4-flash-20260423","provider":"GMICloud","choices":[{"index":0,"delta":{"content":"","role":"assistant","reasoning":"1.","reasoning_details":[{"type":"reasoning.text","text":"
--- CHUNK 1783158657785 bytes=407 ---
data: {"id":"gen-1783158650-6fMKVkLglsFk7xQKrVEy","object":"chat.completion.chunk","created":1783158650,"model":"deepseek/deepseek-v4-flash-20260423","provider":"GMICloud","choices":[{"index":0,"delta":{"content":"","role":"assistant","reasoning":" **Build","reasoning_details":[{"type":"reasoning.text","text":" **Build","format":"unknown","index":0}]},"finish_reason":null,"native_finish_reason":null}]}


PARSED: {"id":"gen-1783158650-6fMKVkLglsFk7xQKrVEy","object":"chat.completion.chunk","created":1783158650,"model":"deepseek/deepseek-v4-flash-20260423","provider":"GMICloud","choices":[{"index":0,"delta":{"content":"","role":"assistant","reasoning":" **Build","reasoning_details":[{"type":"reasoning.text","t
--- CHUNK 1783158657785 bytes=399 ---
data: {"id":"gen-1783158650-6fMKVkLglsFk7xQKrVEy","object":"chat.completion.chunk","created":1783158650,"model":"deepseek/deepseek-v4-flash-20260423","provider":"GMICloud","choices":[{"index":0,"delta":{"content":"","role":"assistant","reasoning":"** -","reasoning_details":[{"type":"reasoning.text","text":"** -","format":"unknown","index":0}]},"finish_reason":null,"native_finish_reason":null}]}


PARSED: {"id":"gen-1783158650-6fMKVkLglsFk7xQKrVEy","object":"chat.completion.chunk","created":1783158650,"model":"deepseek/deepseek-v4-flash-20260423","provider":"GMICloud","choices":[{"index":0,"delta":{"content":"","role":"assistant","reasoning":"** -","reasoning_details":[{"type":"reasoning.text","text"
--- CHUNK 1783158657833 bytes=399 ---
data: {"id":"gen-1783158650-6fMKVkLglsFk7xQKrVEy","object":"chat.completion.chunk","created":1783158650,"model":"deepseek/deepseek-v4-flash-20260423","provider":"GMICloud","choices":[{"index":0,"delta":{"content":"","role":"assistant","reasoning":" via","reasoning_details":[{"type":"reasoning.text","text":" via","format":"unknown","index":0}]},"finish_reason":null,"native_finish_reason":null}]}


PARSED: {"id":"gen-1783158650-6fMKVkLglsFk7xQKrVEy","object":"chat.completion.chunk","created":1783158650,"model":"deepseek/deepseek-v4-flash-20260423","provider":"GMICloud","choices":[{"index":0,"delta":{"content":"","role":"assistant","reasoning":" via","reasoning_details":[{"type":"reasoning.text","text"
--- CHUNK 1783158657838 bytes=419 ---
data: {"id":"gen-1783158650-6fMKVkLglsFk7xQKrVEy","object":"chat.completion.chunk","created":1783158650,"model":"deepseek/deepseek-v4-flash-20260423","provider":"GMICloud","choices":[{"index":0,"delta":{"content":"","role":"assistant","reasoning":" Skill Builder","reasoning_details":[{"type":"reasoning.text","text":" Skill Builder","format":"unknown","index":0}]},"finish_reason":null,"native_finish_reason":null}]}


PARSED: {"id":"gen-1783158650-6fMKVkLglsFk7xQKrVEy","object":"chat.completion.chunk","created":1783158650,"model":"deepseek/deepseek-v4-flash-20260423","provider":"GMICloud","choices":[{"index":0,"delta":{"content":"","role":"assistant","reasoning":" Skill Builder","reasoning_details":[{"type":"reasoning.te
--- CHUNK 1783158657843 bytes=403 ---
data: {"id":"gen-1783158650-6fMKVkLglsFk7xQKrVEy","object":"chat.completion.chunk","created":1783158650,"model":"deepseek/deepseek-v4-flash-20260423","provider":"GMICloud","choices":[{"index":0,"delta":{"content":"","role":"assistant","reasoning":" (chat","reasoning_details":[{"type":"reasoning.text","text":" (chat","format":"unknown","index":0}]},"finish_reason":null,"native_finish_reason":null}]}


PARSED: {"id":"gen-1783158650-6fMKVkLglsFk7xQKrVEy","object":"chat.completion.chunk","created":1783158650,"model":"deepseek/deepseek-v4-flash-20260423","provider":"GMICloud","choices":[{"index":0,"delta":{"content":"","role":"assistant","reasoning":" (chat","reasoning_details":[{"type":"reasoning.text","tex
--- CHUNK 1783158657875 bytes=399 ---
data: {"id":"gen-1783158650-6fMKVkLglsFk7xQKrVEy","object":"chat.completion.chunk","created":1783158650,"model":"deepseek/deepseek-v4-flash-20260423","provider":"GMICloud","choices":[{"index":0,"delta":{"content":"","role":"assistant","reasoning":" UI)","reasoning_details":[{"type":"reasoning.text","text":" UI)","format":"unknown","index":0}]},"finish_reason":null,"native_finish_reason":null}]}


PARSED: {"id":"gen-1783158650-6fMKVkLglsFk7xQKrVEy","object":"chat.completion.chunk","created":1783158650,"model":"deepseek/deepseek-v4-flash-20260423","provider":"GMICloud","choices":[{"index":0,"delta":{"content":"","role":"assistant","reasoning":" UI)","reasoning_details":[{"type":"reasoning.text","text"
--- CHUNK 1783158657877 bytes=397 ---
data: {"id":"gen-1783158650-6fMKVkLglsFk7xQKrVEy","object":"chat.completion.chunk","created":1783158650,"model":"deepseek/deepseek-v4-flash-20260423","provider":"GMICloud","choices":[{"index":0,"delta":{"content":"","role":"assistant","reasoning":" or","reasoning_details":[{"type":"reasoning.text","text":" or","format":"unknown","index":0}]},"finish_reason":null,"native_finish_reason":null}]}


PARSED: {"id":"gen-1783158650-6fMKVkLglsFk7xQKrVEy","object":"chat.completion.chunk","created":1783158650,"model":"deepseek/deepseek-v4-flash-20260423","provider":"GMICloud","choices":[{"index":0,"delta":{"content":"","role":"assistant","reasoning":" or","reasoning_details":[{"type":"reasoning.text","text":
--- CHUNK 1783158657883 bytes=405 ---
data: {"id":"gen-1783158650-6fMKVkLglsFk7xQKrVEy","object":"chat.completion.chunk","created":1783158650,"model":"deepseek/deepseek-v4-flash-20260423","provider":"GMICloud","choices":[{"index":0,"delta":{"content":"","role":"assistant","reasoning":" ✨ AI","reasoning_details":[{"type":"reasoning.text","text":" ✨ AI","format":"unknown","index":0}]},"finish_reason":null,"native_finish_reason":null}]}


PARSED: {"id":"gen-1783158650-6fMKVkLglsFk7xQKrVEy","object":"chat.completion.chunk","created":1783158650,"model":"deepseek/deepseek-v4-flash-20260423","provider":"GMICloud","choices":[{"index":0,"delta":{"content":"","role":"assistant","reasoning":" ✨ AI","reasoning_details":[{"type":"reasoning.text","text
--- CHUNK 1783158658070 bytes=409 ---
data: {"id":"gen-1783158650-6fMKVkLglsFk7xQKrVEy","object":"chat.completion.chunk","created":1783158650,"model":"deepseek/deepseek-v4-flash-20260423","provider":"GMICloud","choices":[{"index":0,"delta":{"content":"","role":"assistant","reasoning":" Generate","reasoning_details":[{"type":"reasoning.text","text":" Generate","format":"unknown","index":0}]},"finish_reason":null,"native_finish_reason":null}]}


PARSED: {"id":"gen-1783158650-6fMKVkLglsFk7xQKrVEy","object":"chat.completion.chunk","created":1783158650,"model":"deepseek/deepseek-v4-flash-20260423","provider":"GMICloud","choices":[{"index":0,"delta":{"content":"","role":"assistant","reasoning":" Generate","reasoning_details":[{"type":"reasoning.text","
--- CHUNK 1783158658073 bytes=397 ---
data: {"id":"gen-1783158650-6fMKVkLglsFk7xQKrVEy","object":"chat.completion.chunk","created":1783158650,"model":"deepseek/deepseek-v4-flash-20260423","provider":"GMICloud","choices":[{"index":0,"delta":{"content":"","role":"assistant","reasoning":"\n2","reasoning_details":[{"type":"reasoning.text","text":"\n2","format":"unknown","index":0}]},"finish_reason":null,"native_finish_reason":null}]}


PARSED: {"id":"gen-1783158650-6fMKVkLglsFk7xQKrVEy","object":"chat.completion.chunk","created":1783158650,"model":"deepseek/deepseek-v4-flash-20260423","provider":"GMICloud","choices":[{"index":0,"delta":{"content":"","role":"assistant","reasoning":"\n2","reasoning_details":[{"type":"reasoning.text","text":
--- CHUNK 1783158658082 bytes=399 ---
data: {"id":"gen-1783158650-6fMKVkLglsFk7xQKrVEy","object":"chat.completion.chunk","created":1783158650,"model":"deepseek/deepseek-v4-flash-20260423","provider":"GMICloud","choices":[{"index":0,"delta":{"content":"","role":"assistant","reasoning":". **","reasoning_details":[{"type":"reasoning.text","text":". **","format":"unknown","index":0}]},"finish_reason":null,"native_finish_reason":null}]}


PARSED: {"id":"gen-1783158650-6fMKVkLglsFk7xQKrVEy","object":"chat.completion.chunk","created":1783158650,"model":"deepseek/deepseek-v4-flash-20260423","provider":"GMICloud","choices":[{"index":0,"delta":{"content":"","role":"assistant","reasoning":". **","reasoning_details":[{"type":"reasoning.text","text"
--- CHUNK 1783158658116 bytes=405 ---
data: {"id":"gen-1783158650-6fMKVkLglsFk7xQKrVEy","object":"chat.completion.chunk","created":1783158650,"model":"deepseek/deepseek-v4-flash-20260423","provider":"GMICloud","choices":[{"index":0,"delta":{"content":"","role":"assistant","reasoning":"Store**","reasoning_details":[{"type":"reasoning.text","text":"Store**","format":"unknown","index":0}]},"finish_reason":null,"native_finish_reason":null}]}


PARSED: {"id":"gen-1783158650-6fMKVkLglsFk7xQKrVEy","object":"chat.completion.chunk","created":1783158650,"model":"deepseek/deepseek-v4-flash-20260423","provider":"GMICloud","choices":[{"index":0,"delta":{"content":"","role":"assistant","reasoning":"Store**","reasoning_details":[{"type":"reasoning.text","te
--- CHUNK 1783158658119 bytes=401 ---
data: {"id":"gen-1783158650-6fMKVkLglsFk7xQKrVEy","object":"chat.completion.chunk","created":1783158650,"model":"deepseek/deepseek-v4-flash-20260423","provider":"GMICloud","choices":[{"index":0,"delta":{"content":"","role":"assistant","reasoning":" - in","reasoning_details":[{"type":"reasoning.text","text":" - in","format":"unknown","index":0}]},"finish_reason":null,"native_finish_reason":null}]}


PARSED: {"id":"gen-1783158650-6fMKVkLglsFk7xQKrVEy","object":"chat.completion.chunk","created":1783158650,"model":"deepseek/deepseek-v4-flash-20260423","provider":"GMICloud","choices":[{"index":0,"delta":{"content":"","role":"assistant","reasoning":" - in","reasoning_details":[{"type":"reasoning.text","text
--- CHUNK 1783158658122 bytes=403 ---
data: {"id":"gen-1783158650-6fMKVkLglsFk7xQKrVEy","object":"chat.completion.chunk","created":1783158650,"model":"deepseek/deepseek-v4-flash-20260423","provider":"GMICloud","choices":[{"index":0,"delta":{"content":"","role":"assistant","reasoning":" `data","reasoning_details":[{"type":"reasoning.text","text":" `data","format":"unknown","index":0}]},"finish_reason":null,"native_finish_reason":null}]}


PARSED: {"id":"gen-1783158650-6fMKVkLglsFk7xQKrVEy","object":"chat.completion.chunk","created":1783158650,"model":"deepseek/deepseek-v4-flash-20260423","provider":"GMICloud","choices":[{"index":0,"delta":{"content":"","role":"assistant","reasoning":" `data","reasoning_details":[{"type":"reasoning.text","tex
--- CHUNK 1783158658144 bytes=395 ---
data: {"id":"gen-1783158650-6fMKVkLglsFk7xQKrVEy","object":"chat.completion.chunk","created":1783158650,"model":"deepseek/deepseek-v4-flash-20260423","provider":"GMICloud","choices":[{"index":0,"delta":{"content":"","role":"assistant","reasoning":"/s","reasoning_details":[{"type":"reasoning.text","text":"/s","format":"unknown","index":0}]},"finish_reason":null,"native_finish_reason":null}]}


PARSED: {"id":"gen-1783158650-6fMKVkLglsFk7xQKrVEy","object":"chat.completion.chunk","created":1783158650,"model":"deepseek/deepseek-v4-flash-20260423","provider":"GMICloud","choices":[{"index":0,"delta":{"content":"","role":"assistant","reasoning":"/s","reasoning_details":[{"type":"reasoning.text","text":"
--- CHUNK 1783158658148 bytes=401 ---
data: {"id":"gen-1783158650-6fMKVkLglsFk7xQKrVEy","object":"chat.completion.chunk","created":1783158650,"model":"deepseek/deepseek-v4-flash-20260423","provider":"GMICloud","choices":[{"index":0,"delta":{"content":"","role":"assistant","reasoning":"kills","reasoning_details":[{"type":"reasoning.text","text":"kills","format":"unknown","index":0}]},"finish_reason":null,"native_finish_reason":null}]}


PARSED: {"id":"gen-1783158650-6fMKVkLglsFk7xQKrVEy","object":"chat.completion.chunk","created":1783158650,"model":"deepseek/deepseek-v4-flash-20260423","provider":"GMICloud","choices":[{"index":0,"delta":{"content":"","role":"assistant","reasoning":"kills","reasoning_details":[{"type":"reasoning.text","text
--- CHUNK 1783158658156 bytes=395 ---
data: {"id":"gen-1783158650-6fMKVkLglsFk7xQKrVEy","object":"chat.completion.chunk","created":1783158650,"model":"deepseek/deepseek-v4-flash-20260423","provider":"GMICloud","choices":[{"index":0,"delta":{"content":"","role":"assistant","reasoning":"/`","reasoning_details":[{"type":"reasoning.text","text":"/`","format":"unknown","index":0}]},"finish_reason":null,"native_finish_reason":null}]}


PARSED: {"id":"gen-1783158650-6fMKVkLglsFk7xQKrVEy","object":"chat.completion.chunk","created":1783158650,"model":"deepseek/deepseek-v4-flash-20260423","provider":"GMICloud","choices":[{"index":0,"delta":{"content":"","role":"assistant","reasoning":"/`","reasoning_details":[{"type":"reasoning.text","text":"
--- CHUNK 1783158658190 bytes=415 ---
data: {"id":"gen-1783158650-6fMKVkLglsFk7xQKrVEy","object":"chat.completion.chunk","created":1783158650,"model":"deepseek/deepseek-v4-flash-20260423","provider":"GMICloud","choices":[{"index":0,"delta":{"content":"","role":"assistant","reasoning":" directory (","reasoning_details":[{"type":"reasoning.text","text":" directory (","format":"unknown","index":0}]},"finish_reason":null,"native_finish_reason":null}]}


PARSED: {"id":"gen-1783158650-6fMKVkLglsFk7xQKrVEy","object":"chat.completion.chunk","created":1783158650,"model":"deepseek/deepseek-v4-flash-20260423","provider":"GMICloud","choices":[{"index":0,"delta":{"content":"","role":"assistant","reasoning":" directory (","reasoning_details":[{"type":"reasoning.text
--- CHUNK 1783158658194 bytes=409 ---
data: {"id":"gen-1783158650-6fMKVkLglsFk7xQKrVEy","object":"chat.completion.chunk","created":1783158650,"model":"deepseek/deepseek-v4-flash-20260423","provider":"GMICloud","choices":[{"index":0,"delta":{"content":"","role":"assistant","reasoning":"building/","reasoning_details":[{"type":"reasoning.text","text":"building/","format":"unknown","index":0}]},"finish_reason":null,"native_finish_reason":null}]}


PARSED: {"id":"gen-1783158650-6fMKVkLglsFk7xQKrVEy","object":"chat.completion.chunk","created":1783158650,"model":"deepseek/deepseek-v4-flash-20260423","provider":"GMICloud","choices":[{"index":0,"delta":{"content":"","role":"assistant","reasoning":"building/","reasoning_details":[{"type":"reasoning.text","
--- CHUNK 1783158658199 bytes=417 ---
data: {"id":"gen-1783158650-6fMKVkLglsFk7xQKrVEy","object":"chat.completion.chunk","created":1783158650,"model":"deepseek/deepseek-v4-flash-20260423","provider":"GMICloud","choices":[{"index":0,"delta":{"content":"","role":"assistant","reasoning":" and physical","reasoning_details":[{"type":"reasoning.text","text":" and physical","format":"unknown","index":0}]},"finish_reason":null,"native_finish_reason":null}]}


PARSED: {"id":"gen-1783158650-6fMKVkLglsFk7xQKrVEy","object":"chat.completion.chunk","created":1783158650,"model":"deepseek/deepseek-v4-flash-20260423","provider":"GMICloud","choices":[{"index":0,"delta":{"content":"","role":"assistant","reasoning":" and physical","reasoning_details":[{"type":"reasoning.tex
--- CHUNK 1783158658201 bytes=403 ---
data: {"id":"gen-1783158650-6fMKVkLglsFk7xQKrVEy","object":"chat.completion.chunk","created":1783158650,"model":"deepseek/deepseek-v4-flash-20260423","provider":"GMICloud","choices":[{"index":0,"delta":{"content":"","role":"assistant","reasoning":"-skill","reasoning_details":[{"type":"reasoning.text","text":"-skill","format":"unknown","index":0}]},"finish_reason":null,"native_finish_reason":null}]}


PARSED: {"id":"gen-1783158650-6fMKVkLglsFk7xQKrVEy","object":"chat.completion.chunk","created":1783158650,"model":"deepseek/deepseek-v4-flash-20260423","provider":"GMICloud","choices":[{"index":0,"delta":{"content":"","role":"assistant","reasoning":"-skill","reasoning_details":[{"type":"reasoning.text","tex
--- CHUNK 1783158658220 bytes=399 ---
data: {"id":"gen-1783158650-6fMKVkLglsFk7xQKrVEy","object":"chat.completion.chunk","created":1783158650,"model":"deepseek/deepseek-v4-flash-20260423","provider":"GMICloud","choices":[{"index":0,"delta":{"content":"","role":"assistant","reasoning":"/)\n","reasoning_details":[{"type":"reasoning.text","text":"/)\n","format":"unknown","index":0}]},"finish_reason":null,"native_finish_reason":null}]}


PARSED: {"id":"gen-1783158650-6fMKVkLglsFk7xQKrVEy","object":"chat.completion.chunk","created":1783158650,"model":"deepseek/deepseek-v4-flash-20260423","provider":"GMICloud","choices":[{"index":0,"delta":{"content":"","role":"assistant","reasoning":"/)\n","reasoning_details":[{"type":"reasoning.text","text"
--- CHUNK 1783158658224 bytes=395 ---
data: {"id":"gen-1783158650-6fMKVkLglsFk7xQKrVEy","object":"chat.completion.chunk","created":1783158650,"model":"deepseek/deepseek-v4-flash-20260423","provider":"GMICloud","choices":[{"index":0,"delta":{"content":"","role":"assistant","reasoning":"3.","reasoning_details":[{"type":"reasoning.text","text":"3.","format":"unknown","index":0}]},"finish_reason":null,"native_finish_reason":null}]}


PARSED: {"id":"gen-1783158650-6fMKVkLglsFk7xQKrVEy","object":"chat.completion.chunk","created":1783158650,"model":"deepseek/deepseek-v4-flash-20260423","provider":"GMICloud","choices":[{"index":0,"delta":{"content":"","role":"assistant","reasoning":"3.","reasoning_details":[{"type":"reasoning.text","text":"
--- CHUNK 1783158658227 bytes=411 ---
data: {"id":"gen-1783158650-6fMKVkLglsFk7xQKrVEy","object":"chat.completion.chunk","created":1783158650,"model":"deepseek/deepseek-v4-flash-20260423","provider":"GMICloud","choices":[{"index":0,"delta":{"content":"","role":"assistant","reasoning":" **Execute","reasoning_details":[{"type":"reasoning.text","text":" **Execute","format":"unknown","index":0}]},"finish_reason":null,"native_finish_reason":null}]}


PARSED: {"id":"gen-1783158650-6fMKVkLglsFk7xQKrVEy","object":"chat.completion.chunk","created":1783158650,"model":"deepseek/deepseek-v4-flash-20260423","provider":"GMICloud","choices":[{"index":0,"delta":{"content":"","role":"assistant","reasoning":" **Execute","reasoning_details":[{"type":"reasoning.text",
--- CHUNK 1783158658262 bytes=399 ---
data: {"id":"gen-1783158650-6fMKVkLglsFk7xQKrVEy","object":"chat.completion.chunk","created":1783158650,"model":"deepseek/deepseek-v4-flash-20260423","provider":"GMICloud","choices":[{"index":0,"delta":{"content":"","role":"assistant","reasoning":"** -","reasoning_details":[{"type":"reasoning.text","text":"** -","format":"unknown","index":0}]},"finish_reason":null,"native_finish_reason":null}]}


PARSED: {"id":"gen-1783158650-6fMKVkLglsFk7xQKrVEy","object":"chat.completion.chunk","created":1783158650,"model":"deepseek/deepseek-v4-flash-20260423","provider":"GMICloud","choices":[{"index":0,"delta":{"content":"","role":"assistant","reasoning":"** -","reasoning_details":[{"type":"reasoning.text","text"
--- CHUNK 1783158658265 bytes=411 ---
data: {"id":"gen-1783158650-6fMKVkLglsFk7xQKrVEy","object":"chat.completion.chunk","created":1783158650,"model":"deepseek/deepseek-v4-flash-20260423","provider":"GMICloud","choices":[{"index":0,"delta":{"content":"","role":"assistant","reasoning":" via Skill","reasoning_details":[{"type":"reasoning.text","text":" via Skill","format":"unknown","index":0}]},"finish_reason":null,"native_finish_reason":null}]}


PARSED: {"id":"gen-1783158650-6fMKVkLglsFk7xQKrVEy","object":"chat.completion.chunk","created":1783158650,"model":"deepseek/deepseek-v4-flash-20260423","provider":"GMICloud","choices":[{"index":0,"delta":{"content":"","role":"assistant","reasoning":" via Skill","reasoning_details":[{"type":"reasoning.text",
--- CHUNK 1783158658271 bytes=409 ---
data: {"id":"gen-1783158650-6fMKVkLglsFk7xQKrVEy","object":"chat.completion.chunk","created":1783158650,"model":"deepseek/deepseek-v4-flash-20260423","provider":"GMICloud","choices":[{"index":0,"delta":{"content":"","role":"assistant","reasoning":" Exec API","reasoning_details":[{"type":"reasoning.text","text":" Exec API","format":"unknown","index":0}]},"finish_reason":null,"native_finish_reason":null}]}


PARSED: {"id":"gen-1783158650-6fMKVkLglsFk7xQKrVEy","object":"chat.completion.chunk","created":1783158650,"model":"deepseek/deepseek-v4-flash-20260423","provider":"GMICloud","choices":[{"index":0,"delta":{"content":"","role":"assistant","reasoning":" Exec API","reasoning_details":[{"type":"reasoning.text","
--- CHUNK 1783158658304 bytes=393 ---
data: {"id":"gen-1783158650-6fMKVkLglsFk7xQKrVEy","object":"chat.completion.chunk","created":1783158650,"model":"deepseek/deepseek-v4-flash-20260423","provider":"GMICloud","choices":[{"index":0,"delta":{"content":"","role":"assistant","reasoning":",","reasoning_details":[{"type":"reasoning.text","text":",","format":"unknown","index":0}]},"finish_reason":null,"native_finish_reason":null}]}


PARSED: {"id":"gen-1783158650-6fMKVkLglsFk7xQKrVEy","object":"chat.completion.chunk","created":1783158650,"model":"deepseek/deepseek-v4-flash-20260423","provider":"GMICloud","choices":[{"index":0,"delta":{"content":"","role":"assistant","reasoning":",","reasoning_details":[{"type":"reasoning.text","text":",
--- CHUNK 1783158658309 bytes=411 ---
data: {"id":"gen-1783158650-6fMKVkLglsFk7xQKrVEy","object":"chat.completion.chunk","created":1783158650,"model":"deepseek/deepseek-v4-flash-20260423","provider":"GMICloud","choices":[{"index":0,"delta":{"content":"","role":"assistant","reasoning":" called by","reasoning_details":[{"type":"reasoning.text","text":" called by","format":"unknown","index":0}]},"finish_reason":null,"native_finish_reason":null}]}


PARSED: {"id":"gen-1783158650-6fMKVkLglsFk7xQKrVEy","object":"chat.completion.chunk","created":1783158650,"model":"deepseek/deepseek-v4-flash-20260423","provider":"GMICloud","choices":[{"index":0,"delta":{"content":"","role":"assistant","reasoning":" called by","reasoning_details":[{"type":"reasoning.text",
--- CHUNK 1783158658317 bytes=401 ---
data: {"id":"gen-1783158650-6fMKVkLglsFk7xQKrVEy","object":"chat.completion.chunk","created":1783158650,"model":"deepseek/deepseek-v4-flash-20260423","provider":"GMICloud","choices":[{"index":0,"delta":{"content":"","role":"assistant","reasoning":":\n  ","reasoning_details":[{"type":"reasoning.text","text":":\n  ","format":"unknown","index":0}]},"finish_reason":null,"native_finish_reason":null}]}


PARSED: {"id":"gen-1783158650-6fMKVkLglsFk7xQKrVEy","object":"chat.completion.chunk","created":1783158650,"model":"deepseek/deepseek-v4-flash-20260423","provider":"GMICloud","choices":[{"index":0,"delta":{"content":"","role":"assistant","reasoning":":\n  ","reasoning_details":[{"type":"reasoning.text","text
--- CHUNK 1783158658347 bytes=405 ---
data: {"id":"gen-1783158650-6fMKVkLglsFk7xQKrVEy","object":"chat.completion.chunk","created":1783158650,"model":"deepseek/deepseek-v4-flash-20260423","provider":"GMICloud","choices":[{"index":0,"delta":{"content":"","role":"assistant","reasoning":" - Work","reasoning_details":[{"type":"reasoning.text","text":" - Work","format":"unknown","index":0}]},"finish_reason":null,"native_finish_reason":null}]}


PARSED: {"id":"gen-1783158650-6fMKVkLglsFk7xQKrVEy","object":"chat.completion.chunk","created":1783158650,"model":"deepseek/deepseek-v4-flash-20260423","provider":"GMICloud","choices":[{"index":0,"delta":{"content":"","role":"assistant","reasoning":" - Work","reasoning_details":[{"type":"reasoning.text","te
--- CHUNK 1783158658352 bytes=403 ---
data: {"id":"gen-1783158650-6fMKVkLglsFk7xQKrVEy","object":"chat.completion.chunk","created":1783158650,"model":"deepseek/deepseek-v4-flash-20260423","provider":"GMICloud","choices":[{"index":0,"delta":{"content":"","role":"assistant","reasoning":"flow\n","reasoning_details":[{"type":"reasoning.text","text":"flow\n","format":"unknown","index":0}]},"finish_reason":null,"native_finish_reason":null}]}


PARSED: {"id":"gen-1783158650-6fMKVkLglsFk7xQKrVEy","object":"chat.completion.chunk","created":1783158650,"model":"deepseek/deepseek-v4-flash-20260423","provider":"GMICloud","choices":[{"index":0,"delta":{"content":"","role":"assistant","reasoning":"flow\n","reasoning_details":[{"type":"reasoning.text","tex
--- CHUNK 1783158658357 bytes=399 ---
data: {"id":"gen-1783158650-6fMKVkLglsFk7xQKrVEy","object":"chat.completion.chunk","created":1783158650,"model":"deepseek/deepseek-v4-flash-20260423","provider":"GMICloud","choices":[{"index":0,"delta":{"content":"","role":"assistant","reasoning":"   -","reasoning_details":[{"type":"reasoning.text","text":"   -","format":"unknown","index":0}]},"finish_reason":null,"native_finish_reason":null}]}


PARSED: {"id":"gen-1783158650-6fMKVkLglsFk7xQKrVEy","object":"chat.completion.chunk","created":1783158650,"model":"deepseek/deepseek-v4-flash-20260423","provider":"GMICloud","choices":[{"index":0,"delta":{"content":"","role":"assistant","reasoning":"   -","reasoning_details":[{"type":"reasoning.text","text"
--- CHUNK 1783158658360 bytes=409 ---
data: {"id":"gen-1783158650-6fMKVkLglsFk7xQKrVEy","object":"chat.completion.chunk","created":1783158650,"model":"deepseek/deepseek-v4-flash-20260423","provider":"GMICloud","choices":[{"index":0,"delta":{"content":"","role":"assistant","reasoning":" Cron Job","reasoning_details":[{"type":"reasoning.text","text":" Cron Job","format":"unknown","index":0}]},"finish_reason":null,"native_finish_reason":null}]}


PARSED: {"id":"gen-1783158650-6fMKVkLglsFk7xQKrVEy","object":"chat.completion.chunk","created":1783158650,"model":"deepseek/deepseek-v4-flash-20260423","provider":"GMICloud","choices":[{"index":0,"delta":{"content":"","role":"assistant","reasoning":" Cron Job","reasoning_details":[{"type":"reasoning.text","
--- CHUNK 1783158658392 bytes=395 ---
data: {"id":"gen-1783158650-6fMKVkLglsFk7xQKrVEy","object":"chat.completion.chunk","created":1783158650,"model":"deepseek/deepseek-v4-flash-20260423","provider":"GMICloud","choices":[{"index":0,"delta":{"content":"","role":"assistant","reasoning":"\n","reasoning_details":[{"type":"reasoning.text","text":"\n","format":"unknown","index":0}]},"finish_reason":null,"native_finish_reason":null}]}


PARSED: {"id":"gen-1783158650-6fMKVkLglsFk7xQKrVEy","object":"chat.completion.chunk","created":1783158650,"model":"deepseek/deepseek-v4-flash-20260423","provider":"GMICloud","choices":[{"index":0,"delta":{"content":"","role":"assistant","reasoning":"\n","reasoning_details":[{"type":"reasoning.text","text":"
--- CHUNK 1783158658395 bytes=399 ---
data: {"id":"gen-1783158650-6fMKVkLglsFk7xQKrVEy","object":"chat.completion.chunk","created":1783158650,"model":"deepseek/deepseek-v4-flash-20260423","provider":"GMICloud","choices":[{"index":0,"delta":{"content":"","role":"assistant","reasoning":"   -","reasoning_details":[{"type":"reasoning.text","text":"   -","format":"unknown","index":0}]},"finish_reason":null,"native_finish_reason":null}]}


PARSED: {"id":"gen-1783158650-6fMKVkLglsFk7xQKrVEy","object":"chat.completion.chunk","created":1783158650,"model":"deepseek/deepseek-v4-flash-20260423","provider":"GMICloud","choices":[{"index":0,"delta":{"content":"","role":"assistant","reasoning":"   -","reasoning_details":[{"type":"reasoning.text","text"
--- CHUNK 1783158658401 bytes=405 ---
data: {"id":"gen-1783158650-6fMKVkLglsFk7xQKrVEy","object":"chat.completion.chunk","created":1783158650,"model":"deepseek/deepseek-v4-flash-20260423","provider":"GMICloud","choices":[{"index":0,"delta":{"content":"","role":"assistant","reasoning":" Crew /","reasoning_details":[{"type":"reasoning.text","text":" Crew /","format":"unknown","index":0}]},"finish_reason":null,"native_finish_reason":null}]}


PARSED: {"id":"gen-1783158650-6fMKVkLglsFk7xQKrVEy","object":"chat.completion.chunk","created":1783158650,"model":"deepseek/deepseek-v4-flash-20260423","provider":"GMICloud","choices":[{"index":0,"delta":{"content":"","role":"assistant","reasoning":" Crew /","reasoning_details":[{"type":"reasoning.text","te
--- CHUNK 1783158658404 bytes=413 ---
data: {"id":"gen-1783158650-6fMKVkLglsFk7xQKrVEy","object":"chat.completion.chunk","created":1783158650,"model":"deepseek/deepseek-v4-flash-20260423","provider":"GMICloud","choices":[{"index":0,"delta":{"content":"","role":"assistant","reasoning":" Employee\n","reasoning_details":[{"type":"reasoning.text","text":" Employee\n","format":"unknown","index":0}]},"finish_reason":null,"native_finish_reason":null}]}


PARSED: {"id":"gen-1783158650-6fMKVkLglsFk7xQKrVEy","object":"chat.completion.chunk","created":1783158650,"model":"deepseek/deepseek-v4-flash-20260423","provider":"GMICloud","choices":[{"index":0,"delta":{"content":"","role":"assistant","reasoning":" Employee\n","reasoning_details":[{"type":"reasoning.text"
--- CHUNK 1783158658595 bytes=395 ---
data: {"id":"gen-1783158650-6fMKVkLglsFk7xQKrVEy","object":"chat.completion.chunk","created":1783158650,"model":"deepseek/deepseek-v4-flash-20260423","provider":"GMICloud","choices":[{"index":0,"delta":{"content":"","role":"assistant","reasoning":"  ","reasoning_details":[{"type":"reasoning.text","text":"  ","format":"unknown","index":0}]},"finish_reason":null,"native_finish_reason":null}]}


PARSED: {"id":"gen-1783158650-6fMKVkLglsFk7xQKrVEy","object":"chat.completion.chunk","created":1783158650,"model":"deepseek/deepseek-v4-flash-20260423","provider":"GMICloud","choices":[{"index":0,"delta":{"content":"","role":"assistant","reasoning":"  ","reasoning_details":[{"type":"reasoning.text","text":"
--- CHUNK 1783158658599 bytes=403 ---
data: {"id":"gen-1783158650-6fMKVkLglsFk7xQKrVEy","object":"chat.completion.chunk","created":1783158650,"model":"deepseek/deepseek-v4-flash-20260423","provider":"GMICloud","choices":[{"index":0,"delta":{"content":"","role":"assistant","reasoning":" - API","reasoning_details":[{"type":"reasoning.text","text":" - API","format":"unknown","index":0}]},"finish_reason":null,"native_finish_reason":null}]}


PARSED: {"id":"gen-1783158650-6fMKVkLglsFk7xQKrVEy","object":"chat.completion.chunk","created":1783158650,"model":"deepseek/deepseek-v4-flash-20260423","provider":"GMICloud","choices":[{"index":0,"delta":{"content":"","role":"assistant","reasoning":" - API","reasoning_details":[{"type":"reasoning.text","tex
--- CHUNK 1783158658602 bytes=417 ---
data: {"id":"gen-1783158650-6fMKVkLglsFk7xQKrVEy","object":"chat.completion.chunk","created":1783158650,"model":"deepseek/deepseek-v4-flash-20260423","provider":"GMICloud","choices":[{"index":0,"delta":{"content":"","role":"assistant","reasoning":" directly\n\n","reasoning_details":[{"type":"reasoning.text","text":" directly\n\n","format":"unknown","index":0}]},"finish_reason":null,"native_finish_reason":null}]}


PARSED: {"id":"gen-1783158650-6fMKVkLglsFk7xQKrVEy","object":"chat.completion.chunk","created":1783158650,"model":"deepseek/deepseek-v4-flash-20260423","provider":"GMICloud","choices":[{"index":0,"delta":{"content":"","role":"assistant","reasoning":" directly\n\n","reasoning_details":[{"type":"reasoning.tex
--- CHUNK 1783158658651 bytes=409 ---
data: {"id":"gen-1783158650-6fMKVkLglsFk7xQKrVEy","object":"chat.completion.chunk","created":1783158650,"model":"deepseek/deepseek-v4-flash-20260423","provider":"GMICloud","choices":[{"index":0,"delta":{"content":"","role":"assistant","reasoning":"**Context","reasoning_details":[{"type":"reasoning.text","text":"**Context","format":"unknown","index":0}]},"finish_reason":null,"native_finish_reason":null}]}


PARSED: {"id":"gen-1783158650-6fMKVkLglsFk7xQKrVEy","object":"chat.completion.chunk","created":1783158650,"model":"deepseek/deepseek-v4-flash-20260423","provider":"GMICloud","choices":[{"index":0,"delta":{"content":"","role":"assistant","reasoning":"**Context","reasoning_details":[{"type":"reasoning.text","
--- CHUNK 1783158658654 bytes=411 ---
data: {"id":"gen-1783158650-6fMKVkLglsFk7xQKrVEy","object":"chat.completion.chunk","created":1783158650,"model":"deepseek/deepseek-v4-flash-20260423","provider":"GMICloud","choices":[{"index":0,"delta":{"content":"","role":"assistant","reasoning":" for Skill","reasoning_details":[{"type":"reasoning.text","text":" for Skill","format":"unknown","index":0}]},"finish_reason":null,"native_finish_reason":null}]}


PARSED: {"id":"gen-1783158650-6fMKVkLglsFk7xQKrVEy","object":"chat.completion.chunk","created":1783158650,"model":"deepseek/deepseek-v4-flash-20260423","provider":"GMICloud","choices":[{"index":0,"delta":{"content":"","role":"assistant","reasoning":" for Skill","reasoning_details":[{"type":"reasoning.text",
--- CHUNK 1783158658658 bytes=413 ---
data: {"id":"gen-1783158650-6fMKVkLglsFk7xQKrVEy","object":"chat.completion.chunk","created":1783158650,"model":"deepseek/deepseek-v4-flash-20260423","provider":"GMICloud","choices":[{"index":0,"delta":{"content":"","role":"assistant","reasoning":" Execution:","reasoning_details":[{"type":"reasoning.text","text":" Execution:","format":"unknown","index":0}]},"finish_reason":null,"native_finish_reason":null}]}


PARSED: {"id":"gen-1783158650-6fMKVkLglsFk7xQKrVEy","object":"chat.completion.chunk","created":1783158650,"model":"deepseek/deepseek-v4-flash-20260423","provider":"GMICloud","choices":[{"index":0,"delta":{"content":"","role":"assistant","reasoning":" Execution:","reasoning_details":[{"type":"reasoning.text"
--- CHUNK 1783158658716 bytes=407 ---
data: {"id":"gen-1783158650-6fMKVkLglsFk7xQKrVEy","object":"chat.completion.chunk","created":1783158650,"model":"deepseek/deepseek-v4-flash-20260423","provider":"GMICloud","choices":[{"index":0,"delta":{"content":"","role":"assistant","reasoning":"**\nWhen","reasoning_details":[{"type":"reasoning.text","text":"**\nWhen","format":"unknown","index":0}]},"finish_reason":null,"native_finish_reason":null}]}


PARSED: {"id":"gen-1783158650-6fMKVkLglsFk7xQKrVEy","object":"chat.completion.chunk","created":1783158650,"model":"deepseek/deepseek-v4-flash-20260423","provider":"GMICloud","choices":[{"index":0,"delta":{"content":"","role":"assistant","reasoning":"**\nWhen","reasoning_details":[{"type":"reasoning.text","t
--- CHUNK 1783158658718 bytes=407 ---
data: {"id":"gen-1783158650-6fMKVkLglsFk7xQKrVEy","object":"chat.completion.chunk","created":1783158650,"model":"deepseek/deepseek-v4-flash-20260423","provider":"GMICloud","choices":[{"index":0,"delta":{"content":"","role":"assistant","reasoning":" a Skill","reasoning_details":[{"type":"reasoning.text","text":" a Skill","format":"unknown","index":0}]},"finish_reason":null,"native_finish_reason":null}]}


PARSED: {"id":"gen-1783158650-6fMKVkLglsFk7xQKrVEy","object":"chat.completion.chunk","created":1783158650,"model":"deepseek/deepseek-v4-flash-20260423","provider":"GMICloud","choices":[{"index":0,"delta":{"content":"","role":"assistant","reasoning":" a Skill","reasoning_details":[{"type":"reasoning.text","t
--- CHUNK 1783158658720 bytes=415 ---
data: {"id":"gen-1783158650-6fMKVkLglsFk7xQKrVEy","object":"chat.completion.chunk","created":1783158650,"model":"deepseek/deepseek-v4-flash-20260423","provider":"GMICloud","choices":[{"index":0,"delta":{"content":"","role":"assistant","reasoning":" is executed","reasoning_details":[{"type":"reasoning.text","text":" is executed","format":"unknown","index":0}]},"finish_reason":null,"native_finish_reason":null}]}


PARSED: {"id":"gen-1783158650-6fMKVkLglsFk7xQKrVEy","object":"chat.completion.chunk","created":1783158650,"model":"deepseek/deepseek-v4-flash-20260423","provider":"GMICloud","choices":[{"index":0,"delta":{"content":"","role":"assistant","reasoning":" is executed","reasoning_details":[{"type":"reasoning.text
--- CHUNK 1783158658723 bytes=401 ---
data: {"id":"gen-1783158650-6fMKVkLglsFk7xQKrVEy","object":"chat.completion.chunk","created":1783158650,"model":"deepseek/deepseek-v4-flash-20260423","provider":"GMICloud","choices":[{"index":0,"delta":{"content":"","role":"assistant","reasoning":", the","reasoning_details":[{"type":"reasoning.text","text":", the","format":"unknown","index":0}]},"finish_reason":null,"native_finish_reason":null}]}


PARSED: {"id":"gen-1783158650-6fMKVkLglsFk7xQKrVEy","object":"chat.completion.chunk","created":1783158650,"model":"deepseek/deepseek-v4-flash-20260423","provider":"GMICloud","choices":[{"index":0,"delta":{"content":"","role":"assistant","reasoning":", the","reasoning_details":[{"type":"reasoning.text","text
--- CHUNK 1783158658746 bytes=407 ---
data: {"id":"gen-1783158650-6fMKVkLglsFk7xQKrVEy","object":"chat.completion.chunk","created":1783158650,"model":"deepseek/deepseek-v4-flash-20260423","provider":"GMICloud","choices":[{"index":0,"delta":{"content":"","role":"assistant","reasoning":" context","reasoning_details":[{"type":"reasoning.text","text":" context","format":"unknown","index":0}]},"finish_reason":null,"native_finish_reason":null}]}


PARSED: {"id":"gen-1783158650-6fMKVkLglsFk7xQKrVEy","object":"chat.completion.chunk","created":1783158650,"model":"deepseek/deepseek-v4-flash-20260423","provider":"GMICloud","choices":[{"index":0,"delta":{"content":"","role":"assistant","reasoning":" context","reasoning_details":[{"type":"reasoning.text","t
--- CHUNK 1783158658748 bytes=419 ---
data: {"id":"gen-1783158650-6fMKVkLglsFk7xQKrVEy","object":"chat.completion.chunk","created":1783158650,"model":"deepseek/deepseek-v4-flash-20260423","provider":"GMICloud","choices":[{"index":0,"delta":{"content":"","role":"assistant","reasoning":" engine builds","reasoning_details":[{"type":"reasoning.text","text":" engine builds","format":"unknown","index":0}]},"finish_reason":null,"native_finish_reason":null}]}


PARSED: {"id":"gen-1783158650-6fMKVkLglsFk7xQKrVEy","object":"chat.completion.chunk","created":1783158650,"model":"deepseek/deepseek-v4-flash-20260423","provider":"GMICloud","choices":[{"index":0,"delta":{"content":"","role":"assistant","reasoning":" engine builds","reasoning_details":[{"type":"reasoning.te
--- CHUNK 1783158658749 bytes=399 ---
data: {"id":"gen-1783158650-6fMKVkLglsFk7xQKrVEy","object":"chat.completion.chunk","created":1783158650,"model":"deepseek/deepseek-v4-flash-20260423","provider":"GMICloud","choices":[{"index":0,"delta":{"content":"","role":"assistant","reasoning":":\n-","reasoning_details":[{"type":"reasoning.text","text":":\n-","format":"unknown","index":0}]},"finish_reason":null,"native_finish_reason":null}]}


PARSED: {"id":"gen-1783158650-6fMKVkLglsFk7xQKrVEy","object":"chat.completion.chunk","created":1783158650,"model":"deepseek/deepseek-v4-flash-20260423","provider":"GMICloud","choices":[{"index":0,"delta":{"content":"","role":"assistant","reasoning":":\n-","reasoning_details":[{"type":"reasoning.text","text"
--- CHUNK 1783158658751 bytes=405 ---
data: {"id":"gen-1783158650-6fMKVkLglsFk7xQKrVEy","object":"chat.completion.chunk","created":1783158650,"model":"deepseek/deepseek-v4-flash-20260423","provider":"GMICloud","choices":[{"index":0,"delta":{"content":"","role":"assistant","reasoning":" `build","reasoning_details":[{"type":"reasoning.text","text":" `build","format":"unknown","index":0}]},"finish_reason":null,"native_finish_reason":null}]}


PARSED: {"id":"gen-1783158650-6fMKVkLglsFk7xQKrVEy","object":"chat.completion.chunk","created":1783158650,"model":"deepseek/deepseek-v4-flash-20260423","provider":"GMICloud","choices":[{"index":0,"delta":{"content":"","role":"assistant","reasoning":" `build","reasoning_details":[{"type":"reasoning.text","te
--- CHUNK 1783158658780 bytes=399 ---
data: {"id":"gen-1783158650-6fMKVkLglsFk7xQKrVEy","object":"chat.completion.chunk","created":1783158650,"model":"deepseek/deepseek-v4-flash-20260423","provider":"GMICloud","choices":[{"index":0,"delta":{"content":"","role":"assistant","reasoning":"Full","reasoning_details":[{"type":"reasoning.text","text":"Full","format":"unknown","index":0}]},"finish_reason":null,"native_finish_reason":null}]}


PARSED: {"id":"gen-1783158650-6fMKVkLglsFk7xQKrVEy","object":"chat.completion.chunk","created":1783158650,"model":"deepseek/deepseek-v4-flash-20260423","provider":"GMICloud","choices":[{"index":0,"delta":{"content":"","role":"assistant","reasoning":"Full","reasoning_details":[{"type":"reasoning.text","text"
--- CHUNK 1783158658784 bytes=417 ---
data: {"id":"gen-1783158650-6fMKVkLglsFk7xQKrVEy","object":"chat.completion.chunk","created":1783158650,"model":"deepseek/deepseek-v4-flash-20260423","provider":"GMICloud","choices":[{"index":0,"delta":{"content":"","role":"assistant","reasoning":"SystemContext","reasoning_details":[{"type":"reasoning.text","text":"SystemContext","format":"unknown","index":0}]},"finish_reason":null,"native_finish_reason":null}]}


PARSED: {"id":"gen-1783158650-6fMKVkLglsFk7xQKrVEy","object":"chat.completion.chunk","created":1783158650,"model":"deepseek/deepseek-v4-flash-20260423","provider":"GMICloud","choices":[{"index":0,"delta":{"content":"","role":"assistant","reasoning":"SystemContext","reasoning_details":[{"type":"reasoning.tex
--- CHUNK 1783158658790 bytes=401 ---
data: {"id":"gen-1783158650-6fMKVkLglsFk7xQKrVEy","object":"chat.completion.chunk","created":1783158650,"model":"deepseek/deepseek-v4-flash-20260423","provider":"GMICloud","choices":[{"index":0,"delta":{"content":"","role":"assistant","reasoning":"()` (","reasoning_details":[{"type":"reasoning.text","text":"()` (","format":"unknown","index":0}]},"finish_reason":null,"native_finish_reason":null}]}


PARSED: {"id":"gen-1783158650-6fMKVkLglsFk7xQKrVEy","object":"chat.completion.chunk","created":1783158650,"model":"deepseek/deepseek-v4-flash-20260423","provider":"GMICloud","choices":[{"index":0,"delta":{"content":"","role":"assistant","reasoning":"()` (","reasoning_details":[{"type":"reasoning.text","text
--- CHUNK 1783158658819 bytes=397 ---
data: {"id":"gen-1783158650-6fMKVkLglsFk7xQKrVEy","object":"chat.completion.chunk","created":1783158650,"model":"deepseek/deepseek-v4-flash-20260423","provider":"GMICloud","choices":[{"index":0,"delta":{"content":"","role":"assistant","reasoning":"the","reasoning_details":[{"type":"reasoning.text","text":"the","format":"unknown","index":0}]},"finish_reason":null,"native_finish_reason":null}]}


PARSED: {"id":"gen-1783158650-6fMKVkLglsFk7xQKrVEy","object":"chat.completion.chunk","created":1783158650,"model":"deepseek/deepseek-v4-flash-20260423","provider":"GMICloud","choices":[{"index":0,"delta":{"content":"","role":"assistant","reasoning":"the","reasoning_details":[{"type":"reasoning.text","text":
--- CHUNK 1783158658820 bytes=411 ---
data: {"id":"gen-1783158650-6fMKVkLglsFk7xQKrVEy","object":"chat.completion.chunk","created":1783158650,"model":"deepseek/deepseek-v4-flash-20260423","provider":"GMICloud","choices":[{"index":0,"delta":{"content":"","role":"assistant","reasoning":" full base","reasoning_details":[{"type":"reasoning.text","text":" full base","format":"unknown","index":0}]},"finish_reason":null,"native_finish_reason":null}]}


PARSED: {"id":"gen-1783158650-6fMKVkLglsFk7xQKrVEy","object":"chat.completion.chunk","created":1783158650,"model":"deepseek/deepseek-v4-flash-20260423","provider":"GMICloud","choices":[{"index":0,"delta":{"content":"","role":"assistant","reasoning":" full base","reasoning_details":[{"type":"reasoning.text",
--- CHUNK 1783158658825 bytes=413 ---
data: {"id":"gen-1783158650-6fMKVkLglsFk7xQKrVEy","object":"chat.completion.chunk","created":1783158650,"model":"deepseek/deepseek-v4-flash-20260423","provider":"GMICloud","choices":[{"index":0,"delta":{"content":"","role":"assistant","reasoning":" context)\n","reasoning_details":[{"type":"reasoning.text","text":" context)\n","format":"unknown","index":0}]},"finish_reason":null,"native_finish_reason":null}]}


PARSED: {"id":"gen-1783158650-6fMKVkLglsFk7xQKrVEy","object":"chat.completion.chunk","created":1783158650,"model":"deepseek/deepseek-v4-flash-20260423","provider":"GMICloud","choices":[{"index":0,"delta":{"content":"","role":"assistant","reasoning":" context)\n","reasoning_details":[{"type":"reasoning.text"
--- CHUNK 1783158658851 bytes=401 ---
data: {"id":"gen-1783158650-6fMKVkLglsFk7xQKrVEy","object":"chat.completion.chunk","created":1783158650,"model":"deepseek/deepseek-v4-flash-20260423","provider":"GMICloud","choices":[{"index":0,"delta":{"content":"","role":"assistant","reasoning":"- app","reasoning_details":[{"type":"reasoning.text","text":"- app","format":"unknown","index":0}]},"finish_reason":null,"native_finish_reason":null}]}


PARSED: {"id":"gen-1783158650-6fMKVkLglsFk7xQKrVEy","object":"chat.completion.chunk","created":1783158650,"model":"deepseek/deepseek-v4-flash-20260423","provider":"GMICloud","choices":[{"index":0,"delta":{"content":"","role":"assistant","reasoning":"- app","reasoning_details":[{"type":"reasoning.text","text
--- CHUNK 1783158658857 bytes=399 ---
data: {"id":"gen-1783158650-6fMKVkLglsFk7xQKrVEy","object":"chat.completion.chunk","created":1783158650,"model":"deepseek/deepseek-v4-flash-20260423","provider":"GMICloud","choices":[{"index":0,"delta":{"content":"","role":"assistant","reasoning":" `SY","reasoning_details":[{"type":"reasoning.text","text":" `SY","format":"unknown","index":0}]},"finish_reason":null,"native_finish_reason":null}]}


PARSED: {"id":"gen-1783158650-6fMKVkLglsFk7xQKrVEy","object":"chat.completion.chunk","created":1783158650,"model":"deepseek/deepseek-v4-flash-20260423","provider":"GMICloud","choices":[{"index":0,"delta":{"content":"","role":"assistant","reasoning":" `SY","reasoning_details":[{"type":"reasoning.text","text"
--- CHUNK 1783158658860 bytes=405 ---
data: {"id":"gen-1783158650-6fMKVkLglsFk7xQKrVEy","object":"chat.completion.chunk","created":1783158650,"model":"deepseek/deepseek-v4-flash-20260423","provider":"GMICloud","choices":[{"index":0,"delta":{"content":"","role":"assistant","reasoning":"STEM.md","reasoning_details":[{"type":"reasoning.text","text":"STEM.md","format":"unknown","index":0}]},"finish_reason":null,"native_finish_reason":null}]}


PARSED: {"id":"gen-1783158650-6fMKVkLglsFk7xQKrVEy","object":"chat.completion.chunk","created":1783158650,"model":"deepseek/deepseek-v4-flash-20260423","provider":"GMICloud","choices":[{"index":0,"delta":{"content":"","role":"assistant","reasoning":"STEM.md","reasoning_details":[{"type":"reasoning.text","te
--- CHUNK 1783158658883 bytes=393 ---
data: {"id":"gen-1783158650-6fMKVkLglsFk7xQKrVEy","object":"chat.completion.chunk","created":1783158650,"model":"deepseek/deepseek-v4-flash-20260423","provider":"GMICloud","choices":[{"index":0,"delta":{"content":"","role":"assistant","reasoning":"`","reasoning_details":[{"type":"reasoning.text","text":"`","format":"unknown","index":0}]},"finish_reason":null,"native_finish_reason":null}]}


PARSED: {"id":"gen-1783158650-6fMKVkLglsFk7xQKrVEy","object":"chat.completion.chunk","created":1783158650,"model":"deepseek/deepseek-v4-flash-20260423","provider":"GMICloud","choices":[{"index":0,"delta":{"content":"","role":"assistant","reasoning":"`","reasoning_details":[{"type":"reasoning.text","text":"`
--- CHUNK 1783158658886 bytes=399 ---
data: {"id":"gen-1783158650-6fMKVkLglsFk7xQKrVEy","object":"chat.completion.chunk","created":1783158650,"model":"deepseek/deepseek-v4-flash-20260423","provider":"GMICloud","choices":[{"index":0,"delta":{"content":"","role":"assistant","reasoning":" (if","reasoning_details":[{"type":"reasoning.text","text":" (if","format":"unknown","index":0}]},"finish_reason":null,"native_finish_reason":null}]}


PARSED: {"id":"gen-1783158650-6fMKVkLglsFk7xQKrVEy","object":"chat.completion.chunk","created":1783158650,"model":"deepseek/deepseek-v4-flash-20260423","provider":"GMICloud","choices":[{"index":0,"delta":{"content":"","role":"assistant","reasoning":" (if","reasoning_details":[{"type":"reasoning.text","text"
--- CHUNK 1783158658892 bytes=411 ---
data: {"id":"gen-1783158650-6fMKVkLglsFk7xQKrVEy","object":"chat.completion.chunk","created":1783158650,"model":"deepseek/deepseek-v4-flash-20260423","provider":"GMICloud","choices":[{"index":0,"delta":{"content":"","role":"assistant","reasoning":" exists)\n","reasoning_details":[{"type":"reasoning.text","text":" exists)\n","format":"unknown","index":0}]},"finish_reason":null,"native_finish_reason":null}]}


PARSED: {"id":"gen-1783158650-6fMKVkLglsFk7xQKrVEy","object":"chat.completion.chunk","created":1783158650,"model":"deepseek/deepseek-v4-flash-20260423","provider":"GMICloud","choices":[{"index":0,"delta":{"content":"","role":"assistant","reasoning":" exists)\n","reasoning_details":[{"type":"reasoning.text",
--- CHUNK 1783158658912 bytes=397 ---
data: {"id":"gen-1783158650-6fMKVkLglsFk7xQKrVEy","object":"chat.completion.chunk","created":1783158650,"model":"deepseek/deepseek-v4-flash-20260423","provider":"GMICloud","choices":[{"index":0,"delta":{"content":"","role":"assistant","reasoning":"- `","reasoning_details":[{"type":"reasoning.text","text":"- `","format":"unknown","index":0}]},"finish_reason":null,"native_finish_reason":null}]}


PARSED: {"id":"gen-1783158650-6fMKVkLglsFk7xQKrVEy","object":"chat.completion.chunk","created":1783158650,"model":"deepseek/deepseek-v4-flash-20260423","provider":"GMICloud","choices":[{"index":0,"delta":{"content":"","role":"assistant","reasoning":"- `","reasoning_details":[{"type":"reasoning.text","text":
--- CHUNK 1783158658919 bytes=403 ---
data: {"id":"gen-1783158650-6fMKVkLglsFk7xQKrVEy","object":"chat.completion.chunk","created":1783158650,"model":"deepseek/deepseek-v4-flash-20260423","provider":"GMICloud","choices":[{"index":0,"delta":{"content":"","role":"assistant","reasoning":"crew/s","reasoning_details":[{"type":"reasoning.text","text":"crew/s","format":"unknown","index":0}]},"finish_reason":null,"native_finish_reason":null}]}


PARSED: {"id":"gen-1783158650-6fMKVkLglsFk7xQKrVEy","object":"chat.completion.chunk","created":1783158650,"model":"deepseek/deepseek-v4-flash-20260423","provider":"GMICloud","choices":[{"index":0,"delta":{"content":"","role":"assistant","reasoning":"crew/s","reasoning_details":[{"type":"reasoning.text","tex
--- CHUNK 1783158658922 bytes=403 ---
data: {"id":"gen-1783158650-6fMKVkLglsFk7xQKrVEy","object":"chat.completion.chunk","created":1783158650,"model":"deepseek/deepseek-v4-flash-20260423","provider":"GMICloud","choices":[{"index":0,"delta":{"content":"","role":"assistant","reasoning":"kill-r","reasoning_details":[{"type":"reasoning.text","text":"kill-r","format":"unknown","index":0}]},"finish_reason":null,"native_finish_reason":null}]}


PARSED: {"id":"gen-1783158650-6fMKVkLglsFk7xQKrVEy","object":"chat.completion.chunk","created":1783158650,"model":"deepseek/deepseek-v4-flash-20260423","provider":"GMICloud","choices":[{"index":0,"delta":{"content":"","role":"assistant","reasoning":"kill-r","reasoning_details":[{"type":"reasoning.text","tex
--- CHUNK 1783158658958 bytes=399 ---
data: {"id":"gen-1783158650-6fMKVkLglsFk7xQKrVEy","object":"chat.completion.chunk","created":1783158650,"model":"deepseek/deepseek-v4-flash-20260423","provider":"GMICloud","choices":[{"index":0,"delta":{"content":"","role":"assistant","reasoning":"ules","reasoning_details":[{"type":"reasoning.text","text":"ules","format":"unknown","index":0}]},"finish_reason":null,"native_finish_reason":null}]}


PARSED: {"id":"gen-1783158650-6fMKVkLglsFk7xQKrVEy","object":"chat.completion.chunk","created":1783158650,"model":"deepseek/deepseek-v4-flash-20260423","provider":"GMICloud","choices":[{"index":0,"delta":{"content":"","role":"assistant","reasoning":"ules","reasoning_details":[{"type":"reasoning.text","text"
--- CHUNK 1783158658961 bytes=399 ---
data: {"id":"gen-1783158650-6fMKVkLglsFk7xQKrVEy","object":"chat.completion.chunk","created":1783158650,"model":"deepseek/deepseek-v4-flash-20260423","provider":"GMICloud","choices":[{"index":0,"delta":{"content":"","role":"assistant","reasoning":".md`","reasoning_details":[{"type":"reasoning.text","text":".md`","format":"unknown","index":0}]},"finish_reason":null,"native_finish_reason":null}]}


PARSED: {"id":"gen-1783158650-6fMKVkLglsFk7xQKrVEy","object":"chat.completion.chunk","created":1783158650,"model":"deepseek/deepseek-v4-flash-20260423","provider":"GMICloud","choices":[{"index":0,"delta":{"content":"","role":"assistant","reasoning":".md`","reasoning_details":[{"type":"reasoning.text","text"
--- CHUNK 1783158658966 bytes=405 ---
data: {"id":"gen-1783158650-6fMKVkLglsFk7xQKrVEy","object":"chat.completion.chunk","created":1783158650,"model":"deepseek/deepseek-v4-flash-20260423","provider":"GMICloud","choices":[{"index":0,"delta":{"content":"","role":"assistant","reasoning":" (rules","reasoning_details":[{"type":"reasoning.text","text":" (rules","format":"unknown","index":0}]},"finish_reason":null,"native_finish_reason":null}]}


PARSED: {"id":"gen-1783158650-6fMKVkLglsFk7xQKrVEy","object":"chat.completion.chunk","created":1783158650,"model":"deepseek/deepseek-v4-flash-20260423","provider":"GMICloud","choices":[{"index":0,"delta":{"content":"","role":"assistant","reasoning":" (rules","reasoning_details":[{"type":"reasoning.text","te
--- CHUNK 1783158659003 bytes=419 ---
data: {"id":"gen-1783158650-6fMKVkLglsFk7xQKrVEy","object":"chat.completion.chunk","created":1783158650,"model":"deepseek/deepseek-v4-flash-20260423","provider":"GMICloud","choices":[{"index":0,"delta":{"content":"","role":"assistant","reasoning":" for executing","reasoning_details":[{"type":"reasoning.text","text":" for executing","format":"unknown","index":0}]},"finish_reason":null,"native_finish_reason":null}]}


PARSED: {"id":"gen-1783158650-6fMKVkLglsFk7xQKrVEy","object":"chat.completion.chunk","created":1783158650,"model":"deepseek/deepseek-v4-flash-20260423","provider":"GMICloud","choices":[{"index":0,"delta":{"content":"","role":"assistant","reasoning":" for executing","reasoning_details":[{"type":"reasoning.te
--- CHUNK 1783158659010 bytes=411 ---
data: {"id":"gen-1783158650-6fMKVkLglsFk7xQKrVEy","object":"chat.completion.chunk","created":1783158650,"model":"deepseek/deepseek-v4-flash-20260423","provider":"GMICloud","choices":[{"index":0,"delta":{"content":"","role":"assistant","reasoning":" Skills)\n","reasoning_details":[{"type":"reasoning.text","text":" Skills)\n","format":"unknown","index":0}]},"finish_reason":null,"native_finish_reason":null}]}


PARSED: {"id":"gen-1783158650-6fMKVkLglsFk7xQKrVEy","object":"chat.completion.chunk","created":1783158650,"model":"deepseek/deepseek-v4-flash-20260423","provider":"GMICloud","choices":[{"index":0,"delta":{"content":"","role":"assistant","reasoning":" Skills)\n","reasoning_details":[{"type":"reasoning.text",
--- CHUNK 1783158659014 bytes=401 ---
data: {"id":"gen-1783158650-6fMKVkLglsFk7xQKrVEy","object":"chat.completion.chunk","created":1783158650,"model":"deepseek/deepseek-v4-flash-20260423","provider":"GMICloud","choices":[{"index":0,"delta":{"content":"","role":"assistant","reasoning":"- The","reasoning_details":[{"type":"reasoning.text","text":"- The","format":"unknown","index":0}]},"finish_reason":null,"native_finish_reason":null}]}


PARSED: {"id":"gen-1783158650-6fMKVkLglsFk7xQKrVEy","object":"chat.completion.chunk","created":1783158650,"model":"deepseek/deepseek-v4-flash-20260423","provider":"GMICloud","choices":[{"index":0,"delta":{"content":"","role":"assistant","reasoning":"- The","reasoning_details":[{"type":"reasoning.text","text
--- CHUNK 1783158659020 bytes=403 ---
data: {"id":"gen-1783158650-6fMKVkLglsFk7xQKrVEy","object":"chat.completion.chunk","created":1783158650,"model":"deepseek/deepseek-v4-flash-20260423","provider":"GMICloud","choices":[{"index":0,"delta":{"content":"","role":"assistant","reasoning":" SKILL","reasoning_details":[{"type":"reasoning.text","text":" SKILL","format":"unknown","index":0}]},"finish_reason":null,"native_finish_reason":null}]}


PARSED: {"id":"gen-1783158650-6fMKVkLglsFk7xQKrVEy","object":"chat.completion.chunk","created":1783158650,"model":"deepseek/deepseek-v4-flash-20260423","provider":"GMICloud","choices":[{"index":0,"delta":{"content":"","role":"assistant","reasoning":" SKILL","reasoning_details":[{"type":"reasoning.text","tex
--- CHUNK 1783158659069 bytes=397 ---
data: {"id":"gen-1783158650-6fMKVkLglsFk7xQKrVEy","object":"chat.completion.chunk","created":1783158650,"model":"deepseek/deepseek-v4-flash-20260423","provider":"GMICloud","choices":[{"index":0,"delta":{"content":"","role":"assistant","reasoning":".md","reasoning_details":[{"type":"reasoning.text","text":".md","format":"unknown","index":0}]},"finish_reason":null,"native_finish_reason":null}]}


PARSED: {"id":"gen-1783158650-6fMKVkLglsFk7xQKrVEy","object":"chat.completion.chunk","created":1783158650,"model":"deepseek/deepseek-v4-flash-20260423","provider":"GMICloud","choices":[{"index":0,"delta":{"content":"","role":"assistant","reasoning":".md","reasoning_details":[{"type":"reasoning.text","text":
--- CHUNK 1783158659072 bytes=407 ---
data: {"id":"gen-1783158650-6fMKVkLglsFk7xQKrVEy","object":"chat.completion.chunk","created":1783158650,"model":"deepseek/deepseek-v4-flash-20260423","provider":"GMICloud","choices":[{"index":0,"delta":{"content":"","role":"assistant","reasoning":" body is","reasoning_details":[{"type":"reasoning.text","text":" body is","format":"unknown","index":0}]},"finish_reason":null,"native_finish_reason":null}]}


PARSED: {"id":"gen-1783158650-6fMKVkLglsFk7xQKrVEy","object":"chat.completion.chunk","created":1783158650,"model":"deepseek/deepseek-v4-flash-20260423","provider":"GMICloud","choices":[{"index":0,"delta":{"content":"","role":"assistant","reasoning":" body is","reasoning_details":[{"type":"reasoning.text","t
--- CHUNK 1783158659075 bytes=411 ---
data: {"id":"gen-1783158650-6fMKVkLglsFk7xQKrVEy","object":"chat.completion.chunk","created":1783158650,"model":"deepseek/deepseek-v4-flash-20260423","provider":"GMICloud","choices":[{"index":0,"delta":{"content":"","role":"assistant","reasoning":" passed as","reasoning_details":[{"type":"reasoning.text","text":" passed as","format":"unknown","index":0}]},"finish_reason":null,"native_finish_reason":null}]}


PARSED: {"id":"gen-1783158650-6fMKVkLglsFk7xQKrVEy","object":"chat.completion.chunk","created":1783158650,"model":"deepseek/deepseek-v4-flash-20260423","provider":"GMICloud","choices":[{"index":0,"delta":{"content":"","role":"assistant","reasoning":" passed as","reasoning_details":[{"type":"reasoning.text",
--- CHUNK 1783158659096 bytes=413 ---
data: {"id":"gen-1783158650-6fMKVkLglsFk7xQKrVEy","object":"chat.completion.chunk","created":1783158650,"model":"deepseek/deepseek-v4-flash-20260423","provider":"GMICloud","choices":[{"index":0,"delta":{"content":"","role":"assistant","reasoning":" the prompt","reasoning_details":[{"type":"reasoning.text","text":" the prompt","format":"unknown","index":0}]},"finish_reason":null,"native_finish_reason":null}]}


PARSED: {"id":"gen-1783158650-6fMKVkLglsFk7xQKrVEy","object":"chat.completion.chunk","created":1783158650,"model":"deepseek/deepseek-v4-flash-20260423","provider":"GMICloud","choices":[{"index":0,"delta":{"content":"","role":"assistant","reasoning":" the prompt","reasoning_details":[{"type":"reasoning.text"
--- CHUNK 1783158659100 bytes=403 ---
data: {"id":"gen-1783158650-6fMKVkLglsFk7xQKrVEy","object":"chat.completion.chunk","created":1783158650,"model":"deepseek/deepseek-v4-flash-20260423","provider":"GMICloud","choices":[{"index":0,"delta":{"content":"","role":"assistant","reasoning":", with","reasoning_details":[{"type":"reasoning.text","text":", with","format":"unknown","index":0}]},"finish_reason":null,"native_finish_reason":null}]}


PARSED: {"id":"gen-1783158650-6fMKVkLglsFk7xQKrVEy","object":"chat.completion.chunk","created":1783158650,"model":"deepseek/deepseek-v4-flash-20260423","provider":"GMICloud","choices":[{"index":0,"delta":{"content":"","role":"assistant","reasoning":", with","reasoning_details":[{"type":"reasoning.text","tex
--- CHUNK 1783158659104 bytes=417 ---
data: {"id":"gen-1783158650-6fMKVkLglsFk7xQKrVEy","object":"chat.completion.chunk","created":1783158650,"model":"deepseek/deepseek-v4-flash-20260423","provider":"GMICloud","choices":[{"index":0,"delta":{"content":"","role":"assistant","reasoning":" placeholders","reasoning_details":[{"type":"reasoning.text","text":" placeholders","format":"unknown","index":0}]},"finish_reason":null,"native_finish_reason":null}]}


PARSED: {"id":"gen-1783158650-6fMKVkLglsFk7xQKrVEy","object":"chat.completion.chunk","created":1783158650,"model":"deepseek/deepseek-v4-flash-20260423","provider":"GMICloud","choices":[{"index":0,"delta":{"content":"","role":"assistant","reasoning":" placeholders","reasoning_details":[{"type":"reasoning.tex
--- CHUNK 1783158659315 bytes=417 ---
data: {"id":"gen-1783158650-6fMKVkLglsFk7xQKrVEy","object":"chat.completion.chunk","created":1783158650,"model":"deepseek/deepseek-v4-flash-20260423","provider":"GMICloud","choices":[{"index":0,"delta":{"content":"","role":"assistant","reasoning":" replaced\n\n","reasoning_details":[{"type":"reasoning.text","text":" replaced\n\n","format":"unknown","index":0}]},"finish_reason":null,"native_finish_reason":null}]}


PARSED: {"id":"gen-1783158650-6fMKVkLglsFk7xQKrVEy","object":"chat.completion.chunk","created":1783158650,"model":"deepseek/deepseek-v4-flash-20260423","provider":"GMICloud","choices":[{"index":0,"delta":{"content":"","role":"assistant","reasoning":" replaced\n\n","reasoning_details":[{"type":"reasoning.tex
--- CHUNK 1783158659320 bytes=405 ---
data: {"id":"gen-1783158650-6fMKVkLglsFk7xQKrVEy","object":"chat.completion.chunk","created":1783158650,"model":"deepseek/deepseek-v4-flash-20260423","provider":"GMICloud","choices":[{"index":0,"delta":{"content":"","role":"assistant","reasoning":"**Agent","reasoning_details":[{"type":"reasoning.text","text":"**Agent","format":"unknown","index":0}]},"finish_reason":null,"native_finish_reason":null}]}


PARSED: {"id":"gen-1783158650-6fMKVkLglsFk7xQKrVEy","object":"chat.completion.chunk","created":1783158650,"model":"deepseek/deepseek-v4-flash-20260423","provider":"GMICloud","choices":[{"index":0,"delta":{"content":"","role":"assistant","reasoning":"**Agent","reasoning_details":[{"type":"reasoning.text","te
--- CHUNK 1783158659322 bytes=403 ---
data: {"id":"gen-1783158650-6fMKVkLglsFk7xQKrVEy","object":"chat.completion.chunk","created":1783158650,"model":"deepseek/deepseek-v4-flash-20260423","provider":"GMICloud","choices":[{"index":0,"delta":{"content":"","role":"assistant","reasoning":" Loop:","reasoning_details":[{"type":"reasoning.text","text":" Loop:","format":"unknown","index":0}]},"finish_reason":null,"native_finish_reason":null}]}


PARSED: {"id":"gen-1783158650-6fMKVkLglsFk7xQKrVEy","object":"chat.completion.chunk","created":1783158650,"model":"deepseek/deepseek-v4-flash-20260423","provider":"GMICloud","choices":[{"index":0,"delta":{"content":"","role":"assistant","reasoning":" Loop:","reasoning_details":[{"type":"reasoning.text","tex
--- CHUNK 1783158659366 bytes=399 ---
data: {"id":"gen-1783158650-6fMKVkLglsFk7xQKrVEy","object":"chat.completion.chunk","created":1783158650,"model":"deepseek/deepseek-v4-flash-20260423","provider":"GMICloud","choices":[{"index":0,"delta":{"content":"","role":"assistant","reasoning":"**\n","reasoning_details":[{"type":"reasoning.text","text":"**\n","format":"unknown","index":0}]},"finish_reason":null,"native_finish_reason":null}]}


PARSED: {"id":"gen-1783158650-6fMKVkLglsFk7xQKrVEy","object":"chat.completion.chunk","created":1783158650,"model":"deepseek/deepseek-v4-flash-20260423","provider":"GMICloud","choices":[{"index":0,"delta":{"content":"","role":"assistant","reasoning":"**\n","reasoning_details":[{"type":"reasoning.text","text"
--- CHUNK 1783158659369 bytes=417 ---
data: {"id":"gen-1783158650-6fMKVkLglsFk7xQKrVEy","object":"chat.completion.chunk","created":1783158650,"model":"deepseek/deepseek-v4-flash-20260423","provider":"GMICloud","choices":[{"index":0,"delta":{"content":"","role":"assistant","reasoning":"The execution","reasoning_details":[{"type":"reasoning.text","text":"The execution","format":"unknown","index":0}]},"finish_reason":null,"native_finish_reason":null}]}


PARSED: {"id":"gen-1783158650-6fMKVkLglsFk7xQKrVEy","object":"chat.completion.chunk","created":1783158650,"model":"deepseek/deepseek-v4-flash-20260423","provider":"GMICloud","choices":[{"index":0,"delta":{"content":"","role":"assistant","reasoning":"The execution","reasoning_details":[{"type":"reasoning.tex
--- CHUNK 1783158659372 bytes=415 ---
data: {"id":"gen-1783158650-6fMKVkLglsFk7xQKrVEy","object":"chat.completion.chunk","created":1783158650,"model":"deepseek/deepseek-v4-flash-20260423","provider":"GMICloud","choices":[{"index":0,"delta":{"content":"","role":"assistant","reasoning":" happens via","reasoning_details":[{"type":"reasoning.text","text":" happens via","format":"unknown","index":0}]},"finish_reason":null,"native_finish_reason":null}]}


PARSED: {"id":"gen-1783158650-6fMKVkLglsFk7xQKrVEy","object":"chat.completion.chunk","created":1783158650,"model":"deepseek/deepseek-v4-flash-20260423","provider":"GMICloud","choices":[{"index":0,"delta":{"content":"","role":"assistant","reasoning":" happens via","reasoning_details":[{"type":"reasoning.text
--- CHUNK 1783158659377 bytes=401 ---
data: {"id":"gen-1783158650-6fMKVkLglsFk7xQKrVEy","object":"chat.completion.chunk","created":1783158650,"model":"deepseek/deepseek-v4-flash-20260423","provider":"GMICloud","choices":[{"index":0,"delta":{"content":"","role":"assistant","reasoning":" `run","reasoning_details":[{"type":"reasoning.text","text":" `run","format":"unknown","index":0}]},"finish_reason":null,"native_finish_reason":null}]}


PARSED: {"id":"gen-1783158650-6fMKVkLglsFk7xQKrVEy","object":"chat.completion.chunk","created":1783158650,"model":"deepseek/deepseek-v4-flash-20260423","provider":"GMICloud","choices":[{"index":0,"delta":{"content":"","role":"assistant","reasoning":" `run","reasoning_details":[{"type":"reasoning.text","text
--- CHUNK 1783158659392 bytes=401 ---
data: {"id":"gen-1783158650-6fMKVkLglsFk7xQKrVEy","object":"chat.completion.chunk","created":1783158650,"model":"deepseek/deepseek-v4-flash-20260423","provider":"GMICloud","choices":[{"index":0,"delta":{"content":"","role":"assistant","reasoning":"Agent","reasoning_details":[{"type":"reasoning.text","text":"Agent","format":"unknown","index":0}]},"finish_reason":null,"native_finish_reason":null}]}


PARSED: {"id":"gen-1783158650-6fMKVkLglsFk7xQKrVEy","object":"chat.completion.chunk","created":1783158650,"model":"deepseek/deepseek-v4-flash-20260423","provider":"GMICloud","choices":[{"index":0,"delta":{"content":"","role":"assistant","reasoning":"Agent","reasoning_details":[{"type":"reasoning.text","text
--- CHUNK 1783158659397 bytes=405 ---
data: {"id":"gen-1783158650-6fMKVkLglsFk7xQKrVEy","object":"chat.completion.chunk","created":1783158650,"model":"deepseek/deepseek-v4-flash-20260423","provider":"GMICloud","choices":[{"index":0,"delta":{"content":"","role":"assistant","reasoning":"Loop()`","reasoning_details":[{"type":"reasoning.text","text":"Loop()`","format":"unknown","index":0}]},"finish_reason":null,"native_finish_reason":null}]}


PARSED: {"id":"gen-1783158650-6fMKVkLglsFk7xQKrVEy","object":"chat.completion.chunk","created":1783158650,"model":"deepseek/deepseek-v4-flash-20260423","provider":"GMICloud","choices":[{"index":0,"delta":{"content":"","role":"assistant","reasoning":"Loop()`","reasoning_details":[{"type":"reasoning.text","te
--- CHUNK 1783158659400 bytes=401 ---
data: {"id":"gen-1783158650-6fMKVkLglsFk7xQKrVEy","object":"chat.completion.chunk","created":1783158650,"model":"deepseek/deepseek-v4-flash-20260423","provider":"GMICloud","choices":[{"index":0,"delta":{"content":"","role":"assistant","reasoning":" in `","reasoning_details":[{"type":"reasoning.text","text":" in `","format":"unknown","index":0}]},"finish_reason":null,"native_finish_reason":null}]}


PARSED: {"id":"gen-1783158650-6fMKVkLglsFk7xQKrVEy","object":"chat.completion.chunk","created":1783158650,"model":"deepseek/deepseek-v4-flash-20260423","provider":"GMICloud","choices":[{"index":0,"delta":{"content":"","role":"assistant","reasoning":" in `","reasoning_details":[{"type":"reasoning.text","text
--- CHUNK 1783158659426 bytes=399 ---
data: {"id":"gen-1783158650-6fMKVkLglsFk7xQKrVEy","object":"chat.completion.chunk","created":1783158650,"model":"deepseek/deepseek-v4-flash-20260423","provider":"GMICloud","choices":[{"index":0,"delta":{"content":"","role":"assistant","reasoning":"paaw","reasoning_details":[{"type":"reasoning.text","text":"paaw","format":"unknown","index":0}]},"finish_reason":null,"native_finish_reason":null}]}


PARSED: {"id":"gen-1783158650-6fMKVkLglsFk7xQKrVEy","object":"chat.completion.chunk","created":1783158650,"model":"deepseek/deepseek-v4-flash-20260423","provider":"GMICloud","choices":[{"index":0,"delta":{"content":"","role":"assistant","reasoning":"paaw","reasoning_details":[{"type":"reasoning.text","text"
--- CHUNK 1783158659428 bytes=413 ---
data: {"id":"gen-1783158650-6fMKVkLglsFk7xQKrVEy","object":"chat.completion.chunk","created":1783158650,"model":"deepseek/deepseek-v4-flash-20260423","provider":"GMICloud","choices":[{"index":0,"delta":{"content":"","role":"assistant","reasoning":"-agent-loop","reasoning_details":[{"type":"reasoning.text","text":"-agent-loop","format":"unknown","index":0}]},"finish_reason":null,"native_finish_reason":null}]}


PARSED: {"id":"gen-1783158650-6fMKVkLglsFk7xQKrVEy","object":"chat.completion.chunk","created":1783158650,"model":"deepseek/deepseek-v4-flash-20260423","provider":"GMICloud","choices":[{"index":0,"delta":{"content":"","role":"assistant","reasoning":"-agent-loop","reasoning_details":[{"type":"reasoning.text"
--- CHUNK 1783158659431 bytes=399 ---
data: {"id":"gen-1783158650-6fMKVkLglsFk7xQKrVEy","object":"chat.completion.chunk","created":1783158650,"model":"deepseek/deepseek-v4-flash-20260423","provider":"GMICloud","choices":[{"index":0,"delta":{"content":"","role":"assistant","reasoning":".mjs","reasoning_details":[{"type":"reasoning.text","text":".mjs","format":"unknown","index":0}]},"finish_reason":null,"native_finish_reason":null}]}


PARSED: {"id":"gen-1783158650-6fMKVkLglsFk7xQKrVEy","object":"chat.completion.chunk","created":1783158650,"model":"deepseek/deepseek-v4-flash-20260423","provider":"GMICloud","choices":[{"index":0,"delta":{"content":"","role":"assistant","reasoning":".mjs","reasoning_details":[{"type":"reasoning.text","text"
--- CHUNK 1783158659490 bytes=395 ---
data: {"id":"gen-1783158650-6fMKVkLglsFk7xQKrVEy","object":"chat.completion.chunk","created":1783158650,"model":"deepseek/deepseek-v4-flash-20260423","provider":"GMICloud","choices":[{"index":0,"delta":{"content":"","role":"assistant","reasoning":"`,","reasoning_details":[{"type":"reasoning.text","text":"`,","format":"unknown","index":0}]},"finish_reason":null,"native_finish_reason":null}]}


PARSED: {"id":"gen-1783158650-6fMKVkLglsFk7xQKrVEy","object":"chat.completion.chunk","created":1783158650,"model":"deepseek/deepseek-v4-flash-20260423","provider":"GMICloud","choices":[{"index":0,"delta":{"content":"","role":"assistant","reasoning":"`,","reasoning_details":[{"type":"reasoning.text","text":"
--- CHUNK 1783158659495 bytes=409 ---
data: {"id":"gen-1783158650-6fMKVkLglsFk7xQKrVEy","object":"chat.completion.chunk","created":1783158650,"model":"deepseek/deepseek-v4-flash-20260423","provider":"GMICloud","choices":[{"index":0,"delta":{"content":"","role":"assistant","reasoning":" which:\n","reasoning_details":[{"type":"reasoning.text","text":" which:\n","format":"unknown","index":0}]},"finish_reason":null,"native_finish_reason":null}]}


PARSED: {"id":"gen-1783158650-6fMKVkLglsFk7xQKrVEy","object":"chat.completion.chunk","created":1783158650,"model":"deepseek/deepseek-v4-flash-20260423","provider":"GMICloud","choices":[{"index":0,"delta":{"content":"","role":"assistant","reasoning":" which:\n","reasoning_details":[{"type":"reasoning.text","
--- CHUNK 1783158659496 bytes=405 ---
data: {"id":"gen-1783158650-6fMKVkLglsFk7xQKrVEy","object":"chat.completion.chunk","created":1783158650,"model":"deepseek/deepseek-v4-flash-20260423","provider":"GMICloud","choices":[{"index":0,"delta":{"content":"","role":"assistant","reasoning":"- Takes","reasoning_details":[{"type":"reasoning.text","text":"- Takes","format":"unknown","index":0}]},"finish_reason":null,"native_finish_reason":null}]}


PARSED: {"id":"gen-1783158650-6fMKVkLglsFk7xQKrVEy","object":"chat.completion.chunk","created":1783158650,"model":"deepseek/deepseek-v4-flash-20260423","provider":"GMICloud","choices":[{"index":0,"delta":{"content":"","role":"assistant","reasoning":"- Takes","reasoning_details":[{"type":"reasoning.text","te
--- CHUNK 1783158659689 bytes=395 ---
data: {"id":"gen-1783158650-6fMKVkLglsFk7xQKrVEy","object":"chat.completion.chunk","created":1783158650,"model":"deepseek/deepseek-v4-flash-20260423","provider":"GMICloud","choices":[{"index":0,"delta":{"content":"","role":"assistant","reasoning":" `","reasoning_details":[{"type":"reasoning.text","text":" `","format":"unknown","index":0}]},"finish_reason":null,"native_finish_reason":null}]}


PARSED: {"id":"gen-1783158650-6fMKVkLglsFk7xQKrVEy","object":"chat.completion.chunk","created":1783158650,"model":"deepseek/deepseek-v4-flash-20260423","provider":"GMICloud","choices":[{"index":0,"delta":{"content":"","role":"assistant","reasoning":" `","reasoning_details":[{"type":"reasoning.text","text":"
--- CHUNK 1783158659696 bytes=403 ---
data: {"id":"gen-1783158650-6fMKVkLglsFk7xQKrVEy","object":"chat.completion.chunk","created":1783158650,"model":"deepseek/deepseek-v4-flash-20260423","provider":"GMICloud","choices":[{"index":0,"delta":{"content":"","role":"assistant","reasoning":"prompt","reasoning_details":[{"type":"reasoning.text","text":"prompt","format":"unknown","index":0}]},"finish_reason":null,"native_finish_reason":null}]}


PARSED: {"id":"gen-1783158650-6fMKVkLglsFk7xQKrVEy","object":"chat.completion.chunk","created":1783158650,"model":"deepseek/deepseek-v4-flash-20260423","provider":"GMICloud","choices":[{"index":0,"delta":{"content":"","role":"assistant","reasoning":"prompt","reasoning_details":[{"type":"reasoning.text","tex
--- CHUNK 1783158659697 bytes=399 ---
data: {"id":"gen-1783158650-6fMKVkLglsFk7xQKrVEy","object":"chat.completion.chunk","created":1783158650,"model":"deepseek/deepseek-v4-flash-20260423","provider":"GMICloud","choices":[{"index":0,"delta":{"content":"","role":"assistant","reasoning":"`, `","reasoning_details":[{"type":"reasoning.text","text":"`, `","format":"unknown","index":0}]},"finish_reason":null,"native_finish_reason":null}]}


PARSED: {"id":"gen-1783158650-6fMKVkLglsFk7xQKrVEy","object":"chat.completion.chunk","created":1783158650,"model":"deepseek/deepseek-v4-flash-20260423","provider":"GMICloud","choices":[{"index":0,"delta":{"content":"","role":"assistant","reasoning":"`, `","reasoning_details":[{"type":"reasoning.text","text"
--- CHUNK 1783158659729 bytes=415 ---
data: {"id":"gen-1783158650-6fMKVkLglsFk7xQKrVEy","object":"chat.completion.chunk","created":1783158650,"model":"deepseek/deepseek-v4-flash-20260423","provider":"GMICloud","choices":[{"index":0,"delta":{"content":"","role":"assistant","reasoning":"systemPrompt","reasoning_details":[{"type":"reasoning.text","text":"systemPrompt","format":"unknown","index":0}]},"finish_reason":null,"native_finish_reason":null}]}


PARSED: {"id":"gen-1783158650-6fMKVkLglsFk7xQKrVEy","object":"chat.completion.chunk","created":1783158650,"model":"deepseek/deepseek-v4-flash-20260423","provider":"GMICloud","choices":[{"index":0,"delta":{"content":"","role":"assistant","reasoning":"systemPrompt","reasoning_details":[{"type":"reasoning.text
--- CHUNK 1783158659733 bytes=399 ---
data: {"id":"gen-1783158650-6fMKVkLglsFk7xQKrVEy","object":"chat.completion.chunk","created":1783158650,"model":"deepseek/deepseek-v4-flash-20260423","provider":"GMICloud","choices":[{"index":0,"delta":{"content":"","role":"assistant","reasoning":"`, `","reasoning_details":[{"type":"reasoning.text","text":"`, `","format":"unknown","index":0}]},"finish_reason":null,"native_finish_reason":null}]}


PARSED: {"id":"gen-1783158650-6fMKVkLglsFk7xQKrVEy","object":"chat.completion.chunk","created":1783158650,"model":"deepseek/deepseek-v4-flash-20260423","provider":"GMICloud","choices":[{"index":0,"delta":{"content":"","role":"assistant","reasoning":"`, `","reasoning_details":[{"type":"reasoning.text","text"
--- CHUNK 1783158659740 bytes=405 ---
data: {"id":"gen-1783158650-6fMKVkLglsFk7xQKrVEy","object":"chat.completion.chunk","created":1783158650,"model":"deepseek/deepseek-v4-flash-20260423","provider":"GMICloud","choices":[{"index":0,"delta":{"content":"","role":"assistant","reasoning":"model`,","reasoning_details":[{"type":"reasoning.text","text":"model`,","format":"unknown","index":0}]},"finish_reason":null,"native_finish_reason":null}]}


PARSED: {"id":"gen-1783158650-6fMKVkLglsFk7xQKrVEy","object":"chat.completion.chunk","created":1783158650,"model":"deepseek/deepseek-v4-flash-20260423","provider":"GMICloud","choices":[{"index":0,"delta":{"content":"","role":"assistant","reasoning":"model`,","reasoning_details":[{"type":"reasoning.text","te
--- CHUNK 1783158659775 bytes=405 ---
data: {"id":"gen-1783158650-6fMKVkLglsFk7xQKrVEy","object":"chat.completion.chunk","created":1783158650,"model":"deepseek/deepseek-v4-flash-20260423","provider":"GMICloud","choices":[{"index":0,"delta":{"content":"","role":"assistant","reasoning":" `skill","reasoning_details":[{"type":"reasoning.text","text":" `skill","format":"unknown","index":0}]},"finish_reason":null,"native_finish_reason":null}]}


PARSED: {"id":"gen-1783158650-6fMKVkLglsFk7xQKrVEy","object":"chat.completion.chunk","created":1783158650,"model":"deepseek/deepseek-v4-flash-20260423","provider":"GMICloud","choices":[{"index":0,"delta":{"content":"","role":"assistant","reasoning":" `skill","reasoning_details":[{"type":"reasoning.text","te
--- CHUNK 1783158659776 bytes=399 ---
data: {"id":"gen-1783158650-6fMKVkLglsFk7xQKrVEy","object":"chat.completion.chunk","created":1783158650,"model":"deepseek/deepseek-v4-flash-20260423","provider":"GMICloud","choices":[{"index":0,"delta":{"content":"","role":"assistant","reasoning":"Md`,","reasoning_details":[{"type":"reasoning.text","text":"Md`,","format":"unknown","index":0}]},"finish_reason":null,"native_finish_reason":null}]}


PARSED: {"id":"gen-1783158650-6fMKVkLglsFk7xQKrVEy","object":"chat.completion.chunk","created":1783158650,"model":"deepseek/deepseek-v4-flash-20260423","provider":"GMICloud","choices":[{"index":0,"delta":{"content":"","role":"assistant","reasoning":"Md`,","reasoning_details":[{"type":"reasoning.text","text"
--- CHUNK 1783158659776 bytes=405 ---
data: {"id":"gen-1783158650-6fMKVkLglsFk7xQKrVEy","object":"chat.completion.chunk","created":1783158650,"model":"deepseek/deepseek-v4-flash-20260423","provider":"GMICloud","choices":[{"index":0,"delta":{"content":"","role":"assistant","reasoning":" etc.\n","reasoning_details":[{"type":"reasoning.text","text":" etc.\n","format":"unknown","index":0}]},"finish_reason":null,"native_finish_reason":null}]}


PARSED: {"id":"gen-1783158650-6fMKVkLglsFk7xQKrVEy","object":"chat.completion.chunk","created":1783158650,"model":"deepseek/deepseek-v4-flash-20260423","provider":"GMICloud","choices":[{"index":0,"delta":{"content":"","role":"assistant","reasoning":" etc.\n","reasoning_details":[{"type":"reasoning.text","te
--- CHUNK 1783158659803 bytes=403 ---
data: {"id":"gen-1783158650-6fMKVkLglsFk7xQKrVEy","object":"chat.completion.chunk","created":1783158650,"model":"deepseek/deepseek-v4-flash-20260423","provider":"GMICloud","choices":[{"index":0,"delta":{"content":"","role":"assistant","reasoning":"- Runs","reasoning_details":[{"type":"reasoning.text","text":"- Runs","format":"unknown","index":0}]},"finish_reason":null,"native_finish_reason":null}]}


PARSED: {"id":"gen-1783158650-6fMKVkLglsFk7xQKrVEy","object":"chat.completion.chunk","created":1783158650,"model":"deepseek/deepseek-v4-flash-20260423","provider":"GMICloud","choices":[{"index":0,"delta":{"content":"","role":"assistant","reasoning":"- Runs","reasoning_details":[{"type":"reasoning.text","tex
--- CHUNK 1783158659806 bytes=405 ---
data: {"id":"gen-1783158650-6fMKVkLglsFk7xQKrVEy","object":"chat.completion.chunk","created":1783158650,"model":"deepseek/deepseek-v4-flash-20260423","provider":"GMICloud","choices":[{"index":0,"delta":{"content":"","role":"assistant","reasoning":" the AI","reasoning_details":[{"type":"reasoning.text","text":" the AI","format":"unknown","index":0}]},"finish_reason":null,"native_finish_reason":null}]}


PARSED: {"id":"gen-1783158650-6fMKVkLglsFk7xQKrVEy","object":"chat.completion.chunk","created":1783158650,"model":"deepseek/deepseek-v4-flash-20260423","provider":"GMICloud","choices":[{"index":0,"delta":{"content":"","role":"assistant","reasoning":" the AI","reasoning_details":[{"type":"reasoning.text","te
--- CHUNK 1783158659808 bytes=411 ---
data: {"id":"gen-1783158650-6fMKVkLglsFk7xQKrVEy","object":"chat.completion.chunk","created":1783158650,"model":"deepseek/deepseek-v4-flash-20260423","provider":"GMICloud","choices":[{"index":0,"delta":{"content":"","role":"assistant","reasoning":" with tool","reasoning_details":[{"type":"reasoning.text","text":" with tool","format":"unknown","index":0}]},"finish_reason":null,"native_finish_reason":null}]}


PARSED: {"id":"gen-1783158650-6fMKVkLglsFk7xQKrVEy","object":"chat.completion.chunk","created":1783158650,"model":"deepseek/deepseek-v4-flash-20260423","provider":"GMICloud","choices":[{"index":0,"delta":{"content":"","role":"assistant","reasoning":" with tool","reasoning_details":[{"type":"reasoning.text",
--- CHUNK 1783158659851 bytes=405 ---
data: {"id":"gen-1783158650-6fMKVkLglsFk7xQKrVEy","object":"chat.completion.chunk","created":1783158650,"model":"deepseek/deepseek-v4-flash-20260423","provider":"GMICloud","choices":[{"index":0,"delta":{"content":"","role":"assistant","reasoning":" access","reasoning_details":[{"type":"reasoning.text","text":" access","format":"unknown","index":0}]},"finish_reason":null,"native_finish_reason":null}]}


PARSED: {"id":"gen-1783158650-6fMKVkLglsFk7xQKrVEy","object":"chat.completion.chunk","created":1783158650,"model":"deepseek/deepseek-v4-flash-20260423","provider":"GMICloud","choices":[{"index":0,"delta":{"content":"","role":"assistant","reasoning":" access","reasoning_details":[{"type":"reasoning.text","te
--- CHUNK 1783158659876 bytes=397 ---
data: {"id":"gen-1783158650-6fMKVkLglsFk7xQKrVEy","object":"chat.completion.chunk","created":1783158650,"model":"deepseek/deepseek-v4-flash-20260423","provider":"GMICloud","choices":[{"index":0,"delta":{"content":"","role":"assistant","reasoning":"\n-","reasoning_details":[{"type":"reasoning.text","text":"\n-","format":"unknown","index":0}]},"finish_reason":null,"native_finish_reason":null}]}


PARSED: {"id":"gen-1783158650-6fMKVkLglsFk7xQKrVEy","object":"chat.completion.chunk","created":1783158650,"model":"deepseek/deepseek-v4-flash-20260423","provider":"GMICloud","choices":[{"index":0,"delta":{"content":"","role":"assistant","reasoning":"\n-","reasoning_details":[{"type":"reasoning.text","text":
--- CHUNK 1783158659878 bytes=429 ---
data: {"id":"gen-1783158650-6fMKVkLglsFk7xQKrVEy","object":"chat.completion.chunk","created":1783158650,"model":"deepseek/deepseek-v4-flash-20260423","provider":"GMICloud","choices":[{"index":0,"delta":{"content":"","role":"assistant","reasoning":" Returns structured","reasoning_details":[{"type":"reasoning.text","text":" Returns structured","format":"unknown","index":0}]},"finish_reason":null,"native_finish_reason":null}]}


PARSED: {"id":"gen-1783158650-6fMKVkLglsFk7xQKrVEy","object":"chat.completion.chunk","created":1783158650,"model":"deepseek/deepseek-v4-flash-20260423","provider":"GMICloud","choices":[{"index":0,"delta":{"content":"","role":"assistant","reasoning":" Returns structured","reasoning_details":[{"type":"reasoni
--- CHUNK 1783158659897 bytes=405 ---
data: {"id":"gen-1783158650-6fMKVkLglsFk7xQKrVEy","object":"chat.completion.chunk","created":1783158650,"model":"deepseek/deepseek-v4-flash-20260423","provider":"GMICloud","choices":[{"index":0,"delta":{"content":"","role":"assistant","reasoning":" result","reasoning_details":[{"type":"reasoning.text","text":" result","format":"unknown","index":0}]},"finish_reason":null,"native_finish_reason":null}]}


PARSED: {"id":"gen-1783158650-6fMKVkLglsFk7xQKrVEy","object":"chat.completion.chunk","created":1783158650,"model":"deepseek/deepseek-v4-flash-20260423","provider":"GMICloud","choices":[{"index":0,"delta":{"content":"","role":"assistant","reasoning":" result","reasoning_details":[{"type":"reasoning.text","te
--- CHUNK 1783158659900 bytes=405 ---
data: {"id":"gen-1783158650-6fMKVkLglsFk7xQKrVEy","object":"chat.completion.chunk","created":1783158650,"model":"deepseek/deepseek-v4-flash-20260423","provider":"GMICloud","choices":[{"index":0,"delta":{"content":"","role":"assistant","reasoning":"\n\nLet","reasoning_details":[{"type":"reasoning.text","text":"\n\nLet","format":"unknown","index":0}]},"finish_reason":null,"native_finish_reason":null}]}


PARSED: {"id":"gen-1783158650-6fMKVkLglsFk7xQKrVEy","object":"chat.completion.chunk","created":1783158650,"model":"deepseek/deepseek-v4-flash-20260423","provider":"GMICloud","choices":[{"index":0,"delta":{"content":"","role":"assistant","reasoning":"\n\nLet","reasoning_details":[{"type":"reasoning.text","te
--- CHUNK 1783158659903 bytes=409 ---
data: {"id":"gen-1783158650-6fMKVkLglsFk7xQKrVEy","object":"chat.completion.chunk","created":1783158650,"model":"deepseek/deepseek-v4-flash-20260423","provider":"GMICloud","choices":[{"index":0,"delta":{"content":"","role":"assistant","reasoning":" me write","reasoning_details":[{"type":"reasoning.text","text":" me write","format":"unknown","index":0}]},"finish_reason":null,"native_finish_reason":null}]}


PARSED: {"id":"gen-1783158650-6fMKVkLglsFk7xQKrVEy","object":"chat.completion.chunk","created":1783158650,"model":"deepseek/deepseek-v4-flash-20260423","provider":"GMICloud","choices":[{"index":0,"delta":{"content":"","role":"assistant","reasoning":" me write","reasoning_details":[{"type":"reasoning.text","
--- CHUNK 1783158659910 bytes=423 ---
data: {"id":"gen-1783158650-6fMKVkLglsFk7xQKrVEy","object":"chat.completion.chunk","created":1783158650,"model":"deepseek/deepseek-v4-flash-20260423","provider":"GMICloud","choices":[{"index":0,"delta":{"content":"","role":"assistant","reasoning":" a comprehensive","reasoning_details":[{"type":"reasoning.text","text":" a comprehensive","format":"unknown","index":0}]},"finish_reason":null,"native_finish_reason":null}]}


PARSED: {"id":"gen-1783158650-6fMKVkLglsFk7xQKrVEy","object":"chat.completion.chunk","created":1783158650,"model":"deepseek/deepseek-v4-flash-20260423","provider":"GMICloud","choices":[{"index":0,"delta":{"content":"","role":"assistant","reasoning":" a comprehensive","reasoning_details":[{"type":"reasoning.
--- CHUNK 1783158659925 bytes=405 ---
data: {"id":"gen-1783158650-6fMKVkLglsFk7xQKrVEy","object":"chat.completion.chunk","created":1783158650,"model":"deepseek/deepseek-v4-flash-20260423","provider":"GMICloud","choices":[{"index":0,"delta":{"content":"","role":"assistant","reasoning":" answer","reasoning_details":[{"type":"reasoning.text","text":" answer","format":"unknown","index":0}]},"finish_reason":null,"native_finish_reason":null}]}


PARSED: {"id":"gen-1783158650-6fMKVkLglsFk7xQKrVEy","object":"chat.completion.chunk","created":1783158650,"model":"deepseek/deepseek-v4-flash-20260423","provider":"GMICloud","choices":[{"index":0,"delta":{"content":"","role":"assistant","reasoning":" answer","reasoning_details":[{"type":"reasoning.text","te
--- CHUNK 1783158659930 bytes=393 ---
data: {"id":"gen-1783158650-6fMKVkLglsFk7xQKrVEy","object":"chat.completion.chunk","created":1783158650,"model":"deepseek/deepseek-v4-flash-20260423","provider":"GMICloud","choices":[{"index":0,"delta":{"content":"","role":"assistant","reasoning":".","reasoning_details":[{"type":"reasoning.text","text":".","format":"unknown","index":0}]},"finish_reason":null,"native_finish_reason":null}]}


PARSED: {"id":"gen-1783158650-6fMKVkLglsFk7xQKrVEy","object":"chat.completion.chunk","created":1783158650,"model":"deepseek/deepseek-v4-flash-20260423","provider":"GMICloud","choices":[{"index":0,"delta":{"content":"","role":"assistant","reasoning":".","reasoning_details":[{"type":"reasoning.text","text":".
--- CHUNK 1783158659935 bytes=298 ---
data: {"id":"gen-1783158650-6fMKVkLglsFk7xQKrVEy","object":"chat.completion.chunk","created":1783158650,"model":"deepseek/deepseek-v4-flash-20260423","provider":"GMICloud","choices":[{"index":0,"delta":{"content":"我已經","role":"assistant"},"finish_reason":null,"native_finish_reason":null}]}


PARSED: {"id":"gen-1783158650-6fMKVkLglsFk7xQKrVEy","object":"chat.completion.chunk","created":1783158650,"model":"deepseek/deepseek-v4-flash-20260423","provider":"GMICloud","choices":[{"index":0,"delta":{"content":"我已經","role":"assistant"},"finish_reason":null,"native_finish_reason":null}]}
--- CHUNK 1783158659986 bytes=292 ---
data: {"id":"gen-1783158650-6fMKVkLglsFk7xQKrVEy","object":"chat.completion.chunk","created":1783158650,"model":"deepseek/deepseek-v4-flash-20260423","provider":"GMICloud","choices":[{"index":0,"delta":{"content":"讀","role":"assistant"},"finish_reason":null,"native_finish_reason":null}]}


PARSED: {"id":"gen-1783158650-6fMKVkLglsFk7xQKrVEy","object":"chat.completion.chunk","created":1783158650,"model":"deepseek/deepseek-v4-flash-20260423","provider":"GMICloud","choices":[{"index":0,"delta":{"content":"讀","role":"assistant"},"finish_reason":null,"native_finish_reason":null}]}
--- CHUNK 1783158659990 bytes=305 ---
data: {"id":"gen-1783158650-6fMKVkLglsFk7xQKrVEy","object":"chat.completion.chunk","created":1783158650,"model":"deepseek/deepseek-v4-flash-20260423","provider":"GMICloud","choices":[{"index":0,"delta":{"content":"取了 knowledge","role":"assistant"},"finish_reason":null,"native_finish_reason":null}]}


PARSED: {"id":"gen-1783158650-6fMKVkLglsFk7xQKrVEy","object":"chat.completion.chunk","created":1783158650,"model":"deepseek/deepseek-v4-flash-20260423","provider":"GMICloud","choices":[{"index":0,"delta":{"content":"取了 knowledge","role":"assistant"},"finish_reason":null,"native_finish_reason":null}]}
--- CHUNK 1783158659996 bytes=302 ---
data: {"id":"gen-1783158650-6fMKVkLglsFk7xQKrVEy","object":"chat.completion.chunk","created":1783158650,"model":"deepseek/deepseek-v4-flash-20260423","provider":"GMICloud","choices":[{"index":0,"delta":{"content":" 中的所有","role":"assistant"},"finish_reason":null,"native_finish_reason":null}]}


PARSED: {"id":"gen-1783158650-6fMKVkLglsFk7xQKrVEy","object":"chat.completion.chunk","created":1783158650,"model":"deepseek/deepseek-v4-flash-20260423","provider":"GMICloud","choices":[{"index":0,"delta":{"content":" 中的所有","role":"assistant"},"finish_reason":null,"native_finish_reason":null}]}
--- CHUNK 1783158660001 bytes=301 ---
data: {"id":"gen-1783158650-6fMKVkLglsFk7xQKrVEy","object":"chat.completion.chunk","created":1783158650,"model":"deepseek/deepseek-v4-flash-20260423","provider":"GMICloud","choices":[{"index":0,"delta":{"content":"相關文件","role":"assistant"},"finish_reason":null,"native_finish_reason":null}]}


PARSED: {"id":"gen-1783158650-6fMKVkLglsFk7xQKrVEy","object":"chat.completion.chunk","created":1783158650,"model":"deepseek/deepseek-v4-flash-20260423","provider":"GMICloud","choices":[{"index":0,"delta":{"content":"相關文件","role":"assistant"},"finish_reason":null,"native_finish_reason":null}]}
--- CHUNK 1783158660049 bytes=292 ---
data: {"id":"gen-1783158650-6fMKVkLglsFk7xQKrVEy","object":"chat.completion.chunk","created":1783158650,"model":"deepseek/deepseek-v4-flash-20260423","provider":"GMICloud","choices":[{"index":0,"delta":{"content":"。","role":"assistant"},"finish_reason":null,"native_finish_reason":null}]}


PARSED: {"id":"gen-1783158650-6fMKVkLglsFk7xQKrVEy","object":"chat.completion.chunk","created":1783158650,"model":"deepseek/deepseek-v4-flash-20260423","provider":"GMICloud","choices":[{"index":0,"delta":{"content":"。","role":"assistant"},"finish_reason":null,"native_finish_reason":null}]}
--- CHUNK 1783158660051 bytes=307 ---
data: {"id":"gen-1783158650-6fMKVkLglsFk7xQKrVEy","object":"chat.completion.chunk","created":1783158650,"model":"deepseek/deepseek-v4-flash-20260423","provider":"GMICloud","choices":[{"index":0,"delta":{"content":"以下是完整的","role":"assistant"},"finish_reason":null,"native_finish_reason":null}]}


PARSED: {"id":"gen-1783158650-6fMKVkLglsFk7xQKrVEy","object":"chat.completion.chunk","created":1783158650,"model":"deepseek/deepseek-v4-flash-20260423","provider":"GMICloud","choices":[{"index":0,"delta":{"content":"以下是完整的","role":"assistant"},"finish_reason":null,"native_finish_reason":null}]}
--- CHUNK 1783158660058 bytes=295 ---
data: {"id":"gen-1783158650-6fMKVkLglsFk7xQKrVEy","object":"chat.completion.chunk","created":1783158650,"model":"deepseek/deepseek-v4-flash-20260423","provider":"GMICloud","choices":[{"index":0,"delta":{"content":"解答","role":"assistant"},"finish_reason":null,"native_finish_reason":null}]}


PARSED: {"id":"gen-1783158650-6fMKVkLglsFk7xQKrVEy","object":"chat.completion.chunk","created":1783158650,"model":"deepseek/deepseek-v4-flash-20260423","provider":"GMICloud","choices":[{"index":0,"delta":{"content":"解答","role":"assistant"},"finish_reason":null,"native_finish_reason":null}]}
--- CHUNK 1783158660059 bytes=298 ---
data: {"id":"gen-1783158650-6fMKVkLglsFk7xQKrVEy","object":"chat.completion.chunk","created":1783158650,"model":"deepseek/deepseek-v4-flash-20260423","provider":"GMICloud","choices":[{"index":0,"delta":{"content":" 👇\n\n","role":"assistant"},"finish_reason":null,"native_finish_reason":null}]}


PARSED: {"id":"gen-1783158650-6fMKVkLglsFk7xQKrVEy","object":"chat.completion.chunk","created":1783158650,"model":"deepseek/deepseek-v4-flash-20260423","provider":"GMICloud","choices":[{"index":0,"delta":{"content":" 👇\n\n","role":"assistant"},"finish_reason":null,"native_finish_reason":null}]}
--- CHUNK 1783158660095 bytes=296 ---
data: {"id":"gen-1783158650-6fMKVkLglsFk7xQKrVEy","object":"chat.completion.chunk","created":1783158650,"model":"deepseek/deepseek-v4-flash-20260423","provider":"GMICloud","choices":[{"index":0,"delta":{"content":"---\n\n","role":"assistant"},"finish_reason":null,"native_finish_reason":null}]}


PARSED: {"id":"gen-1783158650-6fMKVkLglsFk7xQKrVEy","object":"chat.completion.chunk","created":1783158650,"model":"deepseek/deepseek-v4-flash-20260423","provider":"GMICloud","choices":[{"index":0,"delta":{"content":"---\n\n","role":"assistant"},"finish_reason":null,"native_finish_reason":null}]}
--- CHUNK 1783158660102 bytes=292 ---
data: {"id":"gen-1783158650-6fMKVkLglsFk7xQKrVEy","object":"chat.completion.chunk","created":1783158650,"model":"deepseek/deepseek-v4-flash-20260423","provider":"GMICloud","choices":[{"index":0,"delta":{"content":"# P","role":"assistant"},"finish_reason":null,"native_finish_reason":null}]}


PARSED: {"id":"gen-1783158650-6fMKVkLglsFk7xQKrVEy","object":"chat.completion.chunk","created":1783158650,"model":"deepseek/deepseek-v4-flash-20260423","provider":"GMICloud","choices":[{"index":0,"delta":{"content":"# P","role":"assistant"},"finish_reason":null,"native_finish_reason":null}]}
--- CHUNK 1783158660104 bytes=292 ---
data: {"id":"gen-1783158650-6fMKVkLglsFk7xQKrVEy","object":"chat.completion.chunk","created":1783158650,"model":"deepseek/deepseek-v4-flash-20260423","provider":"GMICloud","choices":[{"index":0,"delta":{"content":"AAW","role":"assistant"},"finish_reason":null,"native_finish_reason":null}]}


PARSED: {"id":"gen-1783158650-6fMKVkLglsFk7xQKrVEy","object":"chat.completion.chunk","created":1783158650,"model":"deepseek/deepseek-v4-flash-20260423","provider":"GMICloud","choices":[{"index":0,"delta":{"content":"AAW","role":"assistant"},"finish_reason":null,"native_finish_reason":null}]}
--- CHUNK 1783158660109 bytes=296 ---
data: {"id":"gen-1783158650-6fMKVkLglsFk7xQKrVEy","object":"chat.completion.chunk","created":1783158650,"model":"deepseek/deepseek-v4-flash-20260423","provider":"GMICloud","choices":[{"index":0,"delta":{"content":" Skill ","role":"assistant"},"finish_reason":null,"native_finish_reason":null}]}


PARSED: {"id":"gen-1783158650-6fMKVkLglsFk7xQKrVEy","object":"chat.completion.chunk","created":1783158650,"model":"deepseek/deepseek-v4-flash-20260423","provider":"GMICloud","choices":[{"index":0,"delta":{"content":" Skill ","role":"assistant"},"finish_reason":null,"native_finish_reason":null}]}
--- CHUNK 1783158660128 bytes=295 ---
data: {"id":"gen-1783158650-6fMKVkLglsFk7xQKrVEy","object":"chat.completion.chunk","created":1783158650,"model":"deepseek/deepseek-v4-flash-20260423","provider":"GMICloud","choices":[{"index":0,"delta":{"content":"系統","role":"assistant"},"finish_reason":null,"native_finish_reason":null}]}


PARSED: {"id":"gen-1783158650-6fMKVkLglsFk7xQKrVEy","object":"chat.completion.chunk","created":1783158650,"model":"deepseek/deepseek-v4-flash-20260423","provider":"GMICloud","choices":[{"index":0,"delta":{"content":"系統","role":"assistant"},"finish_reason":null,"native_finish_reason":null}]}
--- CHUNK 1783158660133 bytes=295 ---
data: {"id":"gen-1783158650-6fMKVkLglsFk7xQKrVEy","object":"chat.completion.chunk","created":1783158650,"model":"deepseek/deepseek-v4-flash-20260423","provider":"GMICloud","choices":[{"index":0,"delta":{"content":"運作","role":"assistant"},"finish_reason":null,"native_finish_reason":null}]}


PARSED: {"id":"gen-1783158650-6fMKVkLglsFk7xQKrVEy","object":"chat.completion.chunk","created":1783158650,"model":"deepseek/deepseek-v4-flash-20260423","provider":"GMICloud","choices":[{"index":0,"delta":{"content":"運作","role":"assistant"},"finish_reason":null,"native_finish_reason":null}]}
--- CHUNK 1783158660140 bytes=299 ---
data: {"id":"gen-1783158650-6fMKVkLglsFk7xQKrVEy","object":"chat.completion.chunk","created":1783158650,"model":"deepseek/deepseek-v4-flash-20260423","provider":"GMICloud","choices":[{"index":0,"delta":{"content":"原理\n\n","role":"assistant"},"finish_reason":null,"native_finish_reason":null}]}


PARSED: {"id":"gen-1783158650-6fMKVkLglsFk7xQKrVEy","object":"chat.completion.chunk","created":1783158650,"model":"deepseek/deepseek-v4-flash-20260423","provider":"GMICloud","choices":[{"index":0,"delta":{"content":"原理\n\n","role":"assistant"},"finish_reason":null,"native_finish_reason":null}]}
--- CHUNK 1783158660183 bytes=291 ---
data: {"id":"gen-1783158650-6fMKVkLglsFk7xQKrVEy","object":"chat.completion.chunk","created":1783158650,"model":"deepseek/deepseek-v4-flash-20260423","provider":"GMICloud","choices":[{"index":0,"delta":{"content":"##","role":"assistant"},"finish_reason":null,"native_finish_reason":null}]}


PARSED: {"id":"gen-1783158650-6fMKVkLglsFk7xQKrVEy","object":"chat.completion.chunk","created":1783158650,"model":"deepseek/deepseek-v4-flash-20260423","provider":"GMICloud","choices":[{"index":0,"delta":{"content":"##","role":"assistant"},"finish_reason":null,"native_finish_reason":null}]}
--- CHUNK 1783158660188 bytes=296 ---
data: {"id":"gen-1783158650-6fMKVkLglsFk7xQKrVEy","object":"chat.completion.chunk","created":1783158650,"model":"deepseek/deepseek-v4-flash-20260423","provider":"GMICloud","choices":[{"index":0,"delta":{"content":" 什麼","role":"assistant"},"finish_reason":null,"native_finish_reason":null}]}


PARSED: {"id":"gen-1783158650-6fMKVkLglsFk7xQKrVEy","object":"chat.completion.chunk","created":1783158650,"model":"deepseek/deepseek-v4-flash-20260423","provider":"GMICloud","choices":[{"index":0,"delta":{"content":" 什麼","role":"assistant"},"finish_reason":null,"native_finish_reason":null}]}
--- CHUNK 1783158660190 bytes=298 ---
data: {"id":"gen-1783158650-6fMKVkLglsFk7xQKrVEy","object":"chat.completion.chunk","created":1783158650,"model":"deepseek/deepseek-v4-flash-20260423","provider":"GMICloud","choices":[{"index":0,"delta":{"content":"是 Skill","role":"assistant"},"finish_reason":null,"native_finish_reason":null}]}


PARSED: {"id":"gen-1783158650-6fMKVkLglsFk7xQKrVEy","object":"chat.completion.chunk","created":1783158650,"model":"deepseek/deepseek-v4-flash-20260423","provider":"GMICloud","choices":[{"index":0,"delta":{"content":"是 Skill","role":"assistant"},"finish_reason":null,"native_finish_reason":null}]}
--- CHUNK 1783158660195 bytes=298 ---
data: {"id":"gen-1783158650-6fMKVkLglsFk7xQKrVEy","object":"chat.completion.chunk","created":1783158650,"model":"deepseek/deepseek-v4-flash-20260423","provider":"GMICloud","choices":[{"index":0,"delta":{"content":"？\n\n**","role":"assistant"},"finish_reason":null,"native_finish_reason":null}]}


PARSED: {"id":"gen-1783158650-6fMKVkLglsFk7xQKrVEy","object":"chat.completion.chunk","created":1783158650,"model":"deepseek/deepseek-v4-flash-20260423","provider":"GMICloud","choices":[{"index":0,"delta":{"content":"？\n\n**","role":"assistant"},"finish_reason":null,"native_finish_reason":null}]}
--- CHUNK 1783158660217 bytes=294 ---
data: {"id":"gen-1783158650-6fMKVkLglsFk7xQKrVEy","object":"chat.completion.chunk","created":1783158650,"model":"deepseek/deepseek-v4-flash-20260423","provider":"GMICloud","choices":[{"index":0,"delta":{"content":"Skill","role":"assistant"},"finish_reason":null,"native_finish_reason":null}]}


PARSED: {"id":"gen-1783158650-6fMKVkLglsFk7xQKrVEy","object":"chat.completion.chunk","created":1783158650,"model":"deepseek/deepseek-v4-flash-20260423","provider":"GMICloud","choices":[{"index":0,"delta":{"content":"Skill","role":"assistant"},"finish_reason":null,"native_finish_reason":null}]}
--- CHUNK 1783158660221 bytes=293 ---
data: {"id":"gen-1783158650-6fMKVkLglsFk7xQKrVEy","object":"chat.completion.chunk","created":1783158650,"model":"deepseek/deepseek-v4-flash-20260423","provider":"GMICloud","choices":[{"index":0,"delta":{"content":" 是","role":"assistant"},"finish_reason":null,"native_finish_reason":null}]}


PARSED: {"id":"gen-1783158650-6fMKVkLglsFk7xQKrVEy","object":"chat.completion.chunk","created":1783158650,"model":"deepseek/deepseek-v4-flash-20260423","provider":"GMICloud","choices":[{"index":0,"delta":{"content":" 是","role":"assistant"},"finish_reason":null,"native_finish_reason":null}]}
--- CHUNK 1783158660227 bytes=293 ---
data: {"id":"gen-1783158650-6fMKVkLglsFk7xQKrVEy","object":"chat.completion.chunk","created":1783158650,"model":"deepseek/deepseek-v4-flash-20260423","provider":"GMICloud","choices":[{"index":0,"delta":{"content":" PAA","role":"assistant"},"finish_reason":null,"native_finish_reason":null}]}


PARSED: {"id":"gen-1783158650-6fMKVkLglsFk7xQKrVEy","object":"chat.completion.chunk","created":1783158650,"model":"deepseek/deepseek-v4-flash-20260423","provider":"GMICloud","choices":[{"index":0,"delta":{"content":" PAA","role":"assistant"},"finish_reason":null,"native_finish_reason":null}]}
--- CHUNK 1783158660251 bytes=291 ---
data: {"id":"gen-1783158650-6fMKVkLglsFk7xQKrVEy","object":"chat.completion.chunk","created":1783158650,"model":"deepseek/deepseek-v4-flash-20260423","provider":"GMICloud","choices":[{"index":0,"delta":{"content":"W ","role":"assistant"},"finish_reason":null,"native_finish_reason":null}]}


PARSED: {"id":"gen-1783158650-6fMKVkLglsFk7xQKrVEy","object":"chat.completion.chunk","created":1783158650,"model":"deepseek/deepseek-v4-flash-20260423","provider":"GMICloud","choices":[{"index":0,"delta":{"content":"W ","role":"assistant"},"finish_reason":null,"native_finish_reason":null}]}
--- CHUNK 1783158660255 bytes=301 ---
data: {"id":"gen-1783158650-6fMKVkLglsFk7xQKrVEy","object":"chat.completion.chunk","created":1783158650,"model":"deepseek/deepseek-v4-flash-20260423","provider":"GMICloud","choices":[{"index":0,"delta":{"content":"中最小的","role":"assistant"},"finish_reason":null,"native_finish_reason":null}]}


PARSED: {"id":"gen-1783158650-6fMKVkLglsFk7xQKrVEy","object":"chat.completion.chunk","created":1783158650,"model":"deepseek/deepseek-v4-flash-20260423","provider":"GMICloud","choices":[{"index":0,"delta":{"content":"中最小的","role":"assistant"},"finish_reason":null,"native_finish_reason":null}]}
--- CHUNK 1783158660261 bytes=298 ---
data: {"id":"gen-1783158650-6fMKVkLglsFk7xQKrVEy","object":"chat.completion.chunk","created":1783158650,"model":"deepseek/deepseek-v4-flash-20260423","provider":"GMICloud","choices":[{"index":0,"delta":{"content":"能力單","role":"assistant"},"finish_reason":null,"native_finish_reason":null}]}


PARSED: {"id":"gen-1783158650-6fMKVkLglsFk7xQKrVEy","object":"chat.completion.chunk","created":1783158650,"model":"deepseek/deepseek-v4-flash-20260423","provider":"GMICloud","choices":[{"index":0,"delta":{"content":"能力單","role":"assistant"},"finish_reason":null,"native_finish_reason":null}]}
--- CHUNK 1783158660300 bytes=294 ---
data: {"id":"gen-1783158650-6fMKVkLglsFk7xQKrVEy","object":"chat.completion.chunk","created":1783158650,"model":"deepseek/deepseek-v4-flash-20260423","provider":"GMICloud","choices":[{"index":0,"delta":{"content":"元**","role":"assistant"},"finish_reason":null,"native_finish_reason":null}]}


PARSED: {"id":"gen-1783158650-6fMKVkLglsFk7xQKrVEy","object":"chat.completion.chunk","created":1783158650,"model":"deepseek/deepseek-v4-flash-20260423","provider":"GMICloud","choices":[{"index":0,"delta":{"content":"元**","role":"assistant"},"finish_reason":null,"native_finish_reason":null}]}
--- CHUNK 1783158660301 bytes=301 ---
data: {"id":"gen-1783158650-6fMKVkLglsFk7xQKrVEy","object":"chat.completion.chunk","created":1783158650,"model":"deepseek/deepseek-v4-flash-20260423","provider":"GMICloud","choices":[{"index":0,"delta":{"content":"——一個","role":"assistant"},"finish_reason":null,"native_finish_reason":null}]}


PARSED: {"id":"gen-1783158650-6fMKVkLglsFk7xQKrVEy","object":"chat.completion.chunk","created":1783158650,"model":"deepseek/deepseek-v4-flash-20260423","provider":"GMICloud","choices":[{"index":0,"delta":{"content":"——一個","role":"assistant"},"finish_reason":null,"native_finish_reason":null}]}
--- CHUNK 1783158660305 bytes=295 ---
data: {"id":"gen-1783158650-6fMKVkLglsFk7xQKrVEy","object":"chat.completion.chunk","created":1783158650,"model":"deepseek/deepseek-v4-flash-20260423","provider":"GMICloud","choices":[{"index":0,"delta":{"content":"可重","role":"assistant"},"finish_reason":null,"native_finish_reason":null}]}


PARSED: {"id":"gen-1783158650-6fMKVkLglsFk7xQKrVEy","object":"chat.completion.chunk","created":1783158650,"model":"deepseek/deepseek-v4-flash-20260423","provider":"GMICloud","choices":[{"index":0,"delta":{"content":"可重","role":"assistant"},"finish_reason":null,"native_finish_reason":null}]}
--- CHUNK 1783158660327 bytes=295 ---
data: {"id":"gen-1783158650-6fMKVkLglsFk7xQKrVEy","object":"chat.completion.chunk","created":1783158650,"model":"deepseek/deepseek-v4-flash-20260423","provider":"GMICloud","choices":[{"index":0,"delta":{"content":"複執","role":"assistant"},"finish_reason":null,"native_finish_reason":null}]}


PARSED: {"id":"gen-1783158650-6fMKVkLglsFk7xQKrVEy","object":"chat.completion.chunk","created":1783158650,"model":"deepseek/deepseek-v4-flash-20260423","provider":"GMICloud","choices":[{"index":0,"delta":{"content":"複執","role":"assistant"},"finish_reason":null,"native_finish_reason":null}]}
--- CHUNK 1783158660331 bytes=298 ---
data: {"id":"gen-1783158650-6fMKVkLglsFk7xQKrVEy","object":"chat.completion.chunk","created":1783158650,"model":"deepseek/deepseek-v4-flash-20260423","provider":"GMICloud","choices":[{"index":0,"delta":{"content":"行的 AI","role":"assistant"},"finish_reason":null,"native_finish_reason":null}]}


PARSED: {"id":"gen-1783158650-6fMKVkLglsFk7xQKrVEy","object":"chat.completion.chunk","created":1783158650,"model":"deepseek/deepseek-v4-flash-20260423","provider":"GMICloud","choices":[{"index":0,"delta":{"content":"行的 AI","role":"assistant"},"finish_reason":null,"native_finish_reason":null}]}
--- CHUNK 1783158660339 bytes=296 ---
data: {"id":"gen-1783158650-6fMKVkLglsFk7xQKrVEy","object":"chat.completion.chunk","created":1783158650,"model":"deepseek/deepseek-v4-flash-20260423","provider":"GMICloud","choices":[{"index":0,"delta":{"content":" 任務","role":"assistant"},"finish_reason":null,"native_finish_reason":null}]}


PARSED: {"id":"gen-1783158650-6fMKVkLglsFk7xQKrVEy","object":"chat.completion.chunk","created":1783158650,"model":"deepseek/deepseek-v4-flash-20260423","provider":"GMICloud","choices":[{"index":0,"delta":{"content":" 任務","role":"assistant"},"finish_reason":null,"native_finish_reason":null}]}
--- CHUNK 1783158660373 bytes=295 ---
data: {"id":"gen-1783158650-6fMKVkLglsFk7xQKrVEy","object":"chat.completion.chunk","created":1783158650,"model":"deepseek/deepseek-v4-flash-20260423","provider":"GMICloud","choices":[{"index":0,"delta":{"content":"單位","role":"assistant"},"finish_reason":null,"native_finish_reason":null}]}


PARSED: {"id":"gen-1783158650-6fMKVkLglsFk7xQKrVEy","object":"chat.completion.chunk","created":1783158650,"model":"deepseek/deepseek-v4-flash-20260423","provider":"GMICloud","choices":[{"index":0,"delta":{"content":"單位","role":"assistant"},"finish_reason":null,"native_finish_reason":null}]}
--- CHUNK 1783158660379 bytes=301 ---
data: {"id":"gen-1783158650-6fMKVkLglsFk7xQKrVEy","object":"chat.completion.chunk","created":1783158650,"model":"deepseek/deepseek-v4-flash-20260423","provider":"GMICloud","choices":[{"index":0,"delta":{"content":"。你可以","role":"assistant"},"finish_reason":null,"native_finish_reason":null}]}


PARSED: {"id":"gen-1783158650-6fMKVkLglsFk7xQKrVEy","object":"chat.completion.chunk","created":1783158650,"model":"deepseek/deepseek-v4-flash-20260423","provider":"GMICloud","choices":[{"index":0,"delta":{"content":"。你可以","role":"assistant"},"finish_reason":null,"native_finish_reason":null}]}
--- CHUNK 1783158660387 bytes=298 ---
data: {"id":"gen-1783158650-6fMKVkLglsFk7xQKrVEy","object":"chat.completion.chunk","created":1783158650,"model":"deepseek/deepseek-v4-flash-20260423","provider":"GMICloud","choices":[{"index":0,"delta":{"content":"把 Skill","role":"assistant"},"finish_reason":null,"native_finish_reason":null}]}


PARSED: {"id":"gen-1783158650-6fMKVkLglsFk7xQKrVEy","object":"chat.completion.chunk","created":1783158650,"model":"deepseek/deepseek-v4-flash-20260423","provider":"GMICloud","choices":[{"index":0,"delta":{"content":"把 Skill","role":"assistant"},"finish_reason":null,"native_finish_reason":null}]}
--- CHUNK 1783158660404 bytes=296 ---
data: {"id":"gen-1783158650-6fMKVkLglsFk7xQKrVEy","object":"chat.completion.chunk","created":1783158650,"model":"deepseek/deepseek-v4-flash-20260423","provider":"GMICloud","choices":[{"index":0,"delta":{"content":" 想像","role":"assistant"},"finish_reason":null,"native_finish_reason":null}]}


PARSED: {"id":"gen-1783158650-6fMKVkLglsFk7xQKrVEy","object":"chat.completion.chunk","created":1783158650,"model":"deepseek/deepseek-v4-flash-20260423","provider":"GMICloud","choices":[{"index":0,"delta":{"content":" 想像","role":"assistant"},"finish_reason":null,"native_finish_reason":null}]}
--- CHUNK 1783158660408 bytes=295 ---
data: {"id":"gen-1783158650-6fMKVkLglsFk7xQKrVEy","object":"chat.completion.chunk","created":1783158650,"model":"deepseek/deepseek-v4-flash-20260423","provider":"GMICloud","choices":[{"index":0,"delta":{"content":"成「","role":"assistant"},"finish_reason":null,"native_finish_reason":null}]}


PARSED: {"id":"gen-1783158650-6fMKVkLglsFk7xQKrVEy","object":"chat.completion.chunk","created":1783158650,"model":"deepseek/deepseek-v4-flash-20260423","provider":"GMICloud","choices":[{"index":0,"delta":{"content":"成「","role":"assistant"},"finish_reason":null,"native_finish_reason":null}]}
--- CHUNK 1783158660415 bytes=292 ---
data: {"id":"gen-1783158650-6fMKVkLglsFk7xQKrVEy","object":"chat.completion.chunk","created":1783158650,"model":"deepseek/deepseek-v4-flash-20260423","provider":"GMICloud","choices":[{"index":0,"delta":{"content":"AI ","role":"assistant"},"finish_reason":null,"native_finish_reason":null}]}


PARSED: {"id":"gen-1783158650-6fMKVkLglsFk7xQKrVEy","object":"chat.completion.chunk","created":1783158650,"model":"deepseek/deepseek-v4-flash-20260423","provider":"GMICloud","choices":[{"index":0,"delta":{"content":"AI ","role":"assistant"},"finish_reason":null,"native_finish_reason":null}]}
--- CHUNK 1783158660465 bytes=295 ---
data: {"id":"gen-1783158650-6fMKVkLglsFk7xQKrVEy","object":"chat.completion.chunk","created":1783158650,"model":"deepseek/deepseek-v4-flash-20260423","provider":"GMICloud","choices":[{"index":0,"delta":{"content":"版的","role":"assistant"},"finish_reason":null,"native_finish_reason":null}]}


PARSED: {"id":"gen-1783158650-6fMKVkLglsFk7xQKrVEy","object":"chat.completion.chunk","created":1783158650,"model":"deepseek/deepseek-v4-flash-20260423","provider":"GMICloud","choices":[{"index":0,"delta":{"content":"版的","role":"assistant"},"finish_reason":null,"native_finish_reason":null}]}
--- CHUNK 1783158660465 bytes=295 ---
data: {"id":"gen-1783158650-6fMKVkLglsFk7xQKrVEy","object":"chat.completion.chunk","created":1783158650,"model":"deepseek/deepseek-v4-flash-20260423","provider":"GMICloud","choices":[{"index":0,"delta":{"content":"函式","role":"assistant"},"finish_reason":null,"native_finish_reason":null}]}


PARSED: {"id":"gen-1783158650-6fMKVkLglsFk7xQKrVEy","object":"chat.completion.chunk","created":1783158650,"model":"deepseek/deepseek-v4-flash-20260423","provider":"GMICloud","choices":[{"index":0,"delta":{"content":"函式","role":"assistant"},"finish_reason":null,"native_finish_reason":null}]}
--- CHUNK 1783158660465 bytes=295 ---
data: {"id":"gen-1783158650-6fMKVkLglsFk7xQKrVEy","object":"chat.completion.chunk","created":1783158650,"model":"deepseek/deepseek-v4-flash-20260423","provider":"GMICloud","choices":[{"index":0,"delta":{"content":"」：","role":"assistant"},"finish_reason":null,"native_finish_reason":null}]}


PARSED: {"id":"gen-1783158650-6fMKVkLglsFk7xQKrVEy","object":"chat.completion.chunk","created":1783158650,"model":"deepseek/deepseek-v4-flash-20260423","provider":"GMICloud","choices":[{"index":0,"delta":{"content":"」：","role":"assistant"},"finish_reason":null,"native_finish_reason":null}]}
--- CHUNK 1783158660502 bytes=292 ---
data: {"id":"gen-1783158650-6fMKVkLglsFk7xQKrVEy","object":"chat.completion.chunk","created":1783158650,"model":"deepseek/deepseek-v4-flash-20260423","provider":"GMICloud","choices":[{"index":0,"delta":{"content":"有","role":"assistant"},"finish_reason":null,"native_finish_reason":null}]}


PARSED: {"id":"gen-1783158650-6fMKVkLglsFk7xQKrVEy","object":"chat.completion.chunk","created":1783158650,"model":"deepseek/deepseek-v4-flash-20260423","provider":"GMICloud","choices":[{"index":0,"delta":{"content":"有","role":"assistant"},"finish_reason":null,"native_finish_reason":null}]}
--- CHUNK 1783158660523 bytes=298 ---
data: {"id":"gen-1783158650-6fMKVkLglsFk7xQKrVEy","object":"chat.completion.chunk","created":1783158650,"model":"deepseek/deepseek-v4-flash-20260423","provider":"GMICloud","choices":[{"index":0,"delta":{"content":"輸入、","role":"assistant"},"finish_reason":null,"native_finish_reason":null}]}


PARSED: {"id":"gen-1783158650-6fMKVkLglsFk7xQKrVEy","object":"chat.completion.chunk","created":1783158650,"model":"deepseek/deepseek-v4-flash-20260423","provider":"GMICloud","choices":[{"index":0,"delta":{"content":"輸入、","role":"assistant"},"finish_reason":null,"native_finish_reason":null}]}
--- CHUNK 1783158660523 bytes=596 ---
data: {"id":"gen-1783158650-6fMKVkLglsFk7xQKrVEy","object":"chat.completion.chunk","created":1783158650,"model":"deepseek/deepseek-v4-flash-20260423","provider":"GMICloud","choices":[{"index":0,"delta":{"content":"有執行","role":"assistant"},"finish_reason":null,"native_finish_reason":null}]}

data: {"id":"gen-1783158650-6fMKVkLglsFk7xQKrVEy","object":"chat.completion.chunk","created":1783158650,"model":"deepseek/deepseek-v4-flash-20260423","provider":"GMICloud","choices":[{"index":0,"delta":{"content":"步驟、","role":"assistant"},"finish_reason":null,"native_finish_reason":null}]}


PARSED: {"id":"gen-1783158650-6fMKVkLglsFk7xQKrVEy","object":"chat.completion.chunk","created":1783158650,"model":"deepseek/deepseek-v4-flash-20260423","provider":"GMICloud","choices":[{"index":0,"delta":{"content":"有執行","role":"assistant"},"finish_reason":null,"native_finish_reason":null}]}
PARSED: {"id":"gen-1783158650-6fMKVkLglsFk7xQKrVEy","object":"chat.completion.chunk","created":1783158650,"model":"deepseek/deepseek-v4-flash-20260423","provider":"GMICloud","choices":[{"index":0,"delta":{"content":"步驟、","role":"assistant"},"finish_reason":null,"native_finish_reason":null}]}
--- CHUNK 1783158660559 bytes=292 ---
data: {"id":"gen-1783158650-6fMKVkLglsFk7xQKrVEy","object":"chat.completion.chunk","created":1783158650,"model":"deepseek/deepseek-v4-flash-20260423","provider":"GMICloud","choices":[{"index":0,"delta":{"content":"有","role":"assistant"},"finish_reason":null,"native_finish_reason":null}]}


PARSED: {"id":"gen-1783158650-6fMKVkLglsFk7xQKrVEy","object":"chat.completion.chunk","created":1783158650,"model":"deepseek/deepseek-v4-flash-20260423","provider":"GMICloud","choices":[{"index":0,"delta":{"content":"有","role":"assistant"},"finish_reason":null,"native_finish_reason":null}]}
--- CHUNK 1783158660562 bytes=298 ---
data: {"id":"gen-1783158650-6fMKVkLglsFk7xQKrVEy","object":"chat.completion.chunk","created":1783158650,"model":"deepseek/deepseek-v4-flash-20260423","provider":"GMICloud","choices":[{"index":0,"delta":{"content":"輸出，","role":"assistant"},"finish_reason":null,"native_finish_reason":null}]}


PARSED: {"id":"gen-1783158650-6fMKVkLglsFk7xQKrVEy","object":"chat.completion.chunk","created":1783158650,"model":"deepseek/deepseek-v4-flash-20260423","provider":"GMICloud","choices":[{"index":0,"delta":{"content":"輸出，","role":"assistant"},"finish_reason":null,"native_finish_reason":null}]}
--- CHUNK 1783158660570 bytes=301 ---
data: {"id":"gen-1783158650-6fMKVkLglsFk7xQKrVEy","object":"chat.completion.chunk","created":1783158650,"model":"deepseek/deepseek-v4-flash-20260423","provider":"GMICloud","choices":[{"index":0,"delta":{"content":"而且可以","role":"assistant"},"finish_reason":null,"native_finish_reason":null}]}


PARSED: {"id":"gen-1783158650-6fMKVkLglsFk7xQKrVEy","object":"chat.completion.chunk","created":1783158650,"model":"deepseek/deepseek-v4-flash-20260423","provider":"GMICloud","choices":[{"index":0,"delta":{"content":"而且可以","role":"assistant"},"finish_reason":null,"native_finish_reason":null}]}
--- CHUNK 1783158660825 bytes=295 ---
data: {"id":"gen-1783158650-6fMKVkLglsFk7xQKrVEy","object":"chat.completion.chunk","created":1783158650,"model":"deepseek/deepseek-v4-flash-20260423","provider":"GMICloud","choices":[{"index":0,"delta":{"content":"組合","role":"assistant"},"finish_reason":null,"native_finish_reason":null}]}


PARSED: {"id":"gen-1783158650-6fMKVkLglsFk7xQKrVEy","object":"chat.completion.chunk","created":1783158650,"model":"deepseek/deepseek-v4-flash-20260423","provider":"GMICloud","choices":[{"index":0,"delta":{"content":"組合","role":"assistant"},"finish_reason":null,"native_finish_reason":null}]}
--- CHUNK 1783158660827 bytes=295 ---
data: {"id":"gen-1783158650-6fMKVkLglsFk7xQKrVEy","object":"chat.completion.chunk","created":1783158650,"model":"deepseek/deepseek-v4-flash-20260423","provider":"GMICloud","choices":[{"index":0,"delta":{"content":"與重","role":"assistant"},"finish_reason":null,"native_finish_reason":null}]}


PARSED: {"id":"gen-1783158650-6fMKVkLglsFk7xQKrVEy","object":"chat.completion.chunk","created":1783158650,"model":"deepseek/deepseek-v4-flash-20260423","provider":"GMICloud","choices":[{"index":0,"delta":{"content":"與重","role":"assistant"},"finish_reason":null,"native_finish_reason":null}]}
--- CHUNK 1783158660829 bytes=298 ---
data: {"id":"gen-1783158650-6fMKVkLglsFk7xQKrVEy","object":"chat.completion.chunk","created":1783158650,"model":"deepseek/deepseek-v4-flash-20260423","provider":"GMICloud","choices":[{"index":0,"delta":{"content":"複使用","role":"assistant"},"finish_reason":null,"native_finish_reason":null}]}


PARSED: {"id":"gen-1783158650-6fMKVkLglsFk7xQKrVEy","object":"chat.completion.chunk","created":1783158650,"model":"deepseek/deepseek-v4-flash-20260423","provider":"GMICloud","choices":[{"index":0,"delta":{"content":"複使用","role":"assistant"},"finish_reason":null,"native_finish_reason":null}]}
--- CHUNK 1783158660829 bytes=303 ---
data: {"id":"gen-1783158650-6fMKVkLglsFk7xQKrVEy","object":"chat.completion.chunk","created":1783158650,"model":"deepseek/deepseek-v4-flash-20260423","provider":"GMICloud","choices":[{"index":0,"delta":{"content":"。\n\n---\n\n","role":"assistant"},"finish_reason":null,"native_finish_reason":null}]}


PARSED: {"id":"gen-1783158650-6fMKVkLglsFk7xQKrVEy","object":"chat.completion.chunk","created":1783158650,"model":"deepseek/deepseek-v4-flash-20260423","provider":"GMICloud","choices":[{"index":0,"delta":{"content":"。\n\n---\n\n","role":"assistant"},"finish_reason":null,"native_finish_reason":null}]}
--- CHUNK 1783158660831 bytes=291 ---
data: {"id":"gen-1783158650-6fMKVkLglsFk7xQKrVEy","object":"chat.completion.chunk","created":1783158650,"model":"deepseek/deepseek-v4-flash-20260423","provider":"GMICloud","choices":[{"index":0,"delta":{"content":"##","role":"assistant"},"finish_reason":null,"native_finish_reason":null}]}


PARSED: {"id":"gen-1783158650-6fMKVkLglsFk7xQKrVEy","object":"chat.completion.chunk","created":1783158650,"model":"deepseek/deepseek-v4-flash-20260423","provider":"GMICloud","choices":[{"index":0,"delta":{"content":"##","role":"assistant"},"finish_reason":null,"native_finish_reason":null}]}
--- CHUNK 1783158660846 bytes=293 ---
data: {"id":"gen-1783158650-6fMKVkLglsFk7xQKrVEy","object":"chat.completion.chunk","created":1783158650,"model":"deepseek/deepseek-v4-flash-20260423","provider":"GMICloud","choices":[{"index":0,"delta":{"content":" 一","role":"assistant"},"finish_reason":null,"native_finish_reason":null}]}


PARSED: {"id":"gen-1783158650-6fMKVkLglsFk7xQKrVEy","object":"chat.completion.chunk","created":1783158650,"model":"deepseek/deepseek-v4-flash-20260423","provider":"GMICloud","choices":[{"index":0,"delta":{"content":" 一","role":"assistant"},"finish_reason":null,"native_finish_reason":null}]}
--- CHUNK 1783158660849 bytes=297 ---
data: {"id":"gen-1783158650-6fMKVkLglsFk7xQKrVEy","object":"chat.completion.chunk","created":1783158650,"model":"deepseek/deepseek-v4-flash-20260423","provider":"GMICloud","choices":[{"index":0,"delta":{"content":"、Skill","role":"assistant"},"finish_reason":null,"native_finish_reason":null}]}


PARSED: {"id":"gen-1783158650-6fMKVkLglsFk7xQKrVEy","object":"chat.completion.chunk","created":1783158650,"model":"deepseek/deepseek-v4-flash-20260423","provider":"GMICloud","choices":[{"index":0,"delta":{"content":"、Skill","role":"assistant"},"finish_reason":null,"native_finish_reason":null}]}
--- CHUNK 1783158660852 bytes=299 ---
data: {"id":"gen-1783158650-6fMKVkLglsFk7xQKrVEy","object":"chat.completion.chunk","created":1783158650,"model":"deepseek/deepseek-v4-flash-20260423","provider":"GMICloud","choices":[{"index":0,"delta":{"content":" 的生命","role":"assistant"},"finish_reason":null,"native_finish_reason":null}]}


PARSED: {"id":"gen-1783158650-6fMKVkLglsFk7xQKrVEy","object":"chat.completion.chunk","created":1783158650,"model":"deepseek/deepseek-v4-flash-20260423","provider":"GMICloud","choices":[{"index":0,"delta":{"content":" 的生命","role":"assistant"},"finish_reason":null,"native_finish_reason":null}]}
--- CHUNK 1783158660854 bytes=295 ---
data: {"id":"gen-1783158650-6fMKVkLglsFk7xQKrVEy","object":"chat.completion.chunk","created":1783158650,"model":"deepseek/deepseek-v4-flash-20260423","provider":"GMICloud","choices":[{"index":0,"delta":{"content":"週期","role":"assistant"},"finish_reason":null,"native_finish_reason":null}]}


PARSED: {"id":"gen-1783158650-6fMKVkLglsFk7xQKrVEy","object":"chat.completion.chunk","created":1783158650,"model":"deepseek/deepseek-v4-flash-20260423","provider":"GMICloud","choices":[{"index":0,"delta":{"content":"週期","role":"assistant"},"finish_reason":null,"native_finish_reason":null}]}
--- CHUNK 1783158660932 bytes=296 ---
data: {"id":"gen-1783158650-6fMKVkLglsFk7xQKrVEy","object":"chat.completion.chunk","created":1783158650,"model":"deepseek/deepseek-v4-flash-20260423","provider":"GMICloud","choices":[{"index":0,"delta":{"content":"\n\n###","role":"assistant"},"finish_reason":null,"native_finish_reason":null}]}


PARSED: {"id":"gen-1783158650-6fMKVkLglsFk7xQKrVEy","object":"chat.completion.chunk","created":1783158650,"model":"deepseek/deepseek-v4-flash-20260423","provider":"GMICloud","choices":[{"index":0,"delta":{"content":"\n\n###","role":"assistant"},"finish_reason":null,"native_finish_reason":null}]}
--- CHUNK 1783158660932 bytes=291 ---
data: {"id":"gen-1783158650-6fMKVkLglsFk7xQKrVEy","object":"chat.completion.chunk","created":1783158650,"model":"deepseek/deepseek-v4-flash-20260423","provider":"GMICloud","choices":[{"index":0,"delta":{"content":" 1","role":"assistant"},"finish_reason":null,"native_finish_reason":null}]}


PARSED: {"id":"gen-1783158650-6fMKVkLglsFk7xQKrVEy","object":"chat.completion.chunk","created":1783158650,"model":"deepseek/deepseek-v4-flash-20260423","provider":"GMICloud","choices":[{"index":0,"delta":{"content":" 1","role":"assistant"},"finish_reason":null,"native_finish_reason":null}]}
--- CHUNK 1783158660933 bytes=290 ---
data: {"id":"gen-1783158650-6fMKVkLglsFk7xQKrVEy","object":"chat.completion.chunk","created":1783158650,"model":"deepseek/deepseek-v4-flash-20260423","provider":"GMICloud","choices":[{"index":0,"delta":{"content":".","role":"assistant"},"finish_reason":null,"native_finish_reason":null}]}


PARSED: {"id":"gen-1783158650-6fMKVkLglsFk7xQKrVEy","object":"chat.completion.chunk","created":1783158650,"model":"deepseek/deepseek-v4-flash-20260423","provider":"GMICloud","choices":[{"index":0,"delta":{"content":".","role":"assistant"},"finish_reason":null,"native_finish_reason":null}]}
--- CHUNK 1783158660935 bytes=295 ---
data: {"id":"gen-1783158650-6fMKVkLglsFk7xQKrVEy","object":"chat.completion.chunk","created":1783158650,"model":"deepseek/deepseek-v4-flash-20260423","provider":"GMICloud","choices":[{"index":0,"delta":{"content":" 🔨 ","role":"assistant"},"finish_reason":null,"native_finish_reason":null}]}


PARSED: {"id":"gen-1783158650-6fMKVkLglsFk7xQKrVEy","object":"chat.completion.chunk","created":1783158650,"model":"deepseek/deepseek-v4-flash-20260423","provider":"GMICloud","choices":[{"index":0,"delta":{"content":" 🔨 ","role":"assistant"},"finish_reason":null,"native_finish_reason":null}]}
--- CHUNK 1783158660985 bytes=295 ---
data: {"id":"gen-1783158650-6fMKVkLglsFk7xQKrVEy","object":"chat.completion.chunk","created":1783158650,"model":"deepseek/deepseek-v4-flash-20260423","provider":"GMICloud","choices":[{"index":0,"delta":{"content":"建構","role":"assistant"},"finish_reason":null,"native_finish_reason":null}]}


PARSED: {"id":"gen-1783158650-6fMKVkLglsFk7xQKrVEy","object":"chat.completion.chunk","created":1783158650,"model":"deepseek/deepseek-v4-flash-20260423","provider":"GMICloud","choices":[{"index":0,"delta":{"content":"建構","role":"assistant"},"finish_reason":null,"native_finish_reason":null}]}
--- CHUNK 1783158660987 bytes=297 ---
data: {"id":"gen-1783158650-6fMKVkLglsFk7xQKrVEy","object":"chat.completion.chunk","created":1783158650,"model":"deepseek/deepseek-v4-flash-20260423","provider":"GMICloud","choices":[{"index":0,"delta":{"content":"（Build","role":"assistant"},"finish_reason":null,"native_finish_reason":null}]}


PARSED: {"id":"gen-1783158650-6fMKVkLglsFk7xQKrVEy","object":"chat.completion.chunk","created":1783158650,"model":"deepseek/deepseek-v4-flash-20260423","provider":"GMICloud","choices":[{"index":0,"delta":{"content":"（Build","role":"assistant"},"finish_reason":null,"native_finish_reason":null}]}
--- CHUNK 1783158660988 bytes=301 ---
data: {"id":"gen-1783158650-6fMKVkLglsFk7xQKrVEy","object":"chat.completion.chunk","created":1783158650,"model":"deepseek/deepseek-v4-flash-20260423","provider":"GMICloud","choices":[{"index":0,"delta":{"content":"）\n\nSkill","role":"assistant"},"finish_reason":null,"native_finish_reason":null}]}


PARSED: {"id":"gen-1783158650-6fMKVkLglsFk7xQKrVEy","object":"chat.completion.chunk","created":1783158650,"model":"deepseek/deepseek-v4-flash-20260423","provider":"GMICloud","choices":[{"index":0,"delta":{"content":"）\n\nSkill","role":"assistant"},"finish_reason":null,"native_finish_reason":null}]}
--- CHUNK 1783158660990 bytes=293 ---
data: {"id":"gen-1783158650-6fMKVkLglsFk7xQKrVEy","object":"chat.completion.chunk","created":1783158650,"model":"deepseek/deepseek-v4-flash-20260423","provider":"GMICloud","choices":[{"index":0,"delta":{"content":" 的","role":"assistant"},"finish_reason":null,"native_finish_reason":null}]}


PARSED: {"id":"gen-1783158650-6fMKVkLglsFk7xQKrVEy","object":"chat.completion.chunk","created":1783158650,"model":"deepseek/deepseek-v4-flash-20260423","provider":"GMICloud","choices":[{"index":0,"delta":{"content":" 的","role":"assistant"},"finish_reason":null,"native_finish_reason":null}]}
--- CHUNK 1783158660992 bytes=295 ---
data: {"id":"gen-1783158650-6fMKVkLglsFk7xQKrVEy","object":"chat.completion.chunk","created":1783158650,"model":"deepseek/deepseek-v4-flash-20260423","provider":"GMICloud","choices":[{"index":0,"delta":{"content":"建構","role":"assistant"},"finish_reason":null,"native_finish_reason":null}]}


PARSED: {"id":"gen-1783158650-6fMKVkLglsFk7xQKrVEy","object":"chat.completion.chunk","created":1783158650,"model":"deepseek/deepseek-v4-flash-20260423","provider":"GMICloud","choices":[{"index":0,"delta":{"content":"建構","role":"assistant"},"finish_reason":null,"native_finish_reason":null}]}
--- CHUNK 1783158660993 bytes=298 ---
data: {"id":"gen-1783158650-6fMKVkLglsFk7xQKrVEy","object":"chat.completion.chunk","created":1783158650,"model":"deepseek/deepseek-v4-flash-20260423","provider":"GMICloud","choices":[{"index":0,"delta":{"content":"有兩種","role":"assistant"},"finish_reason":null,"native_finish_reason":null}]}


PARSED: {"id":"gen-1783158650-6fMKVkLglsFk7xQKrVEy","object":"chat.completion.chunk","created":1783158650,"model":"deepseek/deepseek-v4-flash-20260423","provider":"GMICloud","choices":[{"index":0,"delta":{"content":"有兩種","role":"assistant"},"finish_reason":null,"native_finish_reason":null}]}
--- CHUNK 1783158661133 bytes=302 ---
data: {"id":"gen-1783158650-6fMKVkLglsFk7xQKrVEy","object":"chat.completion.chunk","created":1783158650,"model":"deepseek/deepseek-v4-flash-20260423","provider":"GMICloud","choices":[{"index":0,"delta":{"content":"方式：\n\n","role":"assistant"},"finish_reason":null,"native_finish_reason":null}]}


PARSED: {"id":"gen-1783158650-6fMKVkLglsFk7xQKrVEy","object":"chat.completion.chunk","created":1783158650,"model":"deepseek/deepseek-v4-flash-20260423","provider":"GMICloud","choices":[{"index":0,"delta":{"content":"方式：\n\n","role":"assistant"},"finish_reason":null,"native_finish_reason":null}]}
--- CHUNK 1783158661134 bytes=291 ---
data: {"id":"gen-1783158650-6fMKVkLglsFk7xQKrVEy","object":"chat.completion.chunk","created":1783158650,"model":"deepseek/deepseek-v4-flash-20260423","provider":"GMICloud","choices":[{"index":0,"delta":{"content":"| ","role":"assistant"},"finish_reason":null,"native_finish_reason":null}]}


PARSED: {"id":"gen-1783158650-6fMKVkLglsFk7xQKrVEy","object":"chat.completion.chunk","created":1783158650,"model":"deepseek/deepseek-v4-flash-20260423","provider":"GMICloud","choices":[{"index":0,"delta":{"content":"| ","role":"assistant"},"finish_reason":null,"native_finish_reason":null}]}
--- CHUNK 1783158661137 bytes=297 ---
data: {"id":"gen-1783158650-6fMKVkLglsFk7xQKrVEy","object":"chat.completion.chunk","created":1783158650,"model":"deepseek/deepseek-v4-flash-20260423","provider":"GMICloud","choices":[{"index":0,"delta":{"content":"方式 |","role":"assistant"},"finish_reason":null,"native_finish_reason":null}]}


PARSED: {"id":"gen-1783158650-6fMKVkLglsFk7xQKrVEy","object":"chat.completion.chunk","created":1783158650,"model":"deepseek/deepseek-v4-flash-20260423","provider":"GMICloud","choices":[{"index":0,"delta":{"content":"方式 |","role":"assistant"},"finish_reason":null,"native_finish_reason":null}]}
--- CHUNK 1783158661219 bytes=290 ---
data: {"id":"gen-1783158650-6fMKVkLglsFk7xQKrVEy","object":"chat.completion.chunk","created":1783158650,"model":"deepseek/deepseek-v4-flash-20260423","provider":"GMICloud","choices":[{"index":0,"delta":{"content":" ","role":"assistant"},"finish_reason":null,"native_finish_reason":null}]}


PARSED: {"id":"gen-1783158650-6fMKVkLglsFk7xQKrVEy","object":"chat.completion.chunk","created":1783158650,"model":"deepseek/deepseek-v4-flash-20260423","provider":"GMICloud","choices":[{"index":0,"delta":{"content":" ","role":"assistant"},"finish_reason":null,"native_finish_reason":null}]}
--- CHUNK 1783158661222 bytes=299 ---
data: {"id":"gen-1783158650-6fMKVkLglsFk7xQKrVEy","object":"chat.completion.chunk","created":1783158650,"model":"deepseek/deepseek-v4-flash-20260423","provider":"GMICloud","choices":[{"index":0,"delta":{"content":"說明 |\n","role":"assistant"},"finish_reason":null,"native_finish_reason":null}]}


PARSED: {"id":"gen-1783158650-6fMKVkLglsFk7xQKrVEy","object":"chat.completion.chunk","created":1783158650,"model":"deepseek/deepseek-v4-flash-20260423","provider":"GMICloud","choices":[{"index":0,"delta":{"content":"說明 |\n","role":"assistant"},"finish_reason":null,"native_finish_reason":null}]}
--- CHUNK 1783158661227 bytes=296 ---
data: {"id":"gen-1783158650-6fMKVkLglsFk7xQKrVEy","object":"chat.completion.chunk","created":1783158650,"model":"deepseek/deepseek-v4-flash-20260423","provider":"GMICloud","choices":[{"index":0,"delta":{"content":"|------","role":"assistant"},"finish_reason":null,"native_finish_reason":null}]}


PARSED: {"id":"gen-1783158650-6fMKVkLglsFk7xQKrVEy","object":"chat.completion.chunk","created":1783158650,"model":"deepseek/deepseek-v4-flash-20260423","provider":"GMICloud","choices":[{"index":0,"delta":{"content":"|------","role":"assistant"},"finish_reason":null,"native_finish_reason":null}]}
--- CHUNK 1783158661233 bytes=296 ---
data: {"id":"gen-1783158650-6fMKVkLglsFk7xQKrVEy","object":"chat.completion.chunk","created":1783158650,"model":"deepseek/deepseek-v4-flash-20260423","provider":"GMICloud","choices":[{"index":0,"delta":{"content":"|------","role":"assistant"},"finish_reason":null,"native_finish_reason":null}]}


PARSED: {"id":"gen-1783158650-6fMKVkLglsFk7xQKrVEy","object":"chat.completion.chunk","created":1783158650,"model":"deepseek/deepseek-v4-flash-20260423","provider":"GMICloud","choices":[{"index":0,"delta":{"content":"|------","role":"assistant"},"finish_reason":null,"native_finish_reason":null}]}
--- CHUNK 1783158661259 bytes=292 ---
data: {"id":"gen-1783158650-6fMKVkLglsFk7xQKrVEy","object":"chat.completion.chunk","created":1783158650,"model":"deepseek/deepseek-v4-flash-20260423","provider":"GMICloud","choices":[{"index":0,"delta":{"content":"|\n","role":"assistant"},"finish_reason":null,"native_finish_reason":null}]}


PARSED: {"id":"gen-1783158650-6fMKVkLglsFk7xQKrVEy","object":"chat.completion.chunk","created":1783158650,"model":"deepseek/deepseek-v4-flash-20260423","provider":"GMICloud","choices":[{"index":0,"delta":{"content":"|\n","role":"assistant"},"finish_reason":null,"native_finish_reason":null}]}
--- CHUNK 1783158661261 bytes=293 ---
data: {"id":"gen-1783158650-6fMKVkLglsFk7xQKrVEy","object":"chat.completion.chunk","created":1783158650,"model":"deepseek/deepseek-v4-flash-20260423","provider":"GMICloud","choices":[{"index":0,"delta":{"content":"| **","role":"assistant"},"finish_reason":null,"native_finish_reason":null}]}


PARSED: {"id":"gen-1783158650-6fMKVkLglsFk7xQKrVEy","object":"chat.completion.chunk","created":1783158650,"model":"deepseek/deepseek-v4-flash-20260423","provider":"GMICloud","choices":[{"index":0,"delta":{"content":"| **","role":"assistant"},"finish_reason":null,"native_finish_reason":null}]}
--- CHUNK 1783158661263 bytes=302 ---
data: {"id":"gen-1783158650-6fMKVkLglsFk7xQKrVEy","object":"chat.completion.chunk","created":1783158650,"model":"deepseek/deepseek-v4-flash-20260423","provider":"GMICloud","choices":[{"index":0,"delta":{"content":"Skill Builder","role":"assistant"},"finish_reason":null,"native_finish_reason":null}]}


PARSED: {"id":"gen-1783158650-6fMKVkLglsFk7xQKrVEy","object":"chat.completion.chunk","created":1783158650,"model":"deepseek/deepseek-v4-flash-20260423","provider":"GMICloud","choices":[{"index":0,"delta":{"content":"Skill Builder","role":"assistant"},"finish_reason":null,"native_finish_reason":null}]}
--- CHUNK 1783158661300 bytes=296 ---
data: {"id":"gen-1783158650-6fMKVkLglsFk7xQKrVEy","object":"chat.completion.chunk","created":1783158650,"model":"deepseek/deepseek-v4-flash-20260423","provider":"GMICloud","choices":[{"index":0,"delta":{"content":" 聊天","role":"assistant"},"finish_reason":null,"native_finish_reason":null}]}


PARSED: {"id":"gen-1783158650-6fMKVkLglsFk7xQKrVEy","object":"chat.completion.chunk","created":1783158650,"model":"deepseek/deepseek-v4-flash-20260423","provider":"GMICloud","choices":[{"index":0,"delta":{"content":" 聊天","role":"assistant"},"finish_reason":null,"native_finish_reason":null}]}
--- CHUNK 1783158661301 bytes=295 ---
data: {"id":"gen-1783158650-6fMKVkLglsFk7xQKrVEy","object":"chat.completion.chunk","created":1783158650,"model":"deepseek/deepseek-v4-flash-20260423","provider":"GMICloud","choices":[{"index":0,"delta":{"content":"建構","role":"assistant"},"finish_reason":null,"native_finish_reason":null}]}


PARSED: {"id":"gen-1783158650-6fMKVkLglsFk7xQKrVEy","object":"chat.completion.chunk","created":1783158650,"model":"deepseek/deepseek-v4-flash-20260423","provider":"GMICloud","choices":[{"index":0,"delta":{"content":"建構","role":"assistant"},"finish_reason":null,"native_finish_reason":null}]}
--- CHUNK 1783158661303 bytes=293 ---
data: {"id":"gen-1783158650-6fMKVkLglsFk7xQKrVEy","object":"chat.completion.chunk","created":1783158650,"model":"deepseek/deepseek-v4-flash-20260423","provider":"GMICloud","choices":[{"index":0,"delta":{"content":"** |","role":"assistant"},"finish_reason":null,"native_finish_reason":null}]}


PARSED: {"id":"gen-1783158650-6fMKVkLglsFk7xQKrVEy","object":"chat.completion.chunk","created":1783158650,"model":"deepseek/deepseek-v4-flash-20260423","provider":"GMICloud","choices":[{"index":0,"delta":{"content":"** |","role":"assistant"},"finish_reason":null,"native_finish_reason":null}]}
--- CHUNK 1783158661306 bytes=293 ---
data: {"id":"gen-1783158650-6fMKVkLglsFk7xQKrVEy","object":"chat.completion.chunk","created":1783158650,"model":"deepseek/deepseek-v4-flash-20260423","provider":"GMICloud","choices":[{"index":0,"delta":{"content":" 在","role":"assistant"},"finish_reason":null,"native_finish_reason":null}]}


PARSED: {"id":"gen-1783158650-6fMKVkLglsFk7xQKrVEy","object":"chat.completion.chunk","created":1783158650,"model":"deepseek/deepseek-v4-flash-20260423","provider":"GMICloud","choices":[{"index":0,"delta":{"content":" 在","role":"assistant"},"finish_reason":null,"native_finish_reason":null}]}
--- CHUNK 1783158661324 bytes=291 ---
data: {"id":"gen-1783158650-6fMKVkLglsFk7xQKrVEy","object":"chat.completion.chunk","created":1783158650,"model":"deepseek/deepseek-v4-flash-20260423","provider":"GMICloud","choices":[{"index":0,"delta":{"content":" `","role":"assistant"},"finish_reason":null,"native_finish_reason":null}]}


PARSED: {"id":"gen-1783158650-6fMKVkLglsFk7xQKrVEy","object":"chat.completion.chunk","created":1783158650,"model":"deepseek/deepseek-v4-flash-20260423","provider":"GMICloud","choices":[{"index":0,"delta":{"content":" `","role":"assistant"},"finish_reason":null,"native_finish_reason":null}]}
--- CHUNK 1783158661329 bytes=301 ---
data: {"id":"gen-1783158650-6fMKVkLglsFk7xQKrVEy","object":"chat.completion.chunk","created":1783158650,"model":"deepseek/deepseek-v4-flash-20260423","provider":"GMICloud","choices":[{"index":0,"delta":{"content":"SkillBuilder","role":"assistant"},"finish_reason":null,"native_finish_reason":null}]}


PARSED: {"id":"gen-1783158650-6fMKVkLglsFk7xQKrVEy","object":"chat.completion.chunk","created":1783158650,"model":"deepseek/deepseek-v4-flash-20260423","provider":"GMICloud","choices":[{"index":0,"delta":{"content":"SkillBuilder","role":"assistant"},"finish_reason":null,"native_finish_reason":null}]}
--- CHUNK 1783158661334 bytes=293 ---
data: {"id":"gen-1783158650-6fMKVkLglsFk7xQKrVEy","object":"chat.completion.chunk","created":1783158650,"model":"deepseek/deepseek-v4-flash-20260423","provider":"GMICloud","choices":[{"index":0,"delta":{"content":".tsx","role":"assistant"},"finish_reason":null,"native_finish_reason":null}]}


PARSED: {"id":"gen-1783158650-6fMKVkLglsFk7xQKrVEy","object":"chat.completion.chunk","created":1783158650,"model":"deepseek/deepseek-v4-flash-20260423","provider":"GMICloud","choices":[{"index":0,"delta":{"content":".tsx","role":"assistant"},"finish_reason":null,"native_finish_reason":null}]}
--- CHUNK 1783158661399 bytes=290 ---
data: {"id":"gen-1783158650-6fMKVkLglsFk7xQKrVEy","object":"chat.completion.chunk","created":1783158650,"model":"deepseek/deepseek-v4-flash-20260423","provider":"GMICloud","choices":[{"index":0,"delta":{"content":"`","role":"assistant"},"finish_reason":null,"native_finish_reason":null}]}


PARSED: {"id":"gen-1783158650-6fMKVkLglsFk7xQKrVEy","object":"chat.completion.chunk","created":1783158650,"model":"deepseek/deepseek-v4-flash-20260423","provider":"GMICloud","choices":[{"index":0,"delta":{"content":"`","role":"assistant"},"finish_reason":null,"native_finish_reason":null}]}
--- CHUNK 1783158661400 bytes=293 ---
data: {"id":"gen-1783158650-6fMKVkLglsFk7xQKrVEy","object":"chat.completion.chunk","created":1783158650,"model":"deepseek/deepseek-v4-flash-20260423","provider":"GMICloud","choices":[{"index":0,"delta":{"content":" 中","role":"assistant"},"finish_reason":null,"native_finish_reason":null}]}


PARSED: {"id":"gen-1783158650-6fMKVkLglsFk7xQKrVEy","object":"chat.completion.chunk","created":1783158650,"model":"deepseek/deepseek-v4-flash-20260423","provider":"GMICloud","choices":[{"index":0,"delta":{"content":" 中","role":"assistant"},"finish_reason":null,"native_finish_reason":null}]}
--- CHUNK 1783158661402 bytes=299 ---
data: {"id":"gen-1783158650-6fMKVkLglsFk7xQKrVEy","object":"chat.completion.chunk","created":1783158650,"model":"deepseek/deepseek-v4-flash-20260423","provider":"GMICloud","choices":[{"index":0,"delta":{"content":"透過 Web","role":"assistant"},"finish_reason":null,"native_finish_reason":null}]}


PARSED: {"id":"gen-1783158650-6fMKVkLglsFk7xQKrVEy","object":"chat.completion.chunk","created":1783158650,"model":"deepseek/deepseek-v4-flash-20260423","provider":"GMICloud","choices":[{"index":0,"delta":{"content":"透過 Web","role":"assistant"},"finish_reason":null,"native_finish_reason":null}]}
--- CHUNK 1783158661405 bytes=296 ---
data: {"id":"gen-1783158650-6fMKVkLglsFk7xQKrVEy","object":"chat.completion.chunk","created":1783158650,"model":"deepseek/deepseek-v4-flash-20260423","provider":"GMICloud","choices":[{"index":0,"delta":{"content":"Socket ","role":"assistant"},"finish_reason":null,"native_finish_reason":null}]}


PARSED: {"id":"gen-1783158650-6fMKVkLglsFk7xQKrVEy","object":"chat.completion.chunk","created":1783158650,"model":"deepseek/deepseek-v4-flash-20260423","provider":"GMICloud","choices":[{"index":0,"delta":{"content":"Socket ","role":"assistant"},"finish_reason":null,"native_finish_reason":null}]}
--- CHUNK 1783158661427 bytes=292 ---
data: {"id":"gen-1783158650-6fMKVkLglsFk7xQKrVEy","object":"chat.completion.chunk","created":1783158650,"model":"deepseek/deepseek-v4-flash-20260423","provider":"GMICloud","choices":[{"index":0,"delta":{"content":"與","role":"assistant"},"finish_reason":null,"native_finish_reason":null}]}


PARSED: {"id":"gen-1783158650-6fMKVkLglsFk7xQKrVEy","object":"chat.completion.chunk","created":1783158650,"model":"deepseek/deepseek-v4-flash-20260423","provider":"GMICloud","choices":[{"index":0,"delta":{"content":"與","role":"assistant"},"finish_reason":null,"native_finish_reason":null}]}
--- CHUNK 1783158661428 bytes=293 ---
data: {"id":"gen-1783158650-6fMKVkLglsFk7xQKrVEy","object":"chat.completion.chunk","created":1783158650,"model":"deepseek/deepseek-v4-flash-20260423","provider":"GMICloud","choices":[{"index":0,"delta":{"content":" AI ","role":"assistant"},"finish_reason":null,"native_finish_reason":null}]}


PARSED: {"id":"gen-1783158650-6fMKVkLglsFk7xQKrVEy","object":"chat.completion.chunk","created":1783158650,"model":"deepseek/deepseek-v4-flash-20260423","provider":"GMICloud","choices":[{"index":0,"delta":{"content":" AI ","role":"assistant"},"finish_reason":null,"native_finish_reason":null}]}
--- CHUNK 1783158661430 bytes=298 ---
data: {"id":"gen-1783158650-6fMKVkLglsFk7xQKrVEy","object":"chat.completion.chunk","created":1783158650,"model":"deepseek/deepseek-v4-flash-20260423","provider":"GMICloud","choices":[{"index":0,"delta":{"content":"對話，","role":"assistant"},"finish_reason":null,"native_finish_reason":null}]}


PARSED: {"id":"gen-1783158650-6fMKVkLglsFk7xQKrVEy","object":"chat.completion.chunk","created":1783158650,"model":"deepseek/deepseek-v4-flash-20260423","provider":"GMICloud","choices":[{"index":0,"delta":{"content":"對話，","role":"assistant"},"finish_reason":null,"native_finish_reason":null}]}
--- CHUNK 1783158661463 bytes=295 ---
data: {"id":"gen-1783158650-6fMKVkLglsFk7xQKrVEy","object":"chat.completion.chunk","created":1783158650,"model":"deepseek/deepseek-v4-flash-20260423","provider":"GMICloud","choices":[{"index":0,"delta":{"content":"逐步","role":"assistant"},"finish_reason":null,"native_finish_reason":null}]}


PARSED: {"id":"gen-1783158650-6fMKVkLglsFk7xQKrVEy","object":"chat.completion.chunk","created":1783158650,"model":"deepseek/deepseek-v4-flash-20260423","provider":"GMICloud","choices":[{"index":0,"delta":{"content":"逐步","role":"assistant"},"finish_reason":null,"native_finish_reason":null}]}
--- CHUNK 1783158661468 bytes=301 ---
data: {"id":"gen-1783158650-6fMKVkLglsFk7xQKrVEy","object":"chat.completion.chunk","created":1783158650,"model":"deepseek/deepseek-v4-flash-20260423","provider":"GMICloud","choices":[{"index":0,"delta":{"content":"定義 Skill","role":"assistant"},"finish_reason":null,"native_finish_reason":null}]}


PARSED: {"id":"gen-1783158650-6fMKVkLglsFk7xQKrVEy","object":"chat.completion.chunk","created":1783158650,"model":"deepseek/deepseek-v4-flash-20260423","provider":"GMICloud","choices":[{"index":0,"delta":{"content":"定義 Skill","role":"assistant"},"finish_reason":null,"native_finish_reason":null}]}
--- CHUNK 1783158661472 bytes=294 ---
data: {"id":"gen-1783158650-6fMKVkLglsFk7xQKrVEy","object":"chat.completion.chunk","created":1783158650,"model":"deepseek/deepseek-v4-flash-20260423","provider":"GMICloud","choices":[{"index":0,"delta":{"content":" |\n|","role":"assistant"},"finish_reason":null,"native_finish_reason":null}]}


PARSED: {"id":"gen-1783158650-6fMKVkLglsFk7xQKrVEy","object":"chat.completion.chunk","created":1783158650,"model":"deepseek/deepseek-v4-flash-20260423","provider":"GMICloud","choices":[{"index":0,"delta":{"content":" |\n|","role":"assistant"},"finish_reason":null,"native_finish_reason":null}]}
--- CHUNK 1783158661511 bytes=292 ---
data: {"id":"gen-1783158650-6fMKVkLglsFk7xQKrVEy","object":"chat.completion.chunk","created":1783158650,"model":"deepseek/deepseek-v4-flash-20260423","provider":"GMICloud","choices":[{"index":0,"delta":{"content":" **","role":"assistant"},"finish_reason":null,"native_finish_reason":null}]}


PARSED: {"id":"gen-1783158650-6fMKVkLglsFk7xQKrVEy","object":"chat.completion.chunk","created":1783158650,"model":"deepseek/deepseek-v4-flash-20260423","provider":"GMICloud","choices":[{"index":0,"delta":{"content":" **","role":"assistant"},"finish_reason":null,"native_finish_reason":null}]}
--- CHUNK 1783158661514 bytes=295 ---
data: {"id":"gen-1783158650-6fMKVkLglsFk7xQKrVEy","object":"chat.completion.chunk","created":1783158650,"model":"deepseek/deepseek-v4-flash-20260423","provider":"GMICloud","choices":[{"index":0,"delta":{"content":"✨ AI","role":"assistant"},"finish_reason":null,"native_finish_reason":null}]}


PARSED: {"id":"gen-1783158650-6fMKVkLglsFk7xQKrVEy","object":"chat.completion.chunk","created":1783158650,"model":"deepseek/deepseek-v4-flash-20260423","provider":"GMICloud","choices":[{"index":0,"delta":{"content":"✨ AI","role":"assistant"},"finish_reason":null,"native_finish_reason":null}]}
--- CHUNK 1783158661537 bytes=293 ---
data: {"id":"gen-1783158650-6fMKVkLglsFk7xQKrVEy","object":"chat.completion.chunk","created":1783158650,"model":"deepseek/deepseek-v4-flash-20260423","provider":"GMICloud","choices":[{"index":0,"delta":{"content":" 一","role":"assistant"},"finish_reason":null,"native_finish_reason":null}]}


PARSED: {"id":"gen-1783158650-6fMKVkLglsFk7xQKrVEy","object":"chat.completion.chunk","created":1783158650,"model":"deepseek/deepseek-v4-flash-20260423","provider":"GMICloud","choices":[{"index":0,"delta":{"content":" 一","role":"assistant"},"finish_reason":null,"native_finish_reason":null}]}
--- CHUNK 1783158661540 bytes=298 ---
data: {"id":"gen-1783158650-6fMKVkLglsFk7xQKrVEy","object":"chat.completion.chunk","created":1783158650,"model":"deepseek/deepseek-v4-flash-20260423","provider":"GMICloud","choices":[{"index":0,"delta":{"content":"鍵生成","role":"assistant"},"finish_reason":null,"native_finish_reason":null}]}


PARSED: {"id":"gen-1783158650-6fMKVkLglsFk7xQKrVEy","object":"chat.completion.chunk","created":1783158650,"model":"deepseek/deepseek-v4-flash-20260423","provider":"GMICloud","choices":[{"index":0,"delta":{"content":"鍵生成","role":"assistant"},"finish_reason":null,"native_finish_reason":null}]}
--- CHUNK 1783158661558 bytes=291 ---
data: {"id":"gen-1783158650-6fMKVkLglsFk7xQKrVEy","object":"chat.completion.chunk","created":1783158650,"model":"deepseek/deepseek-v4-flash-20260423","provider":"GMICloud","choices":[{"index":0,"delta":{"content":"**","role":"assistant"},"finish_reason":null,"native_finish_reason":null}]}


PARSED: {"id":"gen-1783158650-6fMKVkLglsFk7xQKrVEy","object":"chat.completion.chunk","created":1783158650,"model":"deepseek/deepseek-v4-flash-20260423","provider":"GMICloud","choices":[{"index":0,"delta":{"content":"**","role":"assistant"},"finish_reason":null,"native_finish_reason":null}]}
--- CHUNK 1783158661561 bytes=292 ---
data: {"id":"gen-1783158650-6fMKVkLglsFk7xQKrVEy","object":"chat.completion.chunk","created":1783158650,"model":"deepseek/deepseek-v4-flash-20260423","provider":"GMICloud","choices":[{"index":0,"delta":{"content":" | ","role":"assistant"},"finish_reason":null,"native_finish_reason":null}]}


PARSED: {"id":"gen-1783158650-6fMKVkLglsFk7xQKrVEy","object":"chat.completion.chunk","created":1783158650,"model":"deepseek/deepseek-v4-flash-20260423","provider":"GMICloud","choices":[{"index":0,"delta":{"content":" | ","role":"assistant"},"finish_reason":null,"native_finish_reason":null}]}
--- CHUNK 1783158661563 bytes=301 ---
data: {"id":"gen-1783158650-6fMKVkLglsFk7xQKrVEy","object":"chat.completion.chunk","created":1783158650,"model":"deepseek/deepseek-v4-flash-20260423","provider":"GMICloud","choices":[{"index":0,"delta":{"content":"輸入功能","role":"assistant"},"finish_reason":null,"native_finish_reason":null}]}


PARSED: {"id":"gen-1783158650-6fMKVkLglsFk7xQKrVEy","object":"chat.completion.chunk","created":1783158650,"model":"deepseek/deepseek-v4-flash-20260423","provider":"GMICloud","choices":[{"index":0,"delta":{"content":"輸入功能","role":"assistant"},"finish_reason":null,"native_finish_reason":null}]}
--- CHUNK 1783158661588 bytes=297 ---
data: {"id":"gen-1783158650-6fMKVkLglsFk7xQKrVEy","object":"chat.completion.chunk","created":1783158650,"model":"deepseek/deepseek-v4-flash-20260423","provider":"GMICloud","choices":[{"index":0,"delta":{"content":"名稱 +","role":"assistant"},"finish_reason":null,"native_finish_reason":null}]}


PARSED: {"id":"gen-1783158650-6fMKVkLglsFk7xQKrVEy","object":"chat.completion.chunk","created":1783158650,"model":"deepseek/deepseek-v4-flash-20260423","provider":"GMICloud","choices":[{"index":0,"delta":{"content":"名稱 +","role":"assistant"},"finish_reason":null,"native_finish_reason":null}]}
--- CHUNK 1783158661591 bytes=296 ---
data: {"id":"gen-1783158650-6fMKVkLglsFk7xQKrVEy","object":"chat.completion.chunk","created":1783158650,"model":"deepseek/deepseek-v4-flash-20260423","provider":"GMICloud","choices":[{"index":0,"delta":{"content":" 描述","role":"assistant"},"finish_reason":null,"native_finish_reason":null}]}


PARSED: {"id":"gen-1783158650-6fMKVkLglsFk7xQKrVEy","object":"chat.completion.chunk","created":1783158650,"model":"deepseek/deepseek-v4-flash-20260423","provider":"GMICloud","choices":[{"index":0,"delta":{"content":" 描述","role":"assistant"},"finish_reason":null,"native_finish_reason":null}]}
--- CHUNK 1783158661592 bytes=295 ---
data: {"id":"gen-1783158650-6fMKVkLglsFk7xQKrVEy","object":"chat.completion.chunk","created":1783158650,"model":"deepseek/deepseek-v4-flash-20260423","provider":"GMICloud","choices":[{"index":0,"delta":{"content":"，後","role":"assistant"},"finish_reason":null,"native_finish_reason":null}]}


PARSED: {"id":"gen-1783158650-6fMKVkLglsFk7xQKrVEy","object":"chat.completion.chunk","created":1783158650,"model":"deepseek/deepseek-v4-flash-20260423","provider":"GMICloud","choices":[{"index":0,"delta":{"content":"，後","role":"assistant"},"finish_reason":null,"native_finish_reason":null}]}
--- CHUNK 1783158661635 bytes=298 ---
data: {"id":"gen-1783158650-6fMKVkLglsFk7xQKrVEy","object":"chat.completion.chunk","created":1783158650,"model":"deepseek/deepseek-v4-flash-20260423","provider":"GMICloud","choices":[{"index":0,"delta":{"content":"端呼叫","role":"assistant"},"finish_reason":null,"native_finish_reason":null}]}


PARSED: {"id":"gen-1783158650-6fMKVkLglsFk7xQKrVEy","object":"chat.completion.chunk","created":1783158650,"model":"deepseek/deepseek-v4-flash-20260423","provider":"GMICloud","choices":[{"index":0,"delta":{"content":"端呼叫","role":"assistant"},"finish_reason":null,"native_finish_reason":null}]}
--- CHUNK 1783158661637 bytes=293 ---
data: {"id":"gen-1783158650-6fMKVkLglsFk7xQKrVEy","object":"chat.completion.chunk","created":1783158650,"model":"deepseek/deepseek-v4-flash-20260423","provider":"GMICloud","choices":[{"index":0,"delta":{"content":" LLM","role":"assistant"},"finish_reason":null,"native_finish_reason":null}]}


PARSED: {"id":"gen-1783158650-6fMKVkLglsFk7xQKrVEy","object":"chat.completion.chunk","created":1783158650,"model":"deepseek/deepseek-v4-flash-20260423","provider":"GMICloud","choices":[{"index":0,"delta":{"content":" LLM","role":"assistant"},"finish_reason":null,"native_finish_reason":null}]}
--- CHUNK 1783158661643 bytes=296 ---
data: {"id":"gen-1783158650-6fMKVkLglsFk7xQKrVEy","object":"chat.completion.chunk","created":1783158650,"model":"deepseek/deepseek-v4-flash-20260423","provider":"GMICloud","choices":[{"index":0,"delta":{"content":" 自動","role":"assistant"},"finish_reason":null,"native_finish_reason":null}]}


PARSED: {"id":"gen-1783158650-6fMKVkLglsFk7xQKrVEy","object":"chat.completion.chunk","created":1783158650,"model":"deepseek/deepseek-v4-flash-20260423","provider":"GMICloud","choices":[{"index":0,"delta":{"content":" 自動","role":"assistant"},"finish_reason":null,"native_finish_reason":null}]}
--- CHUNK 1783158661663 bytes=292 ---
data: {"id":"gen-1783158650-6fMKVkLglsFk7xQKrVEy","object":"chat.completion.chunk","created":1783158650,"model":"deepseek/deepseek-v4-flash-20260423","provider":"GMICloud","choices":[{"index":0,"delta":{"content":"產","role":"assistant"},"finish_reason":null,"native_finish_reason":null}]}


PARSED: {"id":"gen-1783158650-6fMKVkLglsFk7xQKrVEy","object":"chat.completion.chunk","created":1783158650,"model":"deepseek/deepseek-v4-flash-20260423","provider":"GMICloud","choices":[{"index":0,"delta":{"content":"產","role":"assistant"},"finish_reason":null,"native_finish_reason":null}]}
--- CHUNK 1783158661669 bytes=298 ---
data: {"id":"gen-1783158650-6fMKVkLglsFk7xQKrVEy","object":"chat.completion.chunk","created":1783158650,"model":"deepseek/deepseek-v4-flash-20260423","provider":"GMICloud","choices":[{"index":0,"delta":{"content":"出完整","role":"assistant"},"finish_reason":null,"native_finish_reason":null}]}


PARSED: {"id":"gen-1783158650-6fMKVkLglsFk7xQKrVEy","object":"chat.completion.chunk","created":1783158650,"model":"deepseek/deepseek-v4-flash-20260423","provider":"GMICloud","choices":[{"index":0,"delta":{"content":"出完整","role":"assistant"},"finish_reason":null,"native_finish_reason":null}]}
--- CHUNK 1783158661675 bytes=295 ---
data: {"id":"gen-1783158650-6fMKVkLglsFk7xQKrVEy","object":"chat.completion.chunk","created":1783158650,"model":"deepseek/deepseek-v4-flash-20260423","provider":"GMICloud","choices":[{"index":0,"delta":{"content":" SKILL","role":"assistant"},"finish_reason":null,"native_finish_reason":null}]}


PARSED: {"id":"gen-1783158650-6fMKVkLglsFk7xQKrVEy","object":"chat.completion.chunk","created":1783158650,"model":"deepseek/deepseek-v4-flash-20260423","provider":"GMICloud","choices":[{"index":0,"delta":{"content":" SKILL","role":"assistant"},"finish_reason":null,"native_finish_reason":null}]}
--- CHUNK 1783158661705 bytes=292 ---
data: {"id":"gen-1783158650-6fMKVkLglsFk7xQKrVEy","object":"chat.completion.chunk","created":1783158650,"model":"deepseek/deepseek-v4-flash-20260423","provider":"GMICloud","choices":[{"index":0,"delta":{"content":".md","role":"assistant"},"finish_reason":null,"native_finish_reason":null}]}


PARSED: {"id":"gen-1783158650-6fMKVkLglsFk7xQKrVEy","object":"chat.completion.chunk","created":1783158650,"model":"deepseek/deepseek-v4-flash-20260423","provider":"GMICloud","choices":[{"index":0,"delta":{"content":".md","role":"assistant"},"finish_reason":null,"native_finish_reason":null}]}
--- CHUNK 1783158661710 bytes=298 ---
data: {"id":"gen-1783158650-6fMKVkLglsFk7xQKrVEy","object":"chat.completion.chunk","created":1783158650,"model":"deepseek/deepseek-v4-flash-20260423","provider":"GMICloud","choices":[{"index":0,"delta":{"content":" |\n\n建","role":"assistant"},"finish_reason":null,"native_finish_reason":null}]}


PARSED: {"id":"gen-1783158650-6fMKVkLglsFk7xQKrVEy","object":"chat.completion.chunk","created":1783158650,"model":"deepseek/deepseek-v4-flash-20260423","provider":"GMICloud","choices":[{"index":0,"delta":{"content":" |\n\n建","role":"assistant"},"finish_reason":null,"native_finish_reason":null}]}
--- CHUNK 1783158661712 bytes=298 ---
data: {"id":"gen-1783158650-6fMKVkLglsFk7xQKrVEy","object":"chat.completion.chunk","created":1783158650,"model":"deepseek/deepseek-v4-flash-20260423","provider":"GMICloud","choices":[{"index":0,"delta":{"content":"構中的","role":"assistant"},"finish_reason":null,"native_finish_reason":null}]}


PARSED: {"id":"gen-1783158650-6fMKVkLglsFk7xQKrVEy","object":"chat.completion.chunk","created":1783158650,"model":"deepseek/deepseek-v4-flash-20260423","provider":"GMICloud","choices":[{"index":0,"delta":{"content":"構中的","role":"assistant"},"finish_reason":null,"native_finish_reason":null}]}
--- CHUNK 1783158661731 bytes=296 ---
data: {"id":"gen-1783158650-6fMKVkLglsFk7xQKrVEy","object":"chat.completion.chunk","created":1783158650,"model":"deepseek/deepseek-v4-flash-20260423","provider":"GMICloud","choices":[{"index":0,"delta":{"content":" Skill ","role":"assistant"},"finish_reason":null,"native_finish_reason":null}]}


PARSED: {"id":"gen-1783158650-6fMKVkLglsFk7xQKrVEy","object":"chat.completion.chunk","created":1783158650,"model":"deepseek/deepseek-v4-flash-20260423","provider":"GMICloud","choices":[{"index":0,"delta":{"content":" Skill ","role":"assistant"},"finish_reason":null,"native_finish_reason":null}]}
--- CHUNK 1783158661736 bytes=298 ---
data: {"id":"gen-1783158650-6fMKVkLglsFk7xQKrVEy","object":"chat.completion.chunk","created":1783158650,"model":"deepseek/deepseek-v4-flash-20260423","provider":"GMICloud","choices":[{"index":0,"delta":{"content":"存放在","role":"assistant"},"finish_reason":null,"native_finish_reason":null}]}


PARSED: {"id":"gen-1783158650-6fMKVkLglsFk7xQKrVEy","object":"chat.completion.chunk","created":1783158650,"model":"deepseek/deepseek-v4-flash-20260423","provider":"GMICloud","choices":[{"index":0,"delta":{"content":"存放在","role":"assistant"},"finish_reason":null,"native_finish_reason":null}]}
--- CHUNK 1783158661741 bytes=295 ---
data: {"id":"gen-1783158650-6fMKVkLglsFk7xQKrVEy","object":"chat.completion.chunk","created":1783158650,"model":"deepseek/deepseek-v4-flash-20260423","provider":"GMICloud","choices":[{"index":0,"delta":{"content":" `data","role":"assistant"},"finish_reason":null,"native_finish_reason":null}]}


PARSED: {"id":"gen-1783158650-6fMKVkLglsFk7xQKrVEy","object":"chat.completion.chunk","created":1783158650,"model":"deepseek/deepseek-v4-flash-20260423","provider":"GMICloud","choices":[{"index":0,"delta":{"content":" `data","role":"assistant"},"finish_reason":null,"native_finish_reason":null}]}
--- CHUNK 1783158661746 bytes=292 ---
data: {"id":"gen-1783158650-6fMKVkLglsFk7xQKrVEy","object":"chat.completion.chunk","created":1783158650,"model":"deepseek/deepseek-v4-flash-20260423","provider":"GMICloud","choices":[{"index":0,"delta":{"content":"/sk","role":"assistant"},"finish_reason":null,"native_finish_reason":null}]}


PARSED: {"id":"gen-1783158650-6fMKVkLglsFk7xQKrVEy","object":"chat.completion.chunk","created":1783158650,"model":"deepseek/deepseek-v4-flash-20260423","provider":"GMICloud","choices":[{"index":0,"delta":{"content":"/sk","role":"assistant"},"finish_reason":null,"native_finish_reason":null}]}
--- CHUNK 1783158661793 bytes=882 ---
data: {"id":"gen-1783158650-6fMKVkLglsFk7xQKrVEy","object":"chat.completion.chunk","created":1783158650,"model":"deepseek/deepseek-v4-flash-20260423","provider":"GMICloud","choices":[{"index":0,"delta":{"content":"ills","role":"assistant"},"finish_reason":null,"native_finish_reason":null}]}

data: {"id":"gen-1783158650-6fMKVkLglsFk7xQKrVEy","object":"chat.completion.chunk","created":1783158650,"model":"deepseek/deepseek-v4-flash-20260423","provider":"GMICloud","choices":[{"index":0,"delta":{"content":"/building","role":"assistant"},"finish_reason":null,"native_finish_reason":null}]}

data: {"id":"gen-1783158650-6fMKVkLglsFk7xQKrVEy","object":"chat.completion.chunk","created":1783158650,"model":"deepseek/deepseek-v4-flash-20260423","provider":"GMICloud","choices":[{"index":0,"delta":{"content":"/`","role":"assistant"},"finish_reason":null,"native_finish_reason":null}]}


PARSED: {"id":"gen-1783158650-6fMKVkLglsFk7xQKrVEy","object":"chat.completion.chunk","created":1783158650,"model":"deepseek/deepseek-v4-flash-20260423","provider":"GMICloud","choices":[{"index":0,"delta":{"content":"ills","role":"assistant"},"finish_reason":null,"native_finish_reason":null}]}
PARSED: {"id":"gen-1783158650-6fMKVkLglsFk7xQKrVEy","object":"chat.completion.chunk","created":1783158650,"model":"deepseek/deepseek-v4-flash-20260423","provider":"GMICloud","choices":[{"index":0,"delta":{"content":"/building","role":"assistant"},"finish_reason":null,"native_finish_reason":null}]}
PARSED: {"id":"gen-1783158650-6fMKVkLglsFk7xQKrVEy","object":"chat.completion.chunk","created":1783158650,"model":"deepseek/deepseek-v4-flash-20260423","provider":"GMICloud","choices":[{"index":0,"delta":{"content":"/`","role":"assistant"},"finish_reason":null,"native_finish_reason":null}]}
--- CHUNK 1783158661808 bytes=292 ---
data: {"id":"gen-1783158650-6fMKVkLglsFk7xQKrVEy","object":"chat.completion.chunk","created":1783158650,"model":"deepseek/deepseek-v4-flash-20260423","provider":"GMICloud","choices":[{"index":0,"delta":{"content":"，","role":"assistant"},"finish_reason":null,"native_finish_reason":null}]}


PARSED: {"id":"gen-1783158650-6fMKVkLglsFk7xQKrVEy","object":"chat.completion.chunk","created":1783158650,"model":"deepseek/deepseek-v4-flash-20260423","provider":"GMICloud","choices":[{"index":0,"delta":{"content":"，","role":"assistant"},"finish_reason":null,"native_finish_reason":null}]}
--- CHUNK 1783158661814 bytes=298 ---
data: {"id":"gen-1783158650-6fMKVkLglsFk7xQKrVEy","object":"chat.completion.chunk","created":1783158650,"model":"deepseek/deepseek-v4-flash-20260423","provider":"GMICloud","choices":[{"index":0,"delta":{"content":"完成後","role":"assistant"},"finish_reason":null,"native_finish_reason":null}]}


PARSED: {"id":"gen-1783158650-6fMKVkLglsFk7xQKrVEy","object":"chat.completion.chunk","created":1783158650,"model":"deepseek/deepseek-v4-flash-20260423","provider":"GMICloud","choices":[{"index":0,"delta":{"content":"完成後","role":"assistant"},"finish_reason":null,"native_finish_reason":null}]}
--- CHUNK 1783158661817 bytes=297 ---
data: {"id":"gen-1783158650-6fMKVkLglsFk7xQKrVEy","object":"chat.completion.chunk","created":1783158650,"model":"deepseek/deepseek-v4-flash-20260423","provider":"GMICloud","choices":[{"index":0,"delta":{"content":"移至 `","role":"assistant"},"finish_reason":null,"native_finish_reason":null}]}


PARSED: {"id":"gen-1783158650-6fMKVkLglsFk7xQKrVEy","object":"chat.completion.chunk","created":1783158650,"model":"deepseek/deepseek-v4-flash-20260423","provider":"GMICloud","choices":[{"index":0,"delta":{"content":"移至 `","role":"assistant"},"finish_reason":null,"native_finish_reason":null}]}
--- CHUNK 1783158661839 bytes=295 ---
data: {"id":"gen-1783158650-6fMKVkLglsFk7xQKrVEy","object":"chat.completion.chunk","created":1783158650,"model":"deepseek/deepseek-v4-flash-20260423","provider":"GMICloud","choices":[{"index":0,"delta":{"content":"data/s","role":"assistant"},"finish_reason":null,"native_finish_reason":null}]}


PARSED: {"id":"gen-1783158650-6fMKVkLglsFk7xQKrVEy","object":"chat.completion.chunk","created":1783158650,"model":"deepseek/deepseek-v4-flash-20260423","provider":"GMICloud","choices":[{"index":0,"delta":{"content":"data/s","role":"assistant"},"finish_reason":null,"native_finish_reason":null}]}
--- CHUNK 1783158661842 bytes=294 ---
data: {"id":"gen-1783158650-6fMKVkLglsFk7xQKrVEy","object":"chat.completion.chunk","created":1783158650,"model":"deepseek/deepseek-v4-flash-20260423","provider":"GMICloud","choices":[{"index":0,"delta":{"content":"kills","role":"assistant"},"finish_reason":null,"native_finish_reason":null}]}


PARSED: {"id":"gen-1783158650-6fMKVkLglsFk7xQKrVEy","object":"chat.completion.chunk","created":1783158650,"model":"deepseek/deepseek-v4-flash-20260423","provider":"GMICloud","choices":[{"index":0,"delta":{"content":"kills","role":"assistant"},"finish_reason":null,"native_finish_reason":null}]}
--- CHUNK 1783158661851 bytes=298 ---
data: {"id":"gen-1783158650-6fMKVkLglsFk7xQKrVEy","object":"chat.completion.chunk","created":1783158650,"model":"deepseek/deepseek-v4-flash-20260423","provider":"GMICloud","choices":[{"index":0,"delta":{"content":"/physical","role":"assistant"},"finish_reason":null,"native_finish_reason":null}]}


PARSED: {"id":"gen-1783158650-6fMKVkLglsFk7xQKrVEy","object":"chat.completion.chunk","created":1783158650,"model":"deepseek/deepseek-v4-flash-20260423","provider":"GMICloud","choices":[{"index":0,"delta":{"content":"/physical","role":"assistant"},"finish_reason":null,"native_finish_reason":null}]}
--- CHUNK 1783158661873 bytes=295 ---
data: {"id":"gen-1783158650-6fMKVkLglsFk7xQKrVEy","object":"chat.completion.chunk","created":1783158650,"model":"deepseek/deepseek-v4-flash-20260423","provider":"GMICloud","choices":[{"index":0,"delta":{"content":"-skill","role":"assistant"},"finish_reason":null,"native_finish_reason":null}]}


PARSED: {"id":"gen-1783158650-6fMKVkLglsFk7xQKrVEy","object":"chat.completion.chunk","created":1783158650,"model":"deepseek/deepseek-v4-flash-20260423","provider":"GMICloud","choices":[{"index":0,"delta":{"content":"-skill","role":"assistant"},"finish_reason":null,"native_finish_reason":null}]}
--- CHUNK 1783158661878 bytes=291 ---
data: {"id":"gen-1783158650-6fMKVkLglsFk7xQKrVEy","object":"chat.completion.chunk","created":1783158650,"model":"deepseek/deepseek-v4-flash-20260423","provider":"GMICloud","choices":[{"index":0,"delta":{"content":"/`","role":"assistant"},"finish_reason":null,"native_finish_reason":null}]}


PARSED: {"id":"gen-1783158650-6fMKVkLglsFk7xQKrVEy","object":"chat.completion.chunk","created":1783158650,"model":"deepseek/deepseek-v4-flash-20260423","provider":"GMICloud","choices":[{"index":0,"delta":{"content":"/`","role":"assistant"},"finish_reason":null,"native_finish_reason":null}]}
--- CHUNK 1783158661883 bytes=299 ---
data: {"id":"gen-1783158650-6fMKVkLglsFk7xQKrVEy","object":"chat.completion.chunk","created":1783158650,"model":"deepseek/deepseek-v4-flash-20260423","provider":"GMICloud","choices":[{"index":0,"delta":{"content":"。\n\n###","role":"assistant"},"finish_reason":null,"native_finish_reason":null}]}


PARSED: {"id":"gen-1783158650-6fMKVkLglsFk7xQKrVEy","object":"chat.completion.chunk","created":1783158650,"model":"deepseek/deepseek-v4-flash-20260423","provider":"GMICloud","choices":[{"index":0,"delta":{"content":"。\n\n###","role":"assistant"},"finish_reason":null,"native_finish_reason":null}]}
--- CHUNK 1783158661911 bytes=291 ---
data: {"id":"gen-1783158650-6fMKVkLglsFk7xQKrVEy","object":"chat.completion.chunk","created":1783158650,"model":"deepseek/deepseek-v4-flash-20260423","provider":"GMICloud","choices":[{"index":0,"delta":{"content":" 2","role":"assistant"},"finish_reason":null,"native_finish_reason":null}]}


PARSED: {"id":"gen-1783158650-6fMKVkLglsFk7xQKrVEy","object":"chat.completion.chunk","created":1783158650,"model":"deepseek/deepseek-v4-flash-20260423","provider":"GMICloud","choices":[{"index":0,"delta":{"content":" 2","role":"assistant"},"finish_reason":null,"native_finish_reason":null}]}
--- CHUNK 1783158661918 bytes=290 ---
data: {"id":"gen-1783158650-6fMKVkLglsFk7xQKrVEy","object":"chat.completion.chunk","created":1783158650,"model":"deepseek/deepseek-v4-flash-20260423","provider":"GMICloud","choices":[{"index":0,"delta":{"content":".","role":"assistant"},"finish_reason":null,"native_finish_reason":null}]}


PARSED: {"id":"gen-1783158650-6fMKVkLglsFk7xQKrVEy","object":"chat.completion.chunk","created":1783158650,"model":"deepseek/deepseek-v4-flash-20260423","provider":"GMICloud","choices":[{"index":0,"delta":{"content":".","role":"assistant"},"finish_reason":null,"native_finish_reason":null}]}
--- CHUNK 1783158662468 bytes=295 ---
data: {"id":"gen-1783158650-6fMKVkLglsFk7xQKrVEy","object":"chat.completion.chunk","created":1783158650,"model":"deepseek/deepseek-v4-flash-20260423","provider":"GMICloud","choices":[{"index":0,"delta":{"content":" 💾 ","role":"assistant"},"finish_reason":null,"native_finish_reason":null}]}


PARSED: {"id":"gen-1783158650-6fMKVkLglsFk7xQKrVEy","object":"chat.completion.chunk","created":1783158650,"model":"deepseek/deepseek-v4-flash-20260423","provider":"GMICloud","choices":[{"index":0,"delta":{"content":" 💾 ","role":"assistant"},"finish_reason":null,"native_finish_reason":null}]}
--- CHUNK 1783158662468 bytes=295 ---
data: {"id":"gen-1783158650-6fMKVkLglsFk7xQKrVEy","object":"chat.completion.chunk","created":1783158650,"model":"deepseek/deepseek-v4-flash-20260423","provider":"GMICloud","choices":[{"index":0,"delta":{"content":"儲存","role":"assistant"},"finish_reason":null,"native_finish_reason":null}]}


PARSED: {"id":"gen-1783158650-6fMKVkLglsFk7xQKrVEy","object":"chat.completion.chunk","created":1783158650,"model":"deepseek/deepseek-v4-flash-20260423","provider":"GMICloud","choices":[{"index":0,"delta":{"content":"儲存","role":"assistant"},"finish_reason":null,"native_finish_reason":null}]}
--- CHUNK 1783158662469 bytes=295 ---
data: {"id":"gen-1783158650-6fMKVkLglsFk7xQKrVEy","object":"chat.completion.chunk","created":1783158650,"model":"deepseek/deepseek-v4-flash-20260423","provider":"GMICloud","choices":[{"index":0,"delta":{"content":"格式","role":"assistant"},"finish_reason":null,"native_finish_reason":null}]}


PARSED: {"id":"gen-1783158650-6fMKVkLglsFk7xQKrVEy","object":"chat.completion.chunk","created":1783158650,"model":"deepseek/deepseek-v4-flash-20260423","provider":"GMICloud","choices":[{"index":0,"delta":{"content":"格式","role":"assistant"},"finish_reason":null,"native_finish_reason":null}]}
--- CHUNK 1783158662470 bytes=294 ---
data: {"id":"gen-1783158650-6fMKVkLglsFk7xQKrVEy","object":"chat.completion.chunk","created":1783158650,"model":"deepseek/deepseek-v4-flash-20260423","provider":"GMICloud","choices":[{"index":0,"delta":{"content":"：SK","role":"assistant"},"finish_reason":null,"native_finish_reason":null}]}


PARSED: {"id":"gen-1783158650-6fMKVkLglsFk7xQKrVEy","object":"chat.completion.chunk","created":1783158650,"model":"deepseek/deepseek-v4-flash-20260423","provider":"GMICloud","choices":[{"index":0,"delta":{"content":"：SK","role":"assistant"},"finish_reason":null,"native_finish_reason":null}]}
--- CHUNK 1783158662473 bytes=295 ---
data: {"id":"gen-1783158650-6fMKVkLglsFk7xQKrVEy","object":"chat.completion.chunk","created":1783158650,"model":"deepseek/deepseek-v4-flash-20260423","provider":"GMICloud","choices":[{"index":0,"delta":{"content":"ILL.md","role":"assistant"},"finish_reason":null,"native_finish_reason":null}]}


PARSED: {"id":"gen-1783158650-6fMKVkLglsFk7xQKrVEy","object":"chat.completion.chunk","created":1783158650,"model":"deepseek/deepseek-v4-flash-20260423","provider":"GMICloud","choices":[{"index":0,"delta":{"content":"ILL.md","role":"assistant"},"finish_reason":null,"native_finish_reason":null}]}
--- CHUNK 1783158662474 bytes=299 ---
data: {"id":"gen-1783158650-6fMKVkLglsFk7xQKrVEy","object":"chat.completion.chunk","created":1783158650,"model":"deepseek/deepseek-v4-flash-20260423","provider":"GMICloud","choices":[{"index":0,"delta":{"content":"\n\n每個","role":"assistant"},"finish_reason":null,"native_finish_reason":null}]}


PARSED: {"id":"gen-1783158650-6fMKVkLglsFk7xQKrVEy","object":"chat.completion.chunk","created":1783158650,"model":"deepseek/deepseek-v4-flash-20260423","provider":"GMICloud","choices":[{"index":0,"delta":{"content":"\n\n每個","role":"assistant"},"finish_reason":null,"native_finish_reason":null}]}
--- CHUNK 1783158662476 bytes=296 ---
data: {"id":"gen-1783158650-6fMKVkLglsFk7xQKrVEy","object":"chat.completion.chunk","created":1783158650,"model":"deepseek/deepseek-v4-flash-20260423","provider":"GMICloud","choices":[{"index":0,"delta":{"content":" Skill ","role":"assistant"},"finish_reason":null,"native_finish_reason":null}]}


PARSED: {"id":"gen-1783158650-6fMKVkLglsFk7xQKrVEy","object":"chat.completion.chunk","created":1783158650,"model":"deepseek/deepseek-v4-flash-20260423","provider":"GMICloud","choices":[{"index":0,"delta":{"content":" Skill ","role":"assistant"},"finish_reason":null,"native_finish_reason":null}]}
--- CHUNK 1783158662478 bytes=294 ---
data: {"id":"gen-1783158650-6fMKVkLglsFk7xQKrVEy","object":"chat.completion.chunk","created":1783158650,"model":"deepseek/deepseek-v4-flash-20260423","provider":"GMICloud","choices":[{"index":0,"delta":{"content":"用**","role":"assistant"},"finish_reason":null,"native_finish_reason":null}]}


PARSED: {"id":"gen-1783158650-6fMKVkLglsFk7xQKrVEy","object":"chat.completion.chunk","created":1783158650,"model":"deepseek/deepseek-v4-flash-20260423","provider":"GMICloud","choices":[{"index":0,"delta":{"content":"用**","role":"assistant"},"finish_reason":null,"native_finish_reason":null}]}
--- CHUNK 1783158662480 bytes=298 ---
data: {"id":"gen-1783158650-6fMKVkLglsFk7xQKrVEy","object":"chat.completion.chunk","created":1783158650,"model":"deepseek/deepseek-v4-flash-20260423","provider":"GMICloud","choices":[{"index":0,"delta":{"content":"一份純","role":"assistant"},"finish_reason":null,"native_finish_reason":null}]}


PARSED: {"id":"gen-1783158650-6fMKVkLglsFk7xQKrVEy","object":"chat.completion.chunk","created":1783158650,"model":"deepseek/deepseek-v4-flash-20260423","provider":"GMICloud","choices":[{"index":0,"delta":{"content":"一份純","role":"assistant"},"finish_reason":null,"native_finish_reason":null}]}
--- CHUNK 1783158662481 bytes=298 ---
data: {"id":"gen-1783158650-6fMKVkLglsFk7xQKrVEy","object":"chat.completion.chunk","created":1783158650,"model":"deepseek/deepseek-v4-flash-20260423","provider":"GMICloud","choices":[{"index":0,"delta":{"content":" Markdown","role":"assistant"},"finish_reason":null,"native_finish_reason":null}]}


PARSED: {"id":"gen-1783158650-6fMKVkLglsFk7xQKrVEy","object":"chat.completion.chunk","created":1783158650,"model":"deepseek/deepseek-v4-flash-20260423","provider":"GMICloud","choices":[{"index":0,"delta":{"content":" Markdown","role":"assistant"},"finish_reason":null,"native_finish_reason":null}]}
--- CHUNK 1783158662483 bytes=296 ---
data: {"id":"gen-1783158650-6fMKVkLglsFk7xQKrVEy","object":"chat.completion.chunk","created":1783158650,"model":"deepseek/deepseek-v4-flash-20260423","provider":"GMICloud","choices":[{"index":0,"delta":{"content":" 檔案","role":"assistant"},"finish_reason":null,"native_finish_reason":null}]}


PARSED: {"id":"gen-1783158650-6fMKVkLglsFk7xQKrVEy","object":"chat.completion.chunk","created":1783158650,"model":"deepseek/deepseek-v4-flash-20260423","provider":"GMICloud","choices":[{"index":0,"delta":{"content":" 檔案","role":"assistant"},"finish_reason":null,"native_finish_reason":null}]}
--- CHUNK 1783158662484 bytes=297 ---
data: {"id":"gen-1783158650-6fMKVkLglsFk7xQKrVEy","object":"chat.completion.chunk","created":1783158650,"model":"deepseek/deepseek-v4-flash-20260423","provider":"GMICloud","choices":[{"index":0,"delta":{"content":"**定義","role":"assistant"},"finish_reason":null,"native_finish_reason":null}]}


PARSED: {"id":"gen-1783158650-6fMKVkLglsFk7xQKrVEy","object":"chat.completion.chunk","created":1783158650,"model":"deepseek/deepseek-v4-flash-20260423","provider":"GMICloud","choices":[{"index":0,"delta":{"content":"**定義","role":"assistant"},"finish_reason":null,"native_finish_reason":null}]}
--- CHUNK 1783158662486 bytes=298 ---
data: {"id":"gen-1783158650-6fMKVkLglsFk7xQKrVEy","object":"chat.completion.chunk","created":1783158650,"model":"deepseek/deepseek-v4-flash-20260423","provider":"GMICloud","choices":[{"index":0,"delta":{"content":"，結構","role":"assistant"},"finish_reason":null,"native_finish_reason":null}]}


PARSED: {"id":"gen-1783158650-6fMKVkLglsFk7xQKrVEy","object":"chat.completion.chunk","created":1783158650,"model":"deepseek/deepseek-v4-flash-20260423","provider":"GMICloud","choices":[{"index":0,"delta":{"content":"，結構","role":"assistant"},"finish_reason":null,"native_finish_reason":null}]}
--- CHUNK 1783158662487 bytes=302 ---
data: {"id":"gen-1783158650-6fMKVkLglsFk7xQKrVEy","object":"chat.completion.chunk","created":1783158650,"model":"deepseek/deepseek-v4-flash-20260423","provider":"GMICloud","choices":[{"index":0,"delta":{"content":"如下：\n\n","role":"assistant"},"finish_reason":null,"native_finish_reason":null}]}


PARSED: {"id":"gen-1783158650-6fMKVkLglsFk7xQKrVEy","object":"chat.completion.chunk","created":1783158650,"model":"deepseek/deepseek-v4-flash-20260423","provider":"GMICloud","choices":[{"index":0,"delta":{"content":"如下：\n\n","role":"assistant"},"finish_reason":null,"native_finish_reason":null}]}
--- CHUNK 1783158662489 bytes=292 ---
data: {"id":"gen-1783158650-6fMKVkLglsFk7xQKrVEy","object":"chat.completion.chunk","created":1783158650,"model":"deepseek/deepseek-v4-flash-20260423","provider":"GMICloud","choices":[{"index":0,"delta":{"content":"```","role":"assistant"},"finish_reason":null,"native_finish_reason":null}]}


PARSED: {"id":"gen-1783158650-6fMKVkLglsFk7xQKrVEy","object":"chat.completion.chunk","created":1783158650,"model":"deepseek/deepseek-v4-flash-20260423","provider":"GMICloud","choices":[{"index":0,"delta":{"content":"```","role":"assistant"},"finish_reason":null,"native_finish_reason":null}]}
--- CHUNK 1783158662490 bytes=297 ---
data: {"id":"gen-1783158650-6fMKVkLglsFk7xQKrVEy","object":"chat.completion.chunk","created":1783158650,"model":"deepseek/deepseek-v4-flash-20260423","provider":"GMICloud","choices":[{"index":0,"delta":{"content":"markdown","role":"assistant"},"finish_reason":null,"native_finish_reason":null}]}


PARSED: {"id":"gen-1783158650-6fMKVkLglsFk7xQKrVEy","object":"chat.completion.chunk","created":1783158650,"model":"deepseek/deepseek-v4-flash-20260423","provider":"GMICloud","choices":[{"index":0,"delta":{"content":"markdown","role":"assistant"},"finish_reason":null,"native_finish_reason":null}]}
--- CHUNK 1783158662492 bytes=296 ---
data: {"id":"gen-1783158650-6fMKVkLglsFk7xQKrVEy","object":"chat.completion.chunk","created":1783158650,"model":"deepseek/deepseek-v4-flash-20260423","provider":"GMICloud","choices":[{"index":0,"delta":{"content":"\n---\n","role":"assistant"},"finish_reason":null,"native_finish_reason":null}]}


PARSED: {"id":"gen-1783158650-6fMKVkLglsFk7xQKrVEy","object":"chat.completion.chunk","created":1783158650,"model":"deepseek/deepseek-v4-flash-20260423","provider":"GMICloud","choices":[{"index":0,"delta":{"content":"\n---\n","role":"assistant"},"finish_reason":null,"native_finish_reason":null}]}
--- CHUNK 1783158662493 bytes=292 ---
data: {"id":"gen-1783158650-6fMKVkLglsFk7xQKrVEy","object":"chat.completion.chunk","created":1783158650,"model":"deepseek/deepseek-v4-flash-20260423","provider":"GMICloud","choices":[{"index":0,"delta":{"content":"id:","role":"assistant"},"finish_reason":null,"native_finish_reason":null}]}


PARSED: {"id":"gen-1783158650-6fMKVkLglsFk7xQKrVEy","object":"chat.completion.chunk","created":1783158650,"model":"deepseek/deepseek-v4-flash-20260423","provider":"GMICloud","choices":[{"index":0,"delta":{"content":"id:","role":"assistant"},"finish_reason":null,"native_finish_reason":null}]}
--- CHUNK 1783158662495 bytes=294 ---
data: {"id":"gen-1783158650-6fMKVkLglsFk7xQKrVEy","object":"chat.completion.chunk","created":1783158650,"model":"deepseek/deepseek-v4-flash-20260423","provider":"GMICloud","choices":[{"index":0,"delta":{"content":" my-s","role":"assistant"},"finish_reason":null,"native_finish_reason":null}]}


PARSED: {"id":"gen-1783158650-6fMKVkLglsFk7xQKrVEy","object":"chat.completion.chunk","created":1783158650,"model":"deepseek/deepseek-v4-flash-20260423","provider":"GMICloud","choices":[{"index":0,"delta":{"content":" my-s","role":"assistant"},"finish_reason":null,"native_finish_reason":null}]}
--- CHUNK 1783158662495 bytes=295 ---
data: {"id":"gen-1783158650-6fMKVkLglsFk7xQKrVEy","object":"chat.completion.chunk","created":1783158650,"model":"deepseek/deepseek-v4-flash-20260423","provider":"GMICloud","choices":[{"index":0,"delta":{"content":"kill\n","role":"assistant"},"finish_reason":null,"native_finish_reason":null}]}


PARSED: {"id":"gen-1783158650-6fMKVkLglsFk7xQKrVEy","object":"chat.completion.chunk","created":1783158650,"model":"deepseek/deepseek-v4-flash-20260423","provider":"GMICloud","choices":[{"index":0,"delta":{"content":"kill\n","role":"assistant"},"finish_reason":null,"native_finish_reason":null}]}
--- CHUNK 1783158662496 bytes=294 ---
data: {"id":"gen-1783158650-6fMKVkLglsFk7xQKrVEy","object":"chat.completion.chunk","created":1783158650,"model":"deepseek/deepseek-v4-flash-20260423","provider":"GMICloud","choices":[{"index":0,"delta":{"content":"name:","role":"assistant"},"finish_reason":null,"native_finish_reason":null}]}


PARSED: {"id":"gen-1783158650-6fMKVkLglsFk7xQKrVEy","object":"chat.completion.chunk","created":1783158650,"model":"deepseek/deepseek-v4-flash-20260423","provider":"GMICloud","choices":[{"index":0,"delta":{"content":"name:","role":"assistant"},"finish_reason":null,"native_finish_reason":null}]}
--- CHUNK 1783158662498 bytes=290 ---
data: {"id":"gen-1783158650-6fMKVkLglsFk7xQKrVEy","object":"chat.completion.chunk","created":1783158650,"model":"deepseek/deepseek-v4-flash-20260423","provider":"GMICloud","choices":[{"index":0,"delta":{"content":" ","role":"assistant"},"finish_reason":null,"native_finish_reason":null}]}


PARSED: {"id":"gen-1783158650-6fMKVkLglsFk7xQKrVEy","object":"chat.completion.chunk","created":1783158650,"model":"deepseek/deepseek-v4-flash-20260423","provider":"GMICloud","choices":[{"index":0,"delta":{"content":" ","role":"assistant"},"finish_reason":null,"native_finish_reason":null}]}
--- CHUNK 1783158662499 bytes=301 ---
data: {"id":"gen-1783158650-6fMKVkLglsFk7xQKrVEy","object":"chat.completion.chunk","created":1783158650,"model":"deepseek/deepseek-v4-flash-20260423","provider":"GMICloud","choices":[{"index":0,"delta":{"content":"我的技能","role":"assistant"},"finish_reason":null,"native_finish_reason":null}]}


PARSED: {"id":"gen-1783158650-6fMKVkLglsFk7xQKrVEy","object":"chat.completion.chunk","created":1783158650,"model":"deepseek/deepseek-v4-flash-20260423","provider":"GMICloud","choices":[{"index":0,"delta":{"content":"我的技能","role":"assistant"},"finish_reason":null,"native_finish_reason":null}]}
--- CHUNK 1783158662500 bytes=302 ---
data: {"id":"gen-1783158650-6fMKVkLglsFk7xQKrVEy","object":"chat.completion.chunk","created":1783158650,"model":"deepseek/deepseek-v4-flash-20260423","provider":"GMICloud","choices":[{"index":0,"delta":{"content":"\ndescription","role":"assistant"},"finish_reason":null,"native_finish_reason":null}]}


PARSED: {"id":"gen-1783158650-6fMKVkLglsFk7xQKrVEy","object":"chat.completion.chunk","created":1783158650,"model":"deepseek/deepseek-v4-flash-20260423","provider":"GMICloud","choices":[{"index":0,"delta":{"content":"\ndescription","role":"assistant"},"finish_reason":null,"native_finish_reason":null}]}
--- CHUNK 1783158662502 bytes=291 ---
data: {"id":"gen-1783158650-6fMKVkLglsFk7xQKrVEy","object":"chat.completion.chunk","created":1783158650,"model":"deepseek/deepseek-v4-flash-20260423","provider":"GMICloud","choices":[{"index":0,"delta":{"content":": ","role":"assistant"},"finish_reason":null,"native_finish_reason":null}]}


PARSED: {"id":"gen-1783158650-6fMKVkLglsFk7xQKrVEy","object":"chat.completion.chunk","created":1783158650,"model":"deepseek/deepseek-v4-flash-20260423","provider":"GMICloud","choices":[{"index":0,"delta":{"content":": ","role":"assistant"},"finish_reason":null,"native_finish_reason":null}]}
--- CHUNK 1783158662504 bytes=301 ---
data: {"id":"gen-1783158650-6fMKVkLglsFk7xQKrVEy","object":"chat.completion.chunk","created":1783158650,"model":"deepseek/deepseek-v4-flash-20260423","provider":"GMICloud","choices":[{"index":0,"delta":{"content":"簡單描述","role":"assistant"},"finish_reason":null,"native_finish_reason":null}]}


PARSED: {"id":"gen-1783158650-6fMKVkLglsFk7xQKrVEy","object":"chat.completion.chunk","created":1783158650,"model":"deepseek/deepseek-v4-flash-20260423","provider":"GMICloud","choices":[{"index":0,"delta":{"content":"簡單描述","role":"assistant"},"finish_reason":null,"native_finish_reason":null}]}
--- CHUNK 1783158662504 bytes=299 ---
data: {"id":"gen-1783158650-6fMKVkLglsFk7xQKrVEy","object":"chat.completion.chunk","created":1783158650,"model":"deepseek/deepseek-v4-flash-20260423","provider":"GMICloud","choices":[{"index":0,"delta":{"content":"\ncategory","role":"assistant"},"finish_reason":null,"native_finish_reason":null}]}


PARSED: {"id":"gen-1783158650-6fMKVkLglsFk7xQKrVEy","object":"chat.completion.chunk","created":1783158650,"model":"deepseek/deepseek-v4-flash-20260423","provider":"GMICloud","choices":[{"index":0,"delta":{"content":"\ncategory","role":"assistant"},"finish_reason":null,"native_finish_reason":null}]}
--- CHUNK 1783158662506 bytes=295 ---
data: {"id":"gen-1783158650-6fMKVkLglsFk7xQKrVEy","object":"chat.completion.chunk","created":1783158650,"model":"deepseek/deepseek-v4-flash-20260423","provider":"GMICloud","choices":[{"index":0,"delta":{"content":": task","role":"assistant"},"finish_reason":null,"native_finish_reason":null}]}


PARSED: {"id":"gen-1783158650-6fMKVkLglsFk7xQKrVEy","object":"chat.completion.chunk","created":1783158650,"model":"deepseek/deepseek-v4-flash-20260423","provider":"GMICloud","choices":[{"index":0,"delta":{"content":": task","role":"assistant"},"finish_reason":null,"native_finish_reason":null}]}
--- CHUNK 1783158662507 bytes=295 ---
data: {"id":"gen-1783158650-6fMKVkLglsFk7xQKrVEy","object":"chat.completion.chunk","created":1783158650,"model":"deepseek/deepseek-v4-flash-20260423","provider":"GMICloud","choices":[{"index":0,"delta":{"content":"\ntags","role":"assistant"},"finish_reason":null,"native_finish_reason":null}]}


PARSED: {"id":"gen-1783158650-6fMKVkLglsFk7xQKrVEy","object":"chat.completion.chunk","created":1783158650,"model":"deepseek/deepseek-v4-flash-20260423","provider":"GMICloud","choices":[{"index":0,"delta":{"content":"\ntags","role":"assistant"},"finish_reason":null,"native_finish_reason":null}]}
--- CHUNK 1783158662508 bytes=292 ---
data: {"id":"gen-1783158650-6fMKVkLglsFk7xQKrVEy","object":"chat.completion.chunk","created":1783158650,"model":"deepseek/deepseek-v4-flash-20260423","provider":"GMICloud","choices":[{"index":0,"delta":{"content":": [","role":"assistant"},"finish_reason":null,"native_finish_reason":null}]}


PARSED: {"id":"gen-1783158650-6fMKVkLglsFk7xQKrVEy","object":"chat.completion.chunk","created":1783158650,"model":"deepseek/deepseek-v4-flash-20260423","provider":"GMICloud","choices":[{"index":0,"delta":{"content":": [","role":"assistant"},"finish_reason":null,"native_finish_reason":null}]}
--- CHUNK 1783158662509 bytes=293 ---
data: {"id":"gen-1783158650-6fMKVkLglsFk7xQKrVEy","object":"chat.completion.chunk","created":1783158650,"model":"deepseek/deepseek-v4-flash-20260423","provider":"GMICloud","choices":[{"index":0,"delta":{"content":"tag1","role":"assistant"},"finish_reason":null,"native_finish_reason":null}]}


PARSED: {"id":"gen-1783158650-6fMKVkLglsFk7xQKrVEy","object":"chat.completion.chunk","created":1783158650,"model":"deepseek/deepseek-v4-flash-20260423","provider":"GMICloud","choices":[{"index":0,"delta":{"content":"tag1","role":"assistant"},"finish_reason":null,"native_finish_reason":null}]}
--- CHUNK 1783158662511 bytes=294 ---
data: {"id":"gen-1783158650-6fMKVkLglsFk7xQKrVEy","object":"chat.completion.chunk","created":1783158650,"model":"deepseek/deepseek-v4-flash-20260423","provider":"GMICloud","choices":[{"index":0,"delta":{"content":", tag","role":"assistant"},"finish_reason":null,"native_finish_reason":null}]}


PARSED: {"id":"gen-1783158650-6fMKVkLglsFk7xQKrVEy","object":"chat.completion.chunk","created":1783158650,"model":"deepseek/deepseek-v4-flash-20260423","provider":"GMICloud","choices":[{"index":0,"delta":{"content":", tag","role":"assistant"},"finish_reason":null,"native_finish_reason":null}]}
--- CHUNK 1783158662512 bytes=293 ---
data: {"id":"gen-1783158650-6fMKVkLglsFk7xQKrVEy","object":"chat.completion.chunk","created":1783158650,"model":"deepseek/deepseek-v4-flash-20260423","provider":"GMICloud","choices":[{"index":0,"delta":{"content":"2]\n","role":"assistant"},"finish_reason":null,"native_finish_reason":null}]}


PARSED: {"id":"gen-1783158650-6fMKVkLglsFk7xQKrVEy","object":"chat.completion.chunk","created":1783158650,"model":"deepseek/deepseek-v4-flash-20260423","provider":"GMICloud","choices":[{"index":0,"delta":{"content":"2]\n","role":"assistant"},"finish_reason":null,"native_finish_reason":null}]}
--- CHUNK 1783158662514 bytes=298 ---
data: {"id":"gen-1783158650-6fMKVkLglsFk7xQKrVEy","object":"chat.completion.chunk","created":1783158650,"model":"deepseek/deepseek-v4-flash-20260423","provider":"GMICloud","choices":[{"index":0,"delta":{"content":"---\n\n##","role":"assistant"},"finish_reason":null,"native_finish_reason":null}]}


PARSED: {"id":"gen-1783158650-6fMKVkLglsFk7xQKrVEy","object":"chat.completion.chunk","created":1783158650,"model":"deepseek/deepseek-v4-flash-20260423","provider":"GMICloud","choices":[{"index":0,"delta":{"content":"---\n\n##","role":"assistant"},"finish_reason":null,"native_finish_reason":null}]}
--- CHUNK 1783158662516 bytes=301 ---
data: {"id":"gen-1783158650-6fMKVkLglsFk7xQKrVEy","object":"chat.completion.chunk","created":1783158650,"model":"deepseek/deepseek-v4-flash-20260423","provider":"GMICloud","choices":[{"index":0,"delta":{"content":" Purpose\n\n","role":"assistant"},"finish_reason":null,"native_finish_reason":null}]}


PARSED: {"id":"gen-1783158650-6fMKVkLglsFk7xQKrVEy","object":"chat.completion.chunk","created":1783158650,"model":"deepseek/deepseek-v4-flash-20260423","provider":"GMICloud","choices":[{"index":0,"delta":{"content":" Purpose\n\n","role":"assistant"},"finish_reason":null,"native_finish_reason":null}]}
--- CHUNK 1783158662518 bytes=301 ---
data: {"id":"gen-1783158650-6fMKVkLglsFk7xQKrVEy","object":"chat.completion.chunk","created":1783158650,"model":"deepseek/deepseek-v4-flash-20260423","provider":"GMICloud","choices":[{"index":0,"delta":{"content":"這個 Skill","role":"assistant"},"finish_reason":null,"native_finish_reason":null}]}


PARSED: {"id":"gen-1783158650-6fMKVkLglsFk7xQKrVEy","object":"chat.completion.chunk","created":1783158650,"model":"deepseek/deepseek-v4-flash-20260423","provider":"GMICloud","choices":[{"index":0,"delta":{"content":"這個 Skill","role":"assistant"},"finish_reason":null,"native_finish_reason":null}]}
--- CHUNK 1783158662527 bytes=293 ---
data: {"id":"gen-1783158650-6fMKVkLglsFk7xQKrVEy","object":"chat.completion.chunk","created":1783158650,"model":"deepseek/deepseek-v4-flash-20260423","provider":"GMICloud","choices":[{"index":0,"delta":{"content":" 做","role":"assistant"},"finish_reason":null,"native_finish_reason":null}]}


PARSED: {"id":"gen-1783158650-6fMKVkLglsFk7xQKrVEy","object":"chat.completion.chunk","created":1783158650,"model":"deepseek/deepseek-v4-flash-20260423","provider":"GMICloud","choices":[{"index":0,"delta":{"content":" 做","role":"assistant"},"finish_reason":null,"native_finish_reason":null}]}
--- CHUNK 1783158662528 bytes=298 ---
data: {"id":"gen-1783158650-6fMKVkLglsFk7xQKrVEy","object":"chat.completion.chunk","created":1783158650,"model":"deepseek/deepseek-v4-flash-20260423","provider":"GMICloud","choices":[{"index":0,"delta":{"content":"什麼用","role":"assistant"},"finish_reason":null,"native_finish_reason":null}]}


PARSED: {"id":"gen-1783158650-6fMKVkLglsFk7xQKrVEy","object":"chat.completion.chunk","created":1783158650,"model":"deepseek/deepseek-v4-flash-20260423","provider":"GMICloud","choices":[{"index":0,"delta":{"content":"什麼用","role":"assistant"},"finish_reason":null,"native_finish_reason":null}]}
--- CHUNK 1783158662535 bytes=301 ---
data: {"id":"gen-1783158650-6fMKVkLglsFk7xQKrVEy","object":"chat.completion.chunk","created":1783158650,"model":"deepseek/deepseek-v4-flash-20260423","provider":"GMICloud","choices":[{"index":0,"delta":{"content":"的一句話","role":"assistant"},"finish_reason":null,"native_finish_reason":null}]}


PARSED: {"id":"gen-1783158650-6fMKVkLglsFk7xQKrVEy","object":"chat.completion.chunk","created":1783158650,"model":"deepseek/deepseek-v4-flash-20260423","provider":"GMICloud","choices":[{"index":0,"delta":{"content":"的一句話","role":"assistant"},"finish_reason":null,"native_finish_reason":null}]}
--- CHUNK 1783158662767 bytes=293 ---
data: {"id":"gen-1783158650-6fMKVkLglsFk7xQKrVEy","object":"chat.completion.chunk","created":1783158650,"model":"deepseek/deepseek-v4-flash-20260423","provider":"GMICloud","choices":[{"index":0,"delta":{"content":"\n\n","role":"assistant"},"finish_reason":null,"native_finish_reason":null}]}


PARSED: {"id":"gen-1783158650-6fMKVkLglsFk7xQKrVEy","object":"chat.completion.chunk","created":1783158650,"model":"deepseek/deepseek-v4-flash-20260423","provider":"GMICloud","choices":[{"index":0,"delta":{"content":"\n\n","role":"assistant"},"finish_reason":null,"native_finish_reason":null}]}
--- CHUNK 1783158662767 bytes=297 ---
data: {"id":"gen-1783158650-6fMKVkLglsFk7xQKrVEy","object":"chat.completion.chunk","created":1783158650,"model":"deepseek/deepseek-v4-flash-20260423","provider":"GMICloud","choices":[{"index":0,"delta":{"content":"## Input","role":"assistant"},"finish_reason":null,"native_finish_reason":null}]}


PARSED: {"id":"gen-1783158650-6fMKVkLglsFk7xQKrVEy","object":"chat.completion.chunk","created":1783158650,"model":"deepseek/deepseek-v4-flash-20260423","provider":"GMICloud","choices":[{"index":0,"delta":{"content":"## Input","role":"assistant"},"finish_reason":null,"native_finish_reason":null}]}
--- CHUNK 1783158662767 bytes=294 ---
data: {"id":"gen-1783158650-6fMKVkLglsFk7xQKrVEy","object":"chat.completion.chunk","created":1783158650,"model":"deepseek/deepseek-v4-flash-20260423","provider":"GMICloud","choices":[{"index":0,"delta":{"content":"s\n\n","role":"assistant"},"finish_reason":null,"native_finish_reason":null}]}


PARSED: {"id":"gen-1783158650-6fMKVkLglsFk7xQKrVEy","object":"chat.completion.chunk","created":1783158650,"model":"deepseek/deepseek-v4-flash-20260423","provider":"GMICloud","choices":[{"index":0,"delta":{"content":"s\n\n","role":"assistant"},"finish_reason":null,"native_finish_reason":null}]}
--- CHUNK 1783158662812 bytes=292 ---
data: {"id":"gen-1783158650-6fMKVkLglsFk7xQKrVEy","object":"chat.completion.chunk","created":1783158650,"model":"deepseek/deepseek-v4-flash-20260423","provider":"GMICloud","choices":[{"index":0,"delta":{"content":"###","role":"assistant"},"finish_reason":null,"native_finish_reason":null}]}


PARSED: {"id":"gen-1783158650-6fMKVkLglsFk7xQKrVEy","object":"chat.completion.chunk","created":1783158650,"model":"deepseek/deepseek-v4-flash-20260423","provider":"GMICloud","choices":[{"index":0,"delta":{"content":"###","role":"assistant"},"finish_reason":null,"native_finish_reason":null}]}
--- CHUNK 1783158662816 bytes=296 ---
data: {"id":"gen-1783158650-6fMKVkLglsFk7xQKrVEy","object":"chat.completion.chunk","created":1783158650,"model":"deepseek/deepseek-v4-flash-20260423","provider":"GMICloud","choices":[{"index":0,"delta":{"content":" input1","role":"assistant"},"finish_reason":null,"native_finish_reason":null}]}


PARSED: {"id":"gen-1783158650-6fMKVkLglsFk7xQKrVEy","object":"chat.completion.chunk","created":1783158650,"model":"deepseek/deepseek-v4-flash-20260423","provider":"GMICloud","choices":[{"index":0,"delta":{"content":" input1","role":"assistant"},"finish_reason":null,"native_finish_reason":null}]}
--- CHUNK 1783158662822 bytes=295 ---
data: {"id":"gen-1783158650-6fMKVkLglsFk7xQKrVEy","object":"chat.completion.chunk","created":1783158650,"model":"deepseek/deepseek-v4-flash-20260423","provider":"GMICloud","choices":[{"index":0,"delta":{"content":"（必","role":"assistant"},"finish_reason":null,"native_finish_reason":null}]}


PARSED: {"id":"gen-1783158650-6fMKVkLglsFk7xQKrVEy","object":"chat.completion.chunk","created":1783158650,"model":"deepseek/deepseek-v4-flash-20260423","provider":"GMICloud","choices":[{"index":0,"delta":{"content":"（必","role":"assistant"},"finish_reason":null,"native_finish_reason":null}]}
--- CHUNK 1783158662842 bytes=297 ---
data: {"id":"gen-1783158650-6fMKVkLglsFk7xQKrVEy","object":"chat.completion.chunk","created":1783158650,"model":"deepseek/deepseek-v4-flash-20260423","provider":"GMICloud","choices":[{"index":0,"delta":{"content":"填）\n","role":"assistant"},"finish_reason":null,"native_finish_reason":null}]}


PARSED: {"id":"gen-1783158650-6fMKVkLglsFk7xQKrVEy","object":"chat.completion.chunk","created":1783158650,"model":"deepseek/deepseek-v4-flash-20260423","provider":"GMICloud","choices":[{"index":0,"delta":{"content":"填）\n","role":"assistant"},"finish_reason":null,"native_finish_reason":null}]}
--- CHUNK 1783158662845 bytes=295 ---
data: {"id":"gen-1783158650-6fMKVkLglsFk7xQKrVEy","object":"chat.completion.chunk","created":1783158650,"model":"deepseek/deepseek-v4-flash-20260423","provider":"GMICloud","choices":[{"index":0,"delta":{"content":"- type","role":"assistant"},"finish_reason":null,"native_finish_reason":null}]}


PARSED: {"id":"gen-1783158650-6fMKVkLglsFk7xQKrVEy","object":"chat.completion.chunk","created":1783158650,"model":"deepseek/deepseek-v4-flash-20260423","provider":"GMICloud","choices":[{"index":0,"delta":{"content":"- type","role":"assistant"},"finish_reason":null,"native_finish_reason":null}]}
--- CHUNK 1783158662851 bytes=295 ---
data: {"id":"gen-1783158650-6fMKVkLglsFk7xQKrVEy","object":"chat.completion.chunk","created":1783158650,"model":"deepseek/deepseek-v4-flash-20260423","provider":"GMICloud","choices":[{"index":0,"delta":{"content":": text","role":"assistant"},"finish_reason":null,"native_finish_reason":null}]}


PARSED: {"id":"gen-1783158650-6fMKVkLglsFk7xQKrVEy","object":"chat.completion.chunk","created":1783158650,"model":"deepseek/deepseek-v4-flash-20260423","provider":"GMICloud","choices":[{"index":0,"delta":{"content":": text","role":"assistant"},"finish_reason":null,"native_finish_reason":null}]}
--- CHUNK 1783158662872 bytes=292 ---
data: {"id":"gen-1783158650-6fMKVkLglsFk7xQKrVEy","object":"chat.completion.chunk","created":1783158650,"model":"deepseek/deepseek-v4-flash-20260423","provider":"GMICloud","choices":[{"index":0,"delta":{"content":"\n-","role":"assistant"},"finish_reason":null,"native_finish_reason":null}]}


PARSED: {"id":"gen-1783158650-6fMKVkLglsFk7xQKrVEy","object":"chat.completion.chunk","created":1783158650,"model":"deepseek/deepseek-v4-flash-20260423","provider":"GMICloud","choices":[{"index":0,"delta":{"content":"\n-","role":"assistant"},"finish_reason":null,"native_finish_reason":null}]}
--- CHUNK 1783158662877 bytes=302 ---
data: {"id":"gen-1783158650-6fMKVkLglsFk7xQKrVEy","object":"chat.completion.chunk","created":1783158650,"model":"deepseek/deepseek-v4-flash-20260423","provider":"GMICloud","choices":[{"index":0,"delta":{"content":" description:","role":"assistant"},"finish_reason":null,"native_finish_reason":null}]}


PARSED: {"id":"gen-1783158650-6fMKVkLglsFk7xQKrVEy","object":"chat.completion.chunk","created":1783158650,"model":"deepseek/deepseek-v4-flash-20260423","provider":"GMICloud","choices":[{"index":0,"delta":{"content":" description:","role":"assistant"},"finish_reason":null,"native_finish_reason":null}]}
--- CHUNK 1783158662881 bytes=296 ---
data: {"id":"gen-1783158650-6fMKVkLglsFk7xQKrVEy","object":"chat.completion.chunk","created":1783158650,"model":"deepseek/deepseek-v4-flash-20260423","provider":"GMICloud","choices":[{"index":0,"delta":{"content":" 說明","role":"assistant"},"finish_reason":null,"native_finish_reason":null}]}


PARSED: {"id":"gen-1783158650-6fMKVkLglsFk7xQKrVEy","object":"chat.completion.chunk","created":1783158650,"model":"deepseek/deepseek-v4-flash-20260423","provider":"GMICloud","choices":[{"index":0,"delta":{"content":" 說明","role":"assistant"},"finish_reason":null,"native_finish_reason":null}]}
--- CHUNK 1783158662907 bytes=299 ---
data: {"id":"gen-1783158650-6fMKVkLglsFk7xQKrVEy","object":"chat.completion.chunk","created":1783158650,"model":"deepseek/deepseek-v4-flash-20260423","provider":"GMICloud","choices":[{"index":0,"delta":{"content":"文字\n\n","role":"assistant"},"finish_reason":null,"native_finish_reason":null}]}


PARSED: {"id":"gen-1783158650-6fMKVkLglsFk7xQKrVEy","object":"chat.completion.chunk","created":1783158650,"model":"deepseek/deepseek-v4-flash-20260423","provider":"GMICloud","choices":[{"index":0,"delta":{"content":"文字\n\n","role":"assistant"},"finish_reason":null,"native_finish_reason":null}]}
--- CHUNK 1783158662909 bytes=298 ---
data: {"id":"gen-1783158650-6fMKVkLglsFk7xQKrVEy","object":"chat.completion.chunk","created":1783158650,"model":"deepseek/deepseek-v4-flash-20260423","provider":"GMICloud","choices":[{"index":0,"delta":{"content":"### input","role":"assistant"},"finish_reason":null,"native_finish_reason":null}]}


PARSED: {"id":"gen-1783158650-6fMKVkLglsFk7xQKrVEy","object":"chat.completion.chunk","created":1783158650,"model":"deepseek/deepseek-v4-flash-20260423","provider":"GMICloud","choices":[{"index":0,"delta":{"content":"### input","role":"assistant"},"finish_reason":null,"native_finish_reason":null}]}
--- CHUNK 1783158662915 bytes=293 ---
data: {"id":"gen-1783158650-6fMKVkLglsFk7xQKrVEy","object":"chat.completion.chunk","created":1783158650,"model":"deepseek/deepseek-v4-flash-20260423","provider":"GMICloud","choices":[{"index":0,"delta":{"content":"2（","role":"assistant"},"finish_reason":null,"native_finish_reason":null}]}


PARSED: {"id":"gen-1783158650-6fMKVkLglsFk7xQKrVEy","object":"chat.completion.chunk","created":1783158650,"model":"deepseek/deepseek-v4-flash-20260423","provider":"GMICloud","choices":[{"index":0,"delta":{"content":"2（","role":"assistant"},"finish_reason":null,"native_finish_reason":null}]}
--- CHUNK 1783158662936 bytes=292 ---
data: {"id":"gen-1783158650-6fMKVkLglsFk7xQKrVEy","object":"chat.completion.chunk","created":1783158650,"model":"deepseek/deepseek-v4-flash-20260423","provider":"GMICloud","choices":[{"index":0,"delta":{"content":"選","role":"assistant"},"finish_reason":null,"native_finish_reason":null}]}


PARSED: {"id":"gen-1783158650-6fMKVkLglsFk7xQKrVEy","object":"chat.completion.chunk","created":1783158650,"model":"deepseek/deepseek-v4-flash-20260423","provider":"GMICloud","choices":[{"index":0,"delta":{"content":"選","role":"assistant"},"finish_reason":null,"native_finish_reason":null}]}
--- CHUNK 1783158662940 bytes=297 ---
data: {"id":"gen-1783158650-6fMKVkLglsFk7xQKrVEy","object":"chat.completion.chunk","created":1783158650,"model":"deepseek/deepseek-v4-flash-20260423","provider":"GMICloud","choices":[{"index":0,"delta":{"content":"填）\n","role":"assistant"},"finish_reason":null,"native_finish_reason":null}]}


PARSED: {"id":"gen-1783158650-6fMKVkLglsFk7xQKrVEy","object":"chat.completion.chunk","created":1783158650,"model":"deepseek/deepseek-v4-flash-20260423","provider":"GMICloud","choices":[{"index":0,"delta":{"content":"填）\n","role":"assistant"},"finish_reason":null,"native_finish_reason":null}]}
--- CHUNK 1783158662945 bytes=295 ---
data: {"id":"gen-1783158650-6fMKVkLglsFk7xQKrVEy","object":"chat.completion.chunk","created":1783158650,"model":"deepseek/deepseek-v4-flash-20260423","provider":"GMICloud","choices":[{"index":0,"delta":{"content":"- type","role":"assistant"},"finish_reason":null,"native_finish_reason":null}]}


PARSED: {"id":"gen-1783158650-6fMKVkLglsFk7xQKrVEy","object":"chat.completion.chunk","created":1783158650,"model":"deepseek/deepseek-v4-flash-20260423","provider":"GMICloud","choices":[{"index":0,"delta":{"content":"- type","role":"assistant"},"finish_reason":null,"native_finish_reason":null}]}
--- CHUNK 1783158662965 bytes=297 ---
data: {"id":"gen-1783158650-6fMKVkLglsFk7xQKrVEy","object":"chat.completion.chunk","created":1783158650,"model":"deepseek/deepseek-v4-flash-20260423","provider":"GMICloud","choices":[{"index":0,"delta":{"content":": number","role":"assistant"},"finish_reason":null,"native_finish_reason":null}]}


PARSED: {"id":"gen-1783158650-6fMKVkLglsFk7xQKrVEy","object":"chat.completion.chunk","created":1783158650,"model":"deepseek/deepseek-v4-flash-20260423","provider":"GMICloud","choices":[{"index":0,"delta":{"content":": number","role":"assistant"},"finish_reason":null,"native_finish_reason":null}]}
--- CHUNK 1783158662968 bytes=292 ---
data: {"id":"gen-1783158650-6fMKVkLglsFk7xQKrVEy","object":"chat.completion.chunk","created":1783158650,"model":"deepseek/deepseek-v4-flash-20260423","provider":"GMICloud","choices":[{"index":0,"delta":{"content":"\n-","role":"assistant"},"finish_reason":null,"native_finish_reason":null}]}


PARSED: {"id":"gen-1783158650-6fMKVkLglsFk7xQKrVEy","object":"chat.completion.chunk","created":1783158650,"model":"deepseek/deepseek-v4-flash-20260423","provider":"GMICloud","choices":[{"index":0,"delta":{"content":"\n-","role":"assistant"},"finish_reason":null,"native_finish_reason":null}]}
--- CHUNK 1783158662972 bytes=298 ---
data: {"id":"gen-1783158650-6fMKVkLglsFk7xQKrVEy","object":"chat.completion.chunk","created":1783158650,"model":"deepseek/deepseek-v4-flash-20260423","provider":"GMICloud","choices":[{"index":0,"delta":{"content":" default:","role":"assistant"},"finish_reason":null,"native_finish_reason":null}]}


PARSED: {"id":"gen-1783158650-6fMKVkLglsFk7xQKrVEy","object":"chat.completion.chunk","created":1783158650,"model":"deepseek/deepseek-v4-flash-20260423","provider":"GMICloud","choices":[{"index":0,"delta":{"content":" default:","role":"assistant"},"finish_reason":null,"native_finish_reason":null}]}
--- CHUNK 1783158663011 bytes=290 ---
data: {"id":"gen-1783158650-6fMKVkLglsFk7xQKrVEy","object":"chat.completion.chunk","created":1783158650,"model":"deepseek/deepseek-v4-flash-20260423","provider":"GMICloud","choices":[{"index":0,"delta":{"content":" ","role":"assistant"},"finish_reason":null,"native_finish_reason":null}]}


PARSED: {"id":"gen-1783158650-6fMKVkLglsFk7xQKrVEy","object":"chat.completion.chunk","created":1783158650,"model":"deepseek/deepseek-v4-flash-20260423","provider":"GMICloud","choices":[{"index":0,"delta":{"content":" ","role":"assistant"},"finish_reason":null,"native_finish_reason":null}]}
--- CHUNK 1783158663016 bytes=295 ---
data: {"id":"gen-1783158650-6fMKVkLglsFk7xQKrVEy","object":"chat.completion.chunk","created":1783158650,"model":"deepseek/deepseek-v4-flash-20260423","provider":"GMICloud","choices":[{"index":0,"delta":{"content":"10\n\n","role":"assistant"},"finish_reason":null,"native_finish_reason":null}]}


PARSED: {"id":"gen-1783158650-6fMKVkLglsFk7xQKrVEy","object":"chat.completion.chunk","created":1783158650,"model":"deepseek/deepseek-v4-flash-20260423","provider":"GMICloud","choices":[{"index":0,"delta":{"content":"10\n\n","role":"assistant"},"finish_reason":null,"native_finish_reason":null}]}
--- CHUNK 1783158663018 bytes=300 ---
data: {"id":"gen-1783158650-6fMKVkLglsFk7xQKrVEy","object":"chat.completion.chunk","created":1783158650,"model":"deepseek/deepseek-v4-flash-20260423","provider":"GMICloud","choices":[{"index":0,"delta":{"content":"## Determin","role":"assistant"},"finish_reason":null,"native_finish_reason":null}]}


PARSED: {"id":"gen-1783158650-6fMKVkLglsFk7xQKrVEy","object":"chat.completion.chunk","created":1783158650,"model":"deepseek/deepseek-v4-flash-20260423","provider":"GMICloud","choices":[{"index":0,"delta":{"content":"## Determin","role":"assistant"},"finish_reason":null,"native_finish_reason":null}]}
--- CHUNK 1783158663044 bytes=301 ---
data: {"id":"gen-1783158650-6fMKVkLglsFk7xQKrVEy","object":"chat.completion.chunk","created":1783158650,"model":"deepseek/deepseek-v4-flash-20260423","provider":"GMICloud","choices":[{"index":0,"delta":{"content":"istic Script","role":"assistant"},"finish_reason":null,"native_finish_reason":null}]}


PARSED: {"id":"gen-1783158650-6fMKVkLglsFk7xQKrVEy","object":"chat.completion.chunk","created":1783158650,"model":"deepseek/deepseek-v4-flash-20260423","provider":"GMICloud","choices":[{"index":0,"delta":{"content":"istic Script","role":"assistant"},"finish_reason":null,"native_finish_reason":null}]}
--- CHUNK 1783158663050 bytes=294 ---
data: {"id":"gen-1783158650-6fMKVkLglsFk7xQKrVEy","object":"chat.completion.chunk","created":1783158650,"model":"deepseek/deepseek-v4-flash-20260423","provider":"GMICloud","choices":[{"index":0,"delta":{"content":"\n\n1","role":"assistant"},"finish_reason":null,"native_finish_reason":null}]}


PARSED: {"id":"gen-1783158650-6fMKVkLglsFk7xQKrVEy","object":"chat.completion.chunk","created":1783158650,"model":"deepseek/deepseek-v4-flash-20260423","provider":"GMICloud","choices":[{"index":0,"delta":{"content":"\n\n1","role":"assistant"},"finish_reason":null,"native_finish_reason":null}]}
--- CHUNK 1783158663052 bytes=291 ---
data: {"id":"gen-1783158650-6fMKVkLglsFk7xQKrVEy","object":"chat.completion.chunk","created":1783158650,"model":"deepseek/deepseek-v4-flash-20260423","provider":"GMICloud","choices":[{"index":0,"delta":{"content":". ","role":"assistant"},"finish_reason":null,"native_finish_reason":null}]}


PARSED: {"id":"gen-1783158650-6fMKVkLglsFk7xQKrVEy","object":"chat.completion.chunk","created":1783158650,"model":"deepseek/deepseek-v4-flash-20260423","provider":"GMICloud","choices":[{"index":0,"delta":{"content":". ","role":"assistant"},"finish_reason":null,"native_finish_reason":null}]}
--- CHUNK 1783158663088 bytes=295 ---
data: {"id":"gen-1783158650-6fMKVkLglsFk7xQKrVEy","object":"chat.completion.chunk","created":1783158650,"model":"deepseek/deepseek-v4-flash-20260423","provider":"GMICloud","choices":[{"index":0,"delta":{"content":"接收","role":"assistant"},"finish_reason":null,"native_finish_reason":null}]}


PARSED: {"id":"gen-1783158650-6fMKVkLglsFk7xQKrVEy","object":"chat.completion.chunk","created":1783158650,"model":"deepseek/deepseek-v4-flash-20260423","provider":"GMICloud","choices":[{"index":0,"delta":{"content":"接收","role":"assistant"},"finish_reason":null,"native_finish_reason":null}]}
--- CHUNK 1783158663090 bytes=301 ---
data: {"id":"gen-1783158650-6fMKVkLglsFk7xQKrVEy","object":"chat.completion.chunk","created":1783158650,"model":"deepseek/deepseek-v4-flash-20260423","provider":"GMICloud","choices":[{"index":0,"delta":{"content":"使用者的","role":"assistant"},"finish_reason":null,"native_finish_reason":null}]}


PARSED: {"id":"gen-1783158650-6fMKVkLglsFk7xQKrVEy","object":"chat.completion.chunk","created":1783158650,"model":"deepseek/deepseek-v4-flash-20260423","provider":"GMICloud","choices":[{"index":0,"delta":{"content":"使用者的","role":"assistant"},"finish_reason":null,"native_finish_reason":null}]}
--- CHUNK 1783158663097 bytes=297 ---
data: {"id":"gen-1783158650-6fMKVkLglsFk7xQKrVEy","object":"chat.completion.chunk","created":1783158650,"model":"deepseek/deepseek-v4-flash-20260423","provider":"GMICloud","choices":[{"index":0,"delta":{"content":"輸入\n","role":"assistant"},"finish_reason":null,"native_finish_reason":null}]}


PARSED: {"id":"gen-1783158650-6fMKVkLglsFk7xQKrVEy","object":"chat.completion.chunk","created":1783158650,"model":"deepseek/deepseek-v4-flash-20260423","provider":"GMICloud","choices":[{"index":0,"delta":{"content":"輸入\n","role":"assistant"},"finish_reason":null,"native_finish_reason":null}]}
--- CHUNK 1783158663146 bytes=290 ---
data: {"id":"gen-1783158650-6fMKVkLglsFk7xQKrVEy","object":"chat.completion.chunk","created":1783158650,"model":"deepseek/deepseek-v4-flash-20260423","provider":"GMICloud","choices":[{"index":0,"delta":{"content":"2","role":"assistant"},"finish_reason":null,"native_finish_reason":null}]}


PARSED: {"id":"gen-1783158650-6fMKVkLglsFk7xQKrVEy","object":"chat.completion.chunk","created":1783158650,"model":"deepseek/deepseek-v4-flash-20260423","provider":"GMICloud","choices":[{"index":0,"delta":{"content":"2","role":"assistant"},"finish_reason":null,"native_finish_reason":null}]}
--- CHUNK 1783158663149 bytes=291 ---
data: {"id":"gen-1783158650-6fMKVkLglsFk7xQKrVEy","object":"chat.completion.chunk","created":1783158650,"model":"deepseek/deepseek-v4-flash-20260423","provider":"GMICloud","choices":[{"index":0,"delta":{"content":". ","role":"assistant"},"finish_reason":null,"native_finish_reason":null}]}


PARSED: {"id":"gen-1783158650-6fMKVkLglsFk7xQKrVEy","object":"chat.completion.chunk","created":1783158650,"model":"deepseek/deepseek-v4-flash-20260423","provider":"GMICloud","choices":[{"index":0,"delta":{"content":". ","role":"assistant"},"finish_reason":null,"native_finish_reason":null}]}
--- CHUNK 1783158663149 bytes=301 ---
data: {"id":"gen-1783158650-6fMKVkLglsFk7xQKrVEy","object":"chat.completion.chunk","created":1783158650,"model":"deepseek/deepseek-v4-flash-20260423","provider":"GMICloud","choices":[{"index":0,"delta":{"content":"執行步驟","role":"assistant"},"finish_reason":null,"native_finish_reason":null}]}


PARSED: {"id":"gen-1783158650-6fMKVkLglsFk7xQKrVEy","object":"chat.completion.chunk","created":1783158650,"model":"deepseek/deepseek-v4-flash-20260423","provider":"GMICloud","choices":[{"index":0,"delta":{"content":"執行步驟","role":"assistant"},"finish_reason":null,"native_finish_reason":null}]}
--- CHUNK 1783158663173 bytes=291 ---
data: {"id":"gen-1783158650-6fMKVkLglsFk7xQKrVEy","object":"chat.completion.chunk","created":1783158650,"model":"deepseek/deepseek-v4-flash-20260423","provider":"GMICloud","choices":[{"index":0,"delta":{"content":" A","role":"assistant"},"finish_reason":null,"native_finish_reason":null}]}


PARSED: {"id":"gen-1783158650-6fMKVkLglsFk7xQKrVEy","object":"chat.completion.chunk","created":1783158650,"model":"deepseek/deepseek-v4-flash-20260423","provider":"GMICloud","choices":[{"index":0,"delta":{"content":" A","role":"assistant"},"finish_reason":null,"native_finish_reason":null}]}
--- CHUNK 1783158663175 bytes=292 ---
data: {"id":"gen-1783158650-6fMKVkLglsFk7xQKrVEy","object":"chat.completion.chunk","created":1783158650,"model":"deepseek/deepseek-v4-flash-20260423","provider":"GMICloud","choices":[{"index":0,"delta":{"content":"\n3","role":"assistant"},"finish_reason":null,"native_finish_reason":null}]}


PARSED: {"id":"gen-1783158650-6fMKVkLglsFk7xQKrVEy","object":"chat.completion.chunk","created":1783158650,"model":"deepseek/deepseek-v4-flash-20260423","provider":"GMICloud","choices":[{"index":0,"delta":{"content":"\n3","role":"assistant"},"finish_reason":null,"native_finish_reason":null}]}
--- CHUNK 1783158663180 bytes=291 ---
data: {"id":"gen-1783158650-6fMKVkLglsFk7xQKrVEy","object":"chat.completion.chunk","created":1783158650,"model":"deepseek/deepseek-v4-flash-20260423","provider":"GMICloud","choices":[{"index":0,"delta":{"content":". ","role":"assistant"},"finish_reason":null,"native_finish_reason":null}]}


PARSED: {"id":"gen-1783158650-6fMKVkLglsFk7xQKrVEy","object":"chat.completion.chunk","created":1783158650,"model":"deepseek/deepseek-v4-flash-20260423","provider":"GMICloud","choices":[{"index":0,"delta":{"content":". ","role":"assistant"},"finish_reason":null,"native_finish_reason":null}]}
--- CHUNK 1783158663221 bytes=295 ---
data: {"id":"gen-1783158650-6fMKVkLglsFk7xQKrVEy","object":"chat.completion.chunk","created":1783158650,"model":"deepseek/deepseek-v4-flash-20260423","provider":"GMICloud","choices":[{"index":0,"delta":{"content":"執行","role":"assistant"},"finish_reason":null,"native_finish_reason":null}]}


PARSED: {"id":"gen-1783158650-6fMKVkLglsFk7xQKrVEy","object":"chat.completion.chunk","created":1783158650,"model":"deepseek/deepseek-v4-flash-20260423","provider":"GMICloud","choices":[{"index":0,"delta":{"content":"執行","role":"assistant"},"finish_reason":null,"native_finish_reason":null}]}
--- CHUNK 1783158663223 bytes=297 ---
data: {"id":"gen-1783158650-6fMKVkLglsFk7xQKrVEy","object":"chat.completion.chunk","created":1783158650,"model":"deepseek/deepseek-v4-flash-20260423","provider":"GMICloud","choices":[{"index":0,"delta":{"content":"步驟 B","role":"assistant"},"finish_reason":null,"native_finish_reason":null}]}


PARSED: {"id":"gen-1783158650-6fMKVkLglsFk7xQKrVEy","object":"chat.completion.chunk","created":1783158650,"model":"deepseek/deepseek-v4-flash-20260423","provider":"GMICloud","choices":[{"index":0,"delta":{"content":"步驟 B","role":"assistant"},"finish_reason":null,"native_finish_reason":null}]}
--- CHUNK 1783158663226 bytes=292 ---
data: {"id":"gen-1783158650-6fMKVkLglsFk7xQKrVEy","object":"chat.completion.chunk","created":1783158650,"model":"deepseek/deepseek-v4-flash-20260423","provider":"GMICloud","choices":[{"index":0,"delta":{"content":"\n4","role":"assistant"},"finish_reason":null,"native_finish_reason":null}]}


PARSED: {"id":"gen-1783158650-6fMKVkLglsFk7xQKrVEy","object":"chat.completion.chunk","created":1783158650,"model":"deepseek/deepseek-v4-flash-20260423","provider":"GMICloud","choices":[{"index":0,"delta":{"content":"\n4","role":"assistant"},"finish_reason":null,"native_finish_reason":null}]}
--- CHUNK 1783158663229 bytes=291 ---
data: {"id":"gen-1783158650-6fMKVkLglsFk7xQKrVEy","object":"chat.completion.chunk","created":1783158650,"model":"deepseek/deepseek-v4-flash-20260423","provider":"GMICloud","choices":[{"index":0,"delta":{"content":". ","role":"assistant"},"finish_reason":null,"native_finish_reason":null}]}


PARSED: {"id":"gen-1783158650-6fMKVkLglsFk7xQKrVEy","object":"chat.completion.chunk","created":1783158650,"model":"deepseek/deepseek-v4-flash-20260423","provider":"GMICloud","choices":[{"index":0,"delta":{"content":". ","role":"assistant"},"finish_reason":null,"native_finish_reason":null}]}
--- CHUNK 1783158663242 bytes=292 ---
data: {"id":"gen-1783158650-6fMKVkLglsFk7xQKrVEy","object":"chat.completion.chunk","created":1783158650,"model":"deepseek/deepseek-v4-flash-20260423","provider":"GMICloud","choices":[{"index":0,"delta":{"content":"產","role":"assistant"},"finish_reason":null,"native_finish_reason":null}]}


PARSED: {"id":"gen-1783158650-6fMKVkLglsFk7xQKrVEy","object":"chat.completion.chunk","created":1783158650,"model":"deepseek/deepseek-v4-flash-20260423","provider":"GMICloud","choices":[{"index":0,"delta":{"content":"產","role":"assistant"},"finish_reason":null,"native_finish_reason":null}]}
--- CHUNK 1783158663245 bytes=298 ---
data: {"id":"gen-1783158650-6fMKVkLglsFk7xQKrVEy","object":"chat.completion.chunk","created":1783158650,"model":"deepseek/deepseek-v4-flash-20260423","provider":"GMICloud","choices":[{"index":0,"delta":{"content":"出結構","role":"assistant"},"finish_reason":null,"native_finish_reason":null}]}


PARSED: {"id":"gen-1783158650-6fMKVkLglsFk7xQKrVEy","object":"chat.completion.chunk","created":1783158650,"model":"deepseek/deepseek-v4-flash-20260423","provider":"GMICloud","choices":[{"index":0,"delta":{"content":"出結構","role":"assistant"},"finish_reason":null,"native_finish_reason":null}]}
--- CHUNK 1783158663250 bytes=298 ---
data: {"id":"gen-1783158650-6fMKVkLglsFk7xQKrVEy","object":"chat.completion.chunk","created":1783158650,"model":"deepseek/deepseek-v4-flash-20260423","provider":"GMICloud","choices":[{"index":0,"delta":{"content":"化結果","role":"assistant"},"finish_reason":null,"native_finish_reason":null}]}


PARSED: {"id":"gen-1783158650-6fMKVkLglsFk7xQKrVEy","object":"chat.completion.chunk","created":1783158650,"model":"deepseek/deepseek-v4-flash-20260423","provider":"GMICloud","choices":[{"index":0,"delta":{"content":"化結果","role":"assistant"},"finish_reason":null,"native_finish_reason":null}]}
--- CHUNK 1783158663306 bytes=293 ---
data: {"id":"gen-1783158650-6fMKVkLglsFk7xQKrVEy","object":"chat.completion.chunk","created":1783158650,"model":"deepseek/deepseek-v4-flash-20260423","provider":"GMICloud","choices":[{"index":0,"delta":{"content":"\n\n","role":"assistant"},"finish_reason":null,"native_finish_reason":null}]}


PARSED: {"id":"gen-1783158650-6fMKVkLglsFk7xQKrVEy","object":"chat.completion.chunk","created":1783158650,"model":"deepseek/deepseek-v4-flash-20260423","provider":"GMICloud","choices":[{"index":0,"delta":{"content":"\n\n","role":"assistant"},"finish_reason":null,"native_finish_reason":null}]}
--- CHUNK 1783158663307 bytes=297 ---
data: {"id":"gen-1783158650-6fMKVkLglsFk7xQKrVEy","object":"chat.completion.chunk","created":1783158650,"model":"deepseek/deepseek-v4-flash-20260423","provider":"GMICloud","choices":[{"index":0,"delta":{"content":"## Guard","role":"assistant"},"finish_reason":null,"native_finish_reason":null}]}


PARSED: {"id":"gen-1783158650-6fMKVkLglsFk7xQKrVEy","object":"chat.completion.chunk","created":1783158650,"model":"deepseek/deepseek-v4-flash-20260423","provider":"GMICloud","choices":[{"index":0,"delta":{"content":"## Guard","role":"assistant"},"finish_reason":null,"native_finish_reason":null}]}
--- CHUNK 1783158663309 bytes=298 ---
data: {"id":"gen-1783158650-6fMKVkLglsFk7xQKrVEy","object":"chat.completion.chunk","created":1783158650,"model":"deepseek/deepseek-v4-flash-20260423","provider":"GMICloud","choices":[{"index":0,"delta":{"content":"rails\n\n","role":"assistant"},"finish_reason":null,"native_finish_reason":null}]}


PARSED: {"id":"gen-1783158650-6fMKVkLglsFk7xQKrVEy","object":"chat.completion.chunk","created":1783158650,"model":"deepseek/deepseek-v4-flash-20260423","provider":"GMICloud","choices":[{"index":0,"delta":{"content":"rails\n\n","role":"assistant"},"finish_reason":null,"native_finish_reason":null}]}
--- CHUNK 1783158663311 bytes=291 ---
data: {"id":"gen-1783158650-6fMKVkLglsFk7xQKrVEy","object":"chat.completion.chunk","created":1783158650,"model":"deepseek/deepseek-v4-flash-20260423","provider":"GMICloud","choices":[{"index":0,"delta":{"content":"1.","role":"assistant"},"finish_reason":null,"native_finish_reason":null}]}


PARSED: {"id":"gen-1783158650-6fMKVkLglsFk7xQKrVEy","object":"chat.completion.chunk","created":1783158650,"model":"deepseek/deepseek-v4-flash-20260423","provider":"GMICloud","choices":[{"index":0,"delta":{"content":"1.","role":"assistant"},"finish_reason":null,"native_finish_reason":null}]}
--- CHUNK 1783158663330 bytes=290 ---
data: {"id":"gen-1783158650-6fMKVkLglsFk7xQKrVEy","object":"chat.completion.chunk","created":1783158650,"model":"deepseek/deepseek-v4-flash-20260423","provider":"GMICloud","choices":[{"index":0,"delta":{"content":" ","role":"assistant"},"finish_reason":null,"native_finish_reason":null}]}


PARSED: {"id":"gen-1783158650-6fMKVkLglsFk7xQKrVEy","object":"chat.completion.chunk","created":1783158650,"model":"deepseek/deepseek-v4-flash-20260423","provider":"GMICloud","choices":[{"index":0,"delta":{"content":" ","role":"assistant"},"finish_reason":null,"native_finish_reason":null}]}
--- CHUNK 1783158663337 bytes=301 ---
data: {"id":"gen-1783158650-6fMKVkLglsFk7xQKrVEy","object":"chat.completion.chunk","created":1783158650,"model":"deepseek/deepseek-v4-flash-20260423","provider":"GMICloud","choices":[{"index":0,"delta":{"content":"限制條件","role":"assistant"},"finish_reason":null,"native_finish_reason":null}]}


PARSED: {"id":"gen-1783158650-6fMKVkLglsFk7xQKrVEy","object":"chat.completion.chunk","created":1783158650,"model":"deepseek/deepseek-v4-flash-20260423","provider":"GMICloud","choices":[{"index":0,"delta":{"content":"限制條件","role":"assistant"},"finish_reason":null,"native_finish_reason":null}]}
--- CHUNK 1783158663339 bytes=292 ---
data: {"id":"gen-1783158650-6fMKVkLglsFk7xQKrVEy","object":"chat.completion.chunk","created":1783158650,"model":"deepseek/deepseek-v4-flash-20260423","provider":"GMICloud","choices":[{"index":0,"delta":{"content":"\n2","role":"assistant"},"finish_reason":null,"native_finish_reason":null}]}


PARSED: {"id":"gen-1783158650-6fMKVkLglsFk7xQKrVEy","object":"chat.completion.chunk","created":1783158650,"model":"deepseek/deepseek-v4-flash-20260423","provider":"GMICloud","choices":[{"index":0,"delta":{"content":"\n2","role":"assistant"},"finish_reason":null,"native_finish_reason":null}]}
--- CHUNK 1783158663347 bytes=291 ---
data: {"id":"gen-1783158650-6fMKVkLglsFk7xQKrVEy","object":"chat.completion.chunk","created":1783158650,"model":"deepseek/deepseek-v4-flash-20260423","provider":"GMICloud","choices":[{"index":0,"delta":{"content":". ","role":"assistant"},"finish_reason":null,"native_finish_reason":null}]}


PARSED: {"id":"gen-1783158650-6fMKVkLglsFk7xQKrVEy","object":"chat.completion.chunk","created":1783158650,"model":"deepseek/deepseek-v4-flash-20260423","provider":"GMICloud","choices":[{"index":0,"delta":{"content":". ","role":"assistant"},"finish_reason":null,"native_finish_reason":null}]}
--- CHUNK 1783158663383 bytes=295 ---
data: {"id":"gen-1783158650-6fMKVkLglsFk7xQKrVEy","object":"chat.completion.chunk","created":1783158650,"model":"deepseek/deepseek-v4-flash-20260423","provider":"GMICloud","choices":[{"index":0,"delta":{"content":"安全","role":"assistant"},"finish_reason":null,"native_finish_reason":null}]}


PARSED: {"id":"gen-1783158650-6fMKVkLglsFk7xQKrVEy","object":"chat.completion.chunk","created":1783158650,"model":"deepseek/deepseek-v4-flash-20260423","provider":"GMICloud","choices":[{"index":0,"delta":{"content":"安全","role":"assistant"},"finish_reason":null,"native_finish_reason":null}]}
--- CHUNK 1783158663388 bytes=299 ---
data: {"id":"gen-1783158650-6fMKVkLglsFk7xQKrVEy","object":"chat.completion.chunk","created":1783158650,"model":"deepseek/deepseek-v4-flash-20260423","provider":"GMICloud","choices":[{"index":0,"delta":{"content":"規則\n\n","role":"assistant"},"finish_reason":null,"native_finish_reason":null}]}


PARSED: {"id":"gen-1783158650-6fMKVkLglsFk7xQKrVEy","object":"chat.completion.chunk","created":1783158650,"model":"deepseek/deepseek-v4-flash-20260423","provider":"GMICloud","choices":[{"index":0,"delta":{"content":"規則\n\n","role":"assistant"},"finish_reason":null,"native_finish_reason":null}]}
--- CHUNK 1783158663393 bytes=298 ---
data: {"id":"gen-1783158650-6fMKVkLglsFk7xQKrVEy","object":"chat.completion.chunk","created":1783158650,"model":"deepseek/deepseek-v4-flash-20260423","provider":"GMICloud","choices":[{"index":0,"delta":{"content":"## Output","role":"assistant"},"finish_reason":null,"native_finish_reason":null}]}


PARSED: {"id":"gen-1783158650-6fMKVkLglsFk7xQKrVEy","object":"chat.completion.chunk","created":1783158650,"model":"deepseek/deepseek-v4-flash-20260423","provider":"GMICloud","choices":[{"index":0,"delta":{"content":"## Output","role":"assistant"},"finish_reason":null,"native_finish_reason":null}]}
--- CHUNK 1783158663397 bytes=302 ---
data: {"id":"gen-1783158650-6fMKVkLglsFk7xQKrVEy","object":"chat.completion.chunk","created":1783158650,"model":"deepseek/deepseek-v4-flash-20260423","provider":"GMICloud","choices":[{"index":0,"delta":{"content":" Contract\n\n","role":"assistant"},"finish_reason":null,"native_finish_reason":null}]}


PARSED: {"id":"gen-1783158650-6fMKVkLglsFk7xQKrVEy","object":"chat.completion.chunk","created":1783158650,"model":"deepseek/deepseek-v4-flash-20260423","provider":"GMICloud","choices":[{"index":0,"delta":{"content":" Contract\n\n","role":"assistant"},"finish_reason":null,"native_finish_reason":null}]}
--- CHUNK 1783158663589 bytes=292 ---
data: {"id":"gen-1783158650-6fMKVkLglsFk7xQKrVEy","object":"chat.completion.chunk","created":1783158650,"model":"deepseek/deepseek-v4-flash-20260423","provider":"GMICloud","choices":[{"index":0,"delta":{"content":"回","role":"assistant"},"finish_reason":null,"native_finish_reason":null}]}


PARSED: {"id":"gen-1783158650-6fMKVkLglsFk7xQKrVEy","object":"chat.completion.chunk","created":1783158650,"model":"deepseek/deepseek-v4-flash-20260423","provider":"GMICloud","choices":[{"index":0,"delta":{"content":"回","role":"assistant"},"finish_reason":null,"native_finish_reason":null}]}
--- CHUNK 1783158663596 bytes=298 ---
data: {"id":"gen-1783158650-6fMKVkLglsFk7xQKrVEy","object":"chat.completion.chunk","created":1783158650,"model":"deepseek/deepseek-v4-flash-20260423","provider":"GMICloud","choices":[{"index":0,"delta":{"content":"傳格式","role":"assistant"},"finish_reason":null,"native_finish_reason":null}]}


PARSED: {"id":"gen-1783158650-6fMKVkLglsFk7xQKrVEy","object":"chat.completion.chunk","created":1783158650,"model":"deepseek/deepseek-v4-flash-20260423","provider":"GMICloud","choices":[{"index":0,"delta":{"content":"傳格式","role":"assistant"},"finish_reason":null,"native_finish_reason":null}]}
--- CHUNK 1783158663599 bytes=296 ---
data: {"id":"gen-1783158650-6fMKVkLglsFk7xQKrVEy","object":"chat.completion.chunk","created":1783158650,"model":"deepseek/deepseek-v4-flash-20260423","provider":"GMICloud","choices":[{"index":0,"delta":{"content":"：JSON","role":"assistant"},"finish_reason":null,"native_finish_reason":null}]}


PARSED: {"id":"gen-1783158650-6fMKVkLglsFk7xQKrVEy","object":"chat.completion.chunk","created":1783158650,"model":"deepseek/deepseek-v4-flash-20260423","provider":"GMICloud","choices":[{"index":0,"delta":{"content":"：JSON","role":"assistant"},"finish_reason":null,"native_finish_reason":null}]}
--- CHUNK 1783158663627 bytes=291 ---
data: {"id":"gen-1783158650-6fMKVkLglsFk7xQKrVEy","object":"chat.completion.chunk","created":1783158650,"model":"deepseek/deepseek-v4-flash-20260423","provider":"GMICloud","choices":[{"index":0,"delta":{"content":" /","role":"assistant"},"finish_reason":null,"native_finish_reason":null}]}


PARSED: {"id":"gen-1783158650-6fMKVkLglsFk7xQKrVEy","object":"chat.completion.chunk","created":1783158650,"model":"deepseek/deepseek-v4-flash-20260423","provider":"GMICloud","choices":[{"index":0,"delta":{"content":" /","role":"assistant"},"finish_reason":null,"native_finish_reason":null}]}
--- CHUNK 1783158663631 bytes=298 ---
data: {"id":"gen-1783158650-6fMKVkLglsFk7xQKrVEy","object":"chat.completion.chunk","created":1783158650,"model":"deepseek/deepseek-v4-flash-20260423","provider":"GMICloud","choices":[{"index":0,"delta":{"content":" Markdown","role":"assistant"},"finish_reason":null,"native_finish_reason":null}]}


PARSED: {"id":"gen-1783158650-6fMKVkLglsFk7xQKrVEy","object":"chat.completion.chunk","created":1783158650,"model":"deepseek/deepseek-v4-flash-20260423","provider":"GMICloud","choices":[{"index":0,"delta":{"content":" Markdown","role":"assistant"},"finish_reason":null,"native_finish_reason":null}]}
--- CHUNK 1783158663634 bytes=292 ---
data: {"id":"gen-1783158650-6fMKVkLglsFk7xQKrVEy","object":"chat.completion.chunk","created":1783158650,"model":"deepseek/deepseek-v4-flash-20260423","provider":"GMICloud","choices":[{"index":0,"delta":{"content":" / ","role":"assistant"},"finish_reason":null,"native_finish_reason":null}]}


PARSED: {"id":"gen-1783158650-6fMKVkLglsFk7xQKrVEy","object":"chat.completion.chunk","created":1783158650,"model":"deepseek/deepseek-v4-flash-20260423","provider":"GMICloud","choices":[{"index":0,"delta":{"content":" / ","role":"assistant"},"finish_reason":null,"native_finish_reason":null}]}
--- CHUNK 1783158663656 bytes=295 ---
data: {"id":"gen-1783158650-6fMKVkLglsFk7xQKrVEy","object":"chat.completion.chunk","created":1783158650,"model":"deepseek/deepseek-v4-flash-20260423","provider":"GMICloud","choices":[{"index":0,"delta":{"content":"其他","role":"assistant"},"finish_reason":null,"native_finish_reason":null}]}


PARSED: {"id":"gen-1783158650-6fMKVkLglsFk7xQKrVEy","object":"chat.completion.chunk","created":1783158650,"model":"deepseek/deepseek-v4-flash-20260423","provider":"GMICloud","choices":[{"index":0,"delta":{"content":"其他","role":"assistant"},"finish_reason":null,"native_finish_reason":null}]}
--- CHUNK 1783158663660 bytes=295 ---
data: {"id":"gen-1783158650-6fMKVkLglsFk7xQKrVEy","object":"chat.completion.chunk","created":1783158650,"model":"deepseek/deepseek-v4-flash-20260423","provider":"GMICloud","choices":[{"index":0,"delta":{"content":"\n\n##","role":"assistant"},"finish_reason":null,"native_finish_reason":null}]}


PARSED: {"id":"gen-1783158650-6fMKVkLglsFk7xQKrVEy","object":"chat.completion.chunk","created":1783158650,"model":"deepseek/deepseek-v4-flash-20260423","provider":"GMICloud","choices":[{"index":0,"delta":{"content":"\n\n##","role":"assistant"},"finish_reason":null,"native_finish_reason":null}]}
--- CHUNK 1783158663665 bytes=304 ---
data: {"id":"gen-1783158650-6fMKVkLglsFk7xQKrVEy","object":"chat.completion.chunk","created":1783158650,"model":"deepseek/deepseek-v4-flash-20260423","provider":"GMICloud","choices":[{"index":0,"delta":{"content":" Validation\n\n","role":"assistant"},"finish_reason":null,"native_finish_reason":null}]}


PARSED: {"id":"gen-1783158650-6fMKVkLglsFk7xQKrVEy","object":"chat.completion.chunk","created":1783158650,"model":"deepseek/deepseek-v4-flash-20260423","provider":"GMICloud","choices":[{"index":0,"delta":{"content":" Validation\n\n","role":"assistant"},"finish_reason":null,"native_finish_reason":null}]}
--- CHUNK 1783158663690 bytes=290 ---
data: {"id":"gen-1783158650-6fMKVkLglsFk7xQKrVEy","object":"chat.completion.chunk","created":1783158650,"model":"deepseek/deepseek-v4-flash-20260423","provider":"GMICloud","choices":[{"index":0,"delta":{"content":"1","role":"assistant"},"finish_reason":null,"native_finish_reason":null}]}


PARSED: {"id":"gen-1783158650-6fMKVkLglsFk7xQKrVEy","object":"chat.completion.chunk","created":1783158650,"model":"deepseek/deepseek-v4-flash-20260423","provider":"GMICloud","choices":[{"index":0,"delta":{"content":"1","role":"assistant"},"finish_reason":null,"native_finish_reason":null}]}
--- CHUNK 1783158663706 bytes=291 ---
data: {"id":"gen-1783158650-6fMKVkLglsFk7xQKrVEy","object":"chat.completion.chunk","created":1783158650,"model":"deepseek/deepseek-v4-flash-20260423","provider":"GMICloud","choices":[{"index":0,"delta":{"content":". ","role":"assistant"},"finish_reason":null,"native_finish_reason":null}]}


PARSED: {"id":"gen-1783158650-6fMKVkLglsFk7xQKrVEy","object":"chat.completion.chunk","created":1783158650,"model":"deepseek/deepseek-v4-flash-20260423","provider":"GMICloud","choices":[{"index":0,"delta":{"content":". ","role":"assistant"},"finish_reason":null,"native_finish_reason":null}]}
--- CHUNK 1783158663707 bytes=295 ---
data: {"id":"gen-1783158650-6fMKVkLglsFk7xQKrVEy","object":"chat.completion.chunk","created":1783158650,"model":"deepseek/deepseek-v4-flash-20260423","provider":"GMICloud","choices":[{"index":0,"delta":{"content":"驗證","role":"assistant"},"finish_reason":null,"native_finish_reason":null}]}


PARSED: {"id":"gen-1783158650-6fMKVkLglsFk7xQKrVEy","object":"chat.completion.chunk","created":1783158650,"model":"deepseek/deepseek-v4-flash-20260423","provider":"GMICloud","choices":[{"index":0,"delta":{"content":"驗證","role":"assistant"},"finish_reason":null,"native_finish_reason":null}]}
--- CHUNK 1783158663725 bytes=596 ---
data: {"id":"gen-1783158650-6fMKVkLglsFk7xQKrVEy","object":"chat.completion.chunk","created":1783158650,"model":"deepseek/deepseek-v4-flash-20260423","provider":"GMICloud","choices":[{"index":0,"delta":{"content":"輸出","role":"assistant"},"finish_reason":null,"native_finish_reason":null}]}

data: {"id":"gen-1783158650-6fMKVkLglsFk7xQKrVEy","object":"chat.completion.chunk","created":1783158650,"model":"deepseek/deepseek-v4-flash-20260423","provider":"GMICloud","choices":[{"index":0,"delta":{"content":"是否完整","role":"assistant"},"finish_reason":null,"native_finish_reason":null}]}


PARSED: {"id":"gen-1783158650-6fMKVkLglsFk7xQKrVEy","object":"chat.completion.chunk","created":1783158650,"model":"deepseek/deepseek-v4-flash-20260423","provider":"GMICloud","choices":[{"index":0,"delta":{"content":"輸出","role":"assistant"},"finish_reason":null,"native_finish_reason":null}]}
PARSED: {"id":"gen-1783158650-6fMKVkLglsFk7xQKrVEy","object":"chat.completion.chunk","created":1783158650,"model":"deepseek/deepseek-v4-flash-20260423","provider":"GMICloud","choices":[{"index":0,"delta":{"content":"是否完整","role":"assistant"},"finish_reason":null,"native_finish_reason":null}]}
--- CHUNK 1783158663726 bytes=292 ---
data: {"id":"gen-1783158650-6fMKVkLglsFk7xQKrVEy","object":"chat.completion.chunk","created":1783158650,"model":"deepseek/deepseek-v4-flash-20260423","provider":"GMICloud","choices":[{"index":0,"delta":{"content":"\n2","role":"assistant"},"finish_reason":null,"native_finish_reason":null}]}


PARSED: {"id":"gen-1783158650-6fMKVkLglsFk7xQKrVEy","object":"chat.completion.chunk","created":1783158650,"model":"deepseek/deepseek-v4-flash-20260423","provider":"GMICloud","choices":[{"index":0,"delta":{"content":"\n2","role":"assistant"},"finish_reason":null,"native_finish_reason":null}]}
--- CHUNK 1783158663743 bytes=290 ---
data: {"id":"gen-1783158650-6fMKVkLglsFk7xQKrVEy","object":"chat.completion.chunk","created":1783158650,"model":"deepseek/deepseek-v4-flash-20260423","provider":"GMICloud","choices":[{"index":0,"delta":{"content":".","role":"assistant"},"finish_reason":null,"native_finish_reason":null}]}


PARSED: {"id":"gen-1783158650-6fMKVkLglsFk7xQKrVEy","object":"chat.completion.chunk","created":1783158650,"model":"deepseek/deepseek-v4-flash-20260423","provider":"GMICloud","choices":[{"index":0,"delta":{"content":".","role":"assistant"},"finish_reason":null,"native_finish_reason":null}]}
--- CHUNK 1783158663752 bytes=296 ---
data: {"id":"gen-1783158650-6fMKVkLglsFk7xQKrVEy","object":"chat.completion.chunk","created":1783158650,"model":"deepseek/deepseek-v4-flash-20260423","provider":"GMICloud","choices":[{"index":0,"delta":{"content":" 檢查","role":"assistant"},"finish_reason":null,"native_finish_reason":null}]}


PARSED: {"id":"gen-1783158650-6fMKVkLglsFk7xQKrVEy","object":"chat.completion.chunk","created":1783158650,"model":"deepseek/deepseek-v4-flash-20260423","provider":"GMICloud","choices":[{"index":0,"delta":{"content":" 檢查","role":"assistant"},"finish_reason":null,"native_finish_reason":null}]}
--- CHUNK 1783158663753 bytes=295 ---
data: {"id":"gen-1783158650-6fMKVkLglsFk7xQKrVEy","object":"chat.completion.chunk","created":1783158650,"model":"deepseek/deepseek-v4-flash-20260423","provider":"GMICloud","choices":[{"index":0,"delta":{"content":"數值","role":"assistant"},"finish_reason":null,"native_finish_reason":null}]}


PARSED: {"id":"gen-1783158650-6fMKVkLglsFk7xQKrVEy","object":"chat.completion.chunk","created":1783158650,"model":"deepseek/deepseek-v4-flash-20260423","provider":"GMICloud","choices":[{"index":0,"delta":{"content":"數值","role":"assistant"},"finish_reason":null,"native_finish_reason":null}]}
--- CHUNK 1783158663789 bytes=295 ---
data: {"id":"gen-1783158650-6fMKVkLglsFk7xQKrVEy","object":"chat.completion.chunk","created":1783158650,"model":"deepseek/deepseek-v4-flash-20260423","provider":"GMICloud","choices":[{"index":0,"delta":{"content":"範圍","role":"assistant"},"finish_reason":null,"native_finish_reason":null}]}


PARSED: {"id":"gen-1783158650-6fMKVkLglsFk7xQKrVEy","object":"chat.completion.chunk","created":1783158650,"model":"deepseek/deepseek-v4-flash-20260423","provider":"GMICloud","choices":[{"index":0,"delta":{"content":"範圍","role":"assistant"},"finish_reason":null,"native_finish_reason":null}]}
--- CHUNK 1783158663789 bytes=298 ---
data: {"id":"gen-1783158650-6fMKVkLglsFk7xQKrVEy","object":"chat.completion.chunk","created":1783158650,"model":"deepseek/deepseek-v4-flash-20260423","provider":"GMICloud","choices":[{"index":0,"delta":{"content":"\n```\n\n","role":"assistant"},"finish_reason":null,"native_finish_reason":null}]}


PARSED: {"id":"gen-1783158650-6fMKVkLglsFk7xQKrVEy","object":"chat.completion.chunk","created":1783158650,"model":"deepseek/deepseek-v4-flash-20260423","provider":"GMICloud","choices":[{"index":0,"delta":{"content":"\n```\n\n","role":"assistant"},"finish_reason":null,"native_finish_reason":null}]}
--- CHUNK 1783158663789 bytes=293 ---
data: {"id":"gen-1783158650-6fMKVkLglsFk7xQKrVEy","object":"chat.completion.chunk","created":1783158650,"model":"deepseek/deepseek-v4-flash-20260423","provider":"GMICloud","choices":[{"index":0,"delta":{"content":"### ","role":"assistant"},"finish_reason":null,"native_finish_reason":null}]}


PARSED: {"id":"gen-1783158650-6fMKVkLglsFk7xQKrVEy","object":"chat.completion.chunk","created":1783158650,"model":"deepseek/deepseek-v4-flash-20260423","provider":"GMICloud","choices":[{"index":0,"delta":{"content":"### ","role":"assistant"},"finish_reason":null,"native_finish_reason":null}]}
--- CHUNK 1783158663815 bytes=290 ---
data: {"id":"gen-1783158650-6fMKVkLglsFk7xQKrVEy","object":"chat.completion.chunk","created":1783158650,"model":"deepseek/deepseek-v4-flash-20260423","provider":"GMICloud","choices":[{"index":0,"delta":{"content":"3","role":"assistant"},"finish_reason":null,"native_finish_reason":null}]}


PARSED: {"id":"gen-1783158650-6fMKVkLglsFk7xQKrVEy","object":"chat.completion.chunk","created":1783158650,"model":"deepseek/deepseek-v4-flash-20260423","provider":"GMICloud","choices":[{"index":0,"delta":{"content":"3","role":"assistant"},"finish_reason":null,"native_finish_reason":null}]}
--- CHUNK 1783158663820 bytes=290 ---
data: {"id":"gen-1783158650-6fMKVkLglsFk7xQKrVEy","object":"chat.completion.chunk","created":1783158650,"model":"deepseek/deepseek-v4-flash-20260423","provider":"GMICloud","choices":[{"index":0,"delta":{"content":".","role":"assistant"},"finish_reason":null,"native_finish_reason":null}]}


PARSED: {"id":"gen-1783158650-6fMKVkLglsFk7xQKrVEy","object":"chat.completion.chunk","created":1783158650,"model":"deepseek/deepseek-v4-flash-20260423","provider":"GMICloud","choices":[{"index":0,"delta":{"content":".","role":"assistant"},"finish_reason":null,"native_finish_reason":null}]}
--- CHUNK 1783158663824 bytes=294 ---
data: {"id":"gen-1783158650-6fMKVkLglsFk7xQKrVEy","object":"chat.completion.chunk","created":1783158650,"model":"deepseek/deepseek-v4-flash-20260423","provider":"GMICloud","choices":[{"index":0,"delta":{"content":" 🚀","role":"assistant"},"finish_reason":null,"native_finish_reason":null}]}


PARSED: {"id":"gen-1783158650-6fMKVkLglsFk7xQKrVEy","object":"chat.completion.chunk","created":1783158650,"model":"deepseek/deepseek-v4-flash-20260423","provider":"GMICloud","choices":[{"index":0,"delta":{"content":" 🚀","role":"assistant"},"finish_reason":null,"native_finish_reason":null}]}
--- CHUNK 1783158663829 bytes=296 ---
data: {"id":"gen-1783158650-6fMKVkLglsFk7xQKrVEy","object":"chat.completion.chunk","created":1783158650,"model":"deepseek/deepseek-v4-flash-20260423","provider":"GMICloud","choices":[{"index":0,"delta":{"content":" 執行","role":"assistant"},"finish_reason":null,"native_finish_reason":null}]}


PARSED: {"id":"gen-1783158650-6fMKVkLglsFk7xQKrVEy","object":"chat.completion.chunk","created":1783158650,"model":"deepseek/deepseek-v4-flash-20260423","provider":"GMICloud","choices":[{"index":0,"delta":{"content":" 執行","role":"assistant"},"finish_reason":null,"native_finish_reason":null}]}
--- CHUNK 1783158663844 bytes=292 ---
data: {"id":"gen-1783158650-6fMKVkLglsFk7xQKrVEy","object":"chat.completion.chunk","created":1783158650,"model":"deepseek/deepseek-v4-flash-20260423","provider":"GMICloud","choices":[{"index":0,"delta":{"content":"（","role":"assistant"},"finish_reason":null,"native_finish_reason":null}]}


PARSED: {"id":"gen-1783158650-6fMKVkLglsFk7xQKrVEy","object":"chat.completion.chunk","created":1783158650,"model":"deepseek/deepseek-v4-flash-20260423","provider":"GMICloud","choices":[{"index":0,"delta":{"content":"（","role":"assistant"},"finish_reason":null,"native_finish_reason":null}]}
--- CHUNK 1783158663847 bytes=303 ---
data: {"id":"gen-1783158650-6fMKVkLglsFk7xQKrVEy","object":"chat.completion.chunk","created":1783158650,"model":"deepseek/deepseek-v4-flash-20260423","provider":"GMICloud","choices":[{"index":0,"delta":{"content":"Execute）\n\n","role":"assistant"},"finish_reason":null,"native_finish_reason":null}]}


PARSED: {"id":"gen-1783158650-6fMKVkLglsFk7xQKrVEy","object":"chat.completion.chunk","created":1783158650,"model":"deepseek/deepseek-v4-flash-20260423","provider":"GMICloud","choices":[{"index":0,"delta":{"content":"Execute）\n\n","role":"assistant"},"finish_reason":null,"native_finish_reason":null}]}
--- CHUNK 1783158663855 bytes=295 ---
data: {"id":"gen-1783158650-6fMKVkLglsFk7xQKrVEy","object":"chat.completion.chunk","created":1783158650,"model":"deepseek/deepseek-v4-flash-20260423","provider":"GMICloud","choices":[{"index":0,"delta":{"content":"Skill ","role":"assistant"},"finish_reason":null,"native_finish_reason":null}]}


PARSED: {"id":"gen-1783158650-6fMKVkLglsFk7xQKrVEy","object":"chat.completion.chunk","created":1783158650,"model":"deepseek/deepseek-v4-flash-20260423","provider":"GMICloud","choices":[{"index":0,"delta":{"content":"Skill ","role":"assistant"},"finish_reason":null,"native_finish_reason":null}]}
--- CHUNK 1783158664143 bytes=298 ---
data: {"id":"gen-1783158650-6fMKVkLglsFk7xQKrVEy","object":"chat.completion.chunk","created":1783158650,"model":"deepseek/deepseek-v4-flash-20260423","provider":"GMICloud","choices":[{"index":0,"delta":{"content":"可以在","role":"assistant"},"finish_reason":null,"native_finish_reason":null}]}


PARSED: {"id":"gen-1783158650-6fMKVkLglsFk7xQKrVEy","object":"chat.completion.chunk","created":1783158650,"model":"deepseek/deepseek-v4-flash-20260423","provider":"GMICloud","choices":[{"index":0,"delta":{"content":"可以在","role":"assistant"},"finish_reason":null,"native_finish_reason":null}]}
--- CHUNK 1783158664143 bytes=297 ---
data: {"id":"gen-1783158650-6fMKVkLglsFk7xQKrVEy","object":"chat.completion.chunk","created":1783158650,"model":"deepseek/deepseek-v4-flash-20260423","provider":"GMICloud","choices":[{"index":0,"delta":{"content":"**四個","role":"assistant"},"finish_reason":null,"native_finish_reason":null}]}


PARSED: {"id":"gen-1783158650-6fMKVkLglsFk7xQKrVEy","object":"chat.completion.chunk","created":1783158650,"model":"deepseek/deepseek-v4-flash-20260423","provider":"GMICloud","choices":[{"index":0,"delta":{"content":"**四個","role":"assistant"},"finish_reason":null,"native_finish_reason":null}]}
--- CHUNK 1783158664143 bytes=297 ---
data: {"id":"gen-1783158650-6fMKVkLglsFk7xQKrVEy","object":"chat.completion.chunk","created":1783158650,"model":"deepseek/deepseek-v4-flash-20260423","provider":"GMICloud","choices":[{"index":0,"delta":{"content":"管道**","role":"assistant"},"finish_reason":null,"native_finish_reason":null}]}


PARSED: {"id":"gen-1783158650-6fMKVkLglsFk7xQKrVEy","object":"chat.completion.chunk","created":1783158650,"model":"deepseek/deepseek-v4-flash-20260423","provider":"GMICloud","choices":[{"index":0,"delta":{"content":"管道**","role":"assistant"},"finish_reason":null,"native_finish_reason":null}]}
--- CHUNK 1783158664143 bytes=295 ---
data: {"id":"gen-1783158650-6fMKVkLglsFk7xQKrVEy","object":"chat.completion.chunk","created":1783158650,"model":"deepseek/deepseek-v4-flash-20260423","provider":"GMICloud","choices":[{"index":0,"delta":{"content":"中被","role":"assistant"},"finish_reason":null,"native_finish_reason":null}]}


PARSED: {"id":"gen-1783158650-6fMKVkLglsFk7xQKrVEy","object":"chat.completion.chunk","created":1783158650,"model":"deepseek/deepseek-v4-flash-20260423","provider":"GMICloud","choices":[{"index":0,"delta":{"content":"中被","role":"assistant"},"finish_reason":null,"native_finish_reason":null}]}
--- CHUNK 1783158664143 bytes=295 ---
data: {"id":"gen-1783158650-6fMKVkLglsFk7xQKrVEy","object":"chat.completion.chunk","created":1783158650,"model":"deepseek/deepseek-v4-flash-20260423","provider":"GMICloud","choices":[{"index":0,"delta":{"content":"觸發","role":"assistant"},"finish_reason":null,"native_finish_reason":null}]}


PARSED: {"id":"gen-1783158650-6fMKVkLglsFk7xQKrVEy","object":"chat.completion.chunk","created":1783158650,"model":"deepseek/deepseek-v4-flash-20260423","provider":"GMICloud","choices":[{"index":0,"delta":{"content":"觸發","role":"assistant"},"finish_reason":null,"native_finish_reason":null}]}
--- CHUNK 1783158664143 bytes=302 ---
data: {"id":"gen-1783158650-6fMKVkLglsFk7xQKrVEy","object":"chat.completion.chunk","created":1783158650,"model":"deepseek/deepseek-v4-flash-20260423","provider":"GMICloud","choices":[{"index":0,"delta":{"content":"執行：\n\n","role":"assistant"},"finish_reason":null,"native_finish_reason":null}]}


PARSED: {"id":"gen-1783158650-6fMKVkLglsFk7xQKrVEy","object":"chat.completion.chunk","created":1783158650,"model":"deepseek/deepseek-v4-flash-20260423","provider":"GMICloud","choices":[{"index":0,"delta":{"content":"執行：\n\n","role":"assistant"},"finish_reason":null,"native_finish_reason":null}]}
--- CHUNK 1783158664194 bytes=595 ---
data: {"id":"gen-1783158650-6fMKVkLglsFk7xQKrVEy","object":"chat.completion.chunk","created":1783158650,"model":"deepseek/deepseek-v4-flash-20260423","provider":"GMICloud","choices":[{"index":0,"delta":{"content":"```\n","role":"assistant"},"finish_reason":null,"native_finish_reason":null}]}

data: {"id":"gen-1783158650-6fMKVkLglsFk7xQKrVEy","object":"chat.completion.chunk","created":1783158650,"model":"deepseek/deepseek-v4-flash-20260423","provider":"GMICloud","choices":[{"index":0,"delta":{"content":"使用者觸","role":"assistant"},"finish_reason":null,"native_finish_reason":null}]}


PARSED: {"id":"gen-1783158650-6fMKVkLglsFk7xQKrVEy","object":"chat.completion.chunk","created":1783158650,"model":"deepseek/deepseek-v4-flash-20260423","provider":"GMICloud","choices":[{"index":0,"delta":{"content":"```\n","role":"assistant"},"finish_reason":null,"native_finish_reason":null}]}
PARSED: {"id":"gen-1783158650-6fMKVkLglsFk7xQKrVEy","object":"chat.completion.chunk","created":1783158650,"model":"deepseek/deepseek-v4-flash-20260423","provider":"GMICloud","choices":[{"index":0,"delta":{"content":"使用者觸","role":"assistant"},"finish_reason":null,"native_finish_reason":null}]}
--- CHUNK 1783158664197 bytes=294 ---
data: {"id":"gen-1783158650-6fMKVkLglsFk7xQKrVEy","object":"chat.completion.chunk","created":1783158650,"model":"deepseek/deepseek-v4-flash-20260423","provider":"GMICloud","choices":[{"index":0,"delta":{"content":"發\n","role":"assistant"},"finish_reason":null,"native_finish_reason":null}]}


PARSED: {"id":"gen-1783158650-6fMKVkLglsFk7xQKrVEy","object":"chat.completion.chunk","created":1783158650,"model":"deepseek/deepseek-v4-flash-20260423","provider":"GMICloud","choices":[{"index":0,"delta":{"content":"發\n","role":"assistant"},"finish_reason":null,"native_finish_reason":null}]}
--- CHUNK 1783158664210 bytes=292 ---
data: {"id":"gen-1783158650-6fMKVkLglsFk7xQKrVEy","object":"chat.completion.chunk","created":1783158650,"model":"deepseek/deepseek-v4-flash-20260423","provider":"GMICloud","choices":[{"index":0,"delta":{"content":"   ","role":"assistant"},"finish_reason":null,"native_finish_reason":null}]}


PARSED: {"id":"gen-1783158650-6fMKVkLglsFk7xQKrVEy","object":"chat.completion.chunk","created":1783158650,"model":"deepseek/deepseek-v4-flash-20260423","provider":"GMICloud","choices":[{"index":0,"delta":{"content":"   ","role":"assistant"},"finish_reason":null,"native_finish_reason":null}]}
--- CHUNK 1783158664216 bytes=295 ---
data: {"id":"gen-1783158650-6fMKVkLglsFk7xQKrVEy","object":"chat.completion.chunk","created":1783158650,"model":"deepseek/deepseek-v4-flash-20260423","provider":"GMICloud","choices":[{"index":0,"delta":{"content":" │\n","role":"assistant"},"finish_reason":null,"native_finish_reason":null}]}


PARSED: {"id":"gen-1783158650-6fMKVkLglsFk7xQKrVEy","object":"chat.completion.chunk","created":1783158650,"model":"deepseek/deepseek-v4-flash-20260423","provider":"GMICloud","choices":[{"index":0,"delta":{"content":" │\n","role":"assistant"},"finish_reason":null,"native_finish_reason":null}]}
--- CHUNK 1783158664236 bytes=296 ---
data: {"id":"gen-1783158650-6fMKVkLglsFk7xQKrVEy","object":"chat.completion.chunk","created":1783158650,"model":"deepseek/deepseek-v4-flash-20260423","provider":"GMICloud","choices":[{"index":0,"delta":{"content":"    ├","role":"assistant"},"finish_reason":null,"native_finish_reason":null}]}


PARSED: {"id":"gen-1783158650-6fMKVkLglsFk7xQKrVEy","object":"chat.completion.chunk","created":1783158650,"model":"deepseek/deepseek-v4-flash-20260423","provider":"GMICloud","choices":[{"index":0,"delta":{"content":"    ├","role":"assistant"},"finish_reason":null,"native_finish_reason":null}]}
--- CHUNK 1783158664238 bytes=295 ---
data: {"id":"gen-1783158650-6fMKVkLglsFk7xQKrVEy","object":"chat.completion.chunk","created":1783158650,"model":"deepseek/deepseek-v4-flash-20260423","provider":"GMICloud","choices":[{"index":0,"delta":{"content":"──","role":"assistant"},"finish_reason":null,"native_finish_reason":null}]}


PARSED: {"id":"gen-1783158650-6fMKVkLglsFk7xQKrVEy","object":"chat.completion.chunk","created":1783158650,"model":"deepseek/deepseek-v4-flash-20260423","provider":"GMICloud","choices":[{"index":0,"delta":{"content":"──","role":"assistant"},"finish_reason":null,"native_finish_reason":null}]}
--- CHUNK 1783158664243 bytes=298 ---
data: {"id":"gen-1783158650-6fMKVkLglsFk7xQKrVEy","object":"chat.completion.chunk","created":1783158650,"model":"deepseek/deepseek-v4-flash-20260423","provider":"GMICloud","choices":[{"index":0,"delta":{"content":" Workflow","role":"assistant"},"finish_reason":null,"native_finish_reason":null}]}


PARSED: {"id":"gen-1783158650-6fMKVkLglsFk7xQKrVEy","object":"chat.completion.chunk","created":1783158650,"model":"deepseek/deepseek-v4-flash-20260423","provider":"GMICloud","choices":[{"index":0,"delta":{"content":" Workflow","role":"assistant"},"finish_reason":null,"native_finish_reason":null}]}
--- CHUNK 1783158664257 bytes=298 ---
data: {"id":"gen-1783158650-6fMKVkLglsFk7xQKrVEy","object":"chat.completion.chunk","created":1783158650,"model":"deepseek/deepseek-v4-flash-20260423","provider":"GMICloud","choices":[{"index":0,"delta":{"content":"（工作","role":"assistant"},"finish_reason":null,"native_finish_reason":null}]}


PARSED: {"id":"gen-1783158650-6fMKVkLglsFk7xQKrVEy","object":"chat.completion.chunk","created":1783158650,"model":"deepseek/deepseek-v4-flash-20260423","provider":"GMICloud","choices":[{"index":0,"delta":{"content":"（工作","role":"assistant"},"finish_reason":null,"native_finish_reason":null}]}
--- CHUNK 1783158664299 bytes=295 ---
data: {"id":"gen-1783158650-6fMKVkLglsFk7xQKrVEy","object":"chat.completion.chunk","created":1783158650,"model":"deepseek/deepseek-v4-flash-20260423","provider":"GMICloud","choices":[{"index":0,"delta":{"content":"流）","role":"assistant"},"finish_reason":null,"native_finish_reason":null}]}


PARSED: {"id":"gen-1783158650-6fMKVkLglsFk7xQKrVEy","object":"chat.completion.chunk","created":1783158650,"model":"deepseek/deepseek-v4-flash-20260423","provider":"GMICloud","choices":[{"index":0,"delta":{"content":"流）","role":"assistant"},"finish_reason":null,"native_finish_reason":null}]}
--- CHUNK 1783158664313 bytes=293 ---
data: {"id":"gen-1783158650-6fMKVkLglsFk7xQKrVEy","object":"chat.completion.chunk","created":1783158650,"model":"deepseek/deepseek-v4-flash-20260423","provider":"GMICloud","choices":[{"index":0,"delta":{"content":"— ","role":"assistant"},"finish_reason":null,"native_finish_reason":null}]}


PARSED: {"id":"gen-1783158650-6fMKVkLglsFk7xQKrVEy","object":"chat.completion.chunk","created":1783158650,"model":"deepseek/deepseek-v4-flash-20260423","provider":"GMICloud","choices":[{"index":0,"delta":{"content":"— ","role":"assistant"},"finish_reason":null,"native_finish_reason":null}]}
--- CHUNK 1783158664313 bytes=298 ---
data: {"id":"gen-1783158650-6fMKVkLglsFk7xQKrVEy","object":"chat.completion.chunk","created":1783158650,"model":"deepseek/deepseek-v4-flash-20260423","provider":"GMICloud","choices":[{"index":0,"delta":{"content":"多步驟","role":"assistant"},"finish_reason":null,"native_finish_reason":null}]}


PARSED: {"id":"gen-1783158650-6fMKVkLglsFk7xQKrVEy","object":"chat.completion.chunk","created":1783158650,"model":"deepseek/deepseek-v4-flash-20260423","provider":"GMICloud","choices":[{"index":0,"delta":{"content":"多步驟","role":"assistant"},"finish_reason":null,"native_finish_reason":null}]}
--- CHUNK 1783158664343 bytes=885 ---
data: {"id":"gen-1783158650-6fMKVkLglsFk7xQKrVEy","object":"chat.completion.chunk","created":1783158650,"model":"deepseek/deepseek-v4-flash-20260423","provider":"GMICloud","choices":[{"index":0,"delta":{"content":"自動","role":"assistant"},"finish_reason":null,"native_finish_reason":null}]}

data: {"id":"gen-1783158650-6fMKVkLglsFk7xQKrVEy","object":"chat.completion.chunk","created":1783158650,"model":"deepseek/deepseek-v4-flash-20260423","provider":"GMICloud","choices":[{"index":0,"delta":{"content":"化，","role":"assistant"},"finish_reason":null,"native_finish_reason":null}]}

data: {"id":"gen-1783158650-6fMKVkLglsFk7xQKrVEy","object":"chat.completion.chunk","created":1783158650,"model":"deepseek/deepseek-v4-flash-20260423","provider":"GMICloud","choices":[{"index":0,"delta":{"content":"每步","role":"assistant"},"finish_reason":null,"native_finish_reason":null}]}


PARSED: {"id":"gen-1783158650-6fMKVkLglsFk7xQKrVEy","object":"chat.completion.chunk","created":1783158650,"model":"deepseek/deepseek-v4-flash-20260423","provider":"GMICloud","choices":[{"index":0,"delta":{"content":"自動","role":"assistant"},"finish_reason":null,"native_finish_reason":null}]}
PARSED: {"id":"gen-1783158650-6fMKVkLglsFk7xQKrVEy","object":"chat.completion.chunk","created":1783158650,"model":"deepseek/deepseek-v4-flash-20260423","provider":"GMICloud","choices":[{"index":0,"delta":{"content":"化，","role":"assistant"},"finish_reason":null,"native_finish_reason":null}]}
PARSED: {"id":"gen-1783158650-6fMKVkLglsFk7xQKrVEy","object":"chat.completion.chunk","created":1783158650,"model":"deepseek/deepseek-v4-flash-20260423","provider":"GMICloud","choices":[{"index":0,"delta":{"content":"每步","role":"assistant"},"finish_reason":null,"native_finish_reason":null}]}
--- CHUNK 1783158664755 bytes=25 ---
: OPENROUTER PROCESSING


--- CHUNK 1783158664756 bytes=295 ---
data: {"id":"gen-1783158650-6fMKVkLglsFk7xQKrVEy","object":"chat.completion.chunk","created":1783158650,"model":"deepseek/deepseek-v4-flash-20260423","provider":"GMICloud","choices":[{"index":0,"delta":{"content":"呼叫","role":"assistant"},"finish_reason":null,"native_finish_reason":null}]}


PARSED: {"id":"gen-1783158650-6fMKVkLglsFk7xQKrVEy","object":"chat.completion.chunk","created":1783158650,"model":"deepseek/deepseek-v4-flash-20260423","provider":"GMICloud","choices":[{"index":0,"delta":{"content":"呼叫","role":"assistant"},"finish_reason":null,"native_finish_reason":null}]}
--- CHUNK 1783158664756 bytes=301 ---
data: {"id":"gen-1783158650-6fMKVkLglsFk7xQKrVEy","object":"chat.completion.chunk","created":1783158650,"model":"deepseek/deepseek-v4-flash-20260423","provider":"GMICloud","choices":[{"index":0,"delta":{"content":"一個 Skill","role":"assistant"},"finish_reason":null,"native_finish_reason":null}]}


PARSED: {"id":"gen-1783158650-6fMKVkLglsFk7xQKrVEy","object":"chat.completion.chunk","created":1783158650,"model":"deepseek/deepseek-v4-flash-20260423","provider":"GMICloud","choices":[{"index":0,"delta":{"content":"一個 Skill","role":"assistant"},"finish_reason":null,"native_finish_reason":null}]}
--- CHUNK 1783158664764 bytes=294 ---
data: {"id":"gen-1783158650-6fMKVkLglsFk7xQKrVEy","object":"chat.completion.chunk","created":1783158650,"model":"deepseek/deepseek-v4-flash-20260423","provider":"GMICloud","choices":[{"index":0,"delta":{"content":"\n   ","role":"assistant"},"finish_reason":null,"native_finish_reason":null}]}


PARSED: {"id":"gen-1783158650-6fMKVkLglsFk7xQKrVEy","object":"chat.completion.chunk","created":1783158650,"model":"deepseek/deepseek-v4-flash-20260423","provider":"GMICloud","choices":[{"index":0,"delta":{"content":"\n   ","role":"assistant"},"finish_reason":null,"native_finish_reason":null}]}
--- CHUNK 1783158664764 bytes=293 ---
data: {"id":"gen-1783158650-6fMKVkLglsFk7xQKrVEy","object":"chat.completion.chunk","created":1783158650,"model":"deepseek/deepseek-v4-flash-20260423","provider":"GMICloud","choices":[{"index":0,"delta":{"content":" ├","role":"assistant"},"finish_reason":null,"native_finish_reason":null}]}


PARSED: {"id":"gen-1783158650-6fMKVkLglsFk7xQKrVEy","object":"chat.completion.chunk","created":1783158650,"model":"deepseek/deepseek-v4-flash-20260423","provider":"GMICloud","choices":[{"index":0,"delta":{"content":" ├","role":"assistant"},"finish_reason":null,"native_finish_reason":null}]}
--- CHUNK 1783158664767 bytes=300 ---
data: {"id":"gen-1783158650-6fMKVkLglsFk7xQKrVEy","object":"chat.completion.chunk","created":1783158650,"model":"deepseek/deepseek-v4-flash-20260423","provider":"GMICloud","choices":[{"index":0,"delta":{"content":"── Cron","role":"assistant"},"finish_reason":null,"native_finish_reason":null}]}


PARSED: {"id":"gen-1783158650-6fMKVkLglsFk7xQKrVEy","object":"chat.completion.chunk","created":1783158650,"model":"deepseek/deepseek-v4-flash-20260423","provider":"GMICloud","choices":[{"index":0,"delta":{"content":"── Cron","role":"assistant"},"finish_reason":null,"native_finish_reason":null}]}
--- CHUNK 1783158664769 bytes=296 ---
data: {"id":"gen-1783158650-6fMKVkLglsFk7xQKrVEy","object":"chat.completion.chunk","created":1783158650,"model":"deepseek/deepseek-v4-flash-20260423","provider":"GMICloud","choices":[{"index":0,"delta":{"content":" Job（","role":"assistant"},"finish_reason":null,"native_finish_reason":null}]}


PARSED: {"id":"gen-1783158650-6fMKVkLglsFk7xQKrVEy","object":"chat.completion.chunk","created":1783158650,"model":"deepseek/deepseek-v4-flash-20260423","provider":"GMICloud","choices":[{"index":0,"delta":{"content":" Job（","role":"assistant"},"finish_reason":null,"native_finish_reason":null}]}
--- CHUNK 1783158664791 bytes=292 ---
data: {"id":"gen-1783158650-6fMKVkLglsFk7xQKrVEy","object":"chat.completion.chunk","created":1783158650,"model":"deepseek/deepseek-v4-flash-20260423","provider":"GMICloud","choices":[{"index":0,"delta":{"content":"排","role":"assistant"},"finish_reason":null,"native_finish_reason":null}]}


PARSED: {"id":"gen-1783158650-6fMKVkLglsFk7xQKrVEy","object":"chat.completion.chunk","created":1783158650,"model":"deepseek/deepseek-v4-flash-20260423","provider":"GMICloud","choices":[{"index":0,"delta":{"content":"排","role":"assistant"},"finish_reason":null,"native_finish_reason":null}]}
--- CHUNK 1783158664795 bytes=295 ---
data: {"id":"gen-1783158650-6fMKVkLglsFk7xQKrVEy","object":"chat.completion.chunk","created":1783158650,"model":"deepseek/deepseek-v4-flash-20260423","provider":"GMICloud","choices":[{"index":0,"delta":{"content":"程）","role":"assistant"},"finish_reason":null,"native_finish_reason":null}]}


PARSED: {"id":"gen-1783158650-6fMKVkLglsFk7xQKrVEy","object":"chat.completion.chunk","created":1783158650,"model":"deepseek/deepseek-v4-flash-20260423","provider":"GMICloud","choices":[{"index":0,"delta":{"content":"程）","role":"assistant"},"finish_reason":null,"native_finish_reason":null}]}
--- CHUNK 1783158664797 bytes=293 ---
data: {"id":"gen-1783158650-6fMKVkLglsFk7xQKrVEy","object":"chat.completion.chunk","created":1783158650,"model":"deepseek/deepseek-v4-flash-20260423","provider":"GMICloud","choices":[{"index":0,"delta":{"content":"— ","role":"assistant"},"finish_reason":null,"native_finish_reason":null}]}


PARSED: {"id":"gen-1783158650-6fMKVkLglsFk7xQKrVEy","object":"chat.completion.chunk","created":1783158650,"model":"deepseek/deepseek-v4-flash-20260423","provider":"GMICloud","choices":[{"index":0,"delta":{"content":"— ","role":"assistant"},"finish_reason":null,"native_finish_reason":null}]}
--- CHUNK 1783158664842 bytes=292 ---
data: {"id":"gen-1783158650-6fMKVkLglsFk7xQKrVEy","object":"chat.completion.chunk","created":1783158650,"model":"deepseek/deepseek-v4-flash-20260423","provider":"GMICloud","choices":[{"index":0,"delta":{"content":"定","role":"assistant"},"finish_reason":null,"native_finish_reason":null}]}


PARSED: {"id":"gen-1783158650-6fMKVkLglsFk7xQKrVEy","object":"chat.completion.chunk","created":1783158650,"model":"deepseek/deepseek-v4-flash-20260423","provider":"GMICloud","choices":[{"index":0,"delta":{"content":"定","role":"assistant"},"finish_reason":null,"native_finish_reason":null}]}
--- CHUNK 1783158664842 bytes=298 ---
data: {"id":"gen-1783158650-6fMKVkLglsFk7xQKrVEy","object":"chat.completion.chunk","created":1783158650,"model":"deepseek/deepseek-v4-flash-20260423","provider":"GMICloud","choices":[{"index":0,"delta":{"content":"時執行","role":"assistant"},"finish_reason":null,"native_finish_reason":null}]}


PARSED: {"id":"gen-1783158650-6fMKVkLglsFk7xQKrVEy","object":"chat.completion.chunk","created":1783158650,"model":"deepseek/deepseek-v4-flash-20260423","provider":"GMICloud","choices":[{"index":0,"delta":{"content":"時執行","role":"assistant"},"finish_reason":null,"native_finish_reason":null}]}
--- CHUNK 1783158664843 bytes=297 ---
data: {"id":"gen-1783158650-6fMKVkLglsFk7xQKrVEy","object":"chat.completion.chunk","created":1783158650,"model":"deepseek/deepseek-v4-flash-20260423","provider":"GMICloud","choices":[{"index":0,"delta":{"content":" Skill\n","role":"assistant"},"finish_reason":null,"native_finish_reason":null}]}


PARSED: {"id":"gen-1783158650-6fMKVkLglsFk7xQKrVEy","object":"chat.completion.chunk","created":1783158650,"model":"deepseek/deepseek-v4-flash-20260423","provider":"GMICloud","choices":[{"index":0,"delta":{"content":" Skill\n","role":"assistant"},"finish_reason":null,"native_finish_reason":null}]}
--- CHUNK 1783158664866 bytes=296 ---
data: {"id":"gen-1783158650-6fMKVkLglsFk7xQKrVEy","object":"chat.completion.chunk","created":1783158650,"model":"deepseek/deepseek-v4-flash-20260423","provider":"GMICloud","choices":[{"index":0,"delta":{"content":"    ├","role":"assistant"},"finish_reason":null,"native_finish_reason":null}]}


PARSED: {"id":"gen-1783158650-6fMKVkLglsFk7xQKrVEy","object":"chat.completion.chunk","created":1783158650,"model":"deepseek/deepseek-v4-flash-20260423","provider":"GMICloud","choices":[{"index":0,"delta":{"content":"    ├","role":"assistant"},"finish_reason":null,"native_finish_reason":null}]}
--- CHUNK 1783158664869 bytes=300 ---
data: {"id":"gen-1783158650-6fMKVkLglsFk7xQKrVEy","object":"chat.completion.chunk","created":1783158650,"model":"deepseek/deepseek-v4-flash-20260423","provider":"GMICloud","choices":[{"index":0,"delta":{"content":"── Crew","role":"assistant"},"finish_reason":null,"native_finish_reason":null}]}


PARSED: {"id":"gen-1783158650-6fMKVkLglsFk7xQKrVEy","object":"chat.completion.chunk","created":1783158650,"model":"deepseek/deepseek-v4-flash-20260423","provider":"GMICloud","choices":[{"index":0,"delta":{"content":"── Crew","role":"assistant"},"finish_reason":null,"native_finish_reason":null}]}
--- CHUNK 1783158664873 bytes=300 ---
data: {"id":"gen-1783158650-6fMKVkLglsFk7xQKrVEy","object":"chat.completion.chunk","created":1783158650,"model":"deepseek/deepseek-v4-flash-20260423","provider":"GMICloud","choices":[{"index":0,"delta":{"content":" / Employee","role":"assistant"},"finish_reason":null,"native_finish_reason":null}]}


PARSED: {"id":"gen-1783158650-6fMKVkLglsFk7xQKrVEy","object":"chat.completion.chunk","created":1783158650,"model":"deepseek/deepseek-v4-flash-20260423","provider":"GMICloud","choices":[{"index":0,"delta":{"content":" / Employee","role":"assistant"},"finish_reason":null,"native_finish_reason":null}]}
--- CHUNK 1783158664896 bytes=292 ---
data: {"id":"gen-1783158650-6fMKVkLglsFk7xQKrVEy","object":"chat.completion.chunk","created":1783158650,"model":"deepseek/deepseek-v4-flash-20260423","provider":"GMICloud","choices":[{"index":0,"delta":{"content":"（","role":"assistant"},"finish_reason":null,"native_finish_reason":null}]}


PARSED: {"id":"gen-1783158650-6fMKVkLglsFk7xQKrVEy","object":"chat.completion.chunk","created":1783158650,"model":"deepseek/deepseek-v4-flash-20260423","provider":"GMICloud","choices":[{"index":0,"delta":{"content":"（","role":"assistant"},"finish_reason":null,"native_finish_reason":null}]}
--- CHUNK 1783158664900 bytes=292 ---
data: {"id":"gen-1783158650-6fMKVkLglsFk7xQKrVEy","object":"chat.completion.chunk","created":1783158650,"model":"deepseek/deepseek-v4-flash-20260423","provider":"GMICloud","choices":[{"index":0,"delta":{"content":"AI ","role":"assistant"},"finish_reason":null,"native_finish_reason":null}]}


PARSED: {"id":"gen-1783158650-6fMKVkLglsFk7xQKrVEy","object":"chat.completion.chunk","created":1783158650,"model":"deepseek/deepseek-v4-flash-20260423","provider":"GMICloud","choices":[{"index":0,"delta":{"content":"AI ","role":"assistant"},"finish_reason":null,"native_finish_reason":null}]}
--- CHUNK 1783158664907 bytes=298 ---
data: {"id":"gen-1783158650-6fMKVkLglsFk7xQKrVEy","object":"chat.completion.chunk","created":1783158650,"model":"deepseek/deepseek-v4-flash-20260423","provider":"GMICloud","choices":[{"index":0,"delta":{"content":"員工）","role":"assistant"},"finish_reason":null,"native_finish_reason":null}]}


PARSED: {"id":"gen-1783158650-6fMKVkLglsFk7xQKrVEy","object":"chat.completion.chunk","created":1783158650,"model":"deepseek/deepseek-v4-flash-20260423","provider":"GMICloud","choices":[{"index":0,"delta":{"content":"員工）","role":"assistant"},"finish_reason":null,"native_finish_reason":null}]}
--- CHUNK 1783158664929 bytes=293 ---
data: {"id":"gen-1783158650-6fMKVkLglsFk7xQKrVEy","object":"chat.completion.chunk","created":1783158650,"model":"deepseek/deepseek-v4-flash-20260423","provider":"GMICloud","choices":[{"index":0,"delta":{"content":"— ","role":"assistant"},"finish_reason":null,"native_finish_reason":null}]}


PARSED: {"id":"gen-1783158650-6fMKVkLglsFk7xQKrVEy","object":"chat.completion.chunk","created":1783158650,"model":"deepseek/deepseek-v4-flash-20260423","provider":"GMICloud","choices":[{"index":0,"delta":{"content":"— ","role":"assistant"},"finish_reason":null,"native_finish_reason":null}]}
--- CHUNK 1783158664931 bytes=295 ---
data: {"id":"gen-1783158650-6fMKVkLglsFk7xQKrVEy","object":"chat.completion.chunk","created":1783158650,"model":"deepseek/deepseek-v4-flash-20260423","provider":"GMICloud","choices":[{"index":0,"delta":{"content":"綁定","role":"assistant"},"finish_reason":null,"native_finish_reason":null}]}


PARSED: {"id":"gen-1783158650-6fMKVkLglsFk7xQKrVEy","object":"chat.completion.chunk","created":1783158650,"model":"deepseek/deepseek-v4-flash-20260423","provider":"GMICloud","choices":[{"index":0,"delta":{"content":"綁定","role":"assistant"},"finish_reason":null,"native_finish_reason":null}]}
--- CHUNK 1783158664941 bytes=297 ---
data: {"id":"gen-1783158650-6fMKVkLglsFk7xQKrVEy","object":"chat.completion.chunk","created":1783158650,"model":"deepseek/deepseek-v4-flash-20260423","provider":"GMICloud","choices":[{"index":0,"delta":{"content":"角色 +","role":"assistant"},"finish_reason":null,"native_finish_reason":null}]}


PARSED: {"id":"gen-1783158650-6fMKVkLglsFk7xQKrVEy","object":"chat.completion.chunk","created":1783158650,"model":"deepseek/deepseek-v4-flash-20260423","provider":"GMICloud","choices":[{"index":0,"delta":{"content":"角色 +","role":"assistant"},"finish_reason":null,"native_finish_reason":null}]}
--- CHUNK 1783158664984 bytes=295 ---
data: {"id":"gen-1783158650-6fMKVkLglsFk7xQKrVEy","object":"chat.completion.chunk","created":1783158650,"model":"deepseek/deepseek-v4-flash-20260423","provider":"GMICloud","choices":[{"index":0,"delta":{"content":" Skill","role":"assistant"},"finish_reason":null,"native_finish_reason":null}]}


PARSED: {"id":"gen-1783158650-6fMKVkLglsFk7xQKrVEy","object":"chat.completion.chunk","created":1783158650,"model":"deepseek/deepseek-v4-flash-20260423","provider":"GMICloud","choices":[{"index":0,"delta":{"content":" Skill","role":"assistant"},"finish_reason":null,"native_finish_reason":null}]}
--- CHUNK 1783158664986 bytes=296 ---
data: {"id":"gen-1783158650-6fMKVkLglsFk7xQKrVEy","object":"chat.completion.chunk","created":1783158650,"model":"deepseek/deepseek-v4-flash-20260423","provider":"GMICloud","choices":[{"index":0,"delta":{"content":" 持續","role":"assistant"},"finish_reason":null,"native_finish_reason":null}]}


PARSED: {"id":"gen-1783158650-6fMKVkLglsFk7xQKrVEy","object":"chat.completion.chunk","created":1783158650,"model":"deepseek/deepseek-v4-flash-20260423","provider":"GMICloud","choices":[{"index":0,"delta":{"content":" 持續","role":"assistant"},"finish_reason":null,"native_finish_reason":null}]}
--- CHUNK 1783158664989 bytes=295 ---
data: {"id":"gen-1783158650-6fMKVkLglsFk7xQKrVEy","object":"chat.completion.chunk","created":1783158650,"model":"deepseek/deepseek-v4-flash-20260423","provider":"GMICloud","choices":[{"index":0,"delta":{"content":"運作","role":"assistant"},"finish_reason":null,"native_finish_reason":null}]}


PARSED: {"id":"gen-1783158650-6fMKVkLglsFk7xQKrVEy","object":"chat.completion.chunk","created":1783158650,"model":"deepseek/deepseek-v4-flash-20260423","provider":"GMICloud","choices":[{"index":0,"delta":{"content":"運作","role":"assistant"},"finish_reason":null,"native_finish_reason":null}]}
--- CHUNK 1783158665011 bytes=291 ---
data: {"id":"gen-1783158650-6fMKVkLglsFk7xQKrVEy","object":"chat.completion.chunk","created":1783158650,"model":"deepseek/deepseek-v4-flash-20260423","provider":"GMICloud","choices":[{"index":0,"delta":{"content":"\n","role":"assistant"},"finish_reason":null,"native_finish_reason":null}]}


PARSED: {"id":"gen-1783158650-6fMKVkLglsFk7xQKrVEy","object":"chat.completion.chunk","created":1783158650,"model":"deepseek/deepseek-v4-flash-20260423","provider":"GMICloud","choices":[{"index":0,"delta":{"content":"\n","role":"assistant"},"finish_reason":null,"native_finish_reason":null}]}
--- CHUNK 1783158665011 bytes=292 ---
data: {"id":"gen-1783158650-6fMKVkLglsFk7xQKrVEy","object":"chat.completion.chunk","created":1783158650,"model":"deepseek/deepseek-v4-flash-20260423","provider":"GMICloud","choices":[{"index":0,"delta":{"content":"   ","role":"assistant"},"finish_reason":null,"native_finish_reason":null}]}


PARSED: {"id":"gen-1783158650-6fMKVkLglsFk7xQKrVEy","object":"chat.completion.chunk","created":1783158650,"model":"deepseek/deepseek-v4-flash-20260423","provider":"GMICloud","choices":[{"index":0,"delta":{"content":"   ","role":"assistant"},"finish_reason":null,"native_finish_reason":null}]}
--- CHUNK 1783158665014 bytes=299 ---
data: {"id":"gen-1783158650-6fMKVkLglsFk7xQKrVEy","object":"chat.completion.chunk","created":1783158650,"model":"deepseek/deepseek-v4-flash-20260423","provider":"GMICloud","choices":[{"index":0,"delta":{"content":" └──","role":"assistant"},"finish_reason":null,"native_finish_reason":null}]}


PARSED: {"id":"gen-1783158650-6fMKVkLglsFk7xQKrVEy","object":"chat.completion.chunk","created":1783158650,"model":"deepseek/deepseek-v4-flash-20260423","provider":"GMICloud","choices":[{"index":0,"delta":{"content":" └──","role":"assistant"},"finish_reason":null,"native_finish_reason":null}]}
--- CHUNK 1783158665034 bytes=293 ---
data: {"id":"gen-1783158650-6fMKVkLglsFk7xQKrVEy","object":"chat.completion.chunk","created":1783158650,"model":"deepseek/deepseek-v4-flash-20260423","provider":"GMICloud","choices":[{"index":0,"delta":{"content":" API","role":"assistant"},"finish_reason":null,"native_finish_reason":null}]}


PARSED: {"id":"gen-1783158650-6fMKVkLglsFk7xQKrVEy","object":"chat.completion.chunk","created":1783158650,"model":"deepseek/deepseek-v4-flash-20260423","provider":"GMICloud","choices":[{"index":0,"delta":{"content":" API","role":"assistant"},"finish_reason":null,"native_finish_reason":null}]}
--- CHUNK 1783158665038 bytes=296 ---
data: {"id":"gen-1783158650-6fMKVkLglsFk7xQKrVEy","object":"chat.completion.chunk","created":1783158650,"model":"deepseek/deepseek-v4-flash-20260423","provider":"GMICloud","choices":[{"index":0,"delta":{"content":" 直接","role":"assistant"},"finish_reason":null,"native_finish_reason":null}]}


PARSED: {"id":"gen-1783158650-6fMKVkLglsFk7xQKrVEy","object":"chat.completion.chunk","created":1783158650,"model":"deepseek/deepseek-v4-flash-20260423","provider":"GMICloud","choices":[{"index":0,"delta":{"content":" 直接","role":"assistant"},"finish_reason":null,"native_finish_reason":null}]}
--- CHUNK 1783158665045 bytes=299 ---
data: {"id":"gen-1783158650-6fMKVkLglsFk7xQKrVEy","object":"chat.completion.chunk","created":1783158650,"model":"deepseek/deepseek-v4-flash-20260423","provider":"GMICloud","choices":[{"index":0,"delta":{"content":"呼叫 —","role":"assistant"},"finish_reason":null,"native_finish_reason":null}]}


PARSED: {"id":"gen-1783158650-6fMKVkLglsFk7xQKrVEy","object":"chat.completion.chunk","created":1783158650,"model":"deepseek/deepseek-v4-flash-20260423","provider":"GMICloud","choices":[{"index":0,"delta":{"content":"呼叫 —","role":"assistant"},"finish_reason":null,"native_finish_reason":null}]}
--- CHUNK 1783158665063 bytes=294 ---
data: {"id":"gen-1783158650-6fMKVkLglsFk7xQKrVEy","object":"chat.completion.chunk","created":1783158650,"model":"deepseek/deepseek-v4-flash-20260423","provider":"GMICloud","choices":[{"index":0,"delta":{"content":" POST","role":"assistant"},"finish_reason":null,"native_finish_reason":null}]}


PARSED: {"id":"gen-1783158650-6fMKVkLglsFk7xQKrVEy","object":"chat.completion.chunk","created":1783158650,"model":"deepseek/deepseek-v4-flash-20260423","provider":"GMICloud","choices":[{"index":0,"delta":{"content":" POST","role":"assistant"},"finish_reason":null,"native_finish_reason":null}]}
--- CHUNK 1783158665065 bytes=294 ---
data: {"id":"gen-1783158650-6fMKVkLglsFk7xQKrVEy","object":"chat.completion.chunk","created":1783158650,"model":"deepseek/deepseek-v4-flash-20260423","provider":"GMICloud","choices":[{"index":0,"delta":{"content":" /api","role":"assistant"},"finish_reason":null,"native_finish_reason":null}]}


PARSED: {"id":"gen-1783158650-6fMKVkLglsFk7xQKrVEy","object":"chat.completion.chunk","created":1783158650,"model":"deepseek/deepseek-v4-flash-20260423","provider":"GMICloud","choices":[{"index":0,"delta":{"content":" /api","role":"assistant"},"finish_reason":null,"native_finish_reason":null}]}
--- CHUNK 1783158665069 bytes=292 ---
data: {"id":"gen-1783158650-6fMKVkLglsFk7xQKrVEy","object":"chat.completion.chunk","created":1783158650,"model":"deepseek/deepseek-v4-flash-20260423","provider":"GMICloud","choices":[{"index":0,"delta":{"content":"/pa","role":"assistant"},"finish_reason":null,"native_finish_reason":null}]}


PARSED: {"id":"gen-1783158650-6fMKVkLglsFk7xQKrVEy","object":"chat.completion.chunk","created":1783158650,"model":"deepseek/deepseek-v4-flash-20260423","provider":"GMICloud","choices":[{"index":0,"delta":{"content":"/pa","role":"assistant"},"finish_reason":null,"native_finish_reason":null}]}
--- CHUNK 1783158665088 bytes=291 ---
data: {"id":"gen-1783158650-6fMKVkLglsFk7xQKrVEy","object":"chat.completion.chunk","created":1783158650,"model":"deepseek/deepseek-v4-flash-20260423","provider":"GMICloud","choices":[{"index":0,"delta":{"content":"aw","role":"assistant"},"finish_reason":null,"native_finish_reason":null}]}


PARSED: {"id":"gen-1783158650-6fMKVkLglsFk7xQKrVEy","object":"chat.completion.chunk","created":1783158650,"model":"deepseek/deepseek-v4-flash-20260423","provider":"GMICloud","choices":[{"index":0,"delta":{"content":"aw","role":"assistant"},"finish_reason":null,"native_finish_reason":null}]}
--- CHUNK 1783158665093 bytes=295 ---
data: {"id":"gen-1783158650-6fMKVkLglsFk7xQKrVEy","object":"chat.completion.chunk","created":1783158650,"model":"deepseek/deepseek-v4-flash-20260423","provider":"GMICloud","choices":[{"index":0,"delta":{"content":"/skill","role":"assistant"},"finish_reason":null,"native_finish_reason":null}]}


PARSED: {"id":"gen-1783158650-6fMKVkLglsFk7xQKrVEy","object":"chat.completion.chunk","created":1783158650,"model":"deepseek/deepseek-v4-flash-20260423","provider":"GMICloud","choices":[{"index":0,"delta":{"content":"/skill","role":"assistant"},"finish_reason":null,"native_finish_reason":null}]}
--- CHUNK 1783158665098 bytes=296 ---
data: {"id":"gen-1783158650-6fMKVkLglsFk7xQKrVEy","object":"chat.completion.chunk","created":1783158650,"model":"deepseek/deepseek-v4-flash-20260423","provider":"GMICloud","choices":[{"index":0,"delta":{"content":"-exec\n","role":"assistant"},"finish_reason":null,"native_finish_reason":null}]}


PARSED: {"id":"gen-1783158650-6fMKVkLglsFk7xQKrVEy","object":"chat.completion.chunk","created":1783158650,"model":"deepseek/deepseek-v4-flash-20260423","provider":"GMICloud","choices":[{"index":0,"delta":{"content":"-exec\n","role":"assistant"},"finish_reason":null,"native_finish_reason":null}]}
--- CHUNK 1783158665116 bytes=296 ---
data: {"id":"gen-1783158650-6fMKVkLglsFk7xQKrVEy","object":"chat.completion.chunk","created":1783158650,"model":"deepseek/deepseek-v4-flash-20260423","provider":"GMICloud","choices":[{"index":0,"delta":{"content":"```\n\n","role":"assistant"},"finish_reason":null,"native_finish_reason":null}]}


PARSED: {"id":"gen-1783158650-6fMKVkLglsFk7xQKrVEy","object":"chat.completion.chunk","created":1783158650,"model":"deepseek/deepseek-v4-flash-20260423","provider":"GMICloud","choices":[{"index":0,"delta":{"content":"```\n\n","role":"assistant"},"finish_reason":null,"native_finish_reason":null}]}
--- CHUNK 1783158665121 bytes=298 ---
data: {"id":"gen-1783158650-6fMKVkLglsFk7xQKrVEy","object":"chat.completion.chunk","created":1783158650,"model":"deepseek/deepseek-v4-flash-20260423","provider":"GMICloud","choices":[{"index":0,"delta":{"content":"---\n\n##","role":"assistant"},"finish_reason":null,"native_finish_reason":null}]}


PARSED: {"id":"gen-1783158650-6fMKVkLglsFk7xQKrVEy","object":"chat.completion.chunk","created":1783158650,"model":"deepseek/deepseek-v4-flash-20260423","provider":"GMICloud","choices":[{"index":0,"delta":{"content":"---\n\n##","role":"assistant"},"finish_reason":null,"native_finish_reason":null}]}
--- CHUNK 1783158665124 bytes=293 ---
data: {"id":"gen-1783158650-6fMKVkLglsFk7xQKrVEy","object":"chat.completion.chunk","created":1783158650,"model":"deepseek/deepseek-v4-flash-20260423","provider":"GMICloud","choices":[{"index":0,"delta":{"content":" 二","role":"assistant"},"finish_reason":null,"native_finish_reason":null}]}


PARSED: {"id":"gen-1783158650-6fMKVkLglsFk7xQKrVEy","object":"chat.completion.chunk","created":1783158650,"model":"deepseek/deepseek-v4-flash-20260423","provider":"GMICloud","choices":[{"index":0,"delta":{"content":" 二","role":"assistant"},"finish_reason":null,"native_finish_reason":null}]}
--- CHUNK 1783158665160 bytes=297 ---
data: {"id":"gen-1783158650-6fMKVkLglsFk7xQKrVEy","object":"chat.completion.chunk","created":1783158650,"model":"deepseek/deepseek-v4-flash-20260423","provider":"GMICloud","choices":[{"index":0,"delta":{"content":"、Skill","role":"assistant"},"finish_reason":null,"native_finish_reason":null}]}


PARSED: {"id":"gen-1783158650-6fMKVkLglsFk7xQKrVEy","object":"chat.completion.chunk","created":1783158650,"model":"deepseek/deepseek-v4-flash-20260423","provider":"GMICloud","choices":[{"index":0,"delta":{"content":"、Skill","role":"assistant"},"finish_reason":null,"native_finish_reason":null}]}
--- CHUNK 1783158665175 bytes=296 ---
data: {"id":"gen-1783158650-6fMKVkLglsFk7xQKrVEy","object":"chat.completion.chunk","created":1783158650,"model":"deepseek/deepseek-v4-flash-20260423","provider":"GMICloud","choices":[{"index":0,"delta":{"content":" 執行","role":"assistant"},"finish_reason":null,"native_finish_reason":null}]}


PARSED: {"id":"gen-1783158650-6fMKVkLglsFk7xQKrVEy","object":"chat.completion.chunk","created":1783158650,"model":"deepseek/deepseek-v4-flash-20260423","provider":"GMICloud","choices":[{"index":0,"delta":{"content":" 執行","role":"assistant"},"finish_reason":null,"native_finish_reason":null}]}
--- CHUNK 1783158665176 bytes=301 ---
data: {"id":"gen-1783158650-6fMKVkLglsFk7xQKrVEy","object":"chat.completion.chunk","created":1783158650,"model":"deepseek/deepseek-v4-flash-20260423","provider":"GMICloud","choices":[{"index":0,"delta":{"content":"時的內部","role":"assistant"},"finish_reason":null,"native_finish_reason":null}]}


PARSED: {"id":"gen-1783158650-6fMKVkLglsFk7xQKrVEy","object":"chat.completion.chunk","created":1783158650,"model":"deepseek/deepseek-v4-flash-20260423","provider":"GMICloud","choices":[{"index":0,"delta":{"content":"時的內部","role":"assistant"},"finish_reason":null,"native_finish_reason":null}]}
--- CHUNK 1783158665202 bytes=292 ---
data: {"id":"gen-1783158650-6fMKVkLglsFk7xQKrVEy","object":"chat.completion.chunk","created":1783158650,"model":"deepseek/deepseek-v4-flash-20260423","provider":"GMICloud","choices":[{"index":0,"delta":{"content":"架","role":"assistant"},"finish_reason":null,"native_finish_reason":null}]}


PARSED: {"id":"gen-1783158650-6fMKVkLglsFk7xQKrVEy","object":"chat.completion.chunk","created":1783158650,"model":"deepseek/deepseek-v4-flash-20260423","provider":"GMICloud","choices":[{"index":0,"delta":{"content":"架","role":"assistant"},"finish_reason":null,"native_finish_reason":null}]}
--- CHUNK 1783158665205 bytes=296 ---
data: {"id":"gen-1783158650-6fMKVkLglsFk7xQKrVEy","object":"chat.completion.chunk","created":1783158650,"model":"deepseek/deepseek-v4-flash-20260423","provider":"GMICloud","choices":[{"index":0,"delta":{"content":"構\n\n","role":"assistant"},"finish_reason":null,"native_finish_reason":null}]}


PARSED: {"id":"gen-1783158650-6fMKVkLglsFk7xQKrVEy","object":"chat.completion.chunk","created":1783158650,"model":"deepseek/deepseek-v4-flash-20260423","provider":"GMICloud","choices":[{"index":0,"delta":{"content":"構\n\n","role":"assistant"},"finish_reason":null,"native_finish_reason":null}]}
--- CHUNK 1783158665207 bytes=300 ---
data: {"id":"gen-1783158650-6fMKVkLglsFk7xQKrVEy","object":"chat.completion.chunk","created":1783158650,"model":"deepseek/deepseek-v4-flash-20260423","provider":"GMICloud","choices":[{"index":0,"delta":{"content":"### Context","role":"assistant"},"finish_reason":null,"native_finish_reason":null}]}


PARSED: {"id":"gen-1783158650-6fMKVkLglsFk7xQKrVEy","object":"chat.completion.chunk","created":1783158650,"model":"deepseek/deepseek-v4-flash-20260423","provider":"GMICloud","choices":[{"index":0,"delta":{"content":"### Context","role":"assistant"},"finish_reason":null,"native_finish_reason":null}]}
--- CHUNK 1783158665211 bytes=297 ---
data: {"id":"gen-1783158650-6fMKVkLglsFk7xQKrVEy","object":"chat.completion.chunk","created":1783158650,"model":"deepseek/deepseek-v4-flash-20260423","provider":"GMICloud","choices":[{"index":0,"delta":{"content":" Engine ","role":"assistant"},"finish_reason":null,"native_finish_reason":null}]}


PARSED: {"id":"gen-1783158650-6fMKVkLglsFk7xQKrVEy","object":"chat.completion.chunk","created":1783158650,"model":"deepseek/deepseek-v4-flash-20260423","provider":"GMICloud","choices":[{"index":0,"delta":{"content":" Engine ","role":"assistant"},"finish_reason":null,"native_finish_reason":null}]}
--- CHUNK 1783158665231 bytes=292 ---
data: {"id":"gen-1783158650-6fMKVkLglsFk7xQKrVEy","object":"chat.completion.chunk","created":1783158650,"model":"deepseek/deepseek-v4-flash-20260423","provider":"GMICloud","choices":[{"index":0,"delta":{"content":"組","role":"assistant"},"finish_reason":null,"native_finish_reason":null}]}


PARSED: {"id":"gen-1783158650-6fMKVkLglsFk7xQKrVEy","object":"chat.completion.chunk","created":1783158650,"model":"deepseek/deepseek-v4-flash-20260423","provider":"GMICloud","choices":[{"index":0,"delta":{"content":"組","role":"assistant"},"finish_reason":null,"native_finish_reason":null}]}
--- CHUNK 1783158665234 bytes=299 ---
data: {"id":"gen-1783158650-6fMKVkLglsFk7xQKrVEy","object":"chat.completion.chunk","created":1783158650,"model":"deepseek/deepseek-v4-flash-20260423","provider":"GMICloud","choices":[{"index":0,"delta":{"content":"裝 System","role":"assistant"},"finish_reason":null,"native_finish_reason":null}]}


PARSED: {"id":"gen-1783158650-6fMKVkLglsFk7xQKrVEy","object":"chat.completion.chunk","created":1783158650,"model":"deepseek/deepseek-v4-flash-20260423","provider":"GMICloud","choices":[{"index":0,"delta":{"content":"裝 System","role":"assistant"},"finish_reason":null,"native_finish_reason":null}]}
--- CHUNK 1783158665240 bytes=300 ---
data: {"id":"gen-1783158650-6fMKVkLglsFk7xQKrVEy","object":"chat.completion.chunk","created":1783158650,"model":"deepseek/deepseek-v4-flash-20260423","provider":"GMICloud","choices":[{"index":0,"delta":{"content":" Prompt\n\n","role":"assistant"},"finish_reason":null,"native_finish_reason":null}]}


PARSED: {"id":"gen-1783158650-6fMKVkLglsFk7xQKrVEy","object":"chat.completion.chunk","created":1783158650,"model":"deepseek/deepseek-v4-flash-20260423","provider":"GMICloud","choices":[{"index":0,"delta":{"content":" Prompt\n\n","role":"assistant"},"finish_reason":null,"native_finish_reason":null}]}
--- CHUNK 1783158665263 bytes=292 ---
data: {"id":"gen-1783158650-6fMKVkLglsFk7xQKrVEy","object":"chat.completion.chunk","created":1783158650,"model":"deepseek/deepseek-v4-flash-20260423","provider":"GMICloud","choices":[{"index":0,"delta":{"content":"當","role":"assistant"},"finish_reason":null,"native_finish_reason":null}]}


PARSED: {"id":"gen-1783158650-6fMKVkLglsFk7xQKrVEy","object":"chat.completion.chunk","created":1783158650,"model":"deepseek/deepseek-v4-flash-20260423","provider":"GMICloud","choices":[{"index":0,"delta":{"content":"當","role":"assistant"},"finish_reason":null,"native_finish_reason":null}]}
--- CHUNK 1783158665268 bytes=296 ---
data: {"id":"gen-1783158650-6fMKVkLglsFk7xQKrVEy","object":"chat.completion.chunk","created":1783158650,"model":"deepseek/deepseek-v4-flash-20260423","provider":"GMICloud","choices":[{"index":0,"delta":{"content":" Skill ","role":"assistant"},"finish_reason":null,"native_finish_reason":null}]}


PARSED: {"id":"gen-1783158650-6fMKVkLglsFk7xQKrVEy","object":"chat.completion.chunk","created":1783158650,"model":"deepseek/deepseek-v4-flash-20260423","provider":"GMICloud","choices":[{"index":0,"delta":{"content":" Skill ","role":"assistant"},"finish_reason":null,"native_finish_reason":null}]}
--- CHUNK 1783158665273 bytes=298 ---
data: {"id":"gen-1783158650-6fMKVkLglsFk7xQKrVEy","object":"chat.completion.chunk","created":1783158650,"model":"deepseek/deepseek-v4-flash-20260423","provider":"GMICloud","choices":[{"index":0,"delta":{"content":"被執行","role":"assistant"},"finish_reason":null,"native_finish_reason":null}]}


PARSED: {"id":"gen-1783158650-6fMKVkLglsFk7xQKrVEy","object":"chat.completion.chunk","created":1783158650,"model":"deepseek/deepseek-v4-flash-20260423","provider":"GMICloud","choices":[{"index":0,"delta":{"content":"被執行","role":"assistant"},"finish_reason":null,"native_finish_reason":null}]}
--- CHUNK 1783158665302 bytes=295 ---
data: {"id":"gen-1783158650-6fMKVkLglsFk7xQKrVEy","object":"chat.completion.chunk","created":1783158650,"model":"deepseek/deepseek-v4-flash-20260423","provider":"GMICloud","choices":[{"index":0,"delta":{"content":"時，","role":"assistant"},"finish_reason":null,"native_finish_reason":null}]}


PARSED: {"id":"gen-1783158650-6fMKVkLglsFk7xQKrVEy","object":"chat.completion.chunk","created":1783158650,"model":"deepseek/deepseek-v4-flash-20260423","provider":"GMICloud","choices":[{"index":0,"delta":{"content":"時，","role":"assistant"},"finish_reason":null,"native_finish_reason":null}]}
--- CHUNK 1783158665313 bytes=303 ---
data: {"id":"gen-1783158650-6fMKVkLglsFk7xQKrVEy","object":"chat.completion.chunk","created":1783158650,"model":"deepseek/deepseek-v4-flash-20260423","provider":"GMICloud","choices":[{"index":0,"delta":{"content":"Context Engine","role":"assistant"},"finish_reason":null,"native_finish_reason":null}]}


PARSED: {"id":"gen-1783158650-6fMKVkLglsFk7xQKrVEy","object":"chat.completion.chunk","created":1783158650,"model":"deepseek/deepseek-v4-flash-20260423","provider":"GMICloud","choices":[{"index":0,"delta":{"content":"Context Engine","role":"assistant"},"finish_reason":null,"native_finish_reason":null}]}
--- CHUNK 1783158665314 bytes=293 ---
data: {"id":"gen-1783158650-6fMKVkLglsFk7xQKrVEy","object":"chat.completion.chunk","created":1783158650,"model":"deepseek/deepseek-v4-flash-20260423","provider":"GMICloud","choices":[{"index":0,"delta":{"content":" 會","role":"assistant"},"finish_reason":null,"native_finish_reason":null}]}


PARSED: {"id":"gen-1783158650-6fMKVkLglsFk7xQKrVEy","object":"chat.completion.chunk","created":1783158650,"model":"deepseek/deepseek-v4-flash-20260423","provider":"GMICloud","choices":[{"index":0,"delta":{"content":" 會","role":"assistant"},"finish_reason":null,"native_finish_reason":null}]}
--- CHUNK 1783158665347 bytes=292 ---
data: {"id":"gen-1783158650-6fMKVkLglsFk7xQKrVEy","object":"chat.completion.chunk","created":1783158650,"model":"deepseek/deepseek-v4-flash-20260423","provider":"GMICloud","choices":[{"index":0,"delta":{"content":"為","role":"assistant"},"finish_reason":null,"native_finish_reason":null}]}


PARSED: {"id":"gen-1783158650-6fMKVkLglsFk7xQKrVEy","object":"chat.completion.chunk","created":1783158650,"model":"deepseek/deepseek-v4-flash-20260423","provider":"GMICloud","choices":[{"index":0,"delta":{"content":"為","role":"assistant"},"finish_reason":null,"native_finish_reason":null}]}
--- CHUNK 1783158665370 bytes=293 ---
data: {"id":"gen-1783158650-6fMKVkLglsFk7xQKrVEy","object":"chat.completion.chunk","created":1783158650,"model":"deepseek/deepseek-v4-flash-20260423","provider":"GMICloud","choices":[{"index":0,"delta":{"content":" AI ","role":"assistant"},"finish_reason":null,"native_finish_reason":null}]}


PARSED: {"id":"gen-1783158650-6fMKVkLglsFk7xQKrVEy","object":"chat.completion.chunk","created":1783158650,"model":"deepseek/deepseek-v4-flash-20260423","provider":"GMICloud","choices":[{"index":0,"delta":{"content":" AI ","role":"assistant"},"finish_reason":null,"native_finish_reason":null}]}
--- CHUNK 1783158665370 bytes=295 ---
data: {"id":"gen-1783158650-6fMKVkLglsFk7xQKrVEy","object":"chat.completion.chunk","created":1783158650,"model":"deepseek/deepseek-v4-flash-20260423","provider":"GMICloud","choices":[{"index":0,"delta":{"content":"組裝","role":"assistant"},"finish_reason":null,"native_finish_reason":null}]}


PARSED: {"id":"gen-1783158650-6fMKVkLglsFk7xQKrVEy","object":"chat.completion.chunk","created":1783158650,"model":"deepseek/deepseek-v4-flash-20260423","provider":"GMICloud","choices":[{"index":0,"delta":{"content":"組裝","role":"assistant"},"finish_reason":null,"native_finish_reason":null}]}
--- CHUNK 1783158665415 bytes=295 ---
data: {"id":"gen-1783158650-6fMKVkLglsFk7xQKrVEy","object":"chat.completion.chunk","created":1783158650,"model":"deepseek/deepseek-v4-flash-20260423","provider":"GMICloud","choices":[{"index":0,"delta":{"content":"一份","role":"assistant"},"finish_reason":null,"native_finish_reason":null}]}


PARSED: {"id":"gen-1783158650-6fMKVkLglsFk7xQKrVEy","object":"chat.completion.chunk","created":1783158650,"model":"deepseek/deepseek-v4-flash-20260423","provider":"GMICloud","choices":[{"index":0,"delta":{"content":"一份","role":"assistant"},"finish_reason":null,"native_finish_reason":null}]}
--- CHUNK 1783158665415 bytes=305 ---
data: {"id":"gen-1783158650-6fMKVkLglsFk7xQKrVEy","object":"chat.completion.chunk","created":1783158650,"model":"deepseek/deepseek-v4-flash-20260423","provider":"GMICloud","choices":[{"index":0,"delta":{"content":"完整的 system","role":"assistant"},"finish_reason":null,"native_finish_reason":null}]}


PARSED: {"id":"gen-1783158650-6fMKVkLglsFk7xQKrVEy","object":"chat.completion.chunk","created":1783158650,"model":"deepseek/deepseek-v4-flash-20260423","provider":"GMICloud","choices":[{"index":0,"delta":{"content":"完整的 system","role":"assistant"},"finish_reason":null,"native_finish_reason":null}]}
--- CHUNK 1783158665415 bytes=302 ---
data: {"id":"gen-1783158650-6fMKVkLglsFk7xQKrVEy","object":"chat.completion.chunk","created":1783158650,"model":"deepseek/deepseek-v4-flash-20260423","provider":"GMICloud","choices":[{"index":0,"delta":{"content":"Prompt：\n\n","role":"assistant"},"finish_reason":null,"native_finish_reason":null}]}


PARSED: {"id":"gen-1783158650-6fMKVkLglsFk7xQKrVEy","object":"chat.completion.chunk","created":1783158650,"model":"deepseek/deepseek-v4-flash-20260423","provider":"GMICloud","choices":[{"index":0,"delta":{"content":"Prompt：\n\n","role":"assistant"},"finish_reason":null,"native_finish_reason":null}]}
--- CHUNK 1783158665439 bytes=294 ---
data: {"id":"gen-1783158650-6fMKVkLglsFk7xQKrVEy","object":"chat.completion.chunk","created":1783158650,"model":"deepseek/deepseek-v4-flash-20260423","provider":"GMICloud","choices":[{"index":0,"delta":{"content":"```\n","role":"assistant"},"finish_reason":null,"native_finish_reason":null}]}


PARSED: {"id":"gen-1783158650-6fMKVkLglsFk7xQKrVEy","object":"chat.completion.chunk","created":1783158650,"model":"deepseek/deepseek-v4-flash-20260423","provider":"GMICloud","choices":[{"index":0,"delta":{"content":"```\n","role":"assistant"},"finish_reason":null,"native_finish_reason":null}]}
--- CHUNK 1783158665448 bytes=302 ---
data: {"id":"gen-1783158650-6fMKVkLglsFk7xQKrVEy","object":"chat.completion.chunk","created":1783158650,"model":"deepseek/deepseek-v4-flash-20260423","provider":"GMICloud","choices":[{"index":0,"delta":{"content":"contextEngine","role":"assistant"},"finish_reason":null,"native_finish_reason":null}]}


PARSED: {"id":"gen-1783158650-6fMKVkLglsFk7xQKrVEy","object":"chat.completion.chunk","created":1783158650,"model":"deepseek/deepseek-v4-flash-20260423","provider":"GMICloud","choices":[{"index":0,"delta":{"content":"contextEngine","role":"assistant"},"finish_reason":null,"native_finish_reason":null}]}
--- CHUNK 1783158665448 bytes=297 ---
data: {"id":"gen-1783158650-6fMKVkLglsFk7xQKrVEy","object":"chat.completion.chunk","created":1783158650,"model":"deepseek/deepseek-v4-flash-20260423","provider":"GMICloud","choices":[{"index":0,"delta":{"content":".build({","role":"assistant"},"finish_reason":null,"native_finish_reason":null}]}


PARSED: {"id":"gen-1783158650-6fMKVkLglsFk7xQKrVEy","object":"chat.completion.chunk","created":1783158650,"model":"deepseek/deepseek-v4-flash-20260423","provider":"GMICloud","choices":[{"index":0,"delta":{"content":".build({","role":"assistant"},"finish_reason":null,"native_finish_reason":null}]}
--- CHUNK 1783158665463 bytes=297 ---
data: {"id":"gen-1783158650-6fMKVkLglsFk7xQKrVEy","object":"chat.completion.chunk","created":1783158650,"model":"deepseek/deepseek-v4-flash-20260423","provider":"GMICloud","choices":[{"index":0,"delta":{"content":" target:","role":"assistant"},"finish_reason":null,"native_finish_reason":null}]}


PARSED: {"id":"gen-1783158650-6fMKVkLglsFk7xQKrVEy","object":"chat.completion.chunk","created":1783158650,"model":"deepseek/deepseek-v4-flash-20260423","provider":"GMICloud","choices":[{"index":0,"delta":{"content":" target:","role":"assistant"},"finish_reason":null,"native_finish_reason":null}]}
--- CHUNK 1783158665476 bytes=297 ---
data: {"id":"gen-1783158650-6fMKVkLglsFk7xQKrVEy","object":"chat.completion.chunk","created":1783158650,"model":"deepseek/deepseek-v4-flash-20260423","provider":"GMICloud","choices":[{"index":0,"delta":{"content":" \"skill","role":"assistant"},"finish_reason":null,"native_finish_reason":null}]}


PARSED: {"id":"gen-1783158650-6fMKVkLglsFk7xQKrVEy","object":"chat.completion.chunk","created":1783158650,"model":"deepseek/deepseek-v4-flash-20260423","provider":"GMICloud","choices":[{"index":0,"delta":{"content":" \"skill","role":"assistant"},"finish_reason":null,"native_finish_reason":null}]}
--- CHUNK 1783158665476 bytes=296 ---
data: {"id":"gen-1783158650-6fMKVkLglsFk7xQKrVEy","object":"chat.completion.chunk","created":1783158650,"model":"deepseek/deepseek-v4-flash-20260423","provider":"GMICloud","choices":[{"index":0,"delta":{"content":"-exec\"","role":"assistant"},"finish_reason":null,"native_finish_reason":null}]}


PARSED: {"id":"gen-1783158650-6fMKVkLglsFk7xQKrVEy","object":"chat.completion.chunk","created":1783158650,"model":"deepseek/deepseek-v4-flash-20260423","provider":"GMICloud","choices":[{"index":0,"delta":{"content":"-exec\"","role":"assistant"},"finish_reason":null,"native_finish_reason":null}]}
--- CHUNK 1783158665496 bytes=294 ---
data: {"id":"gen-1783158650-6fMKVkLglsFk7xQKrVEy","object":"chat.completion.chunk","created":1783158650,"model":"deepseek/deepseek-v4-flash-20260423","provider":"GMICloud","choices":[{"index":0,"delta":{"content":" })\n","role":"assistant"},"finish_reason":null,"native_finish_reason":null}]}


PARSED: {"id":"gen-1783158650-6fMKVkLglsFk7xQKrVEy","object":"chat.completion.chunk","created":1783158650,"model":"deepseek/deepseek-v4-flash-20260423","provider":"GMICloud","choices":[{"index":0,"delta":{"content":" })\n","role":"assistant"},"finish_reason":null,"native_finish_reason":null}]}
--- CHUNK 1783158665498 bytes=296 ---
data: {"id":"gen-1783158650-6fMKVkLglsFk7xQKrVEy","object":"chat.completion.chunk","created":1783158650,"model":"deepseek/deepseek-v4-flash-20260423","provider":"GMICloud","choices":[{"index":0,"delta":{"content":"    │","role":"assistant"},"finish_reason":null,"native_finish_reason":null}]}


PARSED: {"id":"gen-1783158650-6fMKVkLglsFk7xQKrVEy","object":"chat.completion.chunk","created":1783158650,"model":"deepseek/deepseek-v4-flash-20260423","provider":"GMICloud","choices":[{"index":0,"delta":{"content":"    │","role":"assistant"},"finish_reason":null,"native_finish_reason":null}]}
--- CHUNK 1783158665499 bytes=294 ---
data: {"id":"gen-1783158650-6fMKVkLglsFk7xQKrVEy","object":"chat.completion.chunk","created":1783158650,"model":"deepseek/deepseek-v4-flash-20260423","provider":"GMICloud","choices":[{"index":0,"delta":{"content":"\n   ","role":"assistant"},"finish_reason":null,"native_finish_reason":null}]}


PARSED: {"id":"gen-1783158650-6fMKVkLglsFk7xQKrVEy","object":"chat.completion.chunk","created":1783158650,"model":"deepseek/deepseek-v4-flash-20260423","provider":"GMICloud","choices":[{"index":0,"delta":{"content":"\n   ","role":"assistant"},"finish_reason":null,"native_finish_reason":null}]}
--- CHUNK 1783158665537 bytes=293 ---
data: {"id":"gen-1783158650-6fMKVkLglsFk7xQKrVEy","object":"chat.completion.chunk","created":1783158650,"model":"deepseek/deepseek-v4-flash-20260423","provider":"GMICloud","choices":[{"index":0,"delta":{"content":" ├","role":"assistant"},"finish_reason":null,"native_finish_reason":null}]}


PARSED: {"id":"gen-1783158650-6fMKVkLglsFk7xQKrVEy","object":"chat.completion.chunk","created":1783158650,"model":"deepseek/deepseek-v4-flash-20260423","provider":"GMICloud","choices":[{"index":0,"delta":{"content":" ├","role":"assistant"},"finish_reason":null,"native_finish_reason":null}]}
--- CHUNK 1783158665539 bytes=301 ---
data: {"id":"gen-1783158650-6fMKVkLglsFk7xQKrVEy","object":"chat.completion.chunk","created":1783158650,"model":"deepseek/deepseek-v4-flash-20260423","provider":"GMICloud","choices":[{"index":0,"delta":{"content":"── build","role":"assistant"},"finish_reason":null,"native_finish_reason":null}]}


PARSED: {"id":"gen-1783158650-6fMKVkLglsFk7xQKrVEy","object":"chat.completion.chunk","created":1783158650,"model":"deepseek/deepseek-v4-flash-20260423","provider":"GMICloud","choices":[{"index":0,"delta":{"content":"── build","role":"assistant"},"finish_reason":null,"native_finish_reason":null}]}
--- CHUNK 1783158665543 bytes=299 ---
data: {"id":"gen-1783158650-6fMKVkLglsFk7xQKrVEy","object":"chat.completion.chunk","created":1783158650,"model":"deepseek/deepseek-v4-flash-20260423","provider":"GMICloud","choices":[{"index":0,"delta":{"content":"FullSystem","role":"assistant"},"finish_reason":null,"native_finish_reason":null}]}


PARSED: {"id":"gen-1783158650-6fMKVkLglsFk7xQKrVEy","object":"chat.completion.chunk","created":1783158650,"model":"deepseek/deepseek-v4-flash-20260423","provider":"GMICloud","choices":[{"index":0,"delta":{"content":"FullSystem","role":"assistant"},"finish_reason":null,"native_finish_reason":null}]}
--- CHUNK 1783158665551 bytes=298 ---
data: {"id":"gen-1783158650-6fMKVkLglsFk7xQKrVEy","object":"chat.completion.chunk","created":1783158650,"model":"deepseek/deepseek-v4-flash-20260423","provider":"GMICloud","choices":[{"index":0,"delta":{"content":"Context()","role":"assistant"},"finish_reason":null,"native_finish_reason":null}]}


PARSED: {"id":"gen-1783158650-6fMKVkLglsFk7xQKrVEy","object":"chat.completion.chunk","created":1783158650,"model":"deepseek/deepseek-v4-flash-20260423","provider":"GMICloud","choices":[{"index":0,"delta":{"content":"Context()","role":"assistant"},"finish_reason":null,"native_finish_reason":null}]}
--- CHUNK 1783158665566 bytes=293 ---
data: {"id":"gen-1783158650-6fMKVkLglsFk7xQKrVEy","object":"chat.completion.chunk","created":1783158650,"model":"deepseek/deepseek-v4-flash-20260423","provider":"GMICloud","choices":[{"index":0,"delta":{"content":" ←","role":"assistant"},"finish_reason":null,"native_finish_reason":null}]}


PARSED: {"id":"gen-1783158650-6fMKVkLglsFk7xQKrVEy","object":"chat.completion.chunk","created":1783158650,"model":"deepseek/deepseek-v4-flash-20260423","provider":"GMICloud","choices":[{"index":0,"delta":{"content":" ←","role":"assistant"},"finish_reason":null,"native_finish_reason":null}]}
--- CHUNK 1783158665572 bytes=296 ---
data: {"id":"gen-1783158650-6fMKVkLglsFk7xQKrVEy","object":"chat.completion.chunk","created":1783158650,"model":"deepseek/deepseek-v4-flash-20260423","provider":"GMICloud","choices":[{"index":0,"delta":{"content":" 所有","role":"assistant"},"finish_reason":null,"native_finish_reason":null}]}


PARSED: {"id":"gen-1783158650-6fMKVkLglsFk7xQKrVEy","object":"chat.completion.chunk","created":1783158650,"model":"deepseek/deepseek-v4-flash-20260423","provider":"GMICloud","choices":[{"index":0,"delta":{"content":" 所有","role":"assistant"},"finish_reason":null,"native_finish_reason":null}]}
--- CHUNK 1783158665575 bytes=293 ---
data: {"id":"gen-1783158650-6fMKVkLglsFk7xQKrVEy","object":"chat.completion.chunk","created":1783158650,"model":"deepseek/deepseek-v4-flash-20260423","provider":"GMICloud","choices":[{"index":0,"delta":{"content":" AI ","role":"assistant"},"finish_reason":null,"native_finish_reason":null}]}


PARSED: {"id":"gen-1783158650-6fMKVkLglsFk7xQKrVEy","object":"chat.completion.chunk","created":1783158650,"model":"deepseek/deepseek-v4-flash-20260423","provider":"GMICloud","choices":[{"index":0,"delta":{"content":" AI ","role":"assistant"},"finish_reason":null,"native_finish_reason":null}]}
--- CHUNK 1783158665595 bytes=295 ---
data: {"id":"gen-1783158650-6fMKVkLglsFk7xQKrVEy","object":"chat.completion.chunk","created":1783158650,"model":"deepseek/deepseek-v4-flash-20260423","provider":"GMICloud","choices":[{"index":0,"delta":{"content":"功能","role":"assistant"},"finish_reason":null,"native_finish_reason":null}]}


PARSED: {"id":"gen-1783158650-6fMKVkLglsFk7xQKrVEy","object":"chat.completion.chunk","created":1783158650,"model":"deepseek/deepseek-v4-flash-20260423","provider":"GMICloud","choices":[{"index":0,"delta":{"content":"功能","role":"assistant"},"finish_reason":null,"native_finish_reason":null}]}
--- CHUNK 1783158665598 bytes=298 ---
data: {"id":"gen-1783158650-6fMKVkLglsFk7xQKrVEy","object":"chat.completion.chunk","created":1783158650,"model":"deepseek/deepseek-v4-flash-20260423","provider":"GMICloud","choices":[{"index":0,"delta":{"content":"共用的","role":"assistant"},"finish_reason":null,"native_finish_reason":null}]}


PARSED: {"id":"gen-1783158650-6fMKVkLglsFk7xQKrVEy","object":"chat.completion.chunk","created":1783158650,"model":"deepseek/deepseek-v4-flash-20260423","provider":"GMICloud","choices":[{"index":0,"delta":{"content":"共用的","role":"assistant"},"finish_reason":null,"native_finish_reason":null}]}
--- CHUNK 1783158665603 bytes=295 ---
data: {"id":"gen-1783158650-6fMKVkLglsFk7xQKrVEy","object":"chat.completion.chunk","created":1783158650,"model":"deepseek/deepseek-v4-flash-20260423","provider":"GMICloud","choices":[{"index":0,"delta":{"content":"底層","role":"assistant"},"finish_reason":null,"native_finish_reason":null}]}


PARSED: {"id":"gen-1783158650-6fMKVkLglsFk7xQKrVEy","object":"chat.completion.chunk","created":1783158650,"model":"deepseek/deepseek-v4-flash-20260423","provider":"GMICloud","choices":[{"index":0,"delta":{"content":"底層","role":"assistant"},"finish_reason":null,"native_finish_reason":null}]}
--- CHUNK 1783158665626 bytes=291 ---
data: {"id":"gen-1783158650-6fMKVkLglsFk7xQKrVEy","object":"chat.completion.chunk","created":1783158650,"model":"deepseek/deepseek-v4-flash-20260423","provider":"GMICloud","choices":[{"index":0,"delta":{"content":"\n","role":"assistant"},"finish_reason":null,"native_finish_reason":null}]}


PARSED: {"id":"gen-1783158650-6fMKVkLglsFk7xQKrVEy","object":"chat.completion.chunk","created":1783158650,"model":"deepseek/deepseek-v4-flash-20260423","provider":"GMICloud","choices":[{"index":0,"delta":{"content":"\n","role":"assistant"},"finish_reason":null,"native_finish_reason":null}]}
--- CHUNK 1783158665627 bytes=296 ---
data: {"id":"gen-1783158650-6fMKVkLglsFk7xQKrVEy","object":"chat.completion.chunk","created":1783158650,"model":"deepseek/deepseek-v4-flash-20260423","provider":"GMICloud","choices":[{"index":0,"delta":{"content":"    │","role":"assistant"},"finish_reason":null,"native_finish_reason":null}]}


PARSED: {"id":"gen-1783158650-6fMKVkLglsFk7xQKrVEy","object":"chat.completion.chunk","created":1783158650,"model":"deepseek/deepseek-v4-flash-20260423","provider":"GMICloud","choices":[{"index":0,"delta":{"content":"    │","role":"assistant"},"finish_reason":null,"native_finish_reason":null}]}
--- CHUNK 1783158665632 bytes=295 ---
data: {"id":"gen-1783158650-6fMKVkLglsFk7xQKrVEy","object":"chat.completion.chunk","created":1783158650,"model":"deepseek/deepseek-v4-flash-20260423","provider":"GMICloud","choices":[{"index":0,"delta":{"content":"   ├","role":"assistant"},"finish_reason":null,"native_finish_reason":null}]}


PARSED: {"id":"gen-1783158650-6fMKVkLglsFk7xQKrVEy","object":"chat.completion.chunk","created":1783158650,"model":"deepseek/deepseek-v4-flash-20260423","provider":"GMICloud","choices":[{"index":0,"delta":{"content":"   ├","role":"assistant"},"finish_reason":null,"native_finish_reason":null}]}
--- CHUNK 1783158665658 bytes=295 ---
data: {"id":"gen-1783158650-6fMKVkLglsFk7xQKrVEy","object":"chat.completion.chunk","created":1783158650,"model":"deepseek/deepseek-v4-flash-20260423","provider":"GMICloud","choices":[{"index":0,"delta":{"content":"──","role":"assistant"},"finish_reason":null,"native_finish_reason":null}]}


PARSED: {"id":"gen-1783158650-6fMKVkLglsFk7xQKrVEy","object":"chat.completion.chunk","created":1783158650,"model":"deepseek/deepseek-v4-flash-20260423","provider":"GMICloud","choices":[{"index":0,"delta":{"content":"──","role":"assistant"},"finish_reason":null,"native_finish_reason":null}]}
--- CHUNK 1783158665658 bytes=295 ---
data: {"id":"gen-1783158650-6fMKVkLglsFk7xQKrVEy","object":"chat.completion.chunk","created":1783158650,"model":"deepseek/deepseek-v4-flash-20260423","provider":"GMICloud","choices":[{"index":0,"delta":{"content":" _base","role":"assistant"},"finish_reason":null,"native_finish_reason":null}]}


PARSED: {"id":"gen-1783158650-6fMKVkLglsFk7xQKrVEy","object":"chat.completion.chunk","created":1783158650,"model":"deepseek/deepseek-v4-flash-20260423","provider":"GMICloud","choices":[{"index":0,"delta":{"content":" _base","role":"assistant"},"finish_reason":null,"native_finish_reason":null}]}
--- CHUNK 1783158665659 bytes=292 ---
data: {"id":"gen-1783158650-6fMKVkLglsFk7xQKrVEy","object":"chat.completion.chunk","created":1783158650,"model":"deepseek/deepseek-v4-flash-20260423","provider":"GMICloud","choices":[{"index":0,"delta":{"content":"/pa","role":"assistant"},"finish_reason":null,"native_finish_reason":null}]}


PARSED: {"id":"gen-1783158650-6fMKVkLglsFk7xQKrVEy","object":"chat.completion.chunk","created":1783158650,"model":"deepseek/deepseek-v4-flash-20260423","provider":"GMICloud","choices":[{"index":0,"delta":{"content":"/pa","role":"assistant"},"finish_reason":null,"native_finish_reason":null}]}
--- CHUNK 1783158665681 bytes=295 ---
data: {"id":"gen-1783158650-6fMKVkLglsFk7xQKrVEy","object":"chat.completion.chunk","created":1783158650,"model":"deepseek/deepseek-v4-flash-20260423","provider":"GMICloud","choices":[{"index":0,"delta":{"content":"aw-con","role":"assistant"},"finish_reason":null,"native_finish_reason":null}]}


PARSED: {"id":"gen-1783158650-6fMKVkLglsFk7xQKrVEy","object":"chat.completion.chunk","created":1783158650,"model":"deepseek/deepseek-v4-flash-20260423","provider":"GMICloud","choices":[{"index":0,"delta":{"content":"aw-con","role":"assistant"},"finish_reason":null,"native_finish_reason":null}]}
--- CHUNK 1783158665690 bytes=296 ---
data: {"id":"gen-1783158650-6fMKVkLglsFk7xQKrVEy","object":"chat.completion.chunk","created":1783158650,"model":"deepseek/deepseek-v4-flash-20260423","provider":"GMICloud","choices":[{"index":0,"delta":{"content":"text.md","role":"assistant"},"finish_reason":null,"native_finish_reason":null}]}


PARSED: {"id":"gen-1783158650-6fMKVkLglsFk7xQKrVEy","object":"chat.completion.chunk","created":1783158650,"model":"deepseek/deepseek-v4-flash-20260423","provider":"GMICloud","choices":[{"index":0,"delta":{"content":"text.md","role":"assistant"},"finish_reason":null,"native_finish_reason":null}]}
--- CHUNK 1783158665693 bytes=299 ---
data: {"id":"gen-1783158650-6fMKVkLglsFk7xQKrVEy","object":"chat.completion.chunk","created":1783158650,"model":"deepseek/deepseek-v4-flash-20260423","provider":"GMICloud","choices":[{"index":0,"delta":{"content":"       —","role":"assistant"},"finish_reason":null,"native_finish_reason":null}]}


PARSED: {"id":"gen-1783158650-6fMKVkLglsFk7xQKrVEy","object":"chat.completion.chunk","created":1783158650,"model":"deepseek/deepseek-v4-flash-20260423","provider":"GMICloud","choices":[{"index":0,"delta":{"content":"       —","role":"assistant"},"finish_reason":null,"native_finish_reason":null}]}
--- CHUNK 1783158665710 bytes=293 ---
data: {"id":"gen-1783158650-6fMKVkLglsFk7xQKrVEy","object":"chat.completion.chunk","created":1783158650,"model":"deepseek/deepseek-v4-flash-20260423","provider":"GMICloud","choices":[{"index":0,"delta":{"content":" PAA","role":"assistant"},"finish_reason":null,"native_finish_reason":null}]}


PARSED: {"id":"gen-1783158650-6fMKVkLglsFk7xQKrVEy","object":"chat.completion.chunk","created":1783158650,"model":"deepseek/deepseek-v4-flash-20260423","provider":"GMICloud","choices":[{"index":0,"delta":{"content":" PAA","role":"assistant"},"finish_reason":null,"native_finish_reason":null}]}
--- CHUNK 1783158665714 bytes=291 ---
data: {"id":"gen-1783158650-6fMKVkLglsFk7xQKrVEy","object":"chat.completion.chunk","created":1783158650,"model":"deepseek/deepseek-v4-flash-20260423","provider":"GMICloud","choices":[{"index":0,"delta":{"content":"W ","role":"assistant"},"finish_reason":null,"native_finish_reason":null}]}


PARSED: {"id":"gen-1783158650-6fMKVkLglsFk7xQKrVEy","object":"chat.completion.chunk","created":1783158650,"model":"deepseek/deepseek-v4-flash-20260423","provider":"GMICloud","choices":[{"index":0,"delta":{"content":"W ","role":"assistant"},"finish_reason":null,"native_finish_reason":null}]}
--- CHUNK 1783158665716 bytes=295 ---
data: {"id":"gen-1783158650-6fMKVkLglsFk7xQKrVEy","object":"chat.completion.chunk","created":1783158650,"model":"deepseek/deepseek-v4-flash-20260423","provider":"GMICloud","choices":[{"index":0,"delta":{"content":"路徑","role":"assistant"},"finish_reason":null,"native_finish_reason":null}]}


PARSED: {"id":"gen-1783158650-6fMKVkLglsFk7xQKrVEy","object":"chat.completion.chunk","created":1783158650,"model":"deepseek/deepseek-v4-flash-20260423","provider":"GMICloud","choices":[{"index":0,"delta":{"content":"路徑","role":"assistant"},"finish_reason":null,"native_finish_reason":null}]}
--- CHUNK 1783158665754 bytes=292 ---
data: {"id":"gen-1783158650-6fMKVkLglsFk7xQKrVEy","object":"chat.completion.chunk","created":1783158650,"model":"deepseek/deepseek-v4-flash-20260423","provider":"GMICloud","choices":[{"index":0,"delta":{"content":"與","role":"assistant"},"finish_reason":null,"native_finish_reason":null}]}


PARSED: {"id":"gen-1783158650-6fMKVkLglsFk7xQKrVEy","object":"chat.completion.chunk","created":1783158650,"model":"deepseek/deepseek-v4-flash-20260423","provider":"GMICloud","choices":[{"index":0,"delta":{"content":"與","role":"assistant"},"finish_reason":null,"native_finish_reason":null}]}
--- CHUNK 1783158665859 bytes=301 ---
data: {"id":"gen-1783158650-6fMKVkLglsFk7xQKrVEy","object":"chat.completion.chunk","created":1783158650,"model":"deepseek/deepseek-v4-flash-20260423","provider":"GMICloud","choices":[{"index":0,"delta":{"content":"資料結構","role":"assistant"},"finish_reason":null,"native_finish_reason":null}]}


PARSED: {"id":"gen-1783158650-6fMKVkLglsFk7xQKrVEy","object":"chat.completion.chunk","created":1783158650,"model":"deepseek/deepseek-v4-flash-20260423","provider":"GMICloud","choices":[{"index":0,"delta":{"content":"資料結構","role":"assistant"},"finish_reason":null,"native_finish_reason":null}]}
--- CHUNK 1783158665860 bytes=294 ---
data: {"id":"gen-1783158650-6fMKVkLglsFk7xQKrVEy","object":"chat.completion.chunk","created":1783158650,"model":"deepseek/deepseek-v4-flash-20260423","provider":"GMICloud","choices":[{"index":0,"delta":{"content":"\n   ","role":"assistant"},"finish_reason":null,"native_finish_reason":null}]}


PARSED: {"id":"gen-1783158650-6fMKVkLglsFk7xQKrVEy","object":"chat.completion.chunk","created":1783158650,"model":"deepseek/deepseek-v4-flash-20260423","provider":"GMICloud","choices":[{"index":0,"delta":{"content":"\n   ","role":"assistant"},"finish_reason":null,"native_finish_reason":null}]}
--- CHUNK 1783158665862 bytes=295 ---
data: {"id":"gen-1783158650-6fMKVkLglsFk7xQKrVEy","object":"chat.completion.chunk","created":1783158650,"model":"deepseek/deepseek-v4-flash-20260423","provider":"GMICloud","choices":[{"index":0,"delta":{"content":" │  ","role":"assistant"},"finish_reason":null,"native_finish_reason":null}]}


PARSED: {"id":"gen-1783158650-6fMKVkLglsFk7xQKrVEy","object":"chat.completion.chunk","created":1783158650,"model":"deepseek/deepseek-v4-flash-20260423","provider":"GMICloud","choices":[{"index":0,"delta":{"content":" │  ","role":"assistant"},"finish_reason":null,"native_finish_reason":null}]}
--- CHUNK 1783158665862 bytes=299 ---
data: {"id":"gen-1783158650-6fMKVkLglsFk7xQKrVEy","object":"chat.completion.chunk","created":1783158650,"model":"deepseek/deepseek-v4-flash-20260423","provider":"GMICloud","choices":[{"index":0,"delta":{"content":" ├──","role":"assistant"},"finish_reason":null,"native_finish_reason":null}]}


PARSED: {"id":"gen-1783158650-6fMKVkLglsFk7xQKrVEy","object":"chat.completion.chunk","created":1783158650,"model":"deepseek/deepseek-v4-flash-20260423","provider":"GMICloud","choices":[{"index":0,"delta":{"content":" ├──","role":"assistant"},"finish_reason":null,"native_finish_reason":null}]}
--- CHUNK 1783158665862 bytes=295 ---
data: {"id":"gen-1783158650-6fMKVkLglsFk7xQKrVEy","object":"chat.completion.chunk","created":1783158650,"model":"deepseek/deepseek-v4-flash-20260423","provider":"GMICloud","choices":[{"index":0,"delta":{"content":" _base","role":"assistant"},"finish_reason":null,"native_finish_reason":null}]}


PARSED: {"id":"gen-1783158650-6fMKVkLglsFk7xQKrVEy","object":"chat.completion.chunk","created":1783158650,"model":"deepseek/deepseek-v4-flash-20260423","provider":"GMICloud","choices":[{"index":0,"delta":{"content":" _base","role":"assistant"},"finish_reason":null,"native_finish_reason":null}]}
--- CHUNK 1783158665862 bytes=294 ---
data: {"id":"gen-1783158650-6fMKVkLglsFk7xQKrVEy","object":"chat.completion.chunk","created":1783158650,"model":"deepseek/deepseek-v4-flash-20260423","provider":"GMICloud","choices":[{"index":0,"delta":{"content":"/core","role":"assistant"},"finish_reason":null,"native_finish_reason":null}]}


PARSED: {"id":"gen-1783158650-6fMKVkLglsFk7xQKrVEy","object":"chat.completion.chunk","created":1783158650,"model":"deepseek/deepseek-v4-flash-20260423","provider":"GMICloud","choices":[{"index":0,"delta":{"content":"/core","role":"assistant"},"finish_reason":null,"native_finish_reason":null}]}
--- CHUNK 1783158665862 bytes=295 ---
data: {"id":"gen-1783158650-6fMKVkLglsFk7xQKrVEy","object":"chat.completion.chunk","created":1783158650,"model":"deepseek/deepseek-v4-flash-20260423","provider":"GMICloud","choices":[{"index":0,"delta":{"content":"-rules","role":"assistant"},"finish_reason":null,"native_finish_reason":null}]}


PARSED: {"id":"gen-1783158650-6fMKVkLglsFk7xQKrVEy","object":"chat.completion.chunk","created":1783158650,"model":"deepseek/deepseek-v4-flash-20260423","provider":"GMICloud","choices":[{"index":0,"delta":{"content":"-rules","role":"assistant"},"finish_reason":null,"native_finish_reason":null}]}
--- CHUNK 1783158665862 bytes=300 ---
data: {"id":"gen-1783158650-6fMKVkLglsFk7xQKrVEy","object":"chat.completion.chunk","created":1783158650,"model":"deepseek/deepseek-v4-flash-20260423","provider":"GMICloud","choices":[{"index":0,"delta":{"content":".md        ","role":"assistant"},"finish_reason":null,"native_finish_reason":null}]}


PARSED: {"id":"gen-1783158650-6fMKVkLglsFk7xQKrVEy","object":"chat.completion.chunk","created":1783158650,"model":"deepseek/deepseek-v4-flash-20260423","provider":"GMICloud","choices":[{"index":0,"delta":{"content":".md        ","role":"assistant"},"finish_reason":null,"native_finish_reason":null}]}
--- CHUNK 1783158665862 bytes=294 ---
data: {"id":"gen-1783158650-6fMKVkLglsFk7xQKrVEy","object":"chat.completion.chunk","created":1783158650,"model":"deepseek/deepseek-v4-flash-20260423","provider":"GMICloud","choices":[{"index":0,"delta":{"content":" — ","role":"assistant"},"finish_reason":null,"native_finish_reason":null}]}


PARSED: {"id":"gen-1783158650-6fMKVkLglsFk7xQKrVEy","object":"chat.completion.chunk","created":1783158650,"model":"deepseek/deepseek-v4-flash-20260423","provider":"GMICloud","choices":[{"index":0,"delta":{"content":" — ","role":"assistant"},"finish_reason":null,"native_finish_reason":null}]}
--- CHUNK 1783158665862 bytes=298 ---
data: {"id":"gen-1783158650-6fMKVkLglsFk7xQKrVEy","object":"chat.completion.chunk","created":1783158650,"model":"deepseek/deepseek-v4-flash-20260423","provider":"GMICloud","choices":[{"index":0,"delta":{"content":"行為準","role":"assistant"},"finish_reason":null,"native_finish_reason":null}]}


PARSED: {"id":"gen-1783158650-6fMKVkLglsFk7xQKrVEy","object":"chat.completion.chunk","created":1783158650,"model":"deepseek/deepseek-v4-flash-20260423","provider":"GMICloud","choices":[{"index":0,"delta":{"content":"行為準","role":"assistant"},"finish_reason":null,"native_finish_reason":null}]}
--- CHUNK 1783158665862 bytes=294 ---
data: {"id":"gen-1783158650-6fMKVkLglsFk7xQKrVEy","object":"chat.completion.chunk","created":1783158650,"model":"deepseek/deepseek-v4-flash-20260423","provider":"GMICloud","choices":[{"index":0,"delta":{"content":"則\n","role":"assistant"},"finish_reason":null,"native_finish_reason":null}]}


PARSED: {"id":"gen-1783158650-6fMKVkLglsFk7xQKrVEy","object":"chat.completion.chunk","created":1783158650,"model":"deepseek/deepseek-v4-flash-20260423","provider":"GMICloud","choices":[{"index":0,"delta":{"content":"則\n","role":"assistant"},"finish_reason":null,"native_finish_reason":null}]}
--- CHUNK 1783158665873 bytes=591 ---
data: {"id":"gen-1783158650-6fMKVkLglsFk7xQKrVEy","object":"chat.completion.chunk","created":1783158650,"model":"deepseek/deepseek-v4-flash-20260423","provider":"GMICloud","choices":[{"index":0,"delta":{"content":"    │","role":"assistant"},"finish_reason":null,"native_finish_reason":null}]}

data: {"id":"gen-1783158650-6fMKVkLglsFk7xQKrVEy","object":"chat.completion.chunk","created":1783158650,"model":"deepseek/deepseek-v4-flash-20260423","provider":"GMICloud","choices":[{"index":0,"delta":{"content":"   ├","role":"assistant"},"finish_reason":null,"native_finish_reason":null}]}


PARSED: {"id":"gen-1783158650-6fMKVkLglsFk7xQKrVEy","object":"chat.completion.chunk","created":1783158650,"model":"deepseek/deepseek-v4-flash-20260423","provider":"GMICloud","choices":[{"index":0,"delta":{"content":"    │","role":"assistant"},"finish_reason":null,"native_finish_reason":null}]}
PARSED: {"id":"gen-1783158650-6fMKVkLglsFk7xQKrVEy","object":"chat.completion.chunk","created":1783158650,"model":"deepseek/deepseek-v4-flash-20260423","provider":"GMICloud","choices":[{"index":0,"delta":{"content":"   ├","role":"assistant"},"finish_reason":null,"native_finish_reason":null}]}
--- CHUNK 1783158665876 bytes=300 ---
data: {"id":"gen-1783158650-6fMKVkLglsFk7xQKrVEy","object":"chat.completion.chunk","created":1783158650,"model":"deepseek/deepseek-v4-flash-20260423","provider":"GMICloud","choices":[{"index":0,"delta":{"content":"── chat","role":"assistant"},"finish_reason":null,"native_finish_reason":null}]}


PARSED: {"id":"gen-1783158650-6fMKVkLglsFk7xQKrVEy","object":"chat.completion.chunk","created":1783158650,"model":"deepseek/deepseek-v4-flash-20260423","provider":"GMICloud","choices":[{"index":0,"delta":{"content":"── chat","role":"assistant"},"finish_reason":null,"native_finish_reason":null}]}
--- CHUNK 1783158665895 bytes=298 ---
data: {"id":"gen-1783158650-6fMKVkLglsFk7xQKrVEy","object":"chat.completion.chunk","created":1783158650,"model":"deepseek/deepseek-v4-flash-20260423","provider":"GMICloud","choices":[{"index":0,"delta":{"content":"/identity","role":"assistant"},"finish_reason":null,"native_finish_reason":null}]}


PARSED: {"id":"gen-1783158650-6fMKVkLglsFk7xQKrVEy","object":"chat.completion.chunk","created":1783158650,"model":"deepseek/deepseek-v4-flash-20260423","provider":"GMICloud","choices":[{"index":0,"delta":{"content":"/identity","role":"assistant"},"finish_reason":null,"native_finish_reason":null}]}
--- CHUNK 1783158665900 bytes=303 ---
data: {"id":"gen-1783158650-6fMKVkLglsFk7xQKrVEy","object":"chat.completion.chunk","created":1783158650,"model":"deepseek/deepseek-v4-flash-20260423","provider":"GMICloud","choices":[{"index":0,"delta":{"content":".md           ","role":"assistant"},"finish_reason":null,"native_finish_reason":null}]}


PARSED: {"id":"gen-1783158650-6fMKVkLglsFk7xQKrVEy","object":"chat.completion.chunk","created":1783158650,"model":"deepseek/deepseek-v4-flash-20260423","provider":"GMICloud","choices":[{"index":0,"delta":{"content":".md           ","role":"assistant"},"finish_reason":null,"native_finish_reason":null}]}
--- CHUNK 1783158665902 bytes=296 ---
data: {"id":"gen-1783158650-6fMKVkLglsFk7xQKrVEy","object":"chat.completion.chunk","created":1783158650,"model":"deepseek/deepseek-v4-flash-20260423","provider":"GMICloud","choices":[{"index":0,"delta":{"content":" — AI","role":"assistant"},"finish_reason":null,"native_finish_reason":null}]}


PARSED: {"id":"gen-1783158650-6fMKVkLglsFk7xQKrVEy","object":"chat.completion.chunk","created":1783158650,"model":"deepseek/deepseek-v4-flash-20260423","provider":"GMICloud","choices":[{"index":0,"delta":{"content":" — AI","role":"assistant"},"finish_reason":null,"native_finish_reason":null}]}
--- CHUNK 1783158665925 bytes=290 ---
data: {"id":"gen-1783158650-6fMKVkLglsFk7xQKrVEy","object":"chat.completion.chunk","created":1783158650,"model":"deepseek/deepseek-v4-flash-20260423","provider":"GMICloud","choices":[{"index":0,"delta":{"content":" ","role":"assistant"},"finish_reason":null,"native_finish_reason":null}]}


PARSED: {"id":"gen-1783158650-6fMKVkLglsFk7xQKrVEy","object":"chat.completion.chunk","created":1783158650,"model":"deepseek/deepseek-v4-flash-20260423","provider":"GMICloud","choices":[{"index":0,"delta":{"content":" ","role":"assistant"},"finish_reason":null,"native_finish_reason":null}]}
--- CHUNK 1783158665928 bytes=295 ---
data: {"id":"gen-1783158650-6fMKVkLglsFk7xQKrVEy","object":"chat.completion.chunk","created":1783158650,"model":"deepseek/deepseek-v4-flash-20260423","provider":"GMICloud","choices":[{"index":0,"delta":{"content":"人設","role":"assistant"},"finish_reason":null,"native_finish_reason":null}]}


PARSED: {"id":"gen-1783158650-6fMKVkLglsFk7xQKrVEy","object":"chat.completion.chunk","created":1783158650,"model":"deepseek/deepseek-v4-flash-20260423","provider":"GMICloud","choices":[{"index":0,"delta":{"content":"人設","role":"assistant"},"finish_reason":null,"native_finish_reason":null}]}
--- CHUNK 1783158665934 bytes=294 ---
data: {"id":"gen-1783158650-6fMKVkLglsFk7xQKrVEy","object":"chat.completion.chunk","created":1783158650,"model":"deepseek/deepseek-v4-flash-20260423","provider":"GMICloud","choices":[{"index":0,"delta":{"content":"\n   ","role":"assistant"},"finish_reason":null,"native_finish_reason":null}]}


PARSED: {"id":"gen-1783158650-6fMKVkLglsFk7xQKrVEy","object":"chat.completion.chunk","created":1783158650,"model":"deepseek/deepseek-v4-flash-20260423","provider":"GMICloud","choices":[{"index":0,"delta":{"content":"\n   ","role":"assistant"},"finish_reason":null,"native_finish_reason":null}]}
--- CHUNK 1783158665986 bytes=293 ---
data: {"id":"gen-1783158650-6fMKVkLglsFk7xQKrVEy","object":"chat.completion.chunk","created":1783158650,"model":"deepseek/deepseek-v4-flash-20260423","provider":"GMICloud","choices":[{"index":0,"delta":{"content":" │","role":"assistant"},"finish_reason":null,"native_finish_reason":null}]}


PARSED: {"id":"gen-1783158650-6fMKVkLglsFk7xQKrVEy","object":"chat.completion.chunk","created":1783158650,"model":"deepseek/deepseek-v4-flash-20260423","provider":"GMICloud","choices":[{"index":0,"delta":{"content":" │","role":"assistant"},"finish_reason":null,"native_finish_reason":null}]}
--- CHUNK 1783158665988 bytes=295 ---
data: {"id":"gen-1783158650-6fMKVkLglsFk7xQKrVEy","object":"chat.completion.chunk","created":1783158650,"model":"deepseek/deepseek-v4-flash-20260423","provider":"GMICloud","choices":[{"index":0,"delta":{"content":"   ├","role":"assistant"},"finish_reason":null,"native_finish_reason":null}]}


PARSED: {"id":"gen-1783158650-6fMKVkLglsFk7xQKrVEy","object":"chat.completion.chunk","created":1783158650,"model":"deepseek/deepseek-v4-flash-20260423","provider":"GMICloud","choices":[{"index":0,"delta":{"content":"   ├","role":"assistant"},"finish_reason":null,"native_finish_reason":null}]}
--- CHUNK 1783158666002 bytes=296 ---
data: {"id":"gen-1783158650-6fMKVkLglsFk7xQKrVEy","object":"chat.completion.chunk","created":1783158650,"model":"deepseek/deepseek-v4-flash-20260423","provider":"GMICloud","choices":[{"index":0,"delta":{"content":"── ","role":"assistant"},"finish_reason":null,"native_finish_reason":null}]}


PARSED: {"id":"gen-1783158650-6fMKVkLglsFk7xQKrVEy","object":"chat.completion.chunk","created":1783158650,"model":"deepseek/deepseek-v4-flash-20260423","provider":"GMICloud","choices":[{"index":0,"delta":{"content":"── ","role":"assistant"},"finish_reason":null,"native_finish_reason":null}]}
--- CHUNK 1783158666012 bytes=304 ---
data: {"id":"gen-1783158650-6fMKVkLglsFk7xQKrVEy","object":"chat.completion.chunk","created":1783158650,"model":"deepseek/deepseek-v4-flash-20260423","provider":"GMICloud","choices":[{"index":0,"delta":{"content":"使用者資訊","role":"assistant"},"finish_reason":null,"native_finish_reason":null}]}


PARSED: {"id":"gen-1783158650-6fMKVkLglsFk7xQKrVEy","object":"chat.completion.chunk","created":1783158650,"model":"deepseek/deepseek-v4-flash-20260423","provider":"GMICloud","choices":[{"index":0,"delta":{"content":"使用者資訊","role":"assistant"},"finish_reason":null,"native_finish_reason":null}]}
--- CHUNK 1783158666012 bytes=295 ---
data: {"id":"gen-1783158650-6fMKVkLglsFk7xQKrVEy","object":"chat.completion.chunk","created":1783158650,"model":"deepseek/deepseek-v4-flash-20260423","provider":"GMICloud","choices":[{"index":0,"delta":{"content":" + MEM","role":"assistant"},"finish_reason":null,"native_finish_reason":null}]}


PARSED: {"id":"gen-1783158650-6fMKVkLglsFk7xQKrVEy","object":"chat.completion.chunk","created":1783158650,"model":"deepseek/deepseek-v4-flash-20260423","provider":"GMICloud","choices":[{"index":0,"delta":{"content":" + MEM","role":"assistant"},"finish_reason":null,"native_finish_reason":null}]}
--- CHUNK 1783158666016 bytes=295 ---
data: {"id":"gen-1783158650-6fMKVkLglsFk7xQKrVEy","object":"chat.completion.chunk","created":1783158650,"model":"deepseek/deepseek-v4-flash-20260423","provider":"GMICloud","choices":[{"index":0,"delta":{"content":"ORY.md","role":"assistant"},"finish_reason":null,"native_finish_reason":null}]}


PARSED: {"id":"gen-1783158650-6fMKVkLglsFk7xQKrVEy","object":"chat.completion.chunk","created":1783158650,"model":"deepseek/deepseek-v4-flash-20260423","provider":"GMICloud","choices":[{"index":0,"delta":{"content":"ORY.md","role":"assistant"},"finish_reason":null,"native_finish_reason":null}]}
--- CHUNK 1783158666064 bytes=294 ---
data: {"id":"gen-1783158650-6fMKVkLglsFk7xQKrVEy","object":"chat.completion.chunk","created":1783158650,"model":"deepseek/deepseek-v4-flash-20260423","provider":"GMICloud","choices":[{"index":0,"delta":{"content":"     ","role":"assistant"},"finish_reason":null,"native_finish_reason":null}]}


PARSED: {"id":"gen-1783158650-6fMKVkLglsFk7xQKrVEy","object":"chat.completion.chunk","created":1783158650,"model":"deepseek/deepseek-v4-flash-20260423","provider":"GMICloud","choices":[{"index":0,"delta":{"content":"     ","role":"assistant"},"finish_reason":null,"native_finish_reason":null}]}
--- CHUNK 1783158666068 bytes=294 ---
data: {"id":"gen-1783158650-6fMKVkLglsFk7xQKrVEy","object":"chat.completion.chunk","created":1783158650,"model":"deepseek/deepseek-v4-flash-20260423","provider":"GMICloud","choices":[{"index":0,"delta":{"content":" — ","role":"assistant"},"finish_reason":null,"native_finish_reason":null}]}


PARSED: {"id":"gen-1783158650-6fMKVkLglsFk7xQKrVEy","object":"chat.completion.chunk","created":1783158650,"model":"deepseek/deepseek-v4-flash-20260423","provider":"GMICloud","choices":[{"index":0,"delta":{"content":" — ","role":"assistant"},"finish_reason":null,"native_finish_reason":null}]}
--- CHUNK 1783158666074 bytes=304 ---
data: {"id":"gen-1783158650-6fMKVkLglsFk7xQKrVEy","object":"chat.completion.chunk","created":1783158650,"model":"deepseek/deepseek-v4-flash-20260423","provider":"GMICloud","choices":[{"index":0,"delta":{"content":"使用者偏好","role":"assistant"},"finish_reason":null,"native_finish_reason":null}]}


PARSED: {"id":"gen-1783158650-6fMKVkLglsFk7xQKrVEy","object":"chat.completion.chunk","created":1783158650,"model":"deepseek/deepseek-v4-flash-20260423","provider":"GMICloud","choices":[{"index":0,"delta":{"content":"使用者偏好","role":"assistant"},"finish_reason":null,"native_finish_reason":null}]}
--- CHUNK 1783158666088 bytes=298 ---
data: {"id":"gen-1783158650-6fMKVkLglsFk7xQKrVEy","object":"chat.completion.chunk","created":1783158650,"model":"deepseek/deepseek-v4-flash-20260423","provider":"GMICloud","choices":[{"index":0,"delta":{"content":"與長期","role":"assistant"},"finish_reason":null,"native_finish_reason":null}]}


PARSED: {"id":"gen-1783158650-6fMKVkLglsFk7xQKrVEy","object":"chat.completion.chunk","created":1783158650,"model":"deepseek/deepseek-v4-flash-20260423","provider":"GMICloud","choices":[{"index":0,"delta":{"content":"與長期","role":"assistant"},"finish_reason":null,"native_finish_reason":null}]}
--- CHUNK 1783158666098 bytes=593 ---
data: {"id":"gen-1783158650-6fMKVkLglsFk7xQKrVEy","object":"chat.completion.chunk","created":1783158650,"model":"deepseek/deepseek-v4-flash-20260423","provider":"GMICloud","choices":[{"index":0,"delta":{"content":"記憶\n","role":"assistant"},"finish_reason":null,"native_finish_reason":null}]}

data: {"id":"gen-1783158650-6fMKVkLglsFk7xQKrVEy","object":"chat.completion.chunk","created":1783158650,"model":"deepseek/deepseek-v4-flash-20260423","provider":"GMICloud","choices":[{"index":0,"delta":{"content":"    │","role":"assistant"},"finish_reason":null,"native_finish_reason":null}]}


PARSED: {"id":"gen-1783158650-6fMKVkLglsFk7xQKrVEy","object":"chat.completion.chunk","created":1783158650,"model":"deepseek/deepseek-v4-flash-20260423","provider":"GMICloud","choices":[{"index":0,"delta":{"content":"記憶\n","role":"assistant"},"finish_reason":null,"native_finish_reason":null}]}
PARSED: {"id":"gen-1783158650-6fMKVkLglsFk7xQKrVEy","object":"chat.completion.chunk","created":1783158650,"model":"deepseek/deepseek-v4-flash-20260423","provider":"GMICloud","choices":[{"index":0,"delta":{"content":"    │","role":"assistant"},"finish_reason":null,"native_finish_reason":null}]}
--- CHUNK 1783158666100 bytes=291 ---
data: {"id":"gen-1783158650-6fMKVkLglsFk7xQKrVEy","object":"chat.completion.chunk","created":1783158650,"model":"deepseek/deepseek-v4-flash-20260423","provider":"GMICloud","choices":[{"index":0,"delta":{"content":"  ","role":"assistant"},"finish_reason":null,"native_finish_reason":null}]}


PARSED: {"id":"gen-1783158650-6fMKVkLglsFk7xQKrVEy","object":"chat.completion.chunk","created":1783158650,"model":"deepseek/deepseek-v4-flash-20260423","provider":"GMICloud","choices":[{"index":0,"delta":{"content":"  ","role":"assistant"},"finish_reason":null,"native_finish_reason":null}]}
--- CHUNK 1783158666103 bytes=299 ---
data: {"id":"gen-1783158650-6fMKVkLglsFk7xQKrVEy","object":"chat.completion.chunk","created":1783158650,"model":"deepseek/deepseek-v4-flash-20260423","provider":"GMICloud","choices":[{"index":0,"delta":{"content":" ├──","role":"assistant"},"finish_reason":null,"native_finish_reason":null}]}


PARSED: {"id":"gen-1783158650-6fMKVkLglsFk7xQKrVEy","object":"chat.completion.chunk","created":1783158650,"model":"deepseek/deepseek-v4-flash-20260423","provider":"GMICloud","choices":[{"index":0,"delta":{"content":" ├──","role":"assistant"},"finish_reason":null,"native_finish_reason":null}]}
--- CHUNK 1783158666107 bytes=295 ---
data: {"id":"gen-1783158650-6fMKVkLglsFk7xQKrVEy","object":"chat.completion.chunk","created":1783158650,"model":"deepseek/deepseek-v4-flash-20260423","provider":"GMICloud","choices":[{"index":0,"delta":{"content":" Apps ","role":"assistant"},"finish_reason":null,"native_finish_reason":null}]}


PARSED: {"id":"gen-1783158650-6fMKVkLglsFk7xQKrVEy","object":"chat.completion.chunk","created":1783158650,"model":"deepseek/deepseek-v4-flash-20260423","provider":"GMICloud","choices":[{"index":0,"delta":{"content":" Apps ","role":"assistant"},"finish_reason":null,"native_finish_reason":null}]}
--- CHUNK 1783158666284 bytes=295 ---
data: {"id":"gen-1783158650-6fMKVkLglsFk7xQKrVEy","object":"chat.completion.chunk","created":1783158650,"model":"deepseek/deepseek-v4-flash-20260423","provider":"GMICloud","choices":[{"index":0,"delta":{"content":"清單","role":"assistant"},"finish_reason":null,"native_finish_reason":null}]}


PARSED: {"id":"gen-1783158650-6fMKVkLglsFk7xQKrVEy","object":"chat.completion.chunk","created":1783158650,"model":"deepseek/deepseek-v4-flash-20260423","provider":"GMICloud","choices":[{"index":0,"delta":{"content":"清單","role":"assistant"},"finish_reason":null,"native_finish_reason":null}]}
--- CHUNK 1783158666287 bytes=296 ---
data: {"id":"gen-1783158650-6fMKVkLglsFk7xQKrVEy","object":"chat.completion.chunk","created":1783158650,"model":"deepseek/deepseek-v4-flash-20260423","provider":"GMICloud","choices":[{"index":0,"delta":{"content":" + Tool","role":"assistant"},"finish_reason":null,"native_finish_reason":null}]}


PARSED: {"id":"gen-1783158650-6fMKVkLglsFk7xQKrVEy","object":"chat.completion.chunk","created":1783158650,"model":"deepseek/deepseek-v4-flash-20260423","provider":"GMICloud","choices":[{"index":0,"delta":{"content":" + Tool","role":"assistant"},"finish_reason":null,"native_finish_reason":null}]}
--- CHUNK 1783158666299 bytes=296 ---
data: {"id":"gen-1783158650-6fMKVkLglsFk7xQKrVEy","object":"chat.completion.chunk","created":1783158650,"model":"deepseek/deepseek-v4-flash-20260423","provider":"GMICloud","choices":[{"index":0,"delta":{"content":" 規則","role":"assistant"},"finish_reason":null,"native_finish_reason":null}]}


PARSED: {"id":"gen-1783158650-6fMKVkLglsFk7xQKrVEy","object":"chat.completion.chunk","created":1783158650,"model":"deepseek/deepseek-v4-flash-20260423","provider":"GMICloud","choices":[{"index":0,"delta":{"content":" 規則","role":"assistant"},"finish_reason":null,"native_finish_reason":null}]}
--- CHUNK 1783158666701 bytes=25 ---
: OPENROUTER PROCESSING


--- CHUNK 1783158667111 bytes=25 ---
: OPENROUTER PROCESSING


--- CHUNK 1783158667310 bytes=295 ---
data: {"id":"gen-1783158650-6fMKVkLglsFk7xQKrVEy","object":"chat.completion.chunk","created":1783158650,"model":"deepseek/deepseek-v4-flash-20260423","provider":"GMICloud","choices":[{"index":0,"delta":{"content":"      ","role":"assistant"},"finish_reason":null,"native_finish_reason":null}]}


PARSED: {"id":"gen-1783158650-6fMKVkLglsFk7xQKrVEy","object":"chat.completion.chunk","created":1783158650,"model":"deepseek/deepseek-v4-flash-20260423","provider":"GMICloud","choices":[{"index":0,"delta":{"content":"      ","role":"assistant"},"finish_reason":null,"native_finish_reason":null}]}
--- CHUNK 1783158667315 bytes=294 ---
data: {"id":"gen-1783158650-6fMKVkLglsFk7xQKrVEy","object":"chat.completion.chunk","created":1783158650,"model":"deepseek/deepseek-v4-flash-20260423","provider":"GMICloud","choices":[{"index":0,"delta":{"content":" — ","role":"assistant"},"finish_reason":null,"native_finish_reason":null}]}


PARSED: {"id":"gen-1783158650-6fMKVkLglsFk7xQKrVEy","object":"chat.completion.chunk","created":1783158650,"model":"deepseek/deepseek-v4-flash-20260423","provider":"GMICloud","choices":[{"index":0,"delta":{"content":" — ","role":"assistant"},"finish_reason":null,"native_finish_reason":null}]}
--- CHUNK 1783158667318 bytes=298 ---
data: {"id":"gen-1783158650-6fMKVkLglsFk7xQKrVEy","object":"chat.completion.chunk","created":1783158650,"model":"deepseek/deepseek-v4-flash-20260423","provider":"GMICloud","choices":[{"index":0,"delta":{"content":"可用的","role":"assistant"},"finish_reason":null,"native_finish_reason":null}]}


PARSED: {"id":"gen-1783158650-6fMKVkLglsFk7xQKrVEy","object":"chat.completion.chunk","created":1783158650,"model":"deepseek/deepseek-v4-flash-20260423","provider":"GMICloud","choices":[{"index":0,"delta":{"content":"可用的","role":"assistant"},"finish_reason":null,"native_finish_reason":null}]}
--- CHUNK 1783158667339 bytes=297 ---
data: {"id":"gen-1783158650-6fMKVkLglsFk7xQKrVEy","object":"chat.completion.chunk","created":1783158650,"model":"deepseek/deepseek-v4-flash-20260423","provider":"GMICloud","choices":[{"index":0,"delta":{"content":"工具\n","role":"assistant"},"finish_reason":null,"native_finish_reason":null}]}


PARSED: {"id":"gen-1783158650-6fMKVkLglsFk7xQKrVEy","object":"chat.completion.chunk","created":1783158650,"model":"deepseek/deepseek-v4-flash-20260423","provider":"GMICloud","choices":[{"index":0,"delta":{"content":"工具\n","role":"assistant"},"finish_reason":null,"native_finish_reason":null}]}
--- CHUNK 1783158667345 bytes=296 ---
data: {"id":"gen-1783158650-6fMKVkLglsFk7xQKrVEy","object":"chat.completion.chunk","created":1783158650,"model":"deepseek/deepseek-v4-flash-20260423","provider":"GMICloud","choices":[{"index":0,"delta":{"content":"    │","role":"assistant"},"finish_reason":null,"native_finish_reason":null}]}


PARSED: {"id":"gen-1783158650-6fMKVkLglsFk7xQKrVEy","object":"chat.completion.chunk","created":1783158650,"model":"deepseek/deepseek-v4-flash-20260423","provider":"GMICloud","choices":[{"index":0,"delta":{"content":"    │","role":"assistant"},"finish_reason":null,"native_finish_reason":null}]}
--- CHUNK 1783158667349 bytes=295 ---
data: {"id":"gen-1783158650-6fMKVkLglsFk7xQKrVEy","object":"chat.completion.chunk","created":1783158650,"model":"deepseek/deepseek-v4-flash-20260423","provider":"GMICloud","choices":[{"index":0,"delta":{"content":"   ├","role":"assistant"},"finish_reason":null,"native_finish_reason":null}]}


PARSED: {"id":"gen-1783158650-6fMKVkLglsFk7xQKrVEy","object":"chat.completion.chunk","created":1783158650,"model":"deepseek/deepseek-v4-flash-20260423","provider":"GMICloud","choices":[{"index":0,"delta":{"content":"   ├","role":"assistant"},"finish_reason":null,"native_finish_reason":null}]}
--- CHUNK 1783158667374 bytes=300 ---
data: {"id":"gen-1783158650-6fMKVkLglsFk7xQKrVEy","object":"chat.completion.chunk","created":1783158650,"model":"deepseek/deepseek-v4-flash-20260423","provider":"GMICloud","choices":[{"index":0,"delta":{"content":"── crew","role":"assistant"},"finish_reason":null,"native_finish_reason":null}]}


PARSED: {"id":"gen-1783158650-6fMKVkLglsFk7xQKrVEy","object":"chat.completion.chunk","created":1783158650,"model":"deepseek/deepseek-v4-flash-20260423","provider":"GMICloud","choices":[{"index":0,"delta":{"content":"── crew","role":"assistant"},"finish_reason":null,"native_finish_reason":null}]}
--- CHUNK 1783158667378 bytes=295 ---
data: {"id":"gen-1783158650-6fMKVkLglsFk7xQKrVEy","object":"chat.completion.chunk","created":1783158650,"model":"deepseek/deepseek-v4-flash-20260423","provider":"GMICloud","choices":[{"index":0,"delta":{"content":"/skill","role":"assistant"},"finish_reason":null,"native_finish_reason":null}]}


PARSED: {"id":"gen-1783158650-6fMKVkLglsFk7xQKrVEy","object":"chat.completion.chunk","created":1783158650,"model":"deepseek/deepseek-v4-flash-20260423","provider":"GMICloud","choices":[{"index":0,"delta":{"content":"/skill","role":"assistant"},"finish_reason":null,"native_finish_reason":null}]}
--- CHUNK 1783158667384 bytes=295 ---
data: {"id":"gen-1783158650-6fMKVkLglsFk7xQKrVEy","object":"chat.completion.chunk","created":1783158650,"model":"deepseek/deepseek-v4-flash-20260423","provider":"GMICloud","choices":[{"index":0,"delta":{"content":"-rules","role":"assistant"},"finish_reason":null,"native_finish_reason":null}]}


PARSED: {"id":"gen-1783158650-6fMKVkLglsFk7xQKrVEy","object":"chat.completion.chunk","created":1783158650,"model":"deepseek/deepseek-v4-flash-20260423","provider":"GMICloud","choices":[{"index":0,"delta":{"content":"-rules","role":"assistant"},"finish_reason":null,"native_finish_reason":null}]}
--- CHUNK 1783158667406 bytes=292 ---
data: {"id":"gen-1783158650-6fMKVkLglsFk7xQKrVEy","object":"chat.completion.chunk","created":1783158650,"model":"deepseek/deepseek-v4-flash-20260423","provider":"GMICloud","choices":[{"index":0,"delta":{"content":".md","role":"assistant"},"finish_reason":null,"native_finish_reason":null}]}


PARSED: {"id":"gen-1783158650-6fMKVkLglsFk7xQKrVEy","object":"chat.completion.chunk","created":1783158650,"model":"deepseek/deepseek-v4-flash-20260423","provider":"GMICloud","choices":[{"index":0,"delta":{"content":".md","role":"assistant"},"finish_reason":null,"native_finish_reason":null}]}
--- CHUNK 1783158667450 bytes=301 ---
data: {"id":"gen-1783158650-6fMKVkLglsFk7xQKrVEy","object":"chat.completion.chunk","created":1783158650,"model":"deepseek/deepseek-v4-flash-20260423","provider":"GMICloud","choices":[{"index":0,"delta":{"content":"         —","role":"assistant"},"finish_reason":null,"native_finish_reason":null}]}


PARSED: {"id":"gen-1783158650-6fMKVkLglsFk7xQKrVEy","object":"chat.completion.chunk","created":1783158650,"model":"deepseek/deepseek-v4-flash-20260423","provider":"GMICloud","choices":[{"index":0,"delta":{"content":"         —","role":"assistant"},"finish_reason":null,"native_finish_reason":null}]}
--- CHUNK 1783158667567 bytes=296 ---
data: {"id":"gen-1783158650-6fMKVkLglsFk7xQKrVEy","object":"chat.completion.chunk","created":1783158650,"model":"deepseek/deepseek-v4-flash-20260423","provider":"GMICloud","choices":[{"index":0,"delta":{"content":" Skill ","role":"assistant"},"finish_reason":null,"native_finish_reason":null}]}


PARSED: {"id":"gen-1783158650-6fMKVkLglsFk7xQKrVEy","object":"chat.completion.chunk","created":1783158650,"model":"deepseek/deepseek-v4-flash-20260423","provider":"GMICloud","choices":[{"index":0,"delta":{"content":" Skill ","role":"assistant"},"finish_reason":null,"native_finish_reason":null}]}
--- CHUNK 1783158667569 bytes=301 ---
data: {"id":"gen-1783158650-6fMKVkLglsFk7xQKrVEy","object":"chat.completion.chunk","created":1783158650,"model":"deepseek/deepseek-v4-flash-20260423","provider":"GMICloud","choices":[{"index":0,"delta":{"content":"執行規則","role":"assistant"},"finish_reason":null,"native_finish_reason":null}]}


PARSED: {"id":"gen-1783158650-6fMKVkLglsFk7xQKrVEy","object":"chat.completion.chunk","created":1783158650,"model":"deepseek/deepseek-v4-flash-20260423","provider":"GMICloud","choices":[{"index":0,"delta":{"content":"執行規則","role":"assistant"},"finish_reason":null,"native_finish_reason":null}]}
--- CHUNK 1783158667571 bytes=295 ---
data: {"id":"gen-1783158650-6fMKVkLglsFk7xQKrVEy","object":"chat.completion.chunk","created":1783158650,"model":"deepseek/deepseek-v4-flash-20260423","provider":"GMICloud","choices":[{"index":0,"delta":{"content":"（讀","role":"assistant"},"finish_reason":null,"native_finish_reason":null}]}


PARSED: {"id":"gen-1783158650-6fMKVkLglsFk7xQKrVEy","object":"chat.completion.chunk","created":1783158650,"model":"deepseek/deepseek-v4-flash-20260423","provider":"GMICloud","choices":[{"index":0,"delta":{"content":"（讀","role":"assistant"},"finish_reason":null,"native_finish_reason":null}]}
--- CHUNK 1783158667572 bytes=295 ---
data: {"id":"gen-1783158650-6fMKVkLglsFk7xQKrVEy","object":"chat.completion.chunk","created":1783158650,"model":"deepseek/deepseek-v4-flash-20260423","provider":"GMICloud","choices":[{"index":0,"delta":{"content":" SKILL","role":"assistant"},"finish_reason":null,"native_finish_reason":null}]}


PARSED: {"id":"gen-1783158650-6fMKVkLglsFk7xQKrVEy","object":"chat.completion.chunk","created":1783158650,"model":"deepseek/deepseek-v4-flash-20260423","provider":"GMICloud","choices":[{"index":0,"delta":{"content":" SKILL","role":"assistant"},"finish_reason":null,"native_finish_reason":null}]}
--- CHUNK 1783158667575 bytes=292 ---
data: {"id":"gen-1783158650-6fMKVkLglsFk7xQKrVEy","object":"chat.completion.chunk","created":1783158650,"model":"deepseek/deepseek-v4-flash-20260423","provider":"GMICloud","choices":[{"index":0,"delta":{"content":".md","role":"assistant"},"finish_reason":null,"native_finish_reason":null}]}


PARSED: {"id":"gen-1783158650-6fMKVkLglsFk7xQKrVEy","object":"chat.completion.chunk","created":1783158650,"model":"deepseek/deepseek-v4-flash-20260423","provider":"GMICloud","choices":[{"index":0,"delta":{"content":".md","role":"assistant"},"finish_reason":null,"native_finish_reason":null}]}
--- CHUNK 1783158667577 bytes=294 ---
data: {"id":"gen-1783158650-6fMKVkLglsFk7xQKrVEy","object":"chat.completion.chunk","created":1783158650,"model":"deepseek/deepseek-v4-flash-20260423","provider":"GMICloud","choices":[{"index":0,"delta":{"content":" → ","role":"assistant"},"finish_reason":null,"native_finish_reason":null}]}


PARSED: {"id":"gen-1783158650-6fMKVkLglsFk7xQKrVEy","object":"chat.completion.chunk","created":1783158650,"model":"deepseek/deepseek-v4-flash-20260423","provider":"GMICloud","choices":[{"index":0,"delta":{"content":" → ","role":"assistant"},"finish_reason":null,"native_finish_reason":null}]}
--- CHUNK 1783158667579 bytes=298 ---
data: {"id":"gen-1783158650-6fMKVkLglsFk7xQKrVEy","object":"chat.completion.chunk","created":1783158650,"model":"deepseek/deepseek-v4-flash-20260423","provider":"GMICloud","choices":[{"index":0,"delta":{"content":"按步驟","role":"assistant"},"finish_reason":null,"native_finish_reason":null}]}


PARSED: {"id":"gen-1783158650-6fMKVkLglsFk7xQKrVEy","object":"chat.completion.chunk","created":1783158650,"model":"deepseek/deepseek-v4-flash-20260423","provider":"GMICloud","choices":[{"index":0,"delta":{"content":"按步驟","role":"assistant"},"finish_reason":null,"native_finish_reason":null}]}
--- CHUNK 1783158667581 bytes=300 ---
data: {"id":"gen-1783158650-6fMKVkLglsFk7xQKrVEy","object":"chat.completion.chunk","created":1783158650,"model":"deepseek/deepseek-v4-flash-20260423","provider":"GMICloud","choices":[{"index":0,"delta":{"content":"執行）\n","role":"assistant"},"finish_reason":null,"native_finish_reason":null}]}


PARSED: {"id":"gen-1783158650-6fMKVkLglsFk7xQKrVEy","object":"chat.completion.chunk","created":1783158650,"model":"deepseek/deepseek-v4-flash-20260423","provider":"GMICloud","choices":[{"index":0,"delta":{"content":"執行）\n","role":"assistant"},"finish_reason":null,"native_finish_reason":null}]}
--- CHUNK 1783158667583 bytes=296 ---
data: {"id":"gen-1783158650-6fMKVkLglsFk7xQKrVEy","object":"chat.completion.chunk","created":1783158650,"model":"deepseek/deepseek-v4-flash-20260423","provider":"GMICloud","choices":[{"index":0,"delta":{"content":"    │","role":"assistant"},"finish_reason":null,"native_finish_reason":null}]}


PARSED: {"id":"gen-1783158650-6fMKVkLglsFk7xQKrVEy","object":"chat.completion.chunk","created":1783158650,"model":"deepseek/deepseek-v4-flash-20260423","provider":"GMICloud","choices":[{"index":0,"delta":{"content":"    │","role":"assistant"},"finish_reason":null,"native_finish_reason":null}]}
--- CHUNK 1783158667585 bytes=295 ---
data: {"id":"gen-1783158650-6fMKVkLglsFk7xQKrVEy","object":"chat.completion.chunk","created":1783158650,"model":"deepseek/deepseek-v4-flash-20260423","provider":"GMICloud","choices":[{"index":0,"delta":{"content":"   ├","role":"assistant"},"finish_reason":null,"native_finish_reason":null}]}


PARSED: {"id":"gen-1783158650-6fMKVkLglsFk7xQKrVEy","object":"chat.completion.chunk","created":1783158650,"model":"deepseek/deepseek-v4-flash-20260423","provider":"GMICloud","choices":[{"index":0,"delta":{"content":"   ├","role":"assistant"},"finish_reason":null,"native_finish_reason":null}]}
--- CHUNK 1783158667587 bytes=301 ---
data: {"id":"gen-1783158650-6fMKVkLglsFk7xQKrVEy","object":"chat.completion.chunk","created":1783158650,"model":"deepseek/deepseek-v4-flash-20260423","provider":"GMICloud","choices":[{"index":0,"delta":{"content":"── guard","role":"assistant"},"finish_reason":null,"native_finish_reason":null}]}


PARSED: {"id":"gen-1783158650-6fMKVkLglsFk7xQKrVEy","object":"chat.completion.chunk","created":1783158650,"model":"deepseek/deepseek-v4-flash-20260423","provider":"GMICloud","choices":[{"index":0,"delta":{"content":"── guard","role":"assistant"},"finish_reason":null,"native_finish_reason":null}]}
--- CHUNK 1783158667590 bytes=296 ---
data: {"id":"gen-1783158650-6fMKVkLglsFk7xQKrVEy","object":"chat.completion.chunk","created":1783158650,"model":"deepseek/deepseek-v4-flash-20260423","provider":"GMICloud","choices":[{"index":0,"delta":{"content":"rails +","role":"assistant"},"finish_reason":null,"native_finish_reason":null}]}


PARSED: {"id":"gen-1783158650-6fMKVkLglsFk7xQKrVEy","object":"chat.completion.chunk","created":1783158650,"model":"deepseek/deepseek-v4-flash-20260423","provider":"GMICloud","choices":[{"index":0,"delta":{"content":"rails +","role":"assistant"},"finish_reason":null,"native_finish_reason":null}]}
--- CHUNK 1783158667591 bytes=297 ---
data: {"id":"gen-1783158650-6fMKVkLglsFk7xQKrVEy","object":"chat.completion.chunk","created":1783158650,"model":"deepseek/deepseek-v4-flash-20260423","provider":"GMICloud","choices":[{"index":0,"delta":{"content":" reply-r","role":"assistant"},"finish_reason":null,"native_finish_reason":null}]}


PARSED: {"id":"gen-1783158650-6fMKVkLglsFk7xQKrVEy","object":"chat.completion.chunk","created":1783158650,"model":"deepseek/deepseek-v4-flash-20260423","provider":"GMICloud","choices":[{"index":0,"delta":{"content":" reply-r","role":"assistant"},"finish_reason":null,"native_finish_reason":null}]}
--- CHUNK 1783158667625 bytes=296 ---
data: {"id":"gen-1783158650-6fMKVkLglsFk7xQKrVEy","object":"chat.completion.chunk","created":1783158650,"model":"deepseek/deepseek-v4-flash-20260423","provider":"GMICloud","choices":[{"index":0,"delta":{"content":"ules   ","role":"assistant"},"finish_reason":null,"native_finish_reason":null}]}


PARSED: {"id":"gen-1783158650-6fMKVkLglsFk7xQKrVEy","object":"chat.completion.chunk","created":1783158650,"model":"deepseek/deepseek-v4-flash-20260423","provider":"GMICloud","choices":[{"index":0,"delta":{"content":"ules   ","role":"assistant"},"finish_reason":null,"native_finish_reason":null}]}
--- CHUNK 1783158667627 bytes=294 ---
data: {"id":"gen-1783158650-6fMKVkLglsFk7xQKrVEy","object":"chat.completion.chunk","created":1783158650,"model":"deepseek/deepseek-v4-flash-20260423","provider":"GMICloud","choices":[{"index":0,"delta":{"content":" — ","role":"assistant"},"finish_reason":null,"native_finish_reason":null}]}


PARSED: {"id":"gen-1783158650-6fMKVkLglsFk7xQKrVEy","object":"chat.completion.chunk","created":1783158650,"model":"deepseek/deepseek-v4-flash-20260423","provider":"GMICloud","choices":[{"index":0,"delta":{"content":" — ","role":"assistant"},"finish_reason":null,"native_finish_reason":null}]}
--- CHUNK 1783158667630 bytes=301 ---
data: {"id":"gen-1783158650-6fMKVkLglsFk7xQKrVEy","object":"chat.completion.chunk","created":1783158650,"model":"deepseek/deepseek-v4-flash-20260423","provider":"GMICloud","choices":[{"index":0,"delta":{"content":"安全限制","role":"assistant"},"finish_reason":null,"native_finish_reason":null}]}


PARSED: {"id":"gen-1783158650-6fMKVkLglsFk7xQKrVEy","object":"chat.completion.chunk","created":1783158650,"model":"deepseek/deepseek-v4-flash-20260423","provider":"GMICloud","choices":[{"index":0,"delta":{"content":"安全限制","role":"assistant"},"finish_reason":null,"native_finish_reason":null}]}
--- CHUNK 1783158667650 bytes=295 ---
data: {"id":"gen-1783158650-6fMKVkLglsFk7xQKrVEy","object":"chat.completion.chunk","created":1783158650,"model":"deepseek/deepseek-v4-flash-20260423","provider":"GMICloud","choices":[{"index":0,"delta":{"content":"與回","role":"assistant"},"finish_reason":null,"native_finish_reason":null}]}


PARSED: {"id":"gen-1783158650-6fMKVkLglsFk7xQKrVEy","object":"chat.completion.chunk","created":1783158650,"model":"deepseek/deepseek-v4-flash-20260423","provider":"GMICloud","choices":[{"index":0,"delta":{"content":"與回","role":"assistant"},"finish_reason":null,"native_finish_reason":null}]}
--- CHUNK 1783158667653 bytes=298 ---
data: {"id":"gen-1783158650-6fMKVkLglsFk7xQKrVEy","object":"chat.completion.chunk","created":1783158650,"model":"deepseek/deepseek-v4-flash-20260423","provider":"GMICloud","choices":[{"index":0,"delta":{"content":"覆格式","role":"assistant"},"finish_reason":null,"native_finish_reason":null}]}


PARSED: {"id":"gen-1783158650-6fMKVkLglsFk7xQKrVEy","object":"chat.completion.chunk","created":1783158650,"model":"deepseek/deepseek-v4-flash-20260423","provider":"GMICloud","choices":[{"index":0,"delta":{"content":"覆格式","role":"assistant"},"finish_reason":null,"native_finish_reason":null}]}
--- CHUNK 1783158667657 bytes=294 ---
data: {"id":"gen-1783158650-6fMKVkLglsFk7xQKrVEy","object":"chat.completion.chunk","created":1783158650,"model":"deepseek/deepseek-v4-flash-20260423","provider":"GMICloud","choices":[{"index":0,"delta":{"content":"\n   ","role":"assistant"},"finish_reason":null,"native_finish_reason":null}]}


PARSED: {"id":"gen-1783158650-6fMKVkLglsFk7xQKrVEy","object":"chat.completion.chunk","created":1783158650,"model":"deepseek/deepseek-v4-flash-20260423","provider":"GMICloud","choices":[{"index":0,"delta":{"content":"\n   ","role":"assistant"},"finish_reason":null,"native_finish_reason":null}]}
--- CHUNK 1783158667691 bytes=293 ---
data: {"id":"gen-1783158650-6fMKVkLglsFk7xQKrVEy","object":"chat.completion.chunk","created":1783158650,"model":"deepseek/deepseek-v4-flash-20260423","provider":"GMICloud","choices":[{"index":0,"delta":{"content":" │","role":"assistant"},"finish_reason":null,"native_finish_reason":null}]}


PARSED: {"id":"gen-1783158650-6fMKVkLglsFk7xQKrVEy","object":"chat.completion.chunk","created":1783158650,"model":"deepseek/deepseek-v4-flash-20260423","provider":"GMICloud","choices":[{"index":0,"delta":{"content":" │","role":"assistant"},"finish_reason":null,"native_finish_reason":null}]}
--- CHUNK 1783158667691 bytes=291 ---
data: {"id":"gen-1783158650-6fMKVkLglsFk7xQKrVEy","object":"chat.completion.chunk","created":1783158650,"model":"deepseek/deepseek-v4-flash-20260423","provider":"GMICloud","choices":[{"index":0,"delta":{"content":"  ","role":"assistant"},"finish_reason":null,"native_finish_reason":null}]}


PARSED: {"id":"gen-1783158650-6fMKVkLglsFk7xQKrVEy","object":"chat.completion.chunk","created":1783158650,"model":"deepseek/deepseek-v4-flash-20260423","provider":"GMICloud","choices":[{"index":0,"delta":{"content":"  ","role":"assistant"},"finish_reason":null,"native_finish_reason":null}]}
--- CHUNK 1783158667775 bytes=299 ---
data: {"id":"gen-1783158650-6fMKVkLglsFk7xQKrVEy","object":"chat.completion.chunk","created":1783158650,"model":"deepseek/deepseek-v4-flash-20260423","provider":"GMICloud","choices":[{"index":0,"delta":{"content":" └──","role":"assistant"},"finish_reason":null,"native_finish_reason":null}]}


PARSED: {"id":"gen-1783158650-6fMKVkLglsFk7xQKrVEy","object":"chat.completion.chunk","created":1783158650,"model":"deepseek/deepseek-v4-flash-20260423","provider":"GMICloud","choices":[{"index":0,"delta":{"content":" └──","role":"assistant"},"finish_reason":null,"native_finish_reason":null}]}
--- CHUNK 1783158667775 bytes=293 ---
data: {"id":"gen-1783158650-6fMKVkLglsFk7xQKrVEy","object":"chat.completion.chunk","created":1783158650,"model":"deepseek/deepseek-v4-flash-20260423","provider":"GMICloud","choices":[{"index":0,"delta":{"content":" API","role":"assistant"},"finish_reason":null,"native_finish_reason":null}]}


PARSED: {"id":"gen-1783158650-6fMKVkLglsFk7xQKrVEy","object":"chat.completion.chunk","created":1783158650,"model":"deepseek/deepseek-v4-flash-20260423","provider":"GMICloud","choices":[{"index":0,"delta":{"content":" API","role":"assistant"},"finish_reason":null,"native_finish_reason":null}]}
--- CHUNK 1783158667780 bytes=297 ---
data: {"id":"gen-1783158650-6fMKVkLglsFk7xQKrVEy","object":"chat.completion.chunk","created":1783158650,"model":"deepseek/deepseek-v4-flash-20260423","provider":"GMICloud","choices":[{"index":0,"delta":{"content":" Tools +","role":"assistant"},"finish_reason":null,"native_finish_reason":null}]}


PARSED: {"id":"gen-1783158650-6fMKVkLglsFk7xQKrVEy","object":"chat.completion.chunk","created":1783158650,"model":"deepseek/deepseek-v4-flash-20260423","provider":"GMICloud","choices":[{"index":0,"delta":{"content":" Tools +","role":"assistant"},"finish_reason":null,"native_finish_reason":null}]}
--- CHUNK 1783158667781 bytes=597 ---
data: {"id":"gen-1783158650-6fMKVkLglsFk7xQKrVEy","object":"chat.completion.chunk","created":1783158650,"model":"deepseek/deepseek-v4-flash-20260423","provider":"GMICloud","choices":[{"index":0,"delta":{"content":" Generated Skills","role":"assistant"},"finish_reason":null,"native_finish_reason":null}]}

data: {"id":"gen-1783158650-6fMKVkLglsFk7xQKrVEy","object":"chat.completion.chunk","created":1783158650,"model":"deepseek/deepseek-v4-flash-20260423","provider":"GMICloud","choices":[{"index":0,"delta":{"content":"\n","role":"assistant"},"finish_reason":null,"native_finish_reason":null}]}


PARSED: {"id":"gen-1783158650-6fMKVkLglsFk7xQKrVEy","object":"chat.completion.chunk","created":1783158650,"model":"deepseek/deepseek-v4-flash-20260423","provider":"GMICloud","choices":[{"index":0,"delta":{"content":" Generated Skills","role":"assistant"},"finish_reason":null,"native_finish_reason":null}]}
PARSED: {"id":"gen-1783158650-6fMKVkLglsFk7xQKrVEy","object":"chat.completion.chunk","created":1783158650,"model":"deepseek/deepseek-v4-flash-20260423","provider":"GMICloud","choices":[{"index":0,"delta":{"content":"\n","role":"assistant"},"finish_reason":null,"native_finish_reason":null}]}
--- CHUNK 1783158667781 bytes=296 ---
data: {"id":"gen-1783158650-6fMKVkLglsFk7xQKrVEy","object":"chat.completion.chunk","created":1783158650,"model":"deepseek/deepseek-v4-flash-20260423","provider":"GMICloud","choices":[{"index":0,"delta":{"content":"    │","role":"assistant"},"finish_reason":null,"native_finish_reason":null}]}


PARSED: {"id":"gen-1783158650-6fMKVkLglsFk7xQKrVEy","object":"chat.completion.chunk","created":1783158650,"model":"deepseek/deepseek-v4-flash-20260423","provider":"GMICloud","choices":[{"index":0,"delta":{"content":"    │","role":"assistant"},"finish_reason":null,"native_finish_reason":null}]}
--- CHUNK 1783158667781 bytes=294 ---
data: {"id":"gen-1783158650-6fMKVkLglsFk7xQKrVEy","object":"chat.completion.chunk","created":1783158650,"model":"deepseek/deepseek-v4-flash-20260423","provider":"GMICloud","choices":[{"index":0,"delta":{"content":"\n   ","role":"assistant"},"finish_reason":null,"native_finish_reason":null}]}


PARSED: {"id":"gen-1783158650-6fMKVkLglsFk7xQKrVEy","object":"chat.completion.chunk","created":1783158650,"model":"deepseek/deepseek-v4-flash-20260423","provider":"GMICloud","choices":[{"index":0,"delta":{"content":"\n   ","role":"assistant"},"finish_reason":null,"native_finish_reason":null}]}
--- CHUNK 1783158667783 bytes=293 ---
data: {"id":"gen-1783158650-6fMKVkLglsFk7xQKrVEy","object":"chat.completion.chunk","created":1783158650,"model":"deepseek/deepseek-v4-flash-20260423","provider":"GMICloud","choices":[{"index":0,"delta":{"content":" ├","role":"assistant"},"finish_reason":null,"native_finish_reason":null}]}


PARSED: {"id":"gen-1783158650-6fMKVkLglsFk7xQKrVEy","object":"chat.completion.chunk","created":1783158650,"model":"deepseek/deepseek-v4-flash-20260423","provider":"GMICloud","choices":[{"index":0,"delta":{"content":" ├","role":"assistant"},"finish_reason":null,"native_finish_reason":null}]}
--- CHUNK 1783158667783 bytes=299 ---
data: {"id":"gen-1783158650-6fMKVkLglsFk7xQKrVEy","object":"chat.completion.chunk","created":1783158650,"model":"deepseek/deepseek-v4-flash-20260423","provider":"GMICloud","choices":[{"index":0,"delta":{"content":"── app","role":"assistant"},"finish_reason":null,"native_finish_reason":null}]}


PARSED: {"id":"gen-1783158650-6fMKVkLglsFk7xQKrVEy","object":"chat.completion.chunk","created":1783158650,"model":"deepseek/deepseek-v4-flash-20260423","provider":"GMICloud","choices":[{"index":0,"delta":{"content":"── app","role":"assistant"},"finish_reason":null,"native_finish_reason":null}]}
--- CHUNK 1783158667785 bytes=293 ---
data: {"id":"gen-1783158650-6fMKVkLglsFk7xQKrVEy","object":"chat.completion.chunk","created":1783158650,"model":"deepseek/deepseek-v4-flash-20260423","provider":"GMICloud","choices":[{"index":0,"delta":{"content":" 的","role":"assistant"},"finish_reason":null,"native_finish_reason":null}]}


PARSED: {"id":"gen-1783158650-6fMKVkLglsFk7xQKrVEy","object":"chat.completion.chunk","created":1783158650,"model":"deepseek/deepseek-v4-flash-20260423","provider":"GMICloud","choices":[{"index":0,"delta":{"content":" 的","role":"assistant"},"finish_reason":null,"native_finish_reason":null}]}
--- CHUNK 1783158667825 bytes=296 ---
data: {"id":"gen-1783158650-6fMKVkLglsFk7xQKrVEy","object":"chat.completion.chunk","created":1783158650,"model":"deepseek/deepseek-v4-flash-20260423","provider":"GMICloud","choices":[{"index":0,"delta":{"content":" SYSTEM","role":"assistant"},"finish_reason":null,"native_finish_reason":null}]}


PARSED: {"id":"gen-1783158650-6fMKVkLglsFk7xQKrVEy","object":"chat.completion.chunk","created":1783158650,"model":"deepseek/deepseek-v4-flash-20260423","provider":"GMICloud","choices":[{"index":0,"delta":{"content":" SYSTEM","role":"assistant"},"finish_reason":null,"native_finish_reason":null}]}
--- CHUNK 1783158667825 bytes=295 ---
data: {"id":"gen-1783158650-6fMKVkLglsFk7xQKrVEy","object":"chat.completion.chunk","created":1783158650,"model":"deepseek/deepseek-v4-flash-20260423","provider":"GMICloud","choices":[{"index":0,"delta":{"content":".md（","role":"assistant"},"finish_reason":null,"native_finish_reason":null}]}


PARSED: {"id":"gen-1783158650-6fMKVkLglsFk7xQKrVEy","object":"chat.completion.chunk","created":1783158650,"model":"deepseek/deepseek-v4-flash-20260423","provider":"GMICloud","choices":[{"index":0,"delta":{"content":".md（","role":"assistant"},"finish_reason":null,"native_finish_reason":null}]}
--- CHUNK 1783158667830 bytes=301 ---
data: {"id":"gen-1783158650-6fMKVkLglsFk7xQKrVEy","object":"chat.completion.chunk","created":1783158650,"model":"deepseek/deepseek-v4-flash-20260423","provider":"GMICloud","choices":[{"index":0,"delta":{"content":"如果有）","role":"assistant"},"finish_reason":null,"native_finish_reason":null}]}


PARSED: {"id":"gen-1783158650-6fMKVkLglsFk7xQKrVEy","object":"chat.completion.chunk","created":1783158650,"model":"deepseek/deepseek-v4-flash-20260423","provider":"GMICloud","choices":[{"index":0,"delta":{"content":"如果有）","role":"assistant"},"finish_reason":null,"native_finish_reason":null}]}
--- CHUNK 1783158667832 bytes=294 ---
data: {"id":"gen-1783158650-6fMKVkLglsFk7xQKrVEy","object":"chat.completion.chunk","created":1783158650,"model":"deepseek/deepseek-v4-flash-20260423","provider":"GMICloud","choices":[{"index":0,"delta":{"content":"     ","role":"assistant"},"finish_reason":null,"native_finish_reason":null}]}


PARSED: {"id":"gen-1783158650-6fMKVkLglsFk7xQKrVEy","object":"chat.completion.chunk","created":1783158650,"model":"deepseek/deepseek-v4-flash-20260423","provider":"GMICloud","choices":[{"index":0,"delta":{"content":"     ","role":"assistant"},"finish_reason":null,"native_finish_reason":null}]}
--- CHUNK 1783158667845 bytes=294 ---
data: {"id":"gen-1783158650-6fMKVkLglsFk7xQKrVEy","object":"chat.completion.chunk","created":1783158650,"model":"deepseek/deepseek-v4-flash-20260423","provider":"GMICloud","choices":[{"index":0,"delta":{"content":" — ","role":"assistant"},"finish_reason":null,"native_finish_reason":null}]}


PARSED: {"id":"gen-1783158650-6fMKVkLglsFk7xQKrVEy","object":"chat.completion.chunk","created":1783158650,"model":"deepseek/deepseek-v4-flash-20260423","provider":"GMICloud","choices":[{"index":0,"delta":{"content":" — ","role":"assistant"},"finish_reason":null,"native_finish_reason":null}]}
--- CHUNK 1783158667847 bytes=296 ---
data: {"id":"gen-1783158650-6fMKVkLglsFk7xQKrVEy","object":"chat.completion.chunk","created":1783158650,"model":"deepseek/deepseek-v4-flash-20260423","provider":"GMICloud","choices":[{"index":0,"delta":{"content":"該 App","role":"assistant"},"finish_reason":null,"native_finish_reason":null}]}


PARSED: {"id":"gen-1783158650-6fMKVkLglsFk7xQKrVEy","object":"chat.completion.chunk","created":1783158650,"model":"deepseek/deepseek-v4-flash-20260423","provider":"GMICloud","choices":[{"index":0,"delta":{"content":"該 App","role":"assistant"},"finish_reason":null,"native_finish_reason":null}]}
--- CHUNK 1783158668052 bytes=296 ---
data: {"id":"gen-1783158650-6fMKVkLglsFk7xQKrVEy","object":"chat.completion.chunk","created":1783158650,"model":"deepseek/deepseek-v4-flash-20260423","provider":"GMICloud","choices":[{"index":0,"delta":{"content":" 的自","role":"assistant"},"finish_reason":null,"native_finish_reason":null}]}


PARSED: {"id":"gen-1783158650-6fMKVkLglsFk7xQKrVEy","object":"chat.completion.chunk","created":1783158650,"model":"deepseek/deepseek-v4-flash-20260423","provider":"GMICloud","choices":[{"index":0,"delta":{"content":" 的自","role":"assistant"},"finish_reason":null,"native_finish_reason":null}]}
--- CHUNK 1783158668052 bytes=298 ---
data: {"id":"gen-1783158650-6fMKVkLglsFk7xQKrVEy","object":"chat.completion.chunk","created":1783158650,"model":"deepseek/deepseek-v4-flash-20260423","provider":"GMICloud","choices":[{"index":0,"delta":{"content":"訂提示","role":"assistant"},"finish_reason":null,"native_finish_reason":null}]}


PARSED: {"id":"gen-1783158650-6fMKVkLglsFk7xQKrVEy","object":"chat.completion.chunk","created":1783158650,"model":"deepseek/deepseek-v4-flash-20260423","provider":"GMICloud","choices":[{"index":0,"delta":{"content":"訂提示","role":"assistant"},"finish_reason":null,"native_finish_reason":null}]}
--- CHUNK 1783158668053 bytes=294 ---
data: {"id":"gen-1783158650-6fMKVkLglsFk7xQKrVEy","object":"chat.completion.chunk","created":1783158650,"model":"deepseek/deepseek-v4-flash-20260423","provider":"GMICloud","choices":[{"index":0,"delta":{"content":"\n   ","role":"assistant"},"finish_reason":null,"native_finish_reason":null}]}


PARSED: {"id":"gen-1783158650-6fMKVkLglsFk7xQKrVEy","object":"chat.completion.chunk","created":1783158650,"model":"deepseek/deepseek-v4-flash-20260423","provider":"GMICloud","choices":[{"index":0,"delta":{"content":"\n   ","role":"assistant"},"finish_reason":null,"native_finish_reason":null}]}
--- CHUNK 1783158668067 bytes=293 ---
data: {"id":"gen-1783158650-6fMKVkLglsFk7xQKrVEy","object":"chat.completion.chunk","created":1783158650,"model":"deepseek/deepseek-v4-flash-20260423","provider":"GMICloud","choices":[{"index":0,"delta":{"content":" │","role":"assistant"},"finish_reason":null,"native_finish_reason":null}]}


PARSED: {"id":"gen-1783158650-6fMKVkLglsFk7xQKrVEy","object":"chat.completion.chunk","created":1783158650,"model":"deepseek/deepseek-v4-flash-20260423","provider":"GMICloud","choices":[{"index":0,"delta":{"content":" │","role":"assistant"},"finish_reason":null,"native_finish_reason":null}]}
--- CHUNK 1783158668068 bytes=294 ---
data: {"id":"gen-1783158650-6fMKVkLglsFk7xQKrVEy","object":"chat.completion.chunk","created":1783158650,"model":"deepseek/deepseek-v4-flash-20260423","provider":"GMICloud","choices":[{"index":0,"delta":{"content":"\n   ","role":"assistant"},"finish_reason":null,"native_finish_reason":null}]}


PARSED: {"id":"gen-1783158650-6fMKVkLglsFk7xQKrVEy","object":"chat.completion.chunk","created":1783158650,"model":"deepseek/deepseek-v4-flash-20260423","provider":"GMICloud","choices":[{"index":0,"delta":{"content":"\n   ","role":"assistant"},"finish_reason":null,"native_finish_reason":null}]}
--- CHUNK 1783158668076 bytes=293 ---
data: {"id":"gen-1783158650-6fMKVkLglsFk7xQKrVEy","object":"chat.completion.chunk","created":1783158650,"model":"deepseek/deepseek-v4-flash-20260423","provider":"GMICloud","choices":[{"index":0,"delta":{"content":" └","role":"assistant"},"finish_reason":null,"native_finish_reason":null}]}


PARSED: {"id":"gen-1783158650-6fMKVkLglsFk7xQKrVEy","object":"chat.completion.chunk","created":1783158650,"model":"deepseek/deepseek-v4-flash-20260423","provider":"GMICloud","choices":[{"index":0,"delta":{"content":" └","role":"assistant"},"finish_reason":null,"native_finish_reason":null}]}
--- CHUNK 1783158668118 bytes=302 ---
data: {"id":"gen-1783158650-6fMKVkLglsFk7xQKrVEy","object":"chat.completion.chunk","created":1783158650,"model":"deepseek/deepseek-v4-flash-20260423","provider":"GMICloud","choices":[{"index":0,"delta":{"content":"── Prompt","role":"assistant"},"finish_reason":null,"native_finish_reason":null}]}


PARSED: {"id":"gen-1783158650-6fMKVkLglsFk7xQKrVEy","object":"chat.completion.chunk","created":1783158650,"model":"deepseek/deepseek-v4-flash-20260423","provider":"GMICloud","choices":[{"index":0,"delta":{"content":"── Prompt","role":"assistant"},"finish_reason":null,"native_finish_reason":null}]}
--- CHUNK 1783158668119 bytes=294 ---
data: {"id":"gen-1783158650-6fMKVkLglsFk7xQKrVEy","object":"chat.completion.chunk","created":1783158650,"model":"deepseek/deepseek-v4-flash-20260423","provider":"GMICloud","choices":[{"index":0,"delta":{"content":" = SK","role":"assistant"},"finish_reason":null,"native_finish_reason":null}]}


PARSED: {"id":"gen-1783158650-6fMKVkLglsFk7xQKrVEy","object":"chat.completion.chunk","created":1783158650,"model":"deepseek/deepseek-v4-flash-20260423","provider":"GMICloud","choices":[{"index":0,"delta":{"content":" = SK","role":"assistant"},"finish_reason":null,"native_finish_reason":null}]}
--- CHUNK 1783158668124 bytes=295 ---
data: {"id":"gen-1783158650-6fMKVkLglsFk7xQKrVEy","object":"chat.completion.chunk","created":1783158650,"model":"deepseek/deepseek-v4-flash-20260423","provider":"GMICloud","choices":[{"index":0,"delta":{"content":"ILL.md","role":"assistant"},"finish_reason":null,"native_finish_reason":null}]}


PARSED: {"id":"gen-1783158650-6fMKVkLglsFk7xQKrVEy","object":"chat.completion.chunk","created":1783158650,"model":"deepseek/deepseek-v4-flash-20260423","provider":"GMICloud","choices":[{"index":0,"delta":{"content":"ILL.md","role":"assistant"},"finish_reason":null,"native_finish_reason":null}]}
--- CHUNK 1783158668164 bytes=293 ---
data: {"id":"gen-1783158650-6fMKVkLglsFk7xQKrVEy","object":"chat.completion.chunk","created":1783158650,"model":"deepseek/deepseek-v4-flash-20260423","provider":"GMICloud","choices":[{"index":0,"delta":{"content":" 主","role":"assistant"},"finish_reason":null,"native_finish_reason":null}]}


PARSED: {"id":"gen-1783158650-6fMKVkLglsFk7xQKrVEy","object":"chat.completion.chunk","created":1783158650,"model":"deepseek/deepseek-v4-flash-20260423","provider":"GMICloud","choices":[{"index":0,"delta":{"content":" 主","role":"assistant"},"finish_reason":null,"native_finish_reason":null}]}
--- CHUNK 1783158668168 bytes=302 ---
data: {"id":"gen-1783158650-6fMKVkLglsFk7xQKrVEy","object":"chat.completion.chunk","created":1783158650,"model":"deepseek/deepseek-v4-flash-20260423","provider":"GMICloud","choices":[{"index":0,"delta":{"content":"體          ","role":"assistant"},"finish_reason":null,"native_finish_reason":null}]}


PARSED: {"id":"gen-1783158650-6fMKVkLglsFk7xQKrVEy","object":"chat.completion.chunk","created":1783158650,"model":"deepseek/deepseek-v4-flash-20260423","provider":"GMICloud","choices":[{"index":0,"delta":{"content":"體          ","role":"assistant"},"finish_reason":null,"native_finish_reason":null}]}
--- CHUNK 1783158668171 bytes=294 ---
data: {"id":"gen-1783158650-6fMKVkLglsFk7xQKrVEy","object":"chat.completion.chunk","created":1783158650,"model":"deepseek/deepseek-v4-flash-20260423","provider":"GMICloud","choices":[{"index":0,"delta":{"content":" ← ","role":"assistant"},"finish_reason":null,"native_finish_reason":null}]}


PARSED: {"id":"gen-1783158650-6fMKVkLglsFk7xQKrVEy","object":"chat.completion.chunk","created":1783158650,"model":"deepseek/deepseek-v4-flash-20260423","provider":"GMICloud","choices":[{"index":0,"delta":{"content":" ← ","role":"assistant"},"finish_reason":null,"native_finish_reason":null}]}
--- CHUNK 1783158668213 bytes=292 ---
data: {"id":"gen-1783158650-6fMKVkLglsFk7xQKrVEy","object":"chat.completion.chunk","created":1783158650,"model":"deepseek/deepseek-v4-flash-20260423","provider":"GMICloud","choices":[{"index":0,"delta":{"content":"變","role":"assistant"},"finish_reason":null,"native_finish_reason":null}]}


PARSED: {"id":"gen-1783158650-6fMKVkLglsFk7xQKrVEy","object":"chat.completion.chunk","created":1783158650,"model":"deepseek/deepseek-v4-flash-20260423","provider":"GMICloud","choices":[{"index":0,"delta":{"content":"變","role":"assistant"},"finish_reason":null,"native_finish_reason":null}]}
--- CHUNK 1783158668216 bytes=295 ---
data: {"id":"gen-1783158650-6fMKVkLglsFk7xQKrVEy","object":"chat.completion.chunk","created":1783158650,"model":"deepseek/deepseek-v4-flash-20260423","provider":"GMICloud","choices":[{"index":0,"delta":{"content":"數替","role":"assistant"},"finish_reason":null,"native_finish_reason":null}]}


PARSED: {"id":"gen-1783158650-6fMKVkLglsFk7xQKrVEy","object":"chat.completion.chunk","created":1783158650,"model":"deepseek/deepseek-v4-flash-20260423","provider":"GMICloud","choices":[{"index":0,"delta":{"content":"數替","role":"assistant"},"finish_reason":null,"native_finish_reason":null}]}
--- CHUNK 1783158668222 bytes=298 ---
data: {"id":"gen-1783158650-6fMKVkLglsFk7xQKrVEy","object":"chat.completion.chunk","created":1783158650,"model":"deepseek/deepseek-v4-flash-20260423","provider":"GMICloud","choices":[{"index":0,"delta":{"content":"換後的","role":"assistant"},"finish_reason":null,"native_finish_reason":null}]}


PARSED: {"id":"gen-1783158650-6fMKVkLglsFk7xQKrVEy","object":"chat.completion.chunk","created":1783158650,"model":"deepseek/deepseek-v4-flash-20260423","provider":"GMICloud","choices":[{"index":0,"delta":{"content":"換後的","role":"assistant"},"finish_reason":null,"native_finish_reason":null}]}
--- CHUNK 1783158668263 bytes=301 ---
data: {"id":"gen-1783158650-6fMKVkLglsFk7xQKrVEy","object":"chat.completion.chunk","created":1783158650,"model":"deepseek/deepseek-v4-flash-20260423","provider":"GMICloud","choices":[{"index":0,"delta":{"content":"完整內容","role":"assistant"},"finish_reason":null,"native_finish_reason":null}]}


PARSED: {"id":"gen-1783158650-6fMKVkLglsFk7xQKrVEy","object":"chat.completion.chunk","created":1783158650,"model":"deepseek/deepseek-v4-flash-20260423","provider":"GMICloud","choices":[{"index":0,"delta":{"content":"完整內容","role":"assistant"},"finish_reason":null,"native_finish_reason":null}]}
--- CHUNK 1783158668274 bytes=298 ---
data: {"id":"gen-1783158650-6fMKVkLglsFk7xQKrVEy","object":"chat.completion.chunk","created":1783158650,"model":"deepseek/deepseek-v4-flash-20260423","provider":"GMICloud","choices":[{"index":0,"delta":{"content":"\n       ","role":"assistant"},"finish_reason":null,"native_finish_reason":null}]}


PARSED: {"id":"gen-1783158650-6fMKVkLglsFk7xQKrVEy","object":"chat.completion.chunk","created":1783158650,"model":"deepseek/deepseek-v4-flash-20260423","provider":"GMICloud","choices":[{"index":0,"delta":{"content":"\n       ","role":"assistant"},"finish_reason":null,"native_finish_reason":null}]}
--- CHUNK 1783158668274 bytes=295 ---
data: {"id":"gen-1783158650-6fMKVkLglsFk7xQKrVEy","object":"chat.completion.chunk","created":1783158650,"model":"deepseek/deepseek-v4-flash-20260423","provider":"GMICloud","choices":[{"index":0,"delta":{"content":" （{{","role":"assistant"},"finish_reason":null,"native_finish_reason":null}]}


PARSED: {"id":"gen-1783158650-6fMKVkLglsFk7xQKrVEy","object":"chat.completion.chunk","created":1783158650,"model":"deepseek/deepseek-v4-flash-20260423","provider":"GMICloud","choices":[{"index":0,"delta":{"content":" （{{","role":"assistant"},"finish_reason":null,"native_finish_reason":null}]}
--- CHUNK 1783158668274 bytes=290 ---
data: {"id":"gen-1783158650-6fMKVkLglsFk7xQKrVEy","object":"chat.completion.chunk","created":1783158650,"model":"deepseek/deepseek-v4-flash-20260423","provider":"GMICloud","choices":[{"index":0,"delta":{"content":"P","role":"assistant"},"finish_reason":null,"native_finish_reason":null}]}


PARSED: {"id":"gen-1783158650-6fMKVkLglsFk7xQKrVEy","object":"chat.completion.chunk","created":1783158650,"model":"deepseek/deepseek-v4-flash-20260423","provider":"GMICloud","choices":[{"index":0,"delta":{"content":"P","role":"assistant"},"finish_reason":null,"native_finish_reason":null}]}
--- CHUNK 1783158668275 bytes=292 ---
data: {"id":"gen-1783158650-6fMKVkLglsFk7xQKrVEy","object":"chat.completion.chunk","created":1783158650,"model":"deepseek/deepseek-v4-flash-20260423","provider":"GMICloud","choices":[{"index":0,"delta":{"content":"AAW","role":"assistant"},"finish_reason":null,"native_finish_reason":null}]}


PARSED: {"id":"gen-1783158650-6fMKVkLglsFk7xQKrVEy","object":"chat.completion.chunk","created":1783158650,"model":"deepseek/deepseek-v4-flash-20260423","provider":"GMICloud","choices":[{"index":0,"delta":{"content":"AAW","role":"assistant"},"finish_reason":null,"native_finish_reason":null}]}
--- CHUNK 1783158668280 bytes=296 ---
data: {"id":"gen-1783158650-6fMKVkLglsFk7xQKrVEy","object":"chat.completion.chunk","created":1783158650,"model":"deepseek/deepseek-v4-flash-20260423","provider":"GMICloud","choices":[{"index":0,"delta":{"content":"_ROOT}}","role":"assistant"},"finish_reason":null,"native_finish_reason":null}]}


PARSED: {"id":"gen-1783158650-6fMKVkLglsFk7xQKrVEy","object":"chat.completion.chunk","created":1783158650,"model":"deepseek/deepseek-v4-flash-20260423","provider":"GMICloud","choices":[{"index":0,"delta":{"content":"_ROOT}}","role":"assistant"},"finish_reason":null,"native_finish_reason":null}]}
--- CHUNK 1783158668343 bytes=293 ---
data: {"id":"gen-1783158650-6fMKVkLglsFk7xQKrVEy","object":"chat.completion.chunk","created":1783158650,"model":"deepseek/deepseek-v4-flash-20260423","provider":"GMICloud","choices":[{"index":0,"delta":{"content":" 已","role":"assistant"},"finish_reason":null,"native_finish_reason":null}]}


PARSED: {"id":"gen-1783158650-6fMKVkLglsFk7xQKrVEy","object":"chat.completion.chunk","created":1783158650,"model":"deepseek/deepseek-v4-flash-20260423","provider":"GMICloud","choices":[{"index":0,"delta":{"content":" 已","role":"assistant"},"finish_reason":null,"native_finish_reason":null}]}
--- CHUNK 1783158668346 bytes=295 ---
data: {"id":"gen-1783158650-6fMKVkLglsFk7xQKrVEy","object":"chat.completion.chunk","created":1783158650,"model":"deepseek/deepseek-v4-flash-20260423","provider":"GMICloud","choices":[{"index":0,"delta":{"content":"替換","role":"assistant"},"finish_reason":null,"native_finish_reason":null}]}


PARSED: {"id":"gen-1783158650-6fMKVkLglsFk7xQKrVEy","object":"chat.completion.chunk","created":1783158650,"model":"deepseek/deepseek-v4-flash-20260423","provider":"GMICloud","choices":[{"index":0,"delta":{"content":"替換","role":"assistant"},"finish_reason":null,"native_finish_reason":null}]}
--- CHUNK 1783158668349 bytes=298 ---
data: {"id":"gen-1783158650-6fMKVkLglsFk7xQKrVEy","object":"chat.completion.chunk","created":1783158650,"model":"deepseek/deepseek-v4-flash-20260423","provider":"GMICloud","choices":[{"index":0,"delta":{"content":"為實際","role":"assistant"},"finish_reason":null,"native_finish_reason":null}]}


PARSED: {"id":"gen-1783158650-6fMKVkLglsFk7xQKrVEy","object":"chat.completion.chunk","created":1783158650,"model":"deepseek/deepseek-v4-flash-20260423","provider":"GMICloud","choices":[{"index":0,"delta":{"content":"為實際","role":"assistant"},"finish_reason":null,"native_finish_reason":null}]}
--- CHUNK 1783158668355 bytes=295 ---
data: {"id":"gen-1783158650-6fMKVkLglsFk7xQKrVEy","object":"chat.completion.chunk","created":1783158650,"model":"deepseek/deepseek-v4-flash-20260423","provider":"GMICloud","choices":[{"index":0,"delta":{"content":"路徑","role":"assistant"},"finish_reason":null,"native_finish_reason":null}]}


PARSED: {"id":"gen-1783158650-6fMKVkLglsFk7xQKrVEy","object":"chat.completion.chunk","created":1783158650,"model":"deepseek/deepseek-v4-flash-20260423","provider":"GMICloud","choices":[{"index":0,"delta":{"content":"路徑","role":"assistant"},"finish_reason":null,"native_finish_reason":null}]}
--- CHUNK 1783158668360 bytes=301 ---
data: {"id":"gen-1783158650-6fMKVkLglsFk7xQKrVEy","object":"chat.completion.chunk","created":1783158650,"model":"deepseek/deepseek-v4-flash-20260423","provider":"GMICloud","choices":[{"index":0,"delta":{"content":"）\n       ","role":"assistant"},"finish_reason":null,"native_finish_reason":null}]}


PARSED: {"id":"gen-1783158650-6fMKVkLglsFk7xQKrVEy","object":"chat.completion.chunk","created":1783158650,"model":"deepseek/deepseek-v4-flash-20260423","provider":"GMICloud","choices":[{"index":0,"delta":{"content":"）\n       ","role":"assistant"},"finish_reason":null,"native_finish_reason":null}]}
--- CHUNK 1783158668363 bytes=295 ---
data: {"id":"gen-1783158650-6fMKVkLglsFk7xQKrVEy","object":"chat.completion.chunk","created":1783158650,"model":"deepseek/deepseek-v4-flash-20260423","provider":"GMICloud","choices":[{"index":0,"delta":{"content":" （{{","role":"assistant"},"finish_reason":null,"native_finish_reason":null}]}


PARSED: {"id":"gen-1783158650-6fMKVkLglsFk7xQKrVEy","object":"chat.completion.chunk","created":1783158650,"model":"deepseek/deepseek-v4-flash-20260423","provider":"GMICloud","choices":[{"index":0,"delta":{"content":" （{{","role":"assistant"},"finish_reason":null,"native_finish_reason":null}]}
--- CHUNK 1783158668368 bytes=292 ---
data: {"id":"gen-1783158650-6fMKVkLglsFk7xQKrVEy","object":"chat.completion.chunk","created":1783158650,"model":"deepseek/deepseek-v4-flash-20260423","provider":"GMICloud","choices":[{"index":0,"delta":{"content":"key","role":"assistant"},"finish_reason":null,"native_finish_reason":null}]}


PARSED: {"id":"gen-1783158650-6fMKVkLglsFk7xQKrVEy","object":"chat.completion.chunk","created":1783158650,"model":"deepseek/deepseek-v4-flash-20260423","provider":"GMICloud","choices":[{"index":0,"delta":{"content":"key","role":"assistant"},"finish_reason":null,"native_finish_reason":null}]}
--- CHUNK 1783158668370 bytes=292 ---
data: {"id":"gen-1783158650-6fMKVkLglsFk7xQKrVEy","object":"chat.completion.chunk","created":1783158650,"model":"deepseek/deepseek-v4-flash-20260423","provider":"GMICloud","choices":[{"index":0,"delta":{"content":"}} ","role":"assistant"},"finish_reason":null,"native_finish_reason":null}]}


PARSED: {"id":"gen-1783158650-6fMKVkLglsFk7xQKrVEy","object":"chat.completion.chunk","created":1783158650,"model":"deepseek/deepseek-v4-flash-20260423","provider":"GMICloud","choices":[{"index":0,"delta":{"content":"}} ","role":"assistant"},"finish_reason":null,"native_finish_reason":null}]}
--- CHUNK 1783158668376 bytes=295 ---
data: {"id":"gen-1783158650-6fMKVkLglsFk7xQKrVEy","object":"chat.completion.chunk","created":1783158650,"model":"deepseek/deepseek-v4-flash-20260423","provider":"GMICloud","choices":[{"index":0,"delta":{"content":"已替","role":"assistant"},"finish_reason":null,"native_finish_reason":null}]}


PARSED: {"id":"gen-1783158650-6fMKVkLglsFk7xQKrVEy","object":"chat.completion.chunk","created":1783158650,"model":"deepseek/deepseek-v4-flash-20260423","provider":"GMICloud","choices":[{"index":0,"delta":{"content":"已替","role":"assistant"},"finish_reason":null,"native_finish_reason":null}]}
--- CHUNK 1783158668401 bytes=295 ---
data: {"id":"gen-1783158650-6fMKVkLglsFk7xQKrVEy","object":"chat.completion.chunk","created":1783158650,"model":"deepseek/deepseek-v4-flash-20260423","provider":"GMICloud","choices":[{"index":0,"delta":{"content":"換為","role":"assistant"},"finish_reason":null,"native_finish_reason":null}]}


PARSED: {"id":"gen-1783158650-6fMKVkLglsFk7xQKrVEy","object":"chat.completion.chunk","created":1783158650,"model":"deepseek/deepseek-v4-flash-20260423","provider":"GMICloud","choices":[{"index":0,"delta":{"content":"換為","role":"assistant"},"finish_reason":null,"native_finish_reason":null}]}
--- CHUNK 1783158668414 bytes=301 ---
data: {"id":"gen-1783158650-6fMKVkLglsFk7xQKrVEy","object":"chat.completion.chunk","created":1783158650,"model":"deepseek/deepseek-v4-flash-20260423","provider":"GMICloud","choices":[{"index":0,"delta":{"content":"使用者的","role":"assistant"},"finish_reason":null,"native_finish_reason":null}]}


PARSED: {"id":"gen-1783158650-6fMKVkLglsFk7xQKrVEy","object":"chat.completion.chunk","created":1783158650,"model":"deepseek/deepseek-v4-flash-20260423","provider":"GMICloud","choices":[{"index":0,"delta":{"content":"使用者的","role":"assistant"},"finish_reason":null,"native_finish_reason":null}]}
--- CHUNK 1783158668414 bytes=298 ---
data: {"id":"gen-1783158650-6fMKVkLglsFk7xQKrVEy","object":"chat.completion.chunk","created":1783158650,"model":"deepseek/deepseek-v4-flash-20260423","provider":"GMICloud","choices":[{"index":0,"delta":{"content":"輸入值","role":"assistant"},"finish_reason":null,"native_finish_reason":null}]}


PARSED: {"id":"gen-1783158650-6fMKVkLglsFk7xQKrVEy","object":"chat.completion.chunk","created":1783158650,"model":"deepseek/deepseek-v4-flash-20260423","provider":"GMICloud","choices":[{"index":0,"delta":{"content":"輸入值","role":"assistant"},"finish_reason":null,"native_finish_reason":null}]}
--- CHUNK 1783158668429 bytes=301 ---
data: {"id":"gen-1783158650-6fMKVkLglsFk7xQKrVEy","object":"chat.completion.chunk","created":1783158650,"model":"deepseek/deepseek-v4-flash-20260423","provider":"GMICloud","choices":[{"index":0,"delta":{"content":"）\n```\n\n","role":"assistant"},"finish_reason":null,"native_finish_reason":null}]}


PARSED: {"id":"gen-1783158650-6fMKVkLglsFk7xQKrVEy","object":"chat.completion.chunk","created":1783158650,"model":"deepseek/deepseek-v4-flash-20260423","provider":"GMICloud","choices":[{"index":0,"delta":{"content":"）\n```\n\n","role":"assistant"},"finish_reason":null,"native_finish_reason":null}]}
--- CHUNK 1783158668438 bytes=298 ---
data: {"id":"gen-1783158650-6fMKVkLglsFk7xQKrVEy","object":"chat.completion.chunk","created":1783158650,"model":"deepseek/deepseek-v4-flash-20260423","provider":"GMICloud","choices":[{"index":0,"delta":{"content":"### Agent","role":"assistant"},"finish_reason":null,"native_finish_reason":null}]}


PARSED: {"id":"gen-1783158650-6fMKVkLglsFk7xQKrVEy","object":"chat.completion.chunk","created":1783158650,"model":"deepseek/deepseek-v4-flash-20260423","provider":"GMICloud","choices":[{"index":0,"delta":{"content":"### Agent","role":"assistant"},"finish_reason":null,"native_finish_reason":null}]}
--- CHUNK 1783158668441 bytes=295 ---
data: {"id":"gen-1783158650-6fMKVkLglsFk7xQKrVEy","object":"chat.completion.chunk","created":1783158650,"model":"deepseek/deepseek-v4-flash-20260423","provider":"GMICloud","choices":[{"index":0,"delta":{"content":" Loop ","role":"assistant"},"finish_reason":null,"native_finish_reason":null}]}


PARSED: {"id":"gen-1783158650-6fMKVkLglsFk7xQKrVEy","object":"chat.completion.chunk","created":1783158650,"model":"deepseek/deepseek-v4-flash-20260423","provider":"GMICloud","choices":[{"index":0,"delta":{"content":" Loop ","role":"assistant"},"finish_reason":null,"native_finish_reason":null}]}
--- CHUNK 1783158668475 bytes=295 ---
data: {"id":"gen-1783158650-6fMKVkLglsFk7xQKrVEy","object":"chat.completion.chunk","created":1783158650,"model":"deepseek/deepseek-v4-flash-20260423","provider":"GMICloud","choices":[{"index":0,"delta":{"content":"實際","role":"assistant"},"finish_reason":null,"native_finish_reason":null}]}


PARSED: {"id":"gen-1783158650-6fMKVkLglsFk7xQKrVEy","object":"chat.completion.chunk","created":1783158650,"model":"deepseek/deepseek-v4-flash-20260423","provider":"GMICloud","choices":[{"index":0,"delta":{"content":"實際","role":"assistant"},"finish_reason":null,"native_finish_reason":null}]}
--- CHUNK 1783158668479 bytes=299 ---
data: {"id":"gen-1783158650-6fMKVkLglsFk7xQKrVEy","object":"chat.completion.chunk","created":1783158650,"model":"deepseek/deepseek-v4-flash-20260423","provider":"GMICloud","choices":[{"index":0,"delta":{"content":"執行\n\n","role":"assistant"},"finish_reason":null,"native_finish_reason":null}]}


PARSED: {"id":"gen-1783158650-6fMKVkLglsFk7xQKrVEy","object":"chat.completion.chunk","created":1783158650,"model":"deepseek/deepseek-v4-flash-20260423","provider":"GMICloud","choices":[{"index":0,"delta":{"content":"執行\n\n","role":"assistant"},"finish_reason":null,"native_finish_reason":null}]}
--- CHUNK 1783158668484 bytes=295 ---
data: {"id":"gen-1783158650-6fMKVkLglsFk7xQKrVEy","object":"chat.completion.chunk","created":1783158650,"model":"deepseek/deepseek-v4-flash-20260423","provider":"GMICloud","choices":[{"index":0,"delta":{"content":"組裝","role":"assistant"},"finish_reason":null,"native_finish_reason":null}]}


PARSED: {"id":"gen-1783158650-6fMKVkLglsFk7xQKrVEy","object":"chat.completion.chunk","created":1783158650,"model":"deepseek/deepseek-v4-flash-20260423","provider":"GMICloud","choices":[{"index":0,"delta":{"content":"組裝","role":"assistant"},"finish_reason":null,"native_finish_reason":null}]}
--- CHUNK 1783158668502 bytes=292 ---
data: {"id":"gen-1783158650-6fMKVkLglsFk7xQKrVEy","object":"chat.completion.chunk","created":1783158650,"model":"deepseek/deepseek-v4-flash-20260423","provider":"GMICloud","choices":[{"index":0,"delta":{"content":"好","role":"assistant"},"finish_reason":null,"native_finish_reason":null}]}


PARSED: {"id":"gen-1783158650-6fMKVkLglsFk7xQKrVEy","object":"chat.completion.chunk","created":1783158650,"model":"deepseek/deepseek-v4-flash-20260423","provider":"GMICloud","choices":[{"index":0,"delta":{"content":"好","role":"assistant"},"finish_reason":null,"native_finish_reason":null}]}
--- CHUNK 1783158668507 bytes=302 ---
data: {"id":"gen-1783158650-6fMKVkLglsFk7xQKrVEy","object":"chat.completion.chunk","created":1783158650,"model":"deepseek/deepseek-v4-flash-20260423","provider":"GMICloud","choices":[{"index":0,"delta":{"content":" systemPrompt","role":"assistant"},"finish_reason":null,"native_finish_reason":null}]}


PARSED: {"id":"gen-1783158650-6fMKVkLglsFk7xQKrVEy","object":"chat.completion.chunk","created":1783158650,"model":"deepseek/deepseek-v4-flash-20260423","provider":"GMICloud","choices":[{"index":0,"delta":{"content":" systemPrompt","role":"assistant"},"finish_reason":null,"native_finish_reason":null}]}
--- CHUNK 1783158668512 bytes=293 ---
data: {"id":"gen-1783158650-6fMKVkLglsFk7xQKrVEy","object":"chat.completion.chunk","created":1783158650,"model":"deepseek/deepseek-v4-flash-20260423","provider":"GMICloud","choices":[{"index":0,"delta":{"content":" 後","role":"assistant"},"finish_reason":null,"native_finish_reason":null}]}


PARSED: {"id":"gen-1783158650-6fMKVkLglsFk7xQKrVEy","object":"chat.completion.chunk","created":1783158650,"model":"deepseek/deepseek-v4-flash-20260423","provider":"GMICloud","choices":[{"index":0,"delta":{"content":" 後","role":"assistant"},"finish_reason":null,"native_finish_reason":null}]}
--- CHUNK 1783158668565 bytes=292 ---
data: {"id":"gen-1783158650-6fMKVkLglsFk7xQKrVEy","object":"chat.completion.chunk","created":1783158650,"model":"deepseek/deepseek-v4-flash-20260423","provider":"GMICloud","choices":[{"index":0,"delta":{"content":"，","role":"assistant"},"finish_reason":null,"native_finish_reason":null}]}


PARSED: {"id":"gen-1783158650-6fMKVkLglsFk7xQKrVEy","object":"chat.completion.chunk","created":1783158650,"model":"deepseek/deepseek-v4-flash-20260423","provider":"GMICloud","choices":[{"index":0,"delta":{"content":"，","role":"assistant"},"finish_reason":null,"native_finish_reason":null}]}
--- CHUNK 1783158668567 bytes=298 ---
data: {"id":"gen-1783158650-6fMKVkLglsFk7xQKrVEy","object":"chat.completion.chunk","created":1783158650,"model":"deepseek/deepseek-v4-flash-20260423","provider":"GMICloud","choices":[{"index":0,"delta":{"content":"交由 **","role":"assistant"},"finish_reason":null,"native_finish_reason":null}]}


PARSED: {"id":"gen-1783158650-6fMKVkLglsFk7xQKrVEy","object":"chat.completion.chunk","created":1783158650,"model":"deepseek/deepseek-v4-flash-20260423","provider":"GMICloud","choices":[{"index":0,"delta":{"content":"交由 **","role":"assistant"},"finish_reason":null,"native_finish_reason":null}]}
--- CHUNK 1783158668568 bytes=293 ---
data: {"id":"gen-1783158650-6fMKVkLglsFk7xQKrVEy","object":"chat.completion.chunk","created":1783158650,"model":"deepseek/deepseek-v4-flash-20260423","provider":"GMICloud","choices":[{"index":0,"delta":{"content":"`run","role":"assistant"},"finish_reason":null,"native_finish_reason":null}]}


PARSED: {"id":"gen-1783158650-6fMKVkLglsFk7xQKrVEy","object":"chat.completion.chunk","created":1783158650,"model":"deepseek/deepseek-v4-flash-20260423","provider":"GMICloud","choices":[{"index":0,"delta":{"content":"`run","role":"assistant"},"finish_reason":null,"native_finish_reason":null}]}
--- CHUNK 1783158668619 bytes=298 ---
data: {"id":"gen-1783158650-6fMKVkLglsFk7xQKrVEy","object":"chat.completion.chunk","created":1783158650,"model":"deepseek/deepseek-v4-flash-20260423","provider":"GMICloud","choices":[{"index":0,"delta":{"content":"AgentLoop","role":"assistant"},"finish_reason":null,"native_finish_reason":null}]}


PARSED: {"id":"gen-1783158650-6fMKVkLglsFk7xQKrVEy","object":"chat.completion.chunk","created":1783158650,"model":"deepseek/deepseek-v4-flash-20260423","provider":"GMICloud","choices":[{"index":0,"delta":{"content":"AgentLoop","role":"assistant"},"finish_reason":null,"native_finish_reason":null}]}
--- CHUNK 1783158668625 bytes=294 ---
data: {"id":"gen-1783158650-6fMKVkLglsFk7xQKrVEy","object":"chat.completion.chunk","created":1783158650,"model":"deepseek/deepseek-v4-flash-20260423","provider":"GMICloud","choices":[{"index":0,"delta":{"content":"()`**","role":"assistant"},"finish_reason":null,"native_finish_reason":null}]}


PARSED: {"id":"gen-1783158650-6fMKVkLglsFk7xQKrVEy","object":"chat.completion.chunk","created":1783158650,"model":"deepseek/deepseek-v4-flash-20260423","provider":"GMICloud","choices":[{"index":0,"delta":{"content":"()`**","role":"assistant"},"finish_reason":null,"native_finish_reason":null}]}
--- CHUNK 1783158668629 bytes=298 ---
data: {"id":"gen-1783158650-6fMKVkLglsFk7xQKrVEy","object":"chat.completion.chunk","created":1783158650,"model":"deepseek/deepseek-v4-flash-20260423","provider":"GMICloud","choices":[{"index":0,"delta":{"content":"（位於","role":"assistant"},"finish_reason":null,"native_finish_reason":null}]}


PARSED: {"id":"gen-1783158650-6fMKVkLglsFk7xQKrVEy","object":"chat.completion.chunk","created":1783158650,"model":"deepseek/deepseek-v4-flash-20260423","provider":"GMICloud","choices":[{"index":0,"delta":{"content":"（位於","role":"assistant"},"finish_reason":null,"native_finish_reason":null}]}
--- CHUNK 1783158668827 bytes=295 ---
data: {"id":"gen-1783158650-6fMKVkLglsFk7xQKrVEy","object":"chat.completion.chunk","created":1783158650,"model":"deepseek/deepseek-v4-flash-20260423","provider":"GMICloud","choices":[{"index":0,"delta":{"content":" `pack","role":"assistant"},"finish_reason":null,"native_finish_reason":null}]}


PARSED: {"id":"gen-1783158650-6fMKVkLglsFk7xQKrVEy","object":"chat.completion.chunk","created":1783158650,"model":"deepseek/deepseek-v4-flash-20260423","provider":"GMICloud","choices":[{"index":0,"delta":{"content":" `pack","role":"assistant"},"finish_reason":null,"native_finish_reason":null}]}
--- CHUNK 1783158668831 bytes=300 ---
data: {"id":"gen-1783158650-6fMKVkLglsFk7xQKrVEy","object":"chat.completion.chunk","created":1783158650,"model":"deepseek/deepseek-v4-flash-20260423","provider":"GMICloud","choices":[{"index":0,"delta":{"content":"ages/server","role":"assistant"},"finish_reason":null,"native_finish_reason":null}]}


PARSED: {"id":"gen-1783158650-6fMKVkLglsFk7xQKrVEy","object":"chat.completion.chunk","created":1783158650,"model":"deepseek/deepseek-v4-flash-20260423","provider":"GMICloud","choices":[{"index":0,"delta":{"content":"ages/server","role":"assistant"},"finish_reason":null,"native_finish_reason":null}]}
--- CHUNK 1783158668836 bytes=297 ---
data: {"id":"gen-1783158650-6fMKVkLglsFk7xQKrVEy","object":"chat.completion.chunk","created":1783158650,"model":"deepseek/deepseek-v4-flash-20260423","provider":"GMICloud","choices":[{"index":0,"delta":{"content":"/src/lib","role":"assistant"},"finish_reason":null,"native_finish_reason":null}]}


PARSED: {"id":"gen-1783158650-6fMKVkLglsFk7xQKrVEy","object":"chat.completion.chunk","created":1783158650,"model":"deepseek/deepseek-v4-flash-20260423","provider":"GMICloud","choices":[{"index":0,"delta":{"content":"/src/lib","role":"assistant"},"finish_reason":null,"native_finish_reason":null}]}
--- CHUNK 1783158668871 bytes=290 ---
data: {"id":"gen-1783158650-6fMKVkLglsFk7xQKrVEy","object":"chat.completion.chunk","created":1783158650,"model":"deepseek/deepseek-v4-flash-20260423","provider":"GMICloud","choices":[{"index":0,"delta":{"content":"/","role":"assistant"},"finish_reason":null,"native_finish_reason":null}]}


PARSED: {"id":"gen-1783158650-6fMKVkLglsFk7xQKrVEy","object":"chat.completion.chunk","created":1783158650,"model":"deepseek/deepseek-v4-flash-20260423","provider":"GMICloud","choices":[{"index":0,"delta":{"content":"/","role":"assistant"},"finish_reason":null,"native_finish_reason":null}]}
--- CHUNK 1783158668879 bytes=293 ---
data: {"id":"gen-1783158650-6fMKVkLglsFk7xQKrVEy","object":"chat.completion.chunk","created":1783158650,"model":"deepseek/deepseek-v4-flash-20260423","provider":"GMICloud","choices":[{"index":0,"delta":{"content":"paaw","role":"assistant"},"finish_reason":null,"native_finish_reason":null}]}


PARSED: {"id":"gen-1783158650-6fMKVkLglsFk7xQKrVEy","object":"chat.completion.chunk","created":1783158650,"model":"deepseek/deepseek-v4-flash-20260423","provider":"GMICloud","choices":[{"index":0,"delta":{"content":"paaw","role":"assistant"},"finish_reason":null,"native_finish_reason":null}]}
--- CHUNK 1783158668879 bytes=300 ---
data: {"id":"gen-1783158650-6fMKVkLglsFk7xQKrVEy","object":"chat.completion.chunk","created":1783158650,"model":"deepseek/deepseek-v4-flash-20260423","provider":"GMICloud","choices":[{"index":0,"delta":{"content":"-agent-loop","role":"assistant"},"finish_reason":null,"native_finish_reason":null}]}


PARSED: {"id":"gen-1783158650-6fMKVkLglsFk7xQKrVEy","object":"chat.completion.chunk","created":1783158650,"model":"deepseek/deepseek-v4-flash-20260423","provider":"GMICloud","choices":[{"index":0,"delta":{"content":"-agent-loop","role":"assistant"},"finish_reason":null,"native_finish_reason":null}]}
--- CHUNK 1783158668902 bytes=293 ---
data: {"id":"gen-1783158650-6fMKVkLglsFk7xQKrVEy","object":"chat.completion.chunk","created":1783158650,"model":"deepseek/deepseek-v4-flash-20260423","provider":"GMICloud","choices":[{"index":0,"delta":{"content":".mjs","role":"assistant"},"finish_reason":null,"native_finish_reason":null}]}


PARSED: {"id":"gen-1783158650-6fMKVkLglsFk7xQKrVEy","object":"chat.completion.chunk","created":1783158650,"model":"deepseek/deepseek-v4-flash-20260423","provider":"GMICloud","choices":[{"index":0,"delta":{"content":".mjs","role":"assistant"},"finish_reason":null,"native_finish_reason":null}]}
--- CHUNK 1783158668915 bytes=293 ---
data: {"id":"gen-1783158650-6fMKVkLglsFk7xQKrVEy","object":"chat.completion.chunk","created":1783158650,"model":"deepseek/deepseek-v4-flash-20260423","provider":"GMICloud","choices":[{"index":0,"delta":{"content":"`）","role":"assistant"},"finish_reason":null,"native_finish_reason":null}]}


PARSED: {"id":"gen-1783158650-6fMKVkLglsFk7xQKrVEy","object":"chat.completion.chunk","created":1783158650,"model":"deepseek/deepseek-v4-flash-20260423","provider":"GMICloud","choices":[{"index":0,"delta":{"content":"`）","role":"assistant"},"finish_reason":null,"native_finish_reason":null}]}
--- CHUNK 1783158668915 bytes=302 ---
data: {"id":"gen-1783158650-6fMKVkLglsFk7xQKrVEy","object":"chat.completion.chunk","created":1783158650,"model":"deepseek/deepseek-v4-flash-20260423","provider":"GMICloud","choices":[{"index":0,"delta":{"content":"執行：\n\n","role":"assistant"},"finish_reason":null,"native_finish_reason":null}]}


PARSED: {"id":"gen-1783158650-6fMKVkLglsFk7xQKrVEy","object":"chat.completion.chunk","created":1783158650,"model":"deepseek/deepseek-v4-flash-20260423","provider":"GMICloud","choices":[{"index":0,"delta":{"content":"執行：\n\n","role":"assistant"},"finish_reason":null,"native_finish_reason":null}]}
--- CHUNK 1783158668929 bytes=302 ---
data: {"id":"gen-1783158650-6fMKVkLglsFk7xQKrVEy","object":"chat.completion.chunk","created":1783158650,"model":"deepseek/deepseek-v4-flash-20260423","provider":"GMICloud","choices":[{"index":0,"delta":{"content":"```javascript","role":"assistant"},"finish_reason":null,"native_finish_reason":null}]}


PARSED: {"id":"gen-1783158650-6fMKVkLglsFk7xQKrVEy","object":"chat.completion.chunk","created":1783158650,"model":"deepseek/deepseek-v4-flash-20260423","provider":"GMICloud","choices":[{"index":0,"delta":{"content":"```javascript","role":"assistant"},"finish_reason":null,"native_finish_reason":null}]}
--- CHUNK 1783158668933 bytes=294 ---
data: {"id":"gen-1783158650-6fMKVkLglsFk7xQKrVEy","object":"chat.completion.chunk","created":1783158650,"model":"deepseek/deepseek-v4-flash-20260423","provider":"GMICloud","choices":[{"index":0,"delta":{"content":"\nrun","role":"assistant"},"finish_reason":null,"native_finish_reason":null}]}


PARSED: {"id":"gen-1783158650-6fMKVkLglsFk7xQKrVEy","object":"chat.completion.chunk","created":1783158650,"model":"deepseek/deepseek-v4-flash-20260423","provider":"GMICloud","choices":[{"index":0,"delta":{"content":"\nrun","role":"assistant"},"finish_reason":null,"native_finish_reason":null}]}
--- CHUNK 1783158668938 bytes=298 ---
data: {"id":"gen-1783158650-6fMKVkLglsFk7xQKrVEy","object":"chat.completion.chunk","created":1783158650,"model":"deepseek/deepseek-v4-flash-20260423","provider":"GMICloud","choices":[{"index":0,"delta":{"content":"AgentLoop","role":"assistant"},"finish_reason":null,"native_finish_reason":null}]}


PARSED: {"id":"gen-1783158650-6fMKVkLglsFk7xQKrVEy","object":"chat.completion.chunk","created":1783158650,"model":"deepseek/deepseek-v4-flash-20260423","provider":"GMICloud","choices":[{"index":0,"delta":{"content":"AgentLoop","role":"assistant"},"finish_reason":null,"native_finish_reason":null}]}
--- CHUNK 1783158668975 bytes=293 ---
data: {"id":"gen-1783158650-6fMKVkLglsFk7xQKrVEy","object":"chat.completion.chunk","created":1783158650,"model":"deepseek/deepseek-v4-flash-20260423","provider":"GMICloud","choices":[{"index":0,"delta":{"content":"({\n","role":"assistant"},"finish_reason":null,"native_finish_reason":null}]}


PARSED: {"id":"gen-1783158650-6fMKVkLglsFk7xQKrVEy","object":"chat.completion.chunk","created":1783158650,"model":"deepseek/deepseek-v4-flash-20260423","provider":"GMICloud","choices":[{"index":0,"delta":{"content":"({\n","role":"assistant"},"finish_reason":null,"native_finish_reason":null}]}
--- CHUNK 1783158668977 bytes=297 ---
data: {"id":"gen-1783158650-6fMKVkLglsFk7xQKrVEy","object":"chat.completion.chunk","created":1783158650,"model":"deepseek/deepseek-v4-flash-20260423","provider":"GMICloud","choices":[{"index":0,"delta":{"content":"  prompt","role":"assistant"},"finish_reason":null,"native_finish_reason":null}]}


PARSED: {"id":"gen-1783158650-6fMKVkLglsFk7xQKrVEy","object":"chat.completion.chunk","created":1783158650,"model":"deepseek/deepseek-v4-flash-20260423","provider":"GMICloud","choices":[{"index":0,"delta":{"content":"  prompt","role":"assistant"},"finish_reason":null,"native_finish_reason":null}]}
--- CHUNK 1783158668979 bytes=299 ---
data: {"id":"gen-1783158650-6fMKVkLglsFk7xQKrVEy","object":"chat.completion.chunk","created":1783158650,"model":"deepseek/deepseek-v4-flash-20260423","provider":"GMICloud","choices":[{"index":0,"delta":{"content":",         ","role":"assistant"},"finish_reason":null,"native_finish_reason":null}]}


PARSED: {"id":"gen-1783158650-6fMKVkLglsFk7xQKrVEy","object":"chat.completion.chunk","created":1783158650,"model":"deepseek/deepseek-v4-flash-20260423","provider":"GMICloud","choices":[{"index":0,"delta":{"content":",         ","role":"assistant"},"finish_reason":null,"native_finish_reason":null}]}
--- CHUNK 1783158669192 bytes=295 ---
data: {"id":"gen-1783158650-6fMKVkLglsFk7xQKrVEy","object":"chat.completion.chunk","created":1783158650,"model":"deepseek/deepseek-v4-flash-20260423","provider":"GMICloud","choices":[{"index":0,"delta":{"content":" // SK","role":"assistant"},"finish_reason":null,"native_finish_reason":null}]}


PARSED: {"id":"gen-1783158650-6fMKVkLglsFk7xQKrVEy","object":"chat.completion.chunk","created":1783158650,"model":"deepseek/deepseek-v4-flash-20260423","provider":"GMICloud","choices":[{"index":0,"delta":{"content":" // SK","role":"assistant"},"finish_reason":null,"native_finish_reason":null}]}
--- CHUNK 1783158669194 bytes=295 ---
data: {"id":"gen-1783158650-6fMKVkLglsFk7xQKrVEy","object":"chat.completion.chunk","created":1783158650,"model":"deepseek/deepseek-v4-flash-20260423","provider":"GMICloud","choices":[{"index":0,"delta":{"content":"ILL.md","role":"assistant"},"finish_reason":null,"native_finish_reason":null}]}


PARSED: {"id":"gen-1783158650-6fMKVkLglsFk7xQKrVEy","object":"chat.completion.chunk","created":1783158650,"model":"deepseek/deepseek-v4-flash-20260423","provider":"GMICloud","choices":[{"index":0,"delta":{"content":"ILL.md","role":"assistant"},"finish_reason":null,"native_finish_reason":null}]}
--- CHUNK 1783158669196 bytes=297 ---
data: {"id":"gen-1783158650-6fMKVkLglsFk7xQKrVEy","object":"chat.completion.chunk","created":1783158650,"model":"deepseek/deepseek-v4-flash-20260423","provider":"GMICloud","choices":[{"index":0,"delta":{"content":" body（","role":"assistant"},"finish_reason":null,"native_finish_reason":null}]}


PARSED: {"id":"gen-1783158650-6fMKVkLglsFk7xQKrVEy","object":"chat.completion.chunk","created":1783158650,"model":"deepseek/deepseek-v4-flash-20260423","provider":"GMICloud","choices":[{"index":0,"delta":{"content":" body（","role":"assistant"},"finish_reason":null,"native_finish_reason":null}]}
--- CHUNK 1783158669210 bytes=292 ---
data: {"id":"gen-1783158650-6fMKVkLglsFk7xQKrVEy","object":"chat.completion.chunk","created":1783158650,"model":"deepseek/deepseek-v4-flash-20260423","provider":"GMICloud","choices":[{"index":0,"delta":{"content":"變","role":"assistant"},"finish_reason":null,"native_finish_reason":null}]}


PARSED: {"id":"gen-1783158650-6fMKVkLglsFk7xQKrVEy","object":"chat.completion.chunk","created":1783158650,"model":"deepseek/deepseek-v4-flash-20260423","provider":"GMICloud","choices":[{"index":0,"delta":{"content":"變","role":"assistant"},"finish_reason":null,"native_finish_reason":null}]}
--- CHUNK 1783158669222 bytes=295 ---
data: {"id":"gen-1783158650-6fMKVkLglsFk7xQKrVEy","object":"chat.completion.chunk","created":1783158650,"model":"deepseek/deepseek-v4-flash-20260423","provider":"GMICloud","choices":[{"index":0,"delta":{"content":"數已","role":"assistant"},"finish_reason":null,"native_finish_reason":null}]}


PARSED: {"id":"gen-1783158650-6fMKVkLglsFk7xQKrVEy","object":"chat.completion.chunk","created":1783158650,"model":"deepseek/deepseek-v4-flash-20260423","provider":"GMICloud","choices":[{"index":0,"delta":{"content":"數已","role":"assistant"},"finish_reason":null,"native_finish_reason":null}]}
--- CHUNK 1783158669222 bytes=295 ---
data: {"id":"gen-1783158650-6fMKVkLglsFk7xQKrVEy","object":"chat.completion.chunk","created":1783158650,"model":"deepseek/deepseek-v4-flash-20260423","provider":"GMICloud","choices":[{"index":0,"delta":{"content":"替換","role":"assistant"},"finish_reason":null,"native_finish_reason":null}]}


PARSED: {"id":"gen-1783158650-6fMKVkLglsFk7xQKrVEy","object":"chat.completion.chunk","created":1783158650,"model":"deepseek/deepseek-v4-flash-20260423","provider":"GMICloud","choices":[{"index":0,"delta":{"content":"替換","role":"assistant"},"finish_reason":null,"native_finish_reason":null}]}
--- CHUNK 1783158669428 bytes=294 ---
data: {"id":"gen-1783158650-6fMKVkLglsFk7xQKrVEy","object":"chat.completion.chunk","created":1783158650,"model":"deepseek/deepseek-v4-flash-20260423","provider":"GMICloud","choices":[{"index":0,"delta":{"content":"）\n","role":"assistant"},"finish_reason":null,"native_finish_reason":null}]}


PARSED: {"id":"gen-1783158650-6fMKVkLglsFk7xQKrVEy","object":"chat.completion.chunk","created":1783158650,"model":"deepseek/deepseek-v4-flash-20260423","provider":"GMICloud","choices":[{"index":0,"delta":{"content":"）\n","role":"assistant"},"finish_reason":null,"native_finish_reason":null}]}
--- CHUNK 1783158669431 bytes=297 ---
data: {"id":"gen-1783158650-6fMKVkLglsFk7xQKrVEy","object":"chat.completion.chunk","created":1783158650,"model":"deepseek/deepseek-v4-flash-20260423","provider":"GMICloud","choices":[{"index":0,"delta":{"content":"  system","role":"assistant"},"finish_reason":null,"native_finish_reason":null}]}


PARSED: {"id":"gen-1783158650-6fMKVkLglsFk7xQKrVEy","object":"chat.completion.chunk","created":1783158650,"model":"deepseek/deepseek-v4-flash-20260423","provider":"GMICloud","choices":[{"index":0,"delta":{"content":"  system","role":"assistant"},"finish_reason":null,"native_finish_reason":null}]}
--- CHUNK 1783158669434 bytes=296 ---
data: {"id":"gen-1783158650-6fMKVkLglsFk7xQKrVEy","object":"chat.completion.chunk","created":1783158650,"model":"deepseek/deepseek-v4-flash-20260423","provider":"GMICloud","choices":[{"index":0,"delta":{"content":"Prompt,","role":"assistant"},"finish_reason":null,"native_finish_reason":null}]}


PARSED: {"id":"gen-1783158650-6fMKVkLglsFk7xQKrVEy","object":"chat.completion.chunk","created":1783158650,"model":"deepseek/deepseek-v4-flash-20260423","provider":"GMICloud","choices":[{"index":0,"delta":{"content":"Prompt,","role":"assistant"},"finish_reason":null,"native_finish_reason":null}]}
--- CHUNK 1783158669473 bytes=292 ---
data: {"id":"gen-1783158650-6fMKVkLglsFk7xQKrVEy","object":"chat.completion.chunk","created":1783158650,"model":"deepseek/deepseek-v4-flash-20260423","provider":"GMICloud","choices":[{"index":0,"delta":{"content":"   ","role":"assistant"},"finish_reason":null,"native_finish_reason":null}]}


PARSED: {"id":"gen-1783158650-6fMKVkLglsFk7xQKrVEy","object":"chat.completion.chunk","created":1783158650,"model":"deepseek/deepseek-v4-flash-20260423","provider":"GMICloud","choices":[{"index":0,"delta":{"content":"   ","role":"assistant"},"finish_reason":null,"native_finish_reason":null}]}
--- CHUNK 1783158669475 bytes=293 ---
data: {"id":"gen-1783158650-6fMKVkLglsFk7xQKrVEy","object":"chat.completion.chunk","created":1783158650,"model":"deepseek/deepseek-v4-flash-20260423","provider":"GMICloud","choices":[{"index":0,"delta":{"content":" // ","role":"assistant"},"finish_reason":null,"native_finish_reason":null}]}


PARSED: {"id":"gen-1783158650-6fMKVkLglsFk7xQKrVEy","object":"chat.completion.chunk","created":1783158650,"model":"deepseek/deepseek-v4-flash-20260423","provider":"GMICloud","choices":[{"index":0,"delta":{"content":" // ","role":"assistant"},"finish_reason":null,"native_finish_reason":null}]}
--- CHUNK 1783158669480 bytes=298 ---
data: {"id":"gen-1783158650-6fMKVkLglsFk7xQKrVEy","object":"chat.completion.chunk","created":1783158650,"model":"deepseek/deepseek-v4-flash-20260423","provider":"GMICloud","choices":[{"index":0,"delta":{"content":"上面組","role":"assistant"},"finish_reason":null,"native_finish_reason":null}]}


PARSED: {"id":"gen-1783158650-6fMKVkLglsFk7xQKrVEy","object":"chat.completion.chunk","created":1783158650,"model":"deepseek/deepseek-v4-flash-20260423","provider":"GMICloud","choices":[{"index":0,"delta":{"content":"上面組","role":"assistant"},"finish_reason":null,"native_finish_reason":null}]}
--- CHUNK 1783158669485 bytes=298 ---
data: {"id":"gen-1783158650-6fMKVkLglsFk7xQKrVEy","object":"chat.completion.chunk","created":1783158650,"model":"deepseek/deepseek-v4-flash-20260423","provider":"GMICloud","choices":[{"index":0,"delta":{"content":"裝好的","role":"assistant"},"finish_reason":null,"native_finish_reason":null}]}


PARSED: {"id":"gen-1783158650-6fMKVkLglsFk7xQKrVEy","object":"chat.completion.chunk","created":1783158650,"model":"deepseek/deepseek-v4-flash-20260423","provider":"GMICloud","choices":[{"index":0,"delta":{"content":"裝好的","role":"assistant"},"finish_reason":null,"native_finish_reason":null}]}
--- CHUNK 1783158669579 bytes=296 ---
data: {"id":"gen-1783158650-6fMKVkLglsFk7xQKrVEy","object":"chat.completion.chunk","created":1783158650,"model":"deepseek/deepseek-v4-flash-20260423","provider":"GMICloud","choices":[{"index":0,"delta":{"content":" system","role":"assistant"},"finish_reason":null,"native_finish_reason":null}]}


PARSED: {"id":"gen-1783158650-6fMKVkLglsFk7xQKrVEy","object":"chat.completion.chunk","created":1783158650,"model":"deepseek/deepseek-v4-flash-20260423","provider":"GMICloud","choices":[{"index":0,"delta":{"content":" system","role":"assistant"},"finish_reason":null,"native_finish_reason":null}]}
--- CHUNK 1783158669581 bytes=297 ---
data: {"id":"gen-1783158650-6fMKVkLglsFk7xQKrVEy","object":"chat.completion.chunk","created":1783158650,"model":"deepseek/deepseek-v4-flash-20260423","provider":"GMICloud","choices":[{"index":0,"delta":{"content":"Prompt\n","role":"assistant"},"finish_reason":null,"native_finish_reason":null}]}


PARSED: {"id":"gen-1783158650-6fMKVkLglsFk7xQKrVEy","object":"chat.completion.chunk","created":1783158650,"model":"deepseek/deepseek-v4-flash-20260423","provider":"GMICloud","choices":[{"index":0,"delta":{"content":"Prompt\n","role":"assistant"},"finish_reason":null,"native_finish_reason":null}]}
--- CHUNK 1783158669583 bytes=296 ---
data: {"id":"gen-1783158650-6fMKVkLglsFk7xQKrVEy","object":"chat.completion.chunk","created":1783158650,"model":"deepseek/deepseek-v4-flash-20260423","provider":"GMICloud","choices":[{"index":0,"delta":{"content":"  model","role":"assistant"},"finish_reason":null,"native_finish_reason":null}]}


PARSED: {"id":"gen-1783158650-6fMKVkLglsFk7xQKrVEy","object":"chat.completion.chunk","created":1783158650,"model":"deepseek/deepseek-v4-flash-20260423","provider":"GMICloud","choices":[{"index":0,"delta":{"content":"  model","role":"assistant"},"finish_reason":null,"native_finish_reason":null}]}
--- CHUNK 1783158669584 bytes=300 ---
data: {"id":"gen-1783158650-6fMKVkLglsFk7xQKrVEy","object":"chat.completion.chunk","created":1783158650,"model":"deepseek/deepseek-v4-flash-20260423","provider":"GMICloud","choices":[{"index":0,"delta":{"content":",          ","role":"assistant"},"finish_reason":null,"native_finish_reason":null}]}


PARSED: {"id":"gen-1783158650-6fMKVkLglsFk7xQKrVEy","object":"chat.completion.chunk","created":1783158650,"model":"deepseek/deepseek-v4-flash-20260423","provider":"GMICloud","choices":[{"index":0,"delta":{"content":",          ","role":"assistant"},"finish_reason":null,"native_finish_reason":null}]}
--- CHUNK 1783158669587 bytes=292 ---
data: {"id":"gen-1783158650-6fMKVkLglsFk7xQKrVEy","object":"chat.completion.chunk","created":1783158650,"model":"deepseek/deepseek-v4-flash-20260423","provider":"GMICloud","choices":[{"index":0,"delta":{"content":" //","role":"assistant"},"finish_reason":null,"native_finish_reason":null}]}


PARSED: {"id":"gen-1783158650-6fMKVkLglsFk7xQKrVEy","object":"chat.completion.chunk","created":1783158650,"model":"deepseek/deepseek-v4-flash-20260423","provider":"GMICloud","choices":[{"index":0,"delta":{"content":" //","role":"assistant"},"finish_reason":null,"native_finish_reason":null}]}
--- CHUNK 1783158669589 bytes=293 ---
data: {"id":"gen-1783158650-6fMKVkLglsFk7xQKrVEy","object":"chat.completion.chunk","created":1783158650,"model":"deepseek/deepseek-v4-flash-20260423","provider":"GMICloud","choices":[{"index":0,"delta":{"content":" 可","role":"assistant"},"finish_reason":null,"native_finish_reason":null}]}


PARSED: {"id":"gen-1783158650-6fMKVkLglsFk7xQKrVEy","object":"chat.completion.chunk","created":1783158650,"model":"deepseek/deepseek-v4-flash-20260423","provider":"GMICloud","choices":[{"index":0,"delta":{"content":" 可","role":"assistant"},"finish_reason":null,"native_finish_reason":null}]}
--- CHUNK 1783158669591 bytes=301 ---
data: {"id":"gen-1783158650-6fMKVkLglsFk7xQKrVEy","object":"chat.completion.chunk","created":1783158650,"model":"deepseek/deepseek-v4-flash-20260423","provider":"GMICloud","choices":[{"index":0,"delta":{"content":"指定特定","role":"assistant"},"finish_reason":null,"native_finish_reason":null}]}


PARSED: {"id":"gen-1783158650-6fMKVkLglsFk7xQKrVEy","object":"chat.completion.chunk","created":1783158650,"model":"deepseek/deepseek-v4-flash-20260423","provider":"GMICloud","choices":[{"index":0,"delta":{"content":"指定特定","role":"assistant"},"finish_reason":null,"native_finish_reason":null}]}
--- CHUNK 1783158669592 bytes=297 ---
data: {"id":"gen-1783158650-6fMKVkLglsFk7xQKrVEy","object":"chat.completion.chunk","created":1783158650,"model":"deepseek/deepseek-v4-flash-20260423","provider":"GMICloud","choices":[{"index":0,"delta":{"content":"模型\n","role":"assistant"},"finish_reason":null,"native_finish_reason":null}]}


PARSED: {"id":"gen-1783158650-6fMKVkLglsFk7xQKrVEy","object":"chat.completion.chunk","created":1783158650,"model":"deepseek/deepseek-v4-flash-20260423","provider":"GMICloud","choices":[{"index":0,"delta":{"content":"模型\n","role":"assistant"},"finish_reason":null,"native_finish_reason":null}]}
--- CHUNK 1783158669619 bytes=296 ---
data: {"id":"gen-1783158650-6fMKVkLglsFk7xQKrVEy","object":"chat.completion.chunk","created":1783158650,"model":"deepseek/deepseek-v4-flash-20260423","provider":"GMICloud","choices":[{"index":0,"delta":{"content":"  skill","role":"assistant"},"finish_reason":null,"native_finish_reason":null}]}


PARSED: {"id":"gen-1783158650-6fMKVkLglsFk7xQKrVEy","object":"chat.completion.chunk","created":1783158650,"model":"deepseek/deepseek-v4-flash-20260423","provider":"GMICloud","choices":[{"index":0,"delta":{"content":"  skill","role":"assistant"},"finish_reason":null,"native_finish_reason":null}]}
--- CHUNK 1783158669621 bytes=292 ---
data: {"id":"gen-1783158650-6fMKVkLglsFk7xQKrVEy","object":"chat.completion.chunk","created":1783158650,"model":"deepseek/deepseek-v4-flash-20260423","provider":"GMICloud","choices":[{"index":0,"delta":{"content":"Md,","role":"assistant"},"finish_reason":null,"native_finish_reason":null}]}


PARSED: {"id":"gen-1783158650-6fMKVkLglsFk7xQKrVEy","object":"chat.completion.chunk","created":1783158650,"model":"deepseek/deepseek-v4-flash-20260423","provider":"GMICloud","choices":[{"index":0,"delta":{"content":"Md,","role":"assistant"},"finish_reason":null,"native_finish_reason":null}]}
--- CHUNK 1783158669636 bytes=297 ---
data: {"id":"gen-1783158650-6fMKVkLglsFk7xQKrVEy","object":"chat.completion.chunk","created":1783158650,"model":"deepseek/deepseek-v4-flash-20260423","provider":"GMICloud","choices":[{"index":0,"delta":{"content":"        ","role":"assistant"},"finish_reason":null,"native_finish_reason":null}]}


PARSED: {"id":"gen-1783158650-6fMKVkLglsFk7xQKrVEy","object":"chat.completion.chunk","created":1783158650,"model":"deepseek/deepseek-v4-flash-20260423","provider":"GMICloud","choices":[{"index":0,"delta":{"content":"        ","role":"assistant"},"finish_reason":null,"native_finish_reason":null}]}
--- CHUNK 1783158669644 bytes=295 ---
data: {"id":"gen-1783158650-6fMKVkLglsFk7xQKrVEy","object":"chat.completion.chunk","created":1783158650,"model":"deepseek/deepseek-v4-flash-20260423","provider":"GMICloud","choices":[{"index":0,"delta":{"content":" // SK","role":"assistant"},"finish_reason":null,"native_finish_reason":null}]}


PARSED: {"id":"gen-1783158650-6fMKVkLglsFk7xQKrVEy","object":"chat.completion.chunk","created":1783158650,"model":"deepseek/deepseek-v4-flash-20260423","provider":"GMICloud","choices":[{"index":0,"delta":{"content":" // SK","role":"assistant"},"finish_reason":null,"native_finish_reason":null}]}
--- CHUNK 1783158669647 bytes=295 ---
data: {"id":"gen-1783158650-6fMKVkLglsFk7xQKrVEy","object":"chat.completion.chunk","created":1783158650,"model":"deepseek/deepseek-v4-flash-20260423","provider":"GMICloud","choices":[{"index":0,"delta":{"content":"ILL.md","role":"assistant"},"finish_reason":null,"native_finish_reason":null}]}


PARSED: {"id":"gen-1783158650-6fMKVkLglsFk7xQKrVEy","object":"chat.completion.chunk","created":1783158650,"model":"deepseek/deepseek-v4-flash-20260423","provider":"GMICloud","choices":[{"index":0,"delta":{"content":"ILL.md","role":"assistant"},"finish_reason":null,"native_finish_reason":null}]}
--- CHUNK 1783158669651 bytes=296 ---
data: {"id":"gen-1783158650-6fMKVkLglsFk7xQKrVEy","object":"chat.completion.chunk","created":1783158650,"model":"deepseek/deepseek-v4-flash-20260423","provider":"GMICloud","choices":[{"index":0,"delta":{"content":" 原始","role":"assistant"},"finish_reason":null,"native_finish_reason":null}]}


PARSED: {"id":"gen-1783158650-6fMKVkLglsFk7xQKrVEy","object":"chat.completion.chunk","created":1783158650,"model":"deepseek/deepseek-v4-flash-20260423","provider":"GMICloud","choices":[{"index":0,"delta":{"content":" 原始","role":"assistant"},"finish_reason":null,"native_finish_reason":null}]}
--- CHUNK 1783158669666 bytes=295 ---
data: {"id":"gen-1783158650-6fMKVkLglsFk7xQKrVEy","object":"chat.completion.chunk","created":1783158650,"model":"deepseek/deepseek-v4-flash-20260423","provider":"GMICloud","choices":[{"index":0,"delta":{"content":"內容","role":"assistant"},"finish_reason":null,"native_finish_reason":null}]}


PARSED: {"id":"gen-1783158650-6fMKVkLglsFk7xQKrVEy","object":"chat.completion.chunk","created":1783158650,"model":"deepseek/deepseek-v4-flash-20260423","provider":"GMICloud","choices":[{"index":0,"delta":{"content":"內容","role":"assistant"},"finish_reason":null,"native_finish_reason":null}]}
--- CHUNK 1783158669669 bytes=295 ---
data: {"id":"gen-1783158650-6fMKVkLglsFk7xQKrVEy","object":"chat.completion.chunk","created":1783158650,"model":"deepseek/deepseek-v4-flash-20260423","provider":"GMICloud","choices":[{"index":0,"delta":{"content":"（可","role":"assistant"},"finish_reason":null,"native_finish_reason":null}]}


PARSED: {"id":"gen-1783158650-6fMKVkLglsFk7xQKrVEy","object":"chat.completion.chunk","created":1783158650,"model":"deepseek/deepseek-v4-flash-20260423","provider":"GMICloud","choices":[{"index":0,"delta":{"content":"（可","role":"assistant"},"finish_reason":null,"native_finish_reason":null}]}
--- CHUNK 1783158669671 bytes=297 ---
data: {"id":"gen-1783158650-6fMKVkLglsFk7xQKrVEy","object":"chat.completion.chunk","created":1783158650,"model":"deepseek/deepseek-v4-flash-20260423","provider":"GMICloud","choices":[{"index":0,"delta":{"content":"選）\n","role":"assistant"},"finish_reason":null,"native_finish_reason":null}]}


PARSED: {"id":"gen-1783158650-6fMKVkLglsFk7xQKrVEy","object":"chat.completion.chunk","created":1783158650,"model":"deepseek/deepseek-v4-flash-20260423","provider":"GMICloud","choices":[{"index":0,"delta":{"content":"選）\n","role":"assistant"},"finish_reason":null,"native_finish_reason":null}]}
--- CHUNK 1783158669694 bytes=290 ---
data: {"id":"gen-1783158650-6fMKVkLglsFk7xQKrVEy","object":"chat.completion.chunk","created":1783158650,"model":"deepseek/deepseek-v4-flash-20260423","provider":"GMICloud","choices":[{"index":0,"delta":{"content":" ","role":"assistant"},"finish_reason":null,"native_finish_reason":null}]}


PARSED: {"id":"gen-1783158650-6fMKVkLglsFk7xQKrVEy","object":"chat.completion.chunk","created":1783158650,"model":"deepseek/deepseek-v4-flash-20260423","provider":"GMICloud","choices":[{"index":0,"delta":{"content":" ","role":"assistant"},"finish_reason":null,"native_finish_reason":null}]}
--- CHUNK 1783158669695 bytes=294 ---
data: {"id":"gen-1783158650-6fMKVkLglsFk7xQKrVEy","object":"chat.completion.chunk","created":1783158650,"model":"deepseek/deepseek-v4-flash-20260423","provider":"GMICloud","choices":[{"index":0,"delta":{"content":" maxT","role":"assistant"},"finish_reason":null,"native_finish_reason":null}]}


PARSED: {"id":"gen-1783158650-6fMKVkLglsFk7xQKrVEy","object":"chat.completion.chunk","created":1783158650,"model":"deepseek/deepseek-v4-flash-20260423","provider":"GMICloud","choices":[{"index":0,"delta":{"content":" maxT","role":"assistant"},"finish_reason":null,"native_finish_reason":null}]}
--- CHUNK 1783158669698 bytes=294 ---
data: {"id":"gen-1783158650-6fMKVkLglsFk7xQKrVEy","object":"chat.completion.chunk","created":1783158650,"model":"deepseek/deepseek-v4-flash-20260423","provider":"GMICloud","choices":[{"index":0,"delta":{"content":"urns,","role":"assistant"},"finish_reason":null,"native_finish_reason":null}]}


PARSED: {"id":"gen-1783158650-6fMKVkLglsFk7xQKrVEy","object":"chat.completion.chunk","created":1783158650,"model":"deepseek/deepseek-v4-flash-20260423","provider":"GMICloud","choices":[{"index":0,"delta":{"content":"urns,","role":"assistant"},"finish_reason":null,"native_finish_reason":null}]}
--- CHUNK 1783158669728 bytes=296 ---
data: {"id":"gen-1783158650-6fMKVkLglsFk7xQKrVEy","object":"chat.completion.chunk","created":1783158650,"model":"deepseek/deepseek-v4-flash-20260423","provider":"GMICloud","choices":[{"index":0,"delta":{"content":"       ","role":"assistant"},"finish_reason":null,"native_finish_reason":null}]}


PARSED: {"id":"gen-1783158650-6fMKVkLglsFk7xQKrVEy","object":"chat.completion.chunk","created":1783158650,"model":"deepseek/deepseek-v4-flash-20260423","provider":"GMICloud","choices":[{"index":0,"delta":{"content":"       ","role":"assistant"},"finish_reason":null,"native_finish_reason":null}]}
--- CHUNK 1783158669729 bytes=293 ---
data: {"id":"gen-1783158650-6fMKVkLglsFk7xQKrVEy","object":"chat.completion.chunk","created":1783158650,"model":"deepseek/deepseek-v4-flash-20260423","provider":"GMICloud","choices":[{"index":0,"delta":{"content":" // ","role":"assistant"},"finish_reason":null,"native_finish_reason":null}]}


PARSED: {"id":"gen-1783158650-6fMKVkLglsFk7xQKrVEy","object":"chat.completion.chunk","created":1783158650,"model":"deepseek/deepseek-v4-flash-20260423","provider":"GMICloud","choices":[{"index":0,"delta":{"content":" // ","role":"assistant"},"finish_reason":null,"native_finish_reason":null}]}
--- CHUNK 1783158669739 bytes=300 ---
data: {"id":"gen-1783158650-6fMKVkLglsFk7xQKrVEy","object":"chat.completion.chunk","created":1783158650,"model":"deepseek/deepseek-v4-flash-20260423","provider":"GMICloud","choices":[{"index":0,"delta":{"content":"最大 tool","role":"assistant"},"finish_reason":null,"native_finish_reason":null}]}


PARSED: {"id":"gen-1783158650-6fMKVkLglsFk7xQKrVEy","object":"chat.completion.chunk","created":1783158650,"model":"deepseek/deepseek-v4-flash-20260423","provider":"GMICloud","choices":[{"index":0,"delta":{"content":"最大 tool","role":"assistant"},"finish_reason":null,"native_finish_reason":null}]}
--- CHUNK 1783158669933 bytes=295 ---
data: {"id":"gen-1783158650-6fMKVkLglsFk7xQKrVEy","object":"chat.completion.chunk","created":1783158650,"model":"deepseek/deepseek-v4-flash-20260423","provider":"GMICloud","choices":[{"index":0,"delta":{"content":" call ","role":"assistant"},"finish_reason":null,"native_finish_reason":null}]}


PARSED: {"id":"gen-1783158650-6fMKVkLglsFk7xQKrVEy","object":"chat.completion.chunk","created":1783158650,"model":"deepseek/deepseek-v4-flash-20260423","provider":"GMICloud","choices":[{"index":0,"delta":{"content":" call ","role":"assistant"},"finish_reason":null,"native_finish_reason":null}]}
--- CHUNK 1783158669936 bytes=295 ---
data: {"id":"gen-1783158650-6fMKVkLglsFk7xQKrVEy","object":"chat.completion.chunk","created":1783158650,"model":"deepseek/deepseek-v4-flash-20260423","provider":"GMICloud","choices":[{"index":0,"delta":{"content":"輪數","role":"assistant"},"finish_reason":null,"native_finish_reason":null}]}


PARSED: {"id":"gen-1783158650-6fMKVkLglsFk7xQKrVEy","object":"chat.completion.chunk","created":1783158650,"model":"deepseek/deepseek-v4-flash-20260423","provider":"GMICloud","choices":[{"index":0,"delta":{"content":"輪數","role":"assistant"},"finish_reason":null,"native_finish_reason":null}]}
--- CHUNK 1783158669945 bytes=292 ---
data: {"id":"gen-1783158650-6fMKVkLglsFk7xQKrVEy","object":"chat.completion.chunk","created":1783158650,"model":"deepseek/deepseek-v4-flash-20260423","provider":"GMICloud","choices":[{"index":0,"delta":{"content":"\n ","role":"assistant"},"finish_reason":null,"native_finish_reason":null}]}


PARSED: {"id":"gen-1783158650-6fMKVkLglsFk7xQKrVEy","object":"chat.completion.chunk","created":1783158650,"model":"deepseek/deepseek-v4-flash-20260423","provider":"GMICloud","choices":[{"index":0,"delta":{"content":"\n ","role":"assistant"},"finish_reason":null,"native_finish_reason":null}]}
--- CHUNK 1783158669968 bytes=297 ---
data: {"id":"gen-1783158650-6fMKVkLglsFk7xQKrVEy","object":"chat.completion.chunk","created":1783158650,"model":"deepseek/deepseek-v4-flash-20260423","provider":"GMICloud","choices":[{"index":0,"delta":{"content":" timeout","role":"assistant"},"finish_reason":null,"native_finish_reason":null}]}


PARSED: {"id":"gen-1783158650-6fMKVkLglsFk7xQKrVEy","object":"chat.completion.chunk","created":1783158650,"model":"deepseek/deepseek-v4-flash-20260423","provider":"GMICloud","choices":[{"index":0,"delta":{"content":" timeout","role":"assistant"},"finish_reason":null,"native_finish_reason":null}]}
--- CHUNK 1783158669969 bytes=298 ---
data: {"id":"gen-1783158650-6fMKVkLglsFk7xQKrVEy","object":"chat.completion.chunk","created":1783158650,"model":"deepseek/deepseek-v4-flash-20260423","provider":"GMICloud","choices":[{"index":0,"delta":{"content":",        ","role":"assistant"},"finish_reason":null,"native_finish_reason":null}]}


PARSED: {"id":"gen-1783158650-6fMKVkLglsFk7xQKrVEy","object":"chat.completion.chunk","created":1783158650,"model":"deepseek/deepseek-v4-flash-20260423","provider":"GMICloud","choices":[{"index":0,"delta":{"content":",        ","role":"assistant"},"finish_reason":null,"native_finish_reason":null}]}
--- CHUNK 1783158669983 bytes=293 ---
data: {"id":"gen-1783158650-6fMKVkLglsFk7xQKrVEy","object":"chat.completion.chunk","created":1783158650,"model":"deepseek/deepseek-v4-flash-20260423","provider":"GMICloud","choices":[{"index":0,"delta":{"content":" // ","role":"assistant"},"finish_reason":null,"native_finish_reason":null}]}


PARSED: {"id":"gen-1783158650-6fMKVkLglsFk7xQKrVEy","object":"chat.completion.chunk","created":1783158650,"model":"deepseek/deepseek-v4-flash-20260423","provider":"GMICloud","choices":[{"index":0,"delta":{"content":" // ","role":"assistant"},"finish_reason":null,"native_finish_reason":null}]}
--- CHUNK 1783158670154 bytes=295 ---
data: {"id":"gen-1783158650-6fMKVkLglsFk7xQKrVEy","object":"chat.completion.chunk","created":1783158650,"model":"deepseek/deepseek-v4-flash-20260423","provider":"GMICloud","choices":[{"index":0,"delta":{"content":"逾時","role":"assistant"},"finish_reason":null,"native_finish_reason":null}]}


PARSED: {"id":"gen-1783158650-6fMKVkLglsFk7xQKrVEy","object":"chat.completion.chunk","created":1783158650,"model":"deepseek/deepseek-v4-flash-20260423","provider":"GMICloud","choices":[{"index":0,"delta":{"content":"逾時","role":"assistant"},"finish_reason":null,"native_finish_reason":null}]}
--- CHUNK 1783158670156 bytes=295 ---
data: {"id":"gen-1783158650-6fMKVkLglsFk7xQKrVEy","object":"chat.completion.chunk","created":1783158650,"model":"deepseek/deepseek-v4-flash-20260423","provider":"GMICloud","choices":[{"index":0,"delta":{"content":"秒數","role":"assistant"},"finish_reason":null,"native_finish_reason":null}]}


PARSED: {"id":"gen-1783158650-6fMKVkLglsFk7xQKrVEy","object":"chat.completion.chunk","created":1783158650,"model":"deepseek/deepseek-v4-flash-20260423","provider":"GMICloud","choices":[{"index":0,"delta":{"content":"秒數","role":"assistant"},"finish_reason":null,"native_finish_reason":null}]}
--- CHUNK 1783158670161 bytes=292 ---
data: {"id":"gen-1783158650-6fMKVkLglsFk7xQKrVEy","object":"chat.completion.chunk","created":1783158650,"model":"deepseek/deepseek-v4-flash-20260423","provider":"GMICloud","choices":[{"index":0,"delta":{"content":"\n ","role":"assistant"},"finish_reason":null,"native_finish_reason":null}]}


PARSED: {"id":"gen-1783158650-6fMKVkLglsFk7xQKrVEy","object":"chat.completion.chunk","created":1783158650,"model":"deepseek/deepseek-v4-flash-20260423","provider":"GMICloud","choices":[{"index":0,"delta":{"content":"\n ","role":"assistant"},"finish_reason":null,"native_finish_reason":null}]}
--- CHUNK 1783158670491 bytes=294 ---
data: {"id":"gen-1783158650-6fMKVkLglsFk7xQKrVEy","object":"chat.completion.chunk","created":1783158650,"model":"deepseek/deepseek-v4-flash-20260423","provider":"GMICloud","choices":[{"index":0,"delta":{"content":" root","role":"assistant"},"finish_reason":null,"native_finish_reason":null}]}


PARSED: {"id":"gen-1783158650-6fMKVkLglsFk7xQKrVEy","object":"chat.completion.chunk","created":1783158650,"model":"deepseek/deepseek-v4-flash-20260423","provider":"GMICloud","choices":[{"index":0,"delta":{"content":" root","role":"assistant"},"finish_reason":null,"native_finish_reason":null}]}
--- CHUNK 1783158670492 bytes=293 ---
data: {"id":"gen-1783158650-6fMKVkLglsFk7xQKrVEy","object":"chat.completion.chunk","created":1783158650,"model":"deepseek/deepseek-v4-flash-20260423","provider":"GMICloud","choices":[{"index":0,"delta":{"content":"Dir,","role":"assistant"},"finish_reason":null,"native_finish_reason":null}]}


PARSED: {"id":"gen-1783158650-6fMKVkLglsFk7xQKrVEy","object":"chat.completion.chunk","created":1783158650,"model":"deepseek/deepseek-v4-flash-20260423","provider":"GMICloud","choices":[{"index":0,"delta":{"content":"Dir,","role":"assistant"},"finish_reason":null,"native_finish_reason":null}]}
--- CHUNK 1783158670492 bytes=300 ---
data: {"id":"gen-1783158650-6fMKVkLglsFk7xQKrVEy","object":"chat.completion.chunk","created":1783158650,"model":"deepseek/deepseek-v4-flash-20260423","provider":"GMICloud","choices":[{"index":0,"delta":{"content":"         //","role":"assistant"},"finish_reason":null,"native_finish_reason":null}]}


PARSED: {"id":"gen-1783158650-6fMKVkLglsFk7xQKrVEy","object":"chat.completion.chunk","created":1783158650,"model":"deepseek/deepseek-v4-flash-20260423","provider":"GMICloud","choices":[{"index":0,"delta":{"content":"         //","role":"assistant"},"finish_reason":null,"native_finish_reason":null}]}
--- CHUNK 1783158670492 bytes=291 ---
data: {"id":"gen-1783158650-6fMKVkLglsFk7xQKrVEy","object":"chat.completion.chunk","created":1783158650,"model":"deepseek/deepseek-v4-flash-20260423","provider":"GMICloud","choices":[{"index":0,"delta":{"content":" P","role":"assistant"},"finish_reason":null,"native_finish_reason":null}]}


PARSED: {"id":"gen-1783158650-6fMKVkLglsFk7xQKrVEy","object":"chat.completion.chunk","created":1783158650,"model":"deepseek/deepseek-v4-flash-20260423","provider":"GMICloud","choices":[{"index":0,"delta":{"content":" P","role":"assistant"},"finish_reason":null,"native_finish_reason":null}]}
--- CHUNK 1783158670492 bytes=292 ---
data: {"id":"gen-1783158650-6fMKVkLglsFk7xQKrVEy","object":"chat.completion.chunk","created":1783158650,"model":"deepseek/deepseek-v4-flash-20260423","provider":"GMICloud","choices":[{"index":0,"delta":{"content":"AAW","role":"assistant"},"finish_reason":null,"native_finish_reason":null}]}


PARSED: {"id":"gen-1783158650-6fMKVkLglsFk7xQKrVEy","object":"chat.completion.chunk","created":1783158650,"model":"deepseek/deepseek-v4-flash-20260423","provider":"GMICloud","choices":[{"index":0,"delta":{"content":"AAW","role":"assistant"},"finish_reason":null,"native_finish_reason":null}]}
--- CHUNK 1783158670492 bytes=295 ---
data: {"id":"gen-1783158650-6fMKVkLglsFk7xQKrVEy","object":"chat.completion.chunk","created":1783158650,"model":"deepseek/deepseek-v4-flash-20260423","provider":"GMICloud","choices":[{"index":0,"delta":{"content":"_ROOT ","role":"assistant"},"finish_reason":null,"native_finish_reason":null}]}


PARSED: {"id":"gen-1783158650-6fMKVkLglsFk7xQKrVEy","object":"chat.completion.chunk","created":1783158650,"model":"deepseek/deepseek-v4-flash-20260423","provider":"GMICloud","choices":[{"index":0,"delta":{"content":"_ROOT ","role":"assistant"},"finish_reason":null,"native_finish_reason":null}]}
--- CHUNK 1783158670492 bytes=292 ---
data: {"id":"gen-1783158650-6fMKVkLglsFk7xQKrVEy","object":"chat.completion.chunk","created":1783158650,"model":"deepseek/deepseek-v4-flash-20260423","provider":"GMICloud","choices":[{"index":0,"delta":{"content":"目","role":"assistant"},"finish_reason":null,"native_finish_reason":null}]}


PARSED: {"id":"gen-1783158650-6fMKVkLglsFk7xQKrVEy","object":"chat.completion.chunk","created":1783158650,"model":"deepseek/deepseek-v4-flash-20260423","provider":"GMICloud","choices":[{"index":0,"delta":{"content":"目","role":"assistant"},"finish_reason":null,"native_finish_reason":null}]}
--- CHUNK 1783158670492 bytes=294 ---
data: {"id":"gen-1783158650-6fMKVkLglsFk7xQKrVEy","object":"chat.completion.chunk","created":1783158650,"model":"deepseek/deepseek-v4-flash-20260423","provider":"GMICloud","choices":[{"index":0,"delta":{"content":"錄\n","role":"assistant"},"finish_reason":null,"native_finish_reason":null}]}


PARSED: {"id":"gen-1783158650-6fMKVkLglsFk7xQKrVEy","object":"chat.completion.chunk","created":1783158650,"model":"deepseek/deepseek-v4-flash-20260423","provider":"GMICloud","choices":[{"index":0,"delta":{"content":"錄\n","role":"assistant"},"finish_reason":null,"native_finish_reason":null}]}
--- CHUNK 1783158670492 bytes=300 ---
data: {"id":"gen-1783158650-6fMKVkLglsFk7xQKrVEy","object":"chat.completion.chunk","created":1783158650,"model":"deepseek/deepseek-v4-flash-20260423","provider":"GMICloud","choices":[{"index":0,"delta":{"content":"})\n```\n\n","role":"assistant"},"finish_reason":null,"native_finish_reason":null}]}


PARSED: {"id":"gen-1783158650-6fMKVkLglsFk7xQKrVEy","object":"chat.completion.chunk","created":1783158650,"model":"deepseek/deepseek-v4-flash-20260423","provider":"GMICloud","choices":[{"index":0,"delta":{"content":"})\n```\n\n","role":"assistant"},"finish_reason":null,"native_finish_reason":null}]}
--- CHUNK 1783158670492 bytes=292 ---
data: {"id":"gen-1783158650-6fMKVkLglsFk7xQKrVEy","object":"chat.completion.chunk","created":1783158650,"model":"deepseek/deepseek-v4-flash-20260423","provider":"GMICloud","choices":[{"index":0,"delta":{"content":"AI ","role":"assistant"},"finish_reason":null,"native_finish_reason":null}]}


PARSED: {"id":"gen-1783158650-6fMKVkLglsFk7xQKrVEy","object":"chat.completion.chunk","created":1783158650,"model":"deepseek/deepseek-v4-flash-20260423","provider":"GMICloud","choices":[{"index":0,"delta":{"content":"AI ","role":"assistant"},"finish_reason":null,"native_finish_reason":null}]}
--- CHUNK 1783158670522 bytes=292 ---
data: {"id":"gen-1783158650-6fMKVkLglsFk7xQKrVEy","object":"chat.completion.chunk","created":1783158650,"model":"deepseek/deepseek-v4-flash-20260423","provider":"GMICloud","choices":[{"index":0,"delta":{"content":"會","role":"assistant"},"finish_reason":null,"native_finish_reason":null}]}


PARSED: {"id":"gen-1783158650-6fMKVkLglsFk7xQKrVEy","object":"chat.completion.chunk","created":1783158650,"model":"deepseek/deepseek-v4-flash-20260423","provider":"GMICloud","choices":[{"index":0,"delta":{"content":"會","role":"assistant"},"finish_reason":null,"native_finish_reason":null}]}
--- CHUNK 1783158670524 bytes=298 ---
data: {"id":"gen-1783158650-6fMKVkLglsFk7xQKrVEy","object":"chat.completion.chunk","created":1783158650,"model":"deepseek/deepseek-v4-flash-20260423","provider":"GMICloud","choices":[{"index":0,"delta":{"content":"按照 SK","role":"assistant"},"finish_reason":null,"native_finish_reason":null}]}


PARSED: {"id":"gen-1783158650-6fMKVkLglsFk7xQKrVEy","object":"chat.completion.chunk","created":1783158650,"model":"deepseek/deepseek-v4-flash-20260423","provider":"GMICloud","choices":[{"index":0,"delta":{"content":"按照 SK","role":"assistant"},"finish_reason":null,"native_finish_reason":null}]}
--- CHUNK 1783158670533 bytes=295 ---
data: {"id":"gen-1783158650-6fMKVkLglsFk7xQKrVEy","object":"chat.completion.chunk","created":1783158650,"model":"deepseek/deepseek-v4-flash-20260423","provider":"GMICloud","choices":[{"index":0,"delta":{"content":"ILL.md","role":"assistant"},"finish_reason":null,"native_finish_reason":null}]}


PARSED: {"id":"gen-1783158650-6fMKVkLglsFk7xQKrVEy","object":"chat.completion.chunk","created":1783158650,"model":"deepseek/deepseek-v4-flash-20260423","provider":"GMICloud","choices":[{"index":0,"delta":{"content":"ILL.md","role":"assistant"},"finish_reason":null,"native_finish_reason":null}]}
--- CHUNK 1783158670535 bytes=293 ---
data: {"id":"gen-1783158650-6fMKVkLglsFk7xQKrVEy","object":"chat.completion.chunk","created":1783158650,"model":"deepseek/deepseek-v4-flash-20260423","provider":"GMICloud","choices":[{"index":0,"delta":{"content":" 中","role":"assistant"},"finish_reason":null,"native_finish_reason":null}]}


PARSED: {"id":"gen-1783158650-6fMKVkLglsFk7xQKrVEy","object":"chat.completion.chunk","created":1783158650,"model":"deepseek/deepseek-v4-flash-20260423","provider":"GMICloud","choices":[{"index":0,"delta":{"content":" 中","role":"assistant"},"finish_reason":null,"native_finish_reason":null}]}
--- CHUNK 1783158670555 bytes=292 ---
data: {"id":"gen-1783158650-6fMKVkLglsFk7xQKrVEy","object":"chat.completion.chunk","created":1783158650,"model":"deepseek/deepseek-v4-flash-20260423","provider":"GMICloud","choices":[{"index":0,"delta":{"content":" **","role":"assistant"},"finish_reason":null,"native_finish_reason":null}]}


PARSED: {"id":"gen-1783158650-6fMKVkLglsFk7xQKrVEy","object":"chat.completion.chunk","created":1783158650,"model":"deepseek/deepseek-v4-flash-20260423","provider":"GMICloud","choices":[{"index":0,"delta":{"content":" **","role":"assistant"},"finish_reason":null,"native_finish_reason":null}]}
--- CHUNK 1783158670558 bytes=297 ---
data: {"id":"gen-1783158650-6fMKVkLglsFk7xQKrVEy","object":"chat.completion.chunk","created":1783158650,"model":"deepseek/deepseek-v4-flash-20260423","provider":"GMICloud","choices":[{"index":0,"delta":{"content":"Determin","role":"assistant"},"finish_reason":null,"native_finish_reason":null}]}


PARSED: {"id":"gen-1783158650-6fMKVkLglsFk7xQKrVEy","object":"chat.completion.chunk","created":1783158650,"model":"deepseek/deepseek-v4-flash-20260423","provider":"GMICloud","choices":[{"index":0,"delta":{"content":"Determin","role":"assistant"},"finish_reason":null,"native_finish_reason":null}]}
--- CHUNK 1783158670560 bytes=301 ---
data: {"id":"gen-1783158650-6fMKVkLglsFk7xQKrVEy","object":"chat.completion.chunk","created":1783158650,"model":"deepseek/deepseek-v4-flash-20260423","provider":"GMICloud","choices":[{"index":0,"delta":{"content":"istic Script","role":"assistant"},"finish_reason":null,"native_finish_reason":null}]}


PARSED: {"id":"gen-1783158650-6fMKVkLglsFk7xQKrVEy","object":"chat.completion.chunk","created":1783158650,"model":"deepseek/deepseek-v4-flash-20260423","provider":"GMICloud","choices":[{"index":0,"delta":{"content":"istic Script","role":"assistant"},"finish_reason":null,"native_finish_reason":null}]}
--- CHUNK 1783158670573 bytes=291 ---
data: {"id":"gen-1783158650-6fMKVkLglsFk7xQKrVEy","object":"chat.completion.chunk","created":1783158650,"model":"deepseek/deepseek-v4-flash-20260423","provider":"GMICloud","choices":[{"index":0,"delta":{"content":"**","role":"assistant"},"finish_reason":null,"native_finish_reason":null}]}


PARSED: {"id":"gen-1783158650-6fMKVkLglsFk7xQKrVEy","object":"chat.completion.chunk","created":1783158650,"model":"deepseek/deepseek-v4-flash-20260423","provider":"GMICloud","choices":[{"index":0,"delta":{"content":"**","role":"assistant"},"finish_reason":null,"native_finish_reason":null}]}
--- CHUNK 1783158670575 bytes=296 ---
data: {"id":"gen-1783158650-6fMKVkLglsFk7xQKrVEy","object":"chat.completion.chunk","created":1783158650,"model":"deepseek/deepseek-v4-flash-20260423","provider":"GMICloud","choices":[{"index":0,"delta":{"content":" 定義","role":"assistant"},"finish_reason":null,"native_finish_reason":null}]}


PARSED: {"id":"gen-1783158650-6fMKVkLglsFk7xQKrVEy","object":"chat.completion.chunk","created":1783158650,"model":"deepseek/deepseek-v4-flash-20260423","provider":"GMICloud","choices":[{"index":0,"delta":{"content":" 定義","role":"assistant"},"finish_reason":null,"native_finish_reason":null}]}
--- CHUNK 1783158670579 bytes=298 ---
data: {"id":"gen-1783158650-6fMKVkLglsFk7xQKrVEy","object":"chat.completion.chunk","created":1783158650,"model":"deepseek/deepseek-v4-flash-20260423","provider":"GMICloud","choices":[{"index":0,"delta":{"content":"的步驟","role":"assistant"},"finish_reason":null,"native_finish_reason":null}]}


PARSED: {"id":"gen-1783158650-6fMKVkLglsFk7xQKrVEy","object":"chat.completion.chunk","created":1783158650,"model":"deepseek/deepseek-v4-flash-20260423","provider":"GMICloud","choices":[{"index":0,"delta":{"content":"的步驟","role":"assistant"},"finish_reason":null,"native_finish_reason":null}]}
--- CHUNK 1783158670631 bytes=292 ---
data: {"id":"gen-1783158650-6fMKVkLglsFk7xQKrVEy","object":"chat.completion.chunk","created":1783158650,"model":"deepseek/deepseek-v4-flash-20260423","provider":"GMICloud","choices":[{"index":0,"delta":{"content":"，","role":"assistant"},"finish_reason":null,"native_finish_reason":null}]}


PARSED: {"id":"gen-1783158650-6fMKVkLglsFk7xQKrVEy","object":"chat.completion.chunk","created":1783158650,"model":"deepseek/deepseek-v4-flash-20260423","provider":"GMICloud","choices":[{"index":0,"delta":{"content":"，","role":"assistant"},"finish_reason":null,"native_finish_reason":null}]}
--- CHUNK 1783158670636 bytes=301 ---
data: {"id":"gen-1783158650-6fMKVkLglsFk7xQKrVEy","object":"chat.completion.chunk","created":1783158650,"model":"deepseek/deepseek-v4-flash-20260423","provider":"GMICloud","choices":[{"index":0,"delta":{"content":"逐步執行","role":"assistant"},"finish_reason":null,"native_finish_reason":null}]}


PARSED: {"id":"gen-1783158650-6fMKVkLglsFk7xQKrVEy","object":"chat.completion.chunk","created":1783158650,"model":"deepseek/deepseek-v4-flash-20260423","provider":"GMICloud","choices":[{"index":0,"delta":{"content":"逐步執行","role":"assistant"},"finish_reason":null,"native_finish_reason":null}]}
--- CHUNK 1783158670640 bytes=295 ---
data: {"id":"gen-1783158650-6fMKVkLglsFk7xQKrVEy","object":"chat.completion.chunk","created":1783158650,"model":"deepseek/deepseek-v4-flash-20260423","provider":"GMICloud","choices":[{"index":0,"delta":{"content":"並產","role":"assistant"},"finish_reason":null,"native_finish_reason":null}]}


PARSED: {"id":"gen-1783158650-6fMKVkLglsFk7xQKrVEy","object":"chat.completion.chunk","created":1783158650,"model":"deepseek/deepseek-v4-flash-20260423","provider":"GMICloud","choices":[{"index":0,"delta":{"content":"並產","role":"assistant"},"finish_reason":null,"native_finish_reason":null}]}
--- CHUNK 1783158670644 bytes=298 ---
data: {"id":"gen-1783158650-6fMKVkLglsFk7xQKrVEy","object":"chat.completion.chunk","created":1783158650,"model":"deepseek/deepseek-v4-flash-20260423","provider":"GMICloud","choices":[{"index":0,"delta":{"content":"出結果","role":"assistant"},"finish_reason":null,"native_finish_reason":null}]}


PARSED: {"id":"gen-1783158650-6fMKVkLglsFk7xQKrVEy","object":"chat.completion.chunk","created":1783158650,"model":"deepseek/deepseek-v4-flash-20260423","provider":"GMICloud","choices":[{"index":0,"delta":{"content":"出結果","role":"assistant"},"finish_reason":null,"native_finish_reason":null}]}
--- CHUNK 1783158670677 bytes=296 ---
data: {"id":"gen-1783158650-6fMKVkLglsFk7xQKrVEy","object":"chat.completion.chunk","created":1783158650,"model":"deepseek/deepseek-v4-flash-20260423","provider":"GMICloud","choices":[{"index":0,"delta":{"content":"。\n\n","role":"assistant"},"finish_reason":null,"native_finish_reason":null}]}


PARSED: {"id":"gen-1783158650-6fMKVkLglsFk7xQKrVEy","object":"chat.completion.chunk","created":1783158650,"model":"deepseek/deepseek-v4-flash-20260423","provider":"GMICloud","choices":[{"index":0,"delta":{"content":"。\n\n","role":"assistant"},"finish_reason":null,"native_finish_reason":null}]}
--- CHUNK 1783158670683 bytes=298 ---
data: {"id":"gen-1783158650-6fMKVkLglsFk7xQKrVEy","object":"chat.completion.chunk","created":1783158650,"model":"deepseek/deepseek-v4-flash-20260423","provider":"GMICloud","choices":[{"index":0,"delta":{"content":"---\n\n##","role":"assistant"},"finish_reason":null,"native_finish_reason":null}]}


PARSED: {"id":"gen-1783158650-6fMKVkLglsFk7xQKrVEy","object":"chat.completion.chunk","created":1783158650,"model":"deepseek/deepseek-v4-flash-20260423","provider":"GMICloud","choices":[{"index":0,"delta":{"content":"---\n\n##","role":"assistant"},"finish_reason":null,"native_finish_reason":null}]}
--- CHUNK 1783158670698 bytes=293 ---
data: {"id":"gen-1783158650-6fMKVkLglsFk7xQKrVEy","object":"chat.completion.chunk","created":1783158650,"model":"deepseek/deepseek-v4-flash-20260423","provider":"GMICloud","choices":[{"index":0,"delta":{"content":" 三","role":"assistant"},"finish_reason":null,"native_finish_reason":null}]}


PARSED: {"id":"gen-1783158650-6fMKVkLglsFk7xQKrVEy","object":"chat.completion.chunk","created":1783158650,"model":"deepseek/deepseek-v4-flash-20260423","provider":"GMICloud","choices":[{"index":0,"delta":{"content":" 三","role":"assistant"},"finish_reason":null,"native_finish_reason":null}]}
--- CHUNK 1783158670894 bytes=297 ---
data: {"id":"gen-1783158650-6fMKVkLglsFk7xQKrVEy","object":"chat.completion.chunk","created":1783158650,"model":"deepseek/deepseek-v4-flash-20260423","provider":"GMICloud","choices":[{"index":0,"delta":{"content":"、Skill","role":"assistant"},"finish_reason":null,"native_finish_reason":null}]}


PARSED: {"id":"gen-1783158650-6fMKVkLglsFk7xQKrVEy","object":"chat.completion.chunk","created":1783158650,"model":"deepseek/deepseek-v4-flash-20260423","provider":"GMICloud","choices":[{"index":0,"delta":{"content":"、Skill","role":"assistant"},"finish_reason":null,"native_finish_reason":null}]}
--- CHUNK 1783158670899 bytes=293 ---
data: {"id":"gen-1783158650-6fMKVkLglsFk7xQKrVEy","object":"chat.completion.chunk","created":1783158650,"model":"deepseek/deepseek-v4-flash-20260423","provider":"GMICloud","choices":[{"index":0,"delta":{"content":" 與","role":"assistant"},"finish_reason":null,"native_finish_reason":null}]}


PARSED: {"id":"gen-1783158650-6fMKVkLglsFk7xQKrVEy","object":"chat.completion.chunk","created":1783158650,"model":"deepseek/deepseek-v4-flash-20260423","provider":"GMICloud","choices":[{"index":0,"delta":{"content":" 與","role":"assistant"},"finish_reason":null,"native_finish_reason":null}]}
--- CHUNK 1783158670902 bytes=298 ---
data: {"id":"gen-1783158650-6fMKVkLglsFk7xQKrVEy","object":"chat.completion.chunk","created":1783158650,"model":"deepseek/deepseek-v4-flash-20260423","provider":"GMICloud","choices":[{"index":0,"delta":{"content":"其他模","role":"assistant"},"finish_reason":null,"native_finish_reason":null}]}


PARSED: {"id":"gen-1783158650-6fMKVkLglsFk7xQKrVEy","object":"chat.completion.chunk","created":1783158650,"model":"deepseek/deepseek-v4-flash-20260423","provider":"GMICloud","choices":[{"index":0,"delta":{"content":"其他模","role":"assistant"},"finish_reason":null,"native_finish_reason":null}]}
--- CHUNK 1783158670910 bytes=295 ---
data: {"id":"gen-1783158650-6fMKVkLglsFk7xQKrVEy","object":"chat.completion.chunk","created":1783158650,"model":"deepseek/deepseek-v4-flash-20260423","provider":"GMICloud","choices":[{"index":0,"delta":{"content":"組的","role":"assistant"},"finish_reason":null,"native_finish_reason":null}]}


PARSED: {"id":"gen-1783158650-6fMKVkLglsFk7xQKrVEy","object":"chat.completion.chunk","created":1783158650,"model":"deepseek/deepseek-v4-flash-20260423","provider":"GMICloud","choices":[{"index":0,"delta":{"content":"組的","role":"assistant"},"finish_reason":null,"native_finish_reason":null}]}
--- CHUNK 1783158670955 bytes=295 ---
data: {"id":"gen-1783158650-6fMKVkLglsFk7xQKrVEy","object":"chat.completion.chunk","created":1783158650,"model":"deepseek/deepseek-v4-flash-20260423","provider":"GMICloud","choices":[{"index":0,"delta":{"content":"關係","role":"assistant"},"finish_reason":null,"native_finish_reason":null}]}


PARSED: {"id":"gen-1783158650-6fMKVkLglsFk7xQKrVEy","object":"chat.completion.chunk","created":1783158650,"model":"deepseek/deepseek-v4-flash-20260423","provider":"GMICloud","choices":[{"index":0,"delta":{"content":"關係","role":"assistant"},"finish_reason":null,"native_finish_reason":null}]}
--- CHUNK 1783158670960 bytes=298 ---
data: {"id":"gen-1783158650-6fMKVkLglsFk7xQKrVEy","object":"chat.completion.chunk","created":1783158650,"model":"deepseek/deepseek-v4-flash-20260423","provider":"GMICloud","choices":[{"index":0,"delta":{"content":"\n\n```\n","role":"assistant"},"finish_reason":null,"native_finish_reason":null}]}


PARSED: {"id":"gen-1783158650-6fMKVkLglsFk7xQKrVEy","object":"chat.completion.chunk","created":1783158650,"model":"deepseek/deepseek-v4-flash-20260423","provider":"GMICloud","choices":[{"index":0,"delta":{"content":"\n\n```\n","role":"assistant"},"finish_reason":null,"native_finish_reason":null}]}
--- CHUNK 1783158670964 bytes=308 ---
data: {"id":"gen-1783158650-6fMKVkLglsFk7xQKrVEy","object":"chat.completion.chunk","created":1783158650,"model":"deepseek/deepseek-v4-flash-20260423","provider":"GMICloud","choices":[{"index":0,"delta":{"content":"                   ","role":"assistant"},"finish_reason":null,"native_finish_reason":null}]}


PARSED: {"id":"gen-1783158650-6fMKVkLglsFk7xQKrVEy","object":"chat.completion.chunk","created":1783158650,"model":"deepseek/deepseek-v4-flash-20260423","provider":"GMICloud","choices":[{"index":0,"delta":{"content":"                   ","role":"assistant"},"finish_reason":null,"native_finish_reason":null}]}
--- CHUNK 1783158670986 bytes=317 ---
data: {"id":"gen-1783158650-6fMKVkLglsFk7xQKrVEy","object":"chat.completion.chunk","created":1783158650,"model":"deepseek/deepseek-v4-flash-20260423","provider":"GMICloud","choices":[{"index":0,"delta":{"content":" ┌────────","role":"assistant"},"finish_reason":null,"native_finish_reason":null}]}


PARSED: {"id":"gen-1783158650-6fMKVkLglsFk7xQKrVEy","object":"chat.completion.chunk","created":1783158650,"model":"deepseek/deepseek-v4-flash-20260423","provider":"GMICloud","choices":[{"index":0,"delta":{"content":" ┌────────","role":"assistant"},"finish_reason":null,"native_finish_reason":null}]}
--- CHUNK 1783158670989 bytes=304 ---
data: {"id":"gen-1783158650-6fMKVkLglsFk7xQKrVEy","object":"chat.completion.chunk","created":1783158650,"model":"deepseek/deepseek-v4-flash-20260423","provider":"GMICloud","choices":[{"index":0,"delta":{"content":"─────","role":"assistant"},"finish_reason":null,"native_finish_reason":null}]}


PARSED: {"id":"gen-1783158650-6fMKVkLglsFk7xQKrVEy","object":"chat.completion.chunk","created":1783158650,"model":"deepseek/deepseek-v4-flash-20260423","provider":"GMICloud","choices":[{"index":0,"delta":{"content":"─────","role":"assistant"},"finish_reason":null,"native_finish_reason":null}]}
--- CHUNK 1783158670991 bytes=292 ---
data: {"id":"gen-1783158650-6fMKVkLglsFk7xQKrVEy","object":"chat.completion.chunk","created":1783158650,"model":"deepseek/deepseek-v4-flash-20260423","provider":"GMICloud","choices":[{"index":0,"delta":{"content":"┐","role":"assistant"},"finish_reason":null,"native_finish_reason":null}]}


PARSED: {"id":"gen-1783158650-6fMKVkLglsFk7xQKrVEy","object":"chat.completion.chunk","created":1783158650,"model":"deepseek/deepseek-v4-flash-20260423","provider":"GMICloud","choices":[{"index":0,"delta":{"content":"┐","role":"assistant"},"finish_reason":null,"native_finish_reason":null}]}
--- CHUNK 1783158671031 bytes=291 ---
data: {"id":"gen-1783158650-6fMKVkLglsFk7xQKrVEy","object":"chat.completion.chunk","created":1783158650,"model":"deepseek/deepseek-v4-flash-20260423","provider":"GMICloud","choices":[{"index":0,"delta":{"content":"\n","role":"assistant"},"finish_reason":null,"native_finish_reason":null}]}


PARSED: {"id":"gen-1783158650-6fMKVkLglsFk7xQKrVEy","object":"chat.completion.chunk","created":1783158650,"model":"deepseek/deepseek-v4-flash-20260423","provider":"GMICloud","choices":[{"index":0,"delta":{"content":"\n","role":"assistant"},"finish_reason":null,"native_finish_reason":null}]}
--- CHUNK 1783158671038 bytes=312 ---
data: {"id":"gen-1783158650-6fMKVkLglsFk7xQKrVEy","object":"chat.completion.chunk","created":1783158650,"model":"deepseek/deepseek-v4-flash-20260423","provider":"GMICloud","choices":[{"index":0,"delta":{"content":"                    │","role":"assistant"},"finish_reason":null,"native_finish_reason":null}]}


PARSED: {"id":"gen-1783158650-6fMKVkLglsFk7xQKrVEy","object":"chat.completion.chunk","created":1783158650,"model":"deepseek/deepseek-v4-flash-20260423","provider":"GMICloud","choices":[{"index":0,"delta":{"content":"                    │","role":"assistant"},"finish_reason":null,"native_finish_reason":null}
--- CHUNK 1783158671043 bytes=296 ---
data: {"id":"gen-1783158650-6fMKVkLglsFk7xQKrVEy","object":"chat.completion.chunk","created":1783158650,"model":"deepseek/deepseek-v4-flash-20260423","provider":"GMICloud","choices":[{"index":0,"delta":{"content":"  Skill","role":"assistant"},"finish_reason":null,"native_finish_reason":null}]}


PARSED: {"id":"gen-1783158650-6fMKVkLglsFk7xQKrVEy","object":"chat.completion.chunk","created":1783158650,"model":"deepseek/deepseek-v4-flash-20260423","provider":"GMICloud","choices":[{"index":0,"delta":{"content":"  Skill","role":"assistant"},"finish_reason":null,"native_finish_reason":null}]}
--- CHUNK 1783158671077 bytes=294 ---
data: {"id":"gen-1783158650-6fMKVkLglsFk7xQKrVEy","object":"chat.completion.chunk","created":1783158650,"model":"deepseek/deepseek-v4-flash-20260423","provider":"GMICloud","choices":[{"index":0,"delta":{"content":"     ","role":"assistant"},"finish_reason":null,"native_finish_reason":null}]}


PARSED: {"id":"gen-1783158650-6fMKVkLglsFk7xQKrVEy","object":"chat.completion.chunk","created":1783158650,"model":"deepseek/deepseek-v4-flash-20260423","provider":"GMICloud","choices":[{"index":0,"delta":{"content":"     ","role":"assistant"},"finish_reason":null,"native_finish_reason":null}]}
--- CHUNK 1783158671079 bytes=295 ---
data: {"id":"gen-1783158650-6fMKVkLglsFk7xQKrVEy","object":"chat.completion.chunk","created":1783158650,"model":"deepseek/deepseek-v4-flash-20260423","provider":"GMICloud","choices":[{"index":0,"delta":{"content":" │\n","role":"assistant"},"finish_reason":null,"native_finish_reason":null}]}


PARSED: {"id":"gen-1783158650-6fMKVkLglsFk7xQKrVEy","object":"chat.completion.chunk","created":1783158650,"model":"deepseek/deepseek-v4-flash-20260423","provider":"GMICloud","choices":[{"index":0,"delta":{"content":" │\n","role":"assistant"},"finish_reason":null,"native_finish_reason":null}]}
--- CHUNK 1783158671085 bytes=312 ---
data: {"id":"gen-1783158650-6fMKVkLglsFk7xQKrVEy","object":"chat.completion.chunk","created":1783158650,"model":"deepseek/deepseek-v4-flash-20260423","provider":"GMICloud","choices":[{"index":0,"delta":{"content":"                    │","role":"assistant"},"finish_reason":null,"native_finish_reason":null}]}


PARSED: {"id":"gen-1783158650-6fMKVkLglsFk7xQKrVEy","object":"chat.completion.chunk","created":1783158650,"model":"deepseek/deepseek-v4-flash-20260423","provider":"GMICloud","choices":[{"index":0,"delta":{"content":"                    │","role":"assistant"},"finish_reason":null,"native_finish_reason":null}
--- CHUNK 1783158671125 bytes=298 ---
data: {"id":"gen-1783158650-6fMKVkLglsFk7xQKrVEy","object":"chat.completion.chunk","created":1783158650,"model":"deepseek/deepseek-v4-flash-20260423","provider":"GMICloud","choices":[{"index":0,"delta":{"content":"  Builder","role":"assistant"},"finish_reason":null,"native_finish_reason":null}]}


PARSED: {"id":"gen-1783158650-6fMKVkLglsFk7xQKrVEy","object":"chat.completion.chunk","created":1783158650,"model":"deepseek/deepseek-v4-flash-20260423","provider":"GMICloud","choices":[{"index":0,"delta":{"content":"  Builder","role":"assistant"},"finish_reason":null,"native_finish_reason":null}]}
--- CHUNK 1783158671127 bytes=296 ---
data: {"id":"gen-1783158650-6fMKVkLglsFk7xQKrVEy","object":"chat.completion.chunk","created":1783158650,"model":"deepseek/deepseek-v4-flash-20260423","provider":"GMICloud","choices":[{"index":0,"delta":{"content":"    │","role":"assistant"},"finish_reason":null,"native_finish_reason":null}]}


PARSED: {"id":"gen-1783158650-6fMKVkLglsFk7xQKrVEy","object":"chat.completion.chunk","created":1783158650,"model":"deepseek/deepseek-v4-flash-20260423","provider":"GMICloud","choices":[{"index":0,"delta":{"content":"    │","role":"assistant"},"finish_reason":null,"native_finish_reason":null}]}
--- CHUNK 1783158671134 bytes=294 ---
data: {"id":"gen-1783158650-6fMKVkLglsFk7xQKrVEy","object":"chat.completion.chunk","created":1783158650,"model":"deepseek/deepseek-v4-flash-20260423","provider":"GMICloud","choices":[{"index":0,"delta":{"content":" ← ","role":"assistant"},"finish_reason":null,"native_finish_reason":null}]}


PARSED: {"id":"gen-1783158650-6fMKVkLglsFk7xQKrVEy","object":"chat.completion.chunk","created":1783158650,"model":"deepseek/deepseek-v4-flash-20260423","provider":"GMICloud","choices":[{"index":0,"delta":{"content":" ← ","role":"assistant"},"finish_reason":null,"native_finish_reason":null}]}
--- CHUNK 1783158671174 bytes=295 ---
data: {"id":"gen-1783158650-6fMKVkLglsFk7xQKrVEy","object":"chat.completion.chunk","created":1783158650,"model":"deepseek/deepseek-v4-flash-20260423","provider":"GMICloud","choices":[{"index":0,"delta":{"content":"建構","role":"assistant"},"finish_reason":null,"native_finish_reason":null}]}


PARSED: {"id":"gen-1783158650-6fMKVkLglsFk7xQKrVEy","object":"chat.completion.chunk","created":1783158650,"model":"deepseek/deepseek-v4-flash-20260423","provider":"GMICloud","choices":[{"index":0,"delta":{"content":"建構","role":"assistant"},"finish_reason":null,"native_finish_reason":null}]}
--- CHUNK 1783158671175 bytes=292 ---
data: {"id":"gen-1783158650-6fMKVkLglsFk7xQKrVEy","object":"chat.completion.chunk","created":1783158650,"model":"deepseek/deepseek-v4-flash-20260423","provider":"GMICloud","choices":[{"index":0,"delta":{"content":" / ","role":"assistant"},"finish_reason":null,"native_finish_reason":null}]}


PARSED: {"id":"gen-1783158650-6fMKVkLglsFk7xQKrVEy","object":"chat.completion.chunk","created":1783158650,"model":"deepseek/deepseek-v4-flash-20260423","provider":"GMICloud","choices":[{"index":0,"delta":{"content":" / ","role":"assistant"},"finish_reason":null,"native_finish_reason":null}]}
--- CHUNK 1783158671177 bytes=301 ---
data: {"id":"gen-1783158650-6fMKVkLglsFk7xQKrVEy","object":"chat.completion.chunk","created":1783158650,"model":"deepseek/deepseek-v4-flash-20260423","provider":"GMICloud","choices":[{"index":0,"delta":{"content":"編輯 Skill","role":"assistant"},"finish_reason":null,"native_finish_reason":null}]}


PARSED: {"id":"gen-1783158650-6fMKVkLglsFk7xQKrVEy","object":"chat.completion.chunk","created":1783158650,"model":"deepseek/deepseek-v4-flash-20260423","provider":"GMICloud","choices":[{"index":0,"delta":{"content":"編輯 Skill","role":"assistant"},"finish_reason":null,"native_finish_reason":null}]}
--- CHUNK 1783158671211 bytes=291 ---
data: {"id":"gen-1783158650-6fMKVkLglsFk7xQKrVEy","object":"chat.completion.chunk","created":1783158650,"model":"deepseek/deepseek-v4-flash-20260423","provider":"GMICloud","choices":[{"index":0,"delta":{"content":"\n","role":"assistant"},"finish_reason":null,"native_finish_reason":null}]}


PARSED: {"id":"gen-1783158650-6fMKVkLglsFk7xQKrVEy","object":"chat.completion.chunk","created":1783158650,"model":"deepseek/deepseek-v4-flash-20260423","provider":"GMICloud","choices":[{"index":0,"delta":{"content":"\n","role":"assistant"},"finish_reason":null,"native_finish_reason":null}]}
--- CHUNK 1783158671213 bytes=308 ---
data: {"id":"gen-1783158650-6fMKVkLglsFk7xQKrVEy","object":"chat.completion.chunk","created":1783158650,"model":"deepseek/deepseek-v4-flash-20260423","provider":"GMICloud","choices":[{"index":0,"delta":{"content":"                   ","role":"assistant"},"finish_reason":null,"native_finish_reason":null}]}


PARSED: {"id":"gen-1783158650-6fMKVkLglsFk7xQKrVEy","object":"chat.completion.chunk","created":1783158650,"model":"deepseek/deepseek-v4-flash-20260423","provider":"GMICloud","choices":[{"index":0,"delta":{"content":"                   ","role":"assistant"},"finish_reason":null,"native_finish_reason":null}]}
--- CHUNK 1783158671219 bytes=305 ---
data: {"id":"gen-1783158650-6fMKVkLglsFk7xQKrVEy","object":"chat.completion.chunk","created":1783158650,"model":"deepseek/deepseek-v4-flash-20260423","provider":"GMICloud","choices":[{"index":0,"delta":{"content":" └────","role":"assistant"},"finish_reason":null,"native_finish_reason":null}]}


PARSED: {"id":"gen-1783158650-6fMKVkLglsFk7xQKrVEy","object":"chat.completion.chunk","created":1783158650,"model":"deepseek/deepseek-v4-flash-20260423","provider":"GMICloud","choices":[{"index":0,"delta":{"content":" └────","role":"assistant"},"finish_reason":null,"native_finish_reason":null}]}
--- CHUNK 1783158671232 bytes=295 ---
data: {"id":"gen-1783158650-6fMKVkLglsFk7xQKrVEy","object":"chat.completion.chunk","created":1783158650,"model":"deepseek/deepseek-v4-flash-20260423","provider":"GMICloud","choices":[{"index":0,"delta":{"content":"──","role":"assistant"},"finish_reason":null,"native_finish_reason":null}]}


PARSED: {"id":"gen-1783158650-6fMKVkLglsFk7xQKrVEy","object":"chat.completion.chunk","created":1783158650,"model":"deepseek/deepseek-v4-flash-20260423","provider":"GMICloud","choices":[{"index":0,"delta":{"content":"──","role":"assistant"},"finish_reason":null,"native_finish_reason":null}]}
--- CHUNK 1783158671237 bytes=304 ---
data: {"id":"gen-1783158650-6fMKVkLglsFk7xQKrVEy","object":"chat.completion.chunk","created":1783158650,"model":"deepseek/deepseek-v4-flash-20260423","provider":"GMICloud","choices":[{"index":0,"delta":{"content":"┬────","role":"assistant"},"finish_reason":null,"native_finish_reason":null}]}


PARSED: {"id":"gen-1783158650-6fMKVkLglsFk7xQKrVEy","object":"chat.completion.chunk","created":1783158650,"model":"deepseek/deepseek-v4-flash-20260423","provider":"GMICloud","choices":[{"index":0,"delta":{"content":"┬────","role":"assistant"},"finish_reason":null,"native_finish_reason":null}]}
--- CHUNK 1783158671240 bytes=295 ---
data: {"id":"gen-1783158650-6fMKVkLglsFk7xQKrVEy","object":"chat.completion.chunk","created":1783158650,"model":"deepseek/deepseek-v4-flash-20260423","provider":"GMICloud","choices":[{"index":0,"delta":{"content":"──","role":"assistant"},"finish_reason":null,"native_finish_reason":null}]}


PARSED: {"id":"gen-1783158650-6fMKVkLglsFk7xQKrVEy","object":"chat.completion.chunk","created":1783158650,"model":"deepseek/deepseek-v4-flash-20260423","provider":"GMICloud","choices":[{"index":0,"delta":{"content":"──","role":"assistant"},"finish_reason":null,"native_finish_reason":null}]}
--- CHUNK 1783158671577 bytes=292 ---
data: {"id":"gen-1783158650-6fMKVkLglsFk7xQKrVEy","object":"chat.completion.chunk","created":1783158650,"model":"deepseek/deepseek-v4-flash-20260423","provider":"GMICloud","choices":[{"index":0,"delta":{"content":"┘","role":"assistant"},"finish_reason":null,"native_finish_reason":null}]}


PARSED: {"id":"gen-1783158650-6fMKVkLglsFk7xQKrVEy","object":"chat.completion.chunk","created":1783158650,"model":"deepseek/deepseek-v4-flash-20260423","provider":"GMICloud","choices":[{"index":0,"delta":{"content":"┘","role":"assistant"},"finish_reason":null,"native_finish_reason":null}]}
--- CHUNK 1783158671582 bytes=317 ---
data: {"id":"gen-1783158650-6fMKVkLglsFk7xQKrVEy","object":"chat.completion.chunk","created":1783158650,"model":"deepseek/deepseek-v4-flash-20260423","provider":"GMICloud","choices":[{"index":0,"delta":{"content":"\n                          ","role":"assistant"},"finish_reason":null,"native_finish_reason":null}]}


PARSED: {"id":"gen-1783158650-6fMKVkLglsFk7xQKrVEy","object":"chat.completion.chunk","created":1783158650,"model":"deepseek/deepseek-v4-flash-20260423","provider":"GMICloud","choices":[{"index":0,"delta":{"content":"\n                          ","role":"assistant"},"finish_reason":null,"native_finish_reason
--- CHUNK 1783158671583 bytes=294 ---
data: {"id":"gen-1783158650-6fMKVkLglsFk7xQKrVEy","object":"chat.completion.chunk","created":1783158650,"model":"deepseek/deepseek-v4-flash-20260423","provider":"GMICloud","choices":[{"index":0,"delta":{"content":" │ ","role":"assistant"},"finish_reason":null,"native_finish_reason":null}]}


PARSED: {"id":"gen-1783158650-6fMKVkLglsFk7xQKrVEy","object":"chat.completion.chunk","created":1783158650,"model":"deepseek/deepseek-v4-flash-20260423","provider":"GMICloud","choices":[{"index":0,"delta":{"content":" │ ","role":"assistant"},"finish_reason":null,"native_finish_reason":null}]}
--- CHUNK 1783158671585 bytes=295 ---
data: {"id":"gen-1783158650-6fMKVkLglsFk7xQKrVEy","object":"chat.completion.chunk","created":1783158650,"model":"deepseek/deepseek-v4-flash-20260423","provider":"GMICloud","choices":[{"index":0,"delta":{"content":"產出","role":"assistant"},"finish_reason":null,"native_finish_reason":null}]}


PARSED: {"id":"gen-1783158650-6fMKVkLglsFk7xQKrVEy","object":"chat.completion.chunk","created":1783158650,"model":"deepseek/deepseek-v4-flash-20260423","provider":"GMICloud","choices":[{"index":0,"delta":{"content":"產出","role":"assistant"},"finish_reason":null,"native_finish_reason":null}]}
--- CHUNK 1783158671588 bytes=295 ---
data: {"id":"gen-1783158650-6fMKVkLglsFk7xQKrVEy","object":"chat.completion.chunk","created":1783158650,"model":"deepseek/deepseek-v4-flash-20260423","provider":"GMICloud","choices":[{"index":0,"delta":{"content":" SKILL","role":"assistant"},"finish_reason":null,"native_finish_reason":null}]}


PARSED: {"id":"gen-1783158650-6fMKVkLglsFk7xQKrVEy","object":"chat.completion.chunk","created":1783158650,"model":"deepseek/deepseek-v4-flash-20260423","provider":"GMICloud","choices":[{"index":0,"delta":{"content":" SKILL","role":"assistant"},"finish_reason":null,"native_finish_reason":null}]}
--- CHUNK 1783158671589 bytes=294 ---
data: {"id":"gen-1783158650-6fMKVkLglsFk7xQKrVEy","object":"chat.completion.chunk","created":1783158650,"model":"deepseek/deepseek-v4-flash-20260423","provider":"GMICloud","choices":[{"index":0,"delta":{"content":".md\n","role":"assistant"},"finish_reason":null,"native_finish_reason":null}]}


PARSED: {"id":"gen-1783158650-6fMKVkLglsFk7xQKrVEy","object":"chat.completion.chunk","created":1783158650,"model":"deepseek/deepseek-v4-flash-20260423","provider":"GMICloud","choices":[{"index":0,"delta":{"content":".md\n","role":"assistant"},"finish_reason":null,"native_finish_reason":null}]}
--- CHUNK 1783158671593 bytes=319 ---
data: {"id":"gen-1783158650-6fMKVkLglsFk7xQKrVEy","object":"chat.completion.chunk","created":1783158650,"model":"deepseek/deepseek-v4-flash-20260423","provider":"GMICloud","choices":[{"index":0,"delta":{"content":"                           ▼","role":"assistant"},"finish_reason":null,"native_finish_reason":null}]}


PARSED: {"id":"gen-1783158650-6fMKVkLglsFk7xQKrVEy","object":"chat.completion.chunk","created":1783158650,"model":"deepseek/deepseek-v4-flash-20260423","provider":"GMICloud","choices":[{"index":0,"delta":{"content":"                           ▼","role":"assistant"},"finish_reason":null,"native_finish_reason
--- CHUNK 1783158671593 bytes=310 ---
data: {"id":"gen-1783158650-6fMKVkLglsFk7xQKrVEy","object":"chat.completion.chunk","created":1783158650,"model":"deepseek/deepseek-v4-flash-20260423","provider":"GMICloud","choices":[{"index":0,"delta":{"content":"\n                   ","role":"assistant"},"finish_reason":null,"native_finish_reason":null}]}


PARSED: {"id":"gen-1783158650-6fMKVkLglsFk7xQKrVEy","object":"chat.completion.chunk","created":1783158650,"model":"deepseek/deepseek-v4-flash-20260423","provider":"GMICloud","choices":[{"index":0,"delta":{"content":"\n                   ","role":"assistant"},"finish_reason":null,"native_finish_reason":null}
--- CHUNK 1783158671594 bytes=293 ---
data: {"id":"gen-1783158650-6fMKVkLglsFk7xQKrVEy","object":"chat.completion.chunk","created":1783158650,"model":"deepseek/deepseek-v4-flash-20260423","provider":"GMICloud","choices":[{"index":0,"delta":{"content":" ┌","role":"assistant"},"finish_reason":null,"native_finish_reason":null}]}


PARSED: {"id":"gen-1783158650-6fMKVkLglsFk7xQKrVEy","object":"chat.completion.chunk","created":1783158650,"model":"deepseek/deepseek-v4-flash-20260423","provider":"GMICloud","choices":[{"index":0,"delta":{"content":" ┌","role":"assistant"},"finish_reason":null,"native_finish_reason":null}]}
--- CHUNK 1783158671596 bytes=325 ---
data: {"id":"gen-1783158650-6fMKVkLglsFk7xQKrVEy","object":"chat.completion.chunk","created":1783158650,"model":"deepseek/deepseek-v4-flash-20260423","provider":"GMICloud","choices":[{"index":0,"delta":{"content":"────────────","role":"assistant"},"finish_reason":null,"native_finish_reason":null}]}


PARSED: {"id":"gen-1783158650-6fMKVkLglsFk7xQKrVEy","object":"chat.completion.chunk","created":1783158650,"model":"deepseek/deepseek-v4-flash-20260423","provider":"GMICloud","choices":[{"index":0,"delta":{"content":"────────────","role":"assistant"},"finish_reason":null,"native_finish_reason":null}]}
--- CHUNK 1783158671598 bytes=292 ---
data: {"id":"gen-1783158650-6fMKVkLglsFk7xQKrVEy","object":"chat.completion.chunk","created":1783158650,"model":"deepseek/deepseek-v4-flash-20260423","provider":"GMICloud","choices":[{"index":0,"delta":{"content":"─","role":"assistant"},"finish_reason":null,"native_finish_reason":null}]}


PARSED: {"id":"gen-1783158650-6fMKVkLglsFk7xQKrVEy","object":"chat.completion.chunk","created":1783158650,"model":"deepseek/deepseek-v4-flash-20260423","provider":"GMICloud","choices":[{"index":0,"delta":{"content":"─","role":"assistant"},"finish_reason":null,"native_finish_reason":null}]}
--- CHUNK 1783158671600 bytes=294 ---
data: {"id":"gen-1783158650-6fMKVkLglsFk7xQKrVEy","object":"chat.completion.chunk","created":1783158650,"model":"deepseek/deepseek-v4-flash-20260423","provider":"GMICloud","choices":[{"index":0,"delta":{"content":"┐\n","role":"assistant"},"finish_reason":null,"native_finish_reason":null}]}


PARSED: {"id":"gen-1783158650-6fMKVkLglsFk7xQKrVEy","object":"chat.completion.chunk","created":1783158650,"model":"deepseek/deepseek-v4-flash-20260423","provider":"GMICloud","choices":[{"index":0,"delta":{"content":"┐\n","role":"assistant"},"finish_reason":null,"native_finish_reason":null}]}
--- CHUNK 1783158671601 bytes=312 ---
data: {"id":"gen-1783158650-6fMKVkLglsFk7xQKrVEy","object":"chat.completion.chunk","created":1783158650,"model":"deepseek/deepseek-v4-flash-20260423","provider":"GMICloud","choices":[{"index":0,"delta":{"content":"                    │","role":"assistant"},"finish_reason":null,"native_finish_reason":null}]}


PARSED: {"id":"gen-1783158650-6fMKVkLglsFk7xQKrVEy","object":"chat.completion.chunk","created":1783158650,"model":"deepseek/deepseek-v4-flash-20260423","provider":"GMICloud","choices":[{"index":0,"delta":{"content":"                    │","role":"assistant"},"finish_reason":null,"native_finish_reason":null}
--- CHUNK 1783158671602 bytes=293 ---
data: {"id":"gen-1783158650-6fMKVkLglsFk7xQKrVEy","object":"chat.completion.chunk","created":1783158650,"model":"deepseek/deepseek-v4-flash-20260423","provider":"GMICloud","choices":[{"index":0,"delta":{"content":"  SK","role":"assistant"},"finish_reason":null,"native_finish_reason":null}]}


PARSED: {"id":"gen-1783158650-6fMKVkLglsFk7xQKrVEy","object":"chat.completion.chunk","created":1783158650,"model":"deepseek/deepseek-v4-flash-20260423","provider":"GMICloud","choices":[{"index":0,"delta":{"content":"  SK","role":"assistant"},"finish_reason":null,"native_finish_reason":null}]}
--- CHUNK 1783158671605 bytes=295 ---
data: {"id":"gen-1783158650-6fMKVkLglsFk7xQKrVEy","object":"chat.completion.chunk","created":1783158650,"model":"deepseek/deepseek-v4-flash-20260423","provider":"GMICloud","choices":[{"index":0,"delta":{"content":"ILL.md","role":"assistant"},"finish_reason":null,"native_finish_reason":null}]}


PARSED: {"id":"gen-1783158650-6fMKVkLglsFk7xQKrVEy","object":"chat.completion.chunk","created":1783158650,"model":"deepseek/deepseek-v4-flash-20260423","provider":"GMICloud","choices":[{"index":0,"delta":{"content":"ILL.md","role":"assistant"},"finish_reason":null,"native_finish_reason":null}]}
--- CHUNK 1783158671607 bytes=295 ---
data: {"id":"gen-1783158650-6fMKVkLglsFk7xQKrVEy","object":"chat.completion.chunk","created":1783158650,"model":"deepseek/deepseek-v4-flash-20260423","provider":"GMICloud","choices":[{"index":0,"delta":{"content":"   │","role":"assistant"},"finish_reason":null,"native_finish_reason":null}]}


PARSED: {"id":"gen-1783158650-6fMKVkLglsFk7xQKrVEy","object":"chat.completion.chunk","created":1783158650,"model":"deepseek/deepseek-v4-flash-20260423","provider":"GMICloud","choices":[{"index":0,"delta":{"content":"   │","role":"assistant"},"finish_reason":null,"native_finish_reason":null}]}
--- CHUNK 1783158671625 bytes=293 ---
data: {"id":"gen-1783158650-6fMKVkLglsFk7xQKrVEy","object":"chat.completion.chunk","created":1783158650,"model":"deepseek/deepseek-v4-flash-20260423","provider":"GMICloud","choices":[{"index":0,"delta":{"content":" ←","role":"assistant"},"finish_reason":null,"native_finish_reason":null}]}


PARSED: {"id":"gen-1783158650-6fMKVkLglsFk7xQKrVEy","object":"chat.completion.chunk","created":1783158650,"model":"deepseek/deepseek-v4-flash-20260423","provider":"GMICloud","choices":[{"index":0,"delta":{"content":" ←","role":"assistant"},"finish_reason":null,"native_finish_reason":null}]}
--- CHUNK 1783158671627 bytes=293 ---
data: {"id":"gen-1783158650-6fMKVkLglsFk7xQKrVEy","object":"chat.completion.chunk","created":1783158650,"model":"deepseek/deepseek-v4-flash-20260423","provider":"GMICloud","choices":[{"index":0,"delta":{"content":" 儲","role":"assistant"},"finish_reason":null,"native_finish_reason":null}]}


PARSED: {"id":"gen-1783158650-6fMKVkLglsFk7xQKrVEy","object":"chat.completion.chunk","created":1783158650,"model":"deepseek/deepseek-v4-flash-20260423","provider":"GMICloud","choices":[{"index":0,"delta":{"content":" 儲","role":"assistant"},"finish_reason":null,"native_finish_reason":null}]}
--- CHUNK 1783158671629 bytes=300 ---
data: {"id":"gen-1783158650-6fMKVkLglsFk7xQKrVEy","object":"chat.completion.chunk","created":1783158650,"model":"deepseek/deepseek-v4-flash-20260423","provider":"GMICloud","choices":[{"index":0,"delta":{"content":"存在 data","role":"assistant"},"finish_reason":null,"native_finish_reason":null}]}


PARSED: {"id":"gen-1783158650-6fMKVkLglsFk7xQKrVEy","object":"chat.completion.chunk","created":1783158650,"model":"deepseek/deepseek-v4-flash-20260423","provider":"GMICloud","choices":[{"index":0,"delta":{"content":"存在 data","role":"assistant"},"finish_reason":null,"native_finish_reason":null}]}
--- CHUNK 1783158671652 bytes=292 ---
data: {"id":"gen-1783158650-6fMKVkLglsFk7xQKrVEy","object":"chat.completion.chunk","created":1783158650,"model":"deepseek/deepseek-v4-flash-20260423","provider":"GMICloud","choices":[{"index":0,"delta":{"content":"/sk","role":"assistant"},"finish_reason":null,"native_finish_reason":null}]}


PARSED: {"id":"gen-1783158650-6fMKVkLglsFk7xQKrVEy","object":"chat.completion.chunk","created":1783158650,"model":"deepseek/deepseek-v4-flash-20260423","provider":"GMICloud","choices":[{"index":0,"delta":{"content":"/sk","role":"assistant"},"finish_reason":null,"native_finish_reason":null}]}
--- CHUNK 1783158671670 bytes=296 ---
data: {"id":"gen-1783158650-6fMKVkLglsFk7xQKrVEy","object":"chat.completion.chunk","created":1783158650,"model":"deepseek/deepseek-v4-flash-20260423","provider":"GMICloud","choices":[{"index":0,"delta":{"content":"ills/\n","role":"assistant"},"finish_reason":null,"native_finish_reason":null}]}


PARSED: {"id":"gen-1783158650-6fMKVkLglsFk7xQKrVEy","object":"chat.completion.chunk","created":1783158650,"model":"deepseek/deepseek-v4-flash-20260423","provider":"GMICloud","choices":[{"index":0,"delta":{"content":"ills/\n","role":"assistant"},"finish_reason":null,"native_finish_reason":null}]}
--- CHUNK 1783158671672 bytes=308 ---
data: {"id":"gen-1783158650-6fMKVkLglsFk7xQKrVEy","object":"chat.completion.chunk","created":1783158650,"model":"deepseek/deepseek-v4-flash-20260423","provider":"GMICloud","choices":[{"index":0,"delta":{"content":"                   ","role":"assistant"},"finish_reason":null,"native_finish_reason":null}]}


PARSED: {"id":"gen-1783158650-6fMKVkLglsFk7xQKrVEy","object":"chat.completion.chunk","created":1783158650,"model":"deepseek/deepseek-v4-flash-20260423","provider":"GMICloud","choices":[{"index":0,"delta":{"content":"                   ","role":"assistant"},"finish_reason":null,"native_finish_reason":null}]}
--- CHUNK 1783158671685 bytes=305 ---
data: {"id":"gen-1783158650-6fMKVkLglsFk7xQKrVEy","object":"chat.completion.chunk","created":1783158650,"model":"deepseek/deepseek-v4-flash-20260423","provider":"GMICloud","choices":[{"index":0,"delta":{"content":" └────","role":"assistant"},"finish_reason":null,"native_finish_reason":null}]}


PARSED: {"id":"gen-1783158650-6fMKVkLglsFk7xQKrVEy","object":"chat.completion.chunk","created":1783158650,"model":"deepseek/deepseek-v4-flash-20260423","provider":"GMICloud","choices":[{"index":0,"delta":{"content":" └────","role":"assistant"},"finish_reason":null,"native_finish_reason":null}]}
--- CHUNK 1783158671689 bytes=298 ---
data: {"id":"gen-1783158650-6fMKVkLglsFk7xQKrVEy","object":"chat.completion.chunk","created":1783158650,"model":"deepseek/deepseek-v4-flash-20260423","provider":"GMICloud","choices":[{"index":0,"delta":{"content":"──┬","role":"assistant"},"finish_reason":null,"native_finish_reason":null}]}


PARSED: {"id":"gen-1783158650-6fMKVkLglsFk7xQKrVEy","object":"chat.completion.chunk","created":1783158650,"model":"deepseek/deepseek-v4-flash-20260423","provider":"GMICloud","choices":[{"index":0,"delta":{"content":"──┬","role":"assistant"},"finish_reason":null,"native_finish_reason":null}]}
--- CHUNK 1783158671696 bytes=307 ---
data: {"id":"gen-1783158650-6fMKVkLglsFk7xQKrVEy","object":"chat.completion.chunk","created":1783158650,"model":"deepseek/deepseek-v4-flash-20260423","provider":"GMICloud","choices":[{"index":0,"delta":{"content":"──────","role":"assistant"},"finish_reason":null,"native_finish_reason":null}]}


PARSED: {"id":"gen-1783158650-6fMKVkLglsFk7xQKrVEy","object":"chat.completion.chunk","created":1783158650,"model":"deepseek/deepseek-v4-flash-20260423","provider":"GMICloud","choices":[{"index":0,"delta":{"content":"──────","role":"assistant"},"finish_reason":null,"native_finish_reason":null}]}
--- CHUNK 1783158671929 bytes=292 ---
data: {"id":"gen-1783158650-6fMKVkLglsFk7xQKrVEy","object":"chat.completion.chunk","created":1783158650,"model":"deepseek/deepseek-v4-flash-20260423","provider":"GMICloud","choices":[{"index":0,"delta":{"content":"┘","role":"assistant"},"finish_reason":null,"native_finish_reason":null}]}


PARSED: {"id":"gen-1783158650-6fMKVkLglsFk7xQKrVEy","object":"chat.completion.chunk","created":1783158650,"model":"deepseek/deepseek-v4-flash-20260423","provider":"GMICloud","choices":[{"index":0,"delta":{"content":"┘","role":"assistant"},"finish_reason":null,"native_finish_reason":null}]}
--- CHUNK 1783158671931 bytes=317 ---
data: {"id":"gen-1783158650-6fMKVkLglsFk7xQKrVEy","object":"chat.completion.chunk","created":1783158650,"model":"deepseek/deepseek-v4-flash-20260423","provider":"GMICloud","choices":[{"index":0,"delta":{"content":"\n                          ","role":"assistant"},"finish_reason":null,"native_finish_reason":null}]}


PARSED: {"id":"gen-1783158650-6fMKVkLglsFk7xQKrVEy","object":"chat.completion.chunk","created":1783158650,"model":"deepseek/deepseek-v4-flash-20260423","provider":"GMICloud","choices":[{"index":0,"delta":{"content":"\n                          ","role":"assistant"},"finish_reason":null,"native_finish_reason
--- CHUNK 1783158671932 bytes=295 ---
data: {"id":"gen-1783158650-6fMKVkLglsFk7xQKrVEy","object":"chat.completion.chunk","created":1783158650,"model":"deepseek/deepseek-v4-flash-20260423","provider":"GMICloud","choices":[{"index":0,"delta":{"content":" │\n","role":"assistant"},"finish_reason":null,"native_finish_reason":null}]}


PARSED: {"id":"gen-1783158650-6fMKVkLglsFk7xQKrVEy","object":"chat.completion.chunk","created":1783158650,"model":"deepseek/deepseek-v4-flash-20260423","provider":"GMICloud","choices":[{"index":0,"delta":{"content":" │\n","role":"assistant"},"finish_reason":null,"native_finish_reason":null}]}
--- CHUNK 1783158671934 bytes=297 ---
data: {"id":"gen-1783158650-6fMKVkLglsFk7xQKrVEy","object":"chat.completion.chunk","created":1783158650,"model":"deepseek/deepseek-v4-flash-20260423","provider":"GMICloud","choices":[{"index":0,"delta":{"content":"        ","role":"assistant"},"finish_reason":null,"native_finish_reason":null}]}


PARSED: {"id":"gen-1783158650-6fMKVkLglsFk7xQKrVEy","object":"chat.completion.chunk","created":1783158650,"model":"deepseek/deepseek-v4-flash-20260423","provider":"GMICloud","choices":[{"index":0,"delta":{"content":"        ","role":"assistant"},"finish_reason":null,"native_finish_reason":null}]}
--- CHUNK 1783158671935 bytes=293 ---
data: {"id":"gen-1783158650-6fMKVkLglsFk7xQKrVEy","object":"chat.completion.chunk","created":1783158650,"model":"deepseek/deepseek-v4-flash-20260423","provider":"GMICloud","choices":[{"index":0,"delta":{"content":" ┌","role":"assistant"},"finish_reason":null,"native_finish_reason":null}]}


PARSED: {"id":"gen-1783158650-6fMKVkLglsFk7xQKrVEy","object":"chat.completion.chunk","created":1783158650,"model":"deepseek/deepseek-v4-flash-20260423","provider":"GMICloud","choices":[{"index":0,"delta":{"content":" ┌","role":"assistant"},"finish_reason":null,"native_finish_reason":null}]}
--- CHUNK 1783158671937 bytes=337 ---
data: {"id":"gen-1783158650-6fMKVkLglsFk7xQKrVEy","object":"chat.completion.chunk","created":1783158650,"model":"deepseek/deepseek-v4-flash-20260423","provider":"GMICloud","choices":[{"index":0,"delta":{"content":"────────────────","role":"assistant"},"finish_reason":null,"native_finish_reason":null}]}


PARSED: {"id":"gen-1783158650-6fMKVkLglsFk7xQKrVEy","object":"chat.completion.chunk","created":1783158650,"model":"deepseek/deepseek-v4-flash-20260423","provider":"GMICloud","choices":[{"index":0,"delta":{"content":"────────────────","role":"assistant"},"finish_reason":null,"native_finish_reason":null}]}
--- CHUNK 1783158671938 bytes=340 ---
data: {"id":"gen-1783158650-6fMKVkLglsFk7xQKrVEy","object":"chat.completion.chunk","created":1783158650,"model":"deepseek/deepseek-v4-flash-20260423","provider":"GMICloud","choices":[{"index":0,"delta":{"content":"┼────────────────","role":"assistant"},"finish_reason":null,"native_finish_reason":null}]}


PARSED: {"id":"gen-1783158650-6fMKVkLglsFk7xQKrVEy","object":"chat.completion.chunk","created":1783158650,"model":"deepseek/deepseek-v4-flash-20260423","provider":"GMICloud","choices":[{"index":0,"delta":{"content":"┼────────────────","role":"assistant"},"finish_reason":null,"native_finish_reason":null}]}
--- CHUNK 1783158671940 bytes=294 ---
data: {"id":"gen-1783158650-6fMKVkLglsFk7xQKrVEy","object":"chat.completion.chunk","created":1783158650,"model":"deepseek/deepseek-v4-flash-20260423","provider":"GMICloud","choices":[{"index":0,"delta":{"content":"┐\n","role":"assistant"},"finish_reason":null,"native_finish_reason":null}]}


PARSED: {"id":"gen-1783158650-6fMKVkLglsFk7xQKrVEy","object":"chat.completion.chunk","created":1783158650,"model":"deepseek/deepseek-v4-flash-20260423","provider":"GMICloud","choices":[{"index":0,"delta":{"content":"┐\n","role":"assistant"},"finish_reason":null,"native_finish_reason":null}]}
--- CHUNK 1783158671941 bytes=301 ---
data: {"id":"gen-1783158650-6fMKVkLglsFk7xQKrVEy","object":"chat.completion.chunk","created":1783158650,"model":"deepseek/deepseek-v4-flash-20260423","provider":"GMICloud","choices":[{"index":0,"delta":{"content":"         ▼","role":"assistant"},"finish_reason":null,"native_finish_reason":null}]}


PARSED: {"id":"gen-1783158650-6fMKVkLglsFk7xQKrVEy","object":"chat.completion.chunk","created":1783158650,"model":"deepseek/deepseek-v4-flash-20260423","provider":"GMICloud","choices":[{"index":0,"delta":{"content":"         ▼","role":"assistant"},"finish_reason":null,"native_finish_reason":null}]}
--- CHUNK 1783158671943 bytes=308 ---
data: {"id":"gen-1783158650-6fMKVkLglsFk7xQKrVEy","object":"chat.completion.chunk","created":1783158650,"model":"deepseek/deepseek-v4-flash-20260423","provider":"GMICloud","choices":[{"index":0,"delta":{"content":"                ▼","role":"assistant"},"finish_reason":null,"native_finish_reason":null}]}


PARSED: {"id":"gen-1783158650-6fMKVkLglsFk7xQKrVEy","object":"chat.completion.chunk","created":1783158650,"model":"deepseek/deepseek-v4-flash-20260423","provider":"GMICloud","choices":[{"index":0,"delta":{"content":"                ▼","role":"assistant"},"finish_reason":null,"native_finish_reason":null}]}
--- CHUNK 1783158671944 bytes=308 ---
data: {"id":"gen-1783158650-6fMKVkLglsFk7xQKrVEy","object":"chat.completion.chunk","created":1783158650,"model":"deepseek/deepseek-v4-flash-20260423","provider":"GMICloud","choices":[{"index":0,"delta":{"content":"                ▼","role":"assistant"},"finish_reason":null,"native_finish_reason":null}]}


PARSED: {"id":"gen-1783158650-6fMKVkLglsFk7xQKrVEy","object":"chat.completion.chunk","created":1783158650,"model":"deepseek/deepseek-v4-flash-20260423","provider":"GMICloud","choices":[{"index":0,"delta":{"content":"                ▼","role":"assistant"},"finish_reason":null,"native_finish_reason":null}]}
--- CHUNK 1783158671946 bytes=293 ---
data: {"id":"gen-1783158650-6fMKVkLglsFk7xQKrVEy","object":"chat.completion.chunk","created":1783158650,"model":"deepseek/deepseek-v4-flash-20260423","provider":"GMICloud","choices":[{"index":0,"delta":{"content":"\n  ","role":"assistant"},"finish_reason":null,"native_finish_reason":null}]}


PARSED: {"id":"gen-1783158650-6fMKVkLglsFk7xQKrVEy","object":"chat.completion.chunk","created":1783158650,"model":"deepseek/deepseek-v4-flash-20260423","provider":"GMICloud","choices":[{"index":0,"delta":{"content":"\n  ","role":"assistant"},"finish_reason":null,"native_finish_reason":null}]}
--- CHUNK 1783158671948 bytes=293 ---
data: {"id":"gen-1783158650-6fMKVkLglsFk7xQKrVEy","object":"chat.completion.chunk","created":1783158650,"model":"deepseek/deepseek-v4-flash-20260423","provider":"GMICloud","choices":[{"index":0,"delta":{"content":" ┌","role":"assistant"},"finish_reason":null,"native_finish_reason":null}]}


PARSED: {"id":"gen-1783158650-6fMKVkLglsFk7xQKrVEy","object":"chat.completion.chunk","created":1783158650,"model":"deepseek/deepseek-v4-flash-20260423","provider":"GMICloud","choices":[{"index":0,"delta":{"content":" ┌","role":"assistant"},"finish_reason":null,"native_finish_reason":null}]}
--- CHUNK 1783158671958 bytes=319 ---
data: {"id":"gen-1783158650-6fMKVkLglsFk7xQKrVEy","object":"chat.completion.chunk","created":1783158650,"model":"deepseek/deepseek-v4-flash-20260423","provider":"GMICloud","choices":[{"index":0,"delta":{"content":"──────────","role":"assistant"},"finish_reason":null,"native_finish_reason":null}]}


PARSED: {"id":"gen-1783158650-6fMKVkLglsFk7xQKrVEy","object":"chat.completion.chunk","created":1783158650,"model":"deepseek/deepseek-v4-flash-20260423","provider":"GMICloud","choices":[{"index":0,"delta":{"content":"──────────","role":"assistant"},"finish_reason":null,"native_finish_reason":null}]}
--- CHUNK 1783158671959 bytes=292 ---
data: {"id":"gen-1783158650-6fMKVkLglsFk7xQKrVEy","object":"chat.completion.chunk","created":1783158650,"model":"deepseek/deepseek-v4-flash-20260423","provider":"GMICloud","choices":[{"index":0,"delta":{"content":"┐","role":"assistant"},"finish_reason":null,"native_finish_reason":null}]}


PARSED: {"id":"gen-1783158650-6fMKVkLglsFk7xQKrVEy","object":"chat.completion.chunk","created":1783158650,"model":"deepseek/deepseek-v4-flash-20260423","provider":"GMICloud","choices":[{"index":0,"delta":{"content":"┐","role":"assistant"},"finish_reason":null,"native_finish_reason":null}]}
--- CHUNK 1783158671963 bytes=291 ---
data: {"id":"gen-1783158650-6fMKVkLglsFk7xQKrVEy","object":"chat.completion.chunk","created":1783158650,"model":"deepseek/deepseek-v4-flash-20260423","provider":"GMICloud","choices":[{"index":0,"delta":{"content":"  ","role":"assistant"},"finish_reason":null,"native_finish_reason":null}]}


PARSED: {"id":"gen-1783158650-6fMKVkLglsFk7xQKrVEy","object":"chat.completion.chunk","created":1783158650,"model":"deepseek/deepseek-v4-flash-20260423","provider":"GMICloud","choices":[{"index":0,"delta":{"content":"  ","role":"assistant"},"finish_reason":null,"native_finish_reason":null}]}
--- CHUNK 1783158671963 bytes=293 ---
data: {"id":"gen-1783158650-6fMKVkLglsFk7xQKrVEy","object":"chat.completion.chunk","created":1783158650,"model":"deepseek/deepseek-v4-flash-20260423","provider":"GMICloud","choices":[{"index":0,"delta":{"content":" ┌","role":"assistant"},"finish_reason":null,"native_finish_reason":null}]}


PARSED: {"id":"gen-1783158650-6fMKVkLglsFk7xQKrVEy","object":"chat.completion.chunk","created":1783158650,"model":"deepseek/deepseek-v4-flash-20260423","provider":"GMICloud","choices":[{"index":0,"delta":{"content":" ┌","role":"assistant"},"finish_reason":null,"native_finish_reason":null}]}
--- CHUNK 1783158671966 bytes=325 ---
data: {"id":"gen-1783158650-6fMKVkLglsFk7xQKrVEy","object":"chat.completion.chunk","created":1783158650,"model":"deepseek/deepseek-v4-flash-20260423","provider":"GMICloud","choices":[{"index":0,"delta":{"content":"────────────","role":"assistant"},"finish_reason":null,"native_finish_reason":null}]}


PARSED: {"id":"gen-1783158650-6fMKVkLglsFk7xQKrVEy","object":"chat.completion.chunk","created":1783158650,"model":"deepseek/deepseek-v4-flash-20260423","provider":"GMICloud","choices":[{"index":0,"delta":{"content":"────────────","role":"assistant"},"finish_reason":null,"native_finish_reason":null}]}
--- CHUNK 1783158671967 bytes=294 ---
data: {"id":"gen-1783158650-6fMKVkLglsFk7xQKrVEy","object":"chat.completion.chunk","created":1783158650,"model":"deepseek/deepseek-v4-flash-20260423","provider":"GMICloud","choices":[{"index":0,"delta":{"content":"┐  ","role":"assistant"},"finish_reason":null,"native_finish_reason":null}]}


PARSED: {"id":"gen-1783158650-6fMKVkLglsFk7xQKrVEy","object":"chat.completion.chunk","created":1783158650,"model":"deepseek/deepseek-v4-flash-20260423","provider":"GMICloud","choices":[{"index":0,"delta":{"content":"┐  ","role":"assistant"},"finish_reason":null,"native_finish_reason":null}]}
--- CHUNK 1783158671967 bytes=293 ---
data: {"id":"gen-1783158650-6fMKVkLglsFk7xQKrVEy","object":"chat.completion.chunk","created":1783158650,"model":"deepseek/deepseek-v4-flash-20260423","provider":"GMICloud","choices":[{"index":0,"delta":{"content":" ┌","role":"assistant"},"finish_reason":null,"native_finish_reason":null}]}


PARSED: {"id":"gen-1783158650-6fMKVkLglsFk7xQKrVEy","object":"chat.completion.chunk","created":1783158650,"model":"deepseek/deepseek-v4-flash-20260423","provider":"GMICloud","choices":[{"index":0,"delta":{"content":" ┌","role":"assistant"},"finish_reason":null,"native_finish_reason":null}]}
--- CHUNK 1783158672033 bytes=313 ---
data: {"id":"gen-1783158650-6fMKVkLglsFk7xQKrVEy","object":"chat.completion.chunk","created":1783158650,"model":"deepseek/deepseek-v4-flash-20260423","provider":"GMICloud","choices":[{"index":0,"delta":{"content":"────────","role":"assistant"},"finish_reason":null,"native_finish_reason":null}]}


PARSED: {"id":"gen-1783158650-6fMKVkLglsFk7xQKrVEy","object":"chat.completion.chunk","created":1783158650,"model":"deepseek/deepseek-v4-flash-20260423","provider":"GMICloud","choices":[{"index":0,"delta":{"content":"────────","role":"assistant"},"finish_reason":null,"native_finish_reason":null}]}
--- CHUNK 1783158672035 bytes=301 ---
data: {"id":"gen-1783158650-6fMKVkLglsFk7xQKrVEy","object":"chat.completion.chunk","created":1783158650,"model":"deepseek/deepseek-v4-flash-20260423","provider":"GMICloud","choices":[{"index":0,"delta":{"content":"────","role":"assistant"},"finish_reason":null,"native_finish_reason":null}]}


PARSED: {"id":"gen-1783158650-6fMKVkLglsFk7xQKrVEy","object":"chat.completion.chunk","created":1783158650,"model":"deepseek/deepseek-v4-flash-20260423","provider":"GMICloud","choices":[{"index":0,"delta":{"content":"────","role":"assistant"},"finish_reason":null,"native_finish_reason":null}]}
--- CHUNK 1783158672038 bytes=294 ---
data: {"id":"gen-1783158650-6fMKVkLglsFk7xQKrVEy","object":"chat.completion.chunk","created":1783158650,"model":"deepseek/deepseek-v4-flash-20260423","provider":"GMICloud","choices":[{"index":0,"delta":{"content":"┐\n","role":"assistant"},"finish_reason":null,"native_finish_reason":null}]}


PARSED: {"id":"gen-1783158650-6fMKVkLglsFk7xQKrVEy","object":"chat.completion.chunk","created":1783158650,"model":"deepseek/deepseek-v4-flash-20260423","provider":"GMICloud","choices":[{"index":0,"delta":{"content":"┐\n","role":"assistant"},"finish_reason":null,"native_finish_reason":null}]}
--- CHUNK 1783158672042 bytes=295 ---
data: {"id":"gen-1783158650-6fMKVkLglsFk7xQKrVEy","object":"chat.completion.chunk","created":1783158650,"model":"deepseek/deepseek-v4-flash-20260423","provider":"GMICloud","choices":[{"index":0,"delta":{"content":"   │","role":"assistant"},"finish_reason":null,"native_finish_reason":null}]}


PARSED: {"id":"gen-1783158650-6fMKVkLglsFk7xQKrVEy","object":"chat.completion.chunk","created":1783158650,"model":"deepseek/deepseek-v4-flash-20260423","provider":"GMICloud","choices":[{"index":0,"delta":{"content":"   │","role":"assistant"},"finish_reason":null,"native_finish_reason":null}]}
--- CHUNK 1783158672044 bytes=298 ---
data: {"id":"gen-1783158650-6fMKVkLglsFk7xQKrVEy","object":"chat.completion.chunk","created":1783158650,"model":"deepseek/deepseek-v4-flash-20260423","provider":"GMICloud","choices":[{"index":0,"delta":{"content":" Workflow","role":"assistant"},"finish_reason":null,"native_finish_reason":null}]}


PARSED: {"id":"gen-1783158650-6fMKVkLglsFk7xQKrVEy","object":"chat.completion.chunk","created":1783158650,"model":"deepseek/deepseek-v4-flash-20260423","provider":"GMICloud","choices":[{"index":0,"delta":{"content":" Workflow","role":"assistant"},"finish_reason":null,"native_finish_reason":null}]}
--- CHUNK 1783158672046 bytes=295 ---
data: {"id":"gen-1783158650-6fMKVkLglsFk7xQKrVEy","object":"chat.completion.chunk","created":1783158650,"model":"deepseek/deepseek-v4-flash-20260423","provider":"GMICloud","choices":[{"index":0,"delta":{"content":" │  ","role":"assistant"},"finish_reason":null,"native_finish_reason":null}]}


PARSED: {"id":"gen-1783158650-6fMKVkLglsFk7xQKrVEy","object":"chat.completion.chunk","created":1783158650,"model":"deepseek/deepseek-v4-flash-20260423","provider":"GMICloud","choices":[{"index":0,"delta":{"content":" │  ","role":"assistant"},"finish_reason":null,"native_finish_reason":null}]}
--- CHUNK 1783158672059 bytes=298 ---
data: {"id":"gen-1783158650-6fMKVkLglsFk7xQKrVEy","object":"chat.completion.chunk","created":1783158650,"model":"deepseek/deepseek-v4-flash-20260423","provider":"GMICloud","choices":[{"index":0,"delta":{"content":" │ Crew","role":"assistant"},"finish_reason":null,"native_finish_reason":null}]}


PARSED: {"id":"gen-1783158650-6fMKVkLglsFk7xQKrVEy","object":"chat.completion.chunk","created":1783158650,"model":"deepseek/deepseek-v4-flash-20260423","provider":"GMICloud","choices":[{"index":0,"delta":{"content":" │ Crew","role":"assistant"},"finish_reason":null,"native_finish_reason":null}]}
--- CHUNK 1783158672060 bytes=292 ---
data: {"id":"gen-1783158650-6fMKVkLglsFk7xQKrVEy","object":"chat.completion.chunk","created":1783158650,"model":"deepseek/deepseek-v4-flash-20260423","provider":"GMICloud","choices":[{"index":0,"delta":{"content":"/AI","role":"assistant"},"finish_reason":null,"native_finish_reason":null}]}


PARSED: {"id":"gen-1783158650-6fMKVkLglsFk7xQKrVEy","object":"chat.completion.chunk","created":1783158650,"model":"deepseek/deepseek-v4-flash-20260423","provider":"GMICloud","choices":[{"index":0,"delta":{"content":"/AI","role":"assistant"},"finish_reason":null,"native_finish_reason":null}]}
--- CHUNK 1783158672095 bytes=296 ---
data: {"id":"gen-1783158650-6fMKVkLglsFk7xQKrVEy","object":"chat.completion.chunk","created":1783158650,"model":"deepseek/deepseek-v4-flash-20260423","provider":"GMICloud","choices":[{"index":0,"delta":{"content":"    │","role":"assistant"},"finish_reason":null,"native_finish_reason":null}]}


PARSED: {"id":"gen-1783158650-6fMKVkLglsFk7xQKrVEy","object":"chat.completion.chunk","created":1783158650,"model":"deepseek/deepseek-v4-flash-20260423","provider":"GMICloud","choices":[{"index":0,"delta":{"content":"    │","role":"assistant"},"finish_reason":null,"native_finish_reason":null}]}
--- CHUNK 1783158672098 bytes=291 ---
data: {"id":"gen-1783158650-6fMKVkLglsFk7xQKrVEy","object":"chat.completion.chunk","created":1783158650,"model":"deepseek/deepseek-v4-flash-20260423","provider":"GMICloud","choices":[{"index":0,"delta":{"content":"  ","role":"assistant"},"finish_reason":null,"native_finish_reason":null}]}


PARSED: {"id":"gen-1783158650-6fMKVkLglsFk7xQKrVEy","object":"chat.completion.chunk","created":1783158650,"model":"deepseek/deepseek-v4-flash-20260423","provider":"GMICloud","choices":[{"index":0,"delta":{"content":"  ","role":"assistant"},"finish_reason":null,"native_finish_reason":null}]}
--- CHUNK 1783158672099 bytes=298 ---
data: {"id":"gen-1783158650-6fMKVkLglsFk7xQKrVEy","object":"chat.completion.chunk","created":1783158650,"model":"deepseek/deepseek-v4-flash-20260423","provider":"GMICloud","choices":[{"index":0,"delta":{"content":" │ Cron","role":"assistant"},"finish_reason":null,"native_finish_reason":null}]}


PARSED: {"id":"gen-1783158650-6fMKVkLglsFk7xQKrVEy","object":"chat.completion.chunk","created":1783158650,"model":"deepseek/deepseek-v4-flash-20260423","provider":"GMICloud","choices":[{"index":0,"delta":{"content":" │ Cron","role":"assistant"},"finish_reason":null,"native_finish_reason":null}]}
--- CHUNK 1783158672105 bytes=295 ---
data: {"id":"gen-1783158650-6fMKVkLglsFk7xQKrVEy","object":"chat.completion.chunk","created":1783158650,"model":"deepseek/deepseek-v4-flash-20260423","provider":"GMICloud","choices":[{"index":0,"delta":{"content":" Job  ","role":"assistant"},"finish_reason":null,"native_finish_reason":null}]}


PARSED: {"id":"gen-1783158650-6fMKVkLglsFk7xQKrVEy","object":"chat.completion.chunk","created":1783158650,"model":"deepseek/deepseek-v4-flash-20260423","provider":"GMICloud","choices":[{"index":0,"delta":{"content":" Job  ","role":"assistant"},"finish_reason":null,"native_finish_reason":null}]}
--- CHUNK 1783158672132 bytes=295 ---
data: {"id":"gen-1783158650-6fMKVkLglsFk7xQKrVEy","object":"chat.completion.chunk","created":1783158650,"model":"deepseek/deepseek-v4-flash-20260423","provider":"GMICloud","choices":[{"index":0,"delta":{"content":" │\n","role":"assistant"},"finish_reason":null,"native_finish_reason":null}]}


PARSED: {"id":"gen-1783158650-6fMKVkLglsFk7xQKrVEy","object":"chat.completion.chunk","created":1783158650,"model":"deepseek/deepseek-v4-flash-20260423","provider":"GMICloud","choices":[{"index":0,"delta":{"content":" │\n","role":"assistant"},"finish_reason":null,"native_finish_reason":null}]}
--- CHUNK 1783158672138 bytes=295 ---
data: {"id":"gen-1783158650-6fMKVkLglsFk7xQKrVEy","object":"chat.completion.chunk","created":1783158650,"model":"deepseek/deepseek-v4-flash-20260423","provider":"GMICloud","choices":[{"index":0,"delta":{"content":"   │","role":"assistant"},"finish_reason":null,"native_finish_reason":null}]}


PARSED: {"id":"gen-1783158650-6fMKVkLglsFk7xQKrVEy","object":"chat.completion.chunk","created":1783158650,"model":"deepseek/deepseek-v4-flash-20260423","provider":"GMICloud","choices":[{"index":0,"delta":{"content":"   │","role":"assistant"},"finish_reason":null,"native_finish_reason":null}]}
--- CHUNK 1783158672139 bytes=294 ---
data: {"id":"gen-1783158650-6fMKVkLglsFk7xQKrVEy","object":"chat.completion.chunk","created":1783158650,"model":"deepseek/deepseek-v4-flash-20260423","provider":"GMICloud","choices":[{"index":0,"delta":{"content":" (多","role":"assistant"},"finish_reason":null,"native_finish_reason":null}]}


PARSED: {"id":"gen-1783158650-6fMKVkLglsFk7xQKrVEy","object":"chat.completion.chunk","created":1783158650,"model":"deepseek/deepseek-v4-flash-20260423","provider":"GMICloud","choices":[{"index":0,"delta":{"content":" (多","role":"assistant"},"finish_reason":null,"native_finish_reason":null}]}
--- CHUNK 1783158672178 bytes=296 ---
data: {"id":"gen-1783158650-6fMKVkLglsFk7xQKrVEy","object":"chat.completion.chunk","created":1783158650,"model":"deepseek/deepseek-v4-flash-20260423","provider":"GMICloud","choices":[{"index":0,"delta":{"content":"步驟)","role":"assistant"},"finish_reason":null,"native_finish_reason":null}]}


PARSED: {"id":"gen-1783158650-6fMKVkLglsFk7xQKrVEy","object":"chat.completion.chunk","created":1783158650,"model":"deepseek/deepseek-v4-flash-20260423","provider":"GMICloud","choices":[{"index":0,"delta":{"content":"步驟)","role":"assistant"},"finish_reason":null,"native_finish_reason":null}]}
--- CHUNK 1783158672183 bytes=295 ---
data: {"id":"gen-1783158650-6fMKVkLglsFk7xQKrVEy","object":"chat.completion.chunk","created":1783158650,"model":"deepseek/deepseek-v4-flash-20260423","provider":"GMICloud","choices":[{"index":0,"delta":{"content":" │  ","role":"assistant"},"finish_reason":null,"native_finish_reason":null}]}


PARSED: {"id":"gen-1783158650-6fMKVkLglsFk7xQKrVEy","object":"chat.completion.chunk","created":1783158650,"model":"deepseek/deepseek-v4-flash-20260423","provider":"GMICloud","choices":[{"index":0,"delta":{"content":" │  ","role":"assistant"},"finish_reason":null,"native_finish_reason":null}]}
--- CHUNK 1783158672188 bytes=302 ---
data: {"id":"gen-1783158650-6fMKVkLglsFk7xQKrVEy","object":"chat.completion.chunk","created":1783158650,"model":"deepseek/deepseek-v4-flash-20260423","provider":"GMICloud","choices":[{"index":0,"delta":{"content":" │ Employee","role":"assistant"},"finish_reason":null,"native_finish_reason":null}]}


PARSED: {"id":"gen-1783158650-6fMKVkLglsFk7xQKrVEy","object":"chat.completion.chunk","created":1783158650,"model":"deepseek/deepseek-v4-flash-20260423","provider":"GMICloud","choices":[{"index":0,"delta":{"content":" │ Employee","role":"assistant"},"finish_reason":null,"native_finish_reason":null}]}
--- CHUNK 1783158672191 bytes=295 ---
data: {"id":"gen-1783158650-6fMKVkLglsFk7xQKrVEy","object":"chat.completion.chunk","created":1783158650,"model":"deepseek/deepseek-v4-flash-20260423","provider":"GMICloud","choices":[{"index":0,"delta":{"content":"   │","role":"assistant"},"finish_reason":null,"native_finish_reason":null}]}


PARSED: {"id":"gen-1783158650-6fMKVkLglsFk7xQKrVEy","object":"chat.completion.chunk","created":1783158650,"model":"deepseek/deepseek-v4-flash-20260423","provider":"GMICloud","choices":[{"index":0,"delta":{"content":"   │","role":"assistant"},"finish_reason":null,"native_finish_reason":null}]}
--- CHUNK 1783158672221 bytes=291 ---
data: {"id":"gen-1783158650-6fMKVkLglsFk7xQKrVEy","object":"chat.completion.chunk","created":1783158650,"model":"deepseek/deepseek-v4-flash-20260423","provider":"GMICloud","choices":[{"index":0,"delta":{"content":"  ","role":"assistant"},"finish_reason":null,"native_finish_reason":null}]}


PARSED: {"id":"gen-1783158650-6fMKVkLglsFk7xQKrVEy","object":"chat.completion.chunk","created":1783158650,"model":"deepseek/deepseek-v4-flash-20260423","provider":"GMICloud","choices":[{"index":0,"delta":{"content":"  ","role":"assistant"},"finish_reason":null,"native_finish_reason":null}]}
--- CHUNK 1783158672230 bytes=295 ---
data: {"id":"gen-1783158650-6fMKVkLglsFk7xQKrVEy","object":"chat.completion.chunk","created":1783158650,"model":"deepseek/deepseek-v4-flash-20260423","provider":"GMICloud","choices":[{"index":0,"delta":{"content":" │ (","role":"assistant"},"finish_reason":null,"native_finish_reason":null}]}


PARSED: {"id":"gen-1783158650-6fMKVkLglsFk7xQKrVEy","object":"chat.completion.chunk","created":1783158650,"model":"deepseek/deepseek-v4-flash-20260423","provider":"GMICloud","choices":[{"index":0,"delta":{"content":" │ (","role":"assistant"},"finish_reason":null,"native_finish_reason":null}]}
--- CHUNK 1783158672233 bytes=295 ---
data: {"id":"gen-1783158650-6fMKVkLglsFk7xQKrVEy","object":"chat.completion.chunk","created":1783158650,"model":"deepseek/deepseek-v4-flash-20260423","provider":"GMICloud","choices":[{"index":0,"delta":{"content":"排程","role":"assistant"},"finish_reason":null,"native_finish_reason":null}]}


PARSED: {"id":"gen-1783158650-6fMKVkLglsFk7xQKrVEy","object":"chat.completion.chunk","created":1783158650,"model":"deepseek/deepseek-v4-flash-20260423","provider":"GMICloud","choices":[{"index":0,"delta":{"content":"排程","role":"assistant"},"finish_reason":null,"native_finish_reason":null}]}
--- CHUNK 1783158672250 bytes=290 ---
data: {"id":"gen-1783158650-6fMKVkLglsFk7xQKrVEy","object":"chat.completion.chunk","created":1783158650,"model":"deepseek/deepseek-v4-flash-20260423","provider":"GMICloud","choices":[{"index":0,"delta":{"content":")","role":"assistant"},"finish_reason":null,"native_finish_reason":null}]}


PARSED: {"id":"gen-1783158650-6fMKVkLglsFk7xQKrVEy","object":"chat.completion.chunk","created":1783158650,"model":"deepseek/deepseek-v4-flash-20260423","provider":"GMICloud","choices":[{"index":0,"delta":{"content":")","role":"assistant"},"finish_reason":null,"native_finish_reason":null}]}
--- CHUNK 1783158672256 bytes=297 ---
data: {"id":"gen-1783158650-6fMKVkLglsFk7xQKrVEy","object":"chat.completion.chunk","created":1783158650,"model":"deepseek/deepseek-v4-flash-20260423","provider":"GMICloud","choices":[{"index":0,"delta":{"content":"     │","role":"assistant"},"finish_reason":null,"native_finish_reason":null}]}


PARSED: {"id":"gen-1783158650-6fMKVkLglsFk7xQKrVEy","object":"chat.completion.chunk","created":1783158650,"model":"deepseek/deepseek-v4-flash-20260423","provider":"GMICloud","choices":[{"index":0,"delta":{"content":"     │","role":"assistant"},"finish_reason":null,"native_finish_reason":null}]}
--- CHUNK 1783158672277 bytes=293 ---
data: {"id":"gen-1783158650-6fMKVkLglsFk7xQKrVEy","object":"chat.completion.chunk","created":1783158650,"model":"deepseek/deepseek-v4-flash-20260423","provider":"GMICloud","choices":[{"index":0,"delta":{"content":"\n  ","role":"assistant"},"finish_reason":null,"native_finish_reason":null}]}


PARSED: {"id":"gen-1783158650-6fMKVkLglsFk7xQKrVEy","object":"chat.completion.chunk","created":1783158650,"model":"deepseek/deepseek-v4-flash-20260423","provider":"GMICloud","choices":[{"index":0,"delta":{"content":"\n  ","role":"assistant"},"finish_reason":null,"native_finish_reason":null}]}
--- CHUNK 1783158672285 bytes=317 ---
data: {"id":"gen-1783158650-6fMKVkLglsFk7xQKrVEy","object":"chat.completion.chunk","created":1783158650,"model":"deepseek/deepseek-v4-flash-20260423","provider":"GMICloud","choices":[{"index":0,"delta":{"content":" └────────","role":"assistant"},"finish_reason":null,"native_finish_reason":null}]}


PARSED: {"id":"gen-1783158650-6fMKVkLglsFk7xQKrVEy","object":"chat.completion.chunk","created":1783158650,"model":"deepseek/deepseek-v4-flash-20260423","provider":"GMICloud","choices":[{"index":0,"delta":{"content":" └────────","role":"assistant"},"finish_reason":null,"native_finish_reason":null}]}
--- CHUNK 1783158672287 bytes=295 ---
data: {"id":"gen-1783158650-6fMKVkLglsFk7xQKrVEy","object":"chat.completion.chunk","created":1783158650,"model":"deepseek/deepseek-v4-flash-20260423","provider":"GMICloud","choices":[{"index":0,"delta":{"content":"──","role":"assistant"},"finish_reason":null,"native_finish_reason":null}]}


PARSED: {"id":"gen-1783158650-6fMKVkLglsFk7xQKrVEy","object":"chat.completion.chunk","created":1783158650,"model":"deepseek/deepseek-v4-flash-20260423","provider":"GMICloud","choices":[{"index":0,"delta":{"content":"──","role":"assistant"},"finish_reason":null,"native_finish_reason":null}]}
--- CHUNK 1783158672309 bytes=294 ---
data: {"id":"gen-1783158650-6fMKVkLglsFk7xQKrVEy","object":"chat.completion.chunk","created":1783158650,"model":"deepseek/deepseek-v4-flash-20260423","provider":"GMICloud","choices":[{"index":0,"delta":{"content":"┘  ","role":"assistant"},"finish_reason":null,"native_finish_reason":null}]}


PARSED: {"id":"gen-1783158650-6fMKVkLglsFk7xQKrVEy","object":"chat.completion.chunk","created":1783158650,"model":"deepseek/deepseek-v4-flash-20260423","provider":"GMICloud","choices":[{"index":0,"delta":{"content":"┘  ","role":"assistant"},"finish_reason":null,"native_finish_reason":null}]}
--- CHUNK 1783158672313 bytes=293 ---
data: {"id":"gen-1783158650-6fMKVkLglsFk7xQKrVEy","object":"chat.completion.chunk","created":1783158650,"model":"deepseek/deepseek-v4-flash-20260423","provider":"GMICloud","choices":[{"index":0,"delta":{"content":" └","role":"assistant"},"finish_reason":null,"native_finish_reason":null}]}


PARSED: {"id":"gen-1783158650-6fMKVkLglsFk7xQKrVEy","object":"chat.completion.chunk","created":1783158650,"model":"deepseek/deepseek-v4-flash-20260423","provider":"GMICloud","choices":[{"index":0,"delta":{"content":" └","role":"assistant"},"finish_reason":null,"native_finish_reason":null}]}
--- CHUNK 1783158672345 bytes=325 ---
data: {"id":"gen-1783158650-6fMKVkLglsFk7xQKrVEy","object":"chat.completion.chunk","created":1783158650,"model":"deepseek/deepseek-v4-flash-20260423","provider":"GMICloud","choices":[{"index":0,"delta":{"content":"────────────","role":"assistant"},"finish_reason":null,"native_finish_reason":null}]}


PARSED: {"id":"gen-1783158650-6fMKVkLglsFk7xQKrVEy","object":"chat.completion.chunk","created":1783158650,"model":"deepseek/deepseek-v4-flash-20260423","provider":"GMICloud","choices":[{"index":0,"delta":{"content":"────────────","role":"assistant"},"finish_reason":null,"native_finish_reason":null}]}
--- CHUNK 1783158672345 bytes=294 ---
data: {"id":"gen-1783158650-6fMKVkLglsFk7xQKrVEy","object":"chat.completion.chunk","created":1783158650,"model":"deepseek/deepseek-v4-flash-20260423","provider":"GMICloud","choices":[{"index":0,"delta":{"content":"┘  ","role":"assistant"},"finish_reason":null,"native_finish_reason":null}]}


PARSED: {"id":"gen-1783158650-6fMKVkLglsFk7xQKrVEy","object":"chat.completion.chunk","created":1783158650,"model":"deepseek/deepseek-v4-flash-20260423","provider":"GMICloud","choices":[{"index":0,"delta":{"content":"┘  ","role":"assistant"},"finish_reason":null,"native_finish_reason":null}]}
--- CHUNK 1783158672347 bytes=293 ---
data: {"id":"gen-1783158650-6fMKVkLglsFk7xQKrVEy","object":"chat.completion.chunk","created":1783158650,"model":"deepseek/deepseek-v4-flash-20260423","provider":"GMICloud","choices":[{"index":0,"delta":{"content":" └","role":"assistant"},"finish_reason":null,"native_finish_reason":null}]}


PARSED: {"id":"gen-1783158650-6fMKVkLglsFk7xQKrVEy","object":"chat.completion.chunk","created":1783158650,"model":"deepseek/deepseek-v4-flash-20260423","provider":"GMICloud","choices":[{"index":0,"delta":{"content":" └","role":"assistant"},"finish_reason":null,"native_finish_reason":null}]}
--- CHUNK 1783158672369 bytes=313 ---
data: {"id":"gen-1783158650-6fMKVkLglsFk7xQKrVEy","object":"chat.completion.chunk","created":1783158650,"model":"deepseek/deepseek-v4-flash-20260423","provider":"GMICloud","choices":[{"index":0,"delta":{"content":"────────","role":"assistant"},"finish_reason":null,"native_finish_reason":null}]}


PARSED: {"id":"gen-1783158650-6fMKVkLglsFk7xQKrVEy","object":"chat.completion.chunk","created":1783158650,"model":"deepseek/deepseek-v4-flash-20260423","provider":"GMICloud","choices":[{"index":0,"delta":{"content":"────────","role":"assistant"},"finish_reason":null,"native_finish_reason":null}]}
--- CHUNK 1783158672372 bytes=301 ---
data: {"id":"gen-1783158650-6fMKVkLglsFk7xQKrVEy","object":"chat.completion.chunk","created":1783158650,"model":"deepseek/deepseek-v4-flash-20260423","provider":"GMICloud","choices":[{"index":0,"delta":{"content":"────","role":"assistant"},"finish_reason":null,"native_finish_reason":null}]}


PARSED: {"id":"gen-1783158650-6fMKVkLglsFk7xQKrVEy","object":"chat.completion.chunk","created":1783158650,"model":"deepseek/deepseek-v4-flash-20260423","provider":"GMICloud","choices":[{"index":0,"delta":{"content":"────","role":"assistant"},"finish_reason":null,"native_finish_reason":null}]}
--- CHUNK 1783158672376 bytes=294 ---
data: {"id":"gen-1783158650-6fMKVkLglsFk7xQKrVEy","object":"chat.completion.chunk","created":1783158650,"model":"deepseek/deepseek-v4-flash-20260423","provider":"GMICloud","choices":[{"index":0,"delta":{"content":"┘\n","role":"assistant"},"finish_reason":null,"native_finish_reason":null}]}


PARSED: {"id":"gen-1783158650-6fMKVkLglsFk7xQKrVEy","object":"chat.completion.chunk","created":1783158650,"model":"deepseek/deepseek-v4-flash-20260423","provider":"GMICloud","choices":[{"index":0,"delta":{"content":"┘\n","role":"assistant"},"finish_reason":null,"native_finish_reason":null}]}
--- CHUNK 1783158672592 bytes=297 ---
data: {"id":"gen-1783158650-6fMKVkLglsFk7xQKrVEy","object":"chat.completion.chunk","created":1783158650,"model":"deepseek/deepseek-v4-flash-20260423","provider":"GMICloud","choices":[{"index":0,"delta":{"content":"        ","role":"assistant"},"finish_reason":null,"native_finish_reason":null}]}


PARSED: {"id":"gen-1783158650-6fMKVkLglsFk7xQKrVEy","object":"chat.completion.chunk","created":1783158650,"model":"deepseek/deepseek-v4-flash-20260423","provider":"GMICloud","choices":[{"index":0,"delta":{"content":"        ","role":"assistant"},"finish_reason":null,"native_finish_reason":null}]}
--- CHUNK 1783158672599 bytes=307 ---
data: {"id":"gen-1783158650-6fMKVkLglsFk7xQKrVEy","object":"chat.completion.chunk","created":1783158650,"model":"deepseek/deepseek-v4-flash-20260423","provider":"GMICloud","choices":[{"index":0,"delta":{"content":" │              ","role":"assistant"},"finish_reason":null,"native_finish_reason":null}]}


PARSED: {"id":"gen-1783158650-6fMKVkLglsFk7xQKrVEy","object":"chat.completion.chunk","created":1783158650,"model":"deepseek/deepseek-v4-flash-20260423","provider":"GMICloud","choices":[{"index":0,"delta":{"content":" │              ","role":"assistant"},"finish_reason":null,"native_finish_reason":null}]}
--- CHUNK 1783158672634 bytes=307 ---
data: {"id":"gen-1783158650-6fMKVkLglsFk7xQKrVEy","object":"chat.completion.chunk","created":1783158650,"model":"deepseek/deepseek-v4-flash-20260423","provider":"GMICloud","choices":[{"index":0,"delta":{"content":" │              ","role":"assistant"},"finish_reason":null,"native_finish_reason":null}]}


PARSED: {"id":"gen-1783158650-6fMKVkLglsFk7xQKrVEy","object":"chat.completion.chunk","created":1783158650,"model":"deepseek/deepseek-v4-flash-20260423","provider":"GMICloud","choices":[{"index":0,"delta":{"content":" │              ","role":"assistant"},"finish_reason":null,"native_finish_reason":null}]}
--- CHUNK 1783158672634 bytes=295 ---
data: {"id":"gen-1783158650-6fMKVkLglsFk7xQKrVEy","object":"chat.completion.chunk","created":1783158650,"model":"deepseek/deepseek-v4-flash-20260423","provider":"GMICloud","choices":[{"index":0,"delta":{"content":" │\n","role":"assistant"},"finish_reason":null,"native_finish_reason":null}]}


PARSED: {"id":"gen-1783158650-6fMKVkLglsFk7xQKrVEy","object":"chat.completion.chunk","created":1783158650,"model":"deepseek/deepseek-v4-flash-20260423","provider":"GMICloud","choices":[{"index":0,"delta":{"content":" │\n","role":"assistant"},"finish_reason":null,"native_finish_reason":null}]}
--- CHUNK 1783158672636 bytes=297 ---
data: {"id":"gen-1783158650-6fMKVkLglsFk7xQKrVEy","object":"chat.completion.chunk","created":1783158650,"model":"deepseek/deepseek-v4-flash-20260423","provider":"GMICloud","choices":[{"index":0,"delta":{"content":"        ","role":"assistant"},"finish_reason":null,"native_finish_reason":null}]}


PARSED: {"id":"gen-1783158650-6fMKVkLglsFk7xQKrVEy","object":"chat.completion.chunk","created":1783158650,"model":"deepseek/deepseek-v4-flash-20260423","provider":"GMICloud","choices":[{"index":0,"delta":{"content":"        ","role":"assistant"},"finish_reason":null,"native_finish_reason":null}]}
--- CHUNK 1783158672638 bytes=293 ---
data: {"id":"gen-1783158650-6fMKVkLglsFk7xQKrVEy","object":"chat.completion.chunk","created":1783158650,"model":"deepseek/deepseek-v4-flash-20260423","provider":"GMICloud","choices":[{"index":0,"delta":{"content":" └","role":"assistant"},"finish_reason":null,"native_finish_reason":null}]}


PARSED: {"id":"gen-1783158650-6fMKVkLglsFk7xQKrVEy","object":"chat.completion.chunk","created":1783158650,"model":"deepseek/deepseek-v4-flash-20260423","provider":"GMICloud","choices":[{"index":0,"delta":{"content":" └","role":"assistant"},"finish_reason":null,"native_finish_reason":null}]}
--- CHUNK 1783158672641 bytes=325 ---
data: {"id":"gen-1783158650-6fMKVkLglsFk7xQKrVEy","object":"chat.completion.chunk","created":1783158650,"model":"deepseek/deepseek-v4-flash-20260423","provider":"GMICloud","choices":[{"index":0,"delta":{"content":"────────────","role":"assistant"},"finish_reason":null,"native_finish_reason":null}]}


PARSED: {"id":"gen-1783158650-6fMKVkLglsFk7xQKrVEy","object":"chat.completion.chunk","created":1783158650,"model":"deepseek/deepseek-v4-flash-20260423","provider":"GMICloud","choices":[{"index":0,"delta":{"content":"────────────","role":"assistant"},"finish_reason":null,"native_finish_reason":null}]}
--- CHUNK 1783158672648 bytes=298 ---
data: {"id":"gen-1783158650-6fMKVkLglsFk7xQKrVEy","object":"chat.completion.chunk","created":1783158650,"model":"deepseek/deepseek-v4-flash-20260423","provider":"GMICloud","choices":[{"index":0,"delta":{"content":"───","role":"assistant"},"finish_reason":null,"native_finish_reason":null}]}


PARSED: {"id":"gen-1783158650-6fMKVkLglsFk7xQKrVEy","object":"chat.completion.chunk","created":1783158650,"model":"deepseek/deepseek-v4-flash-20260423","provider":"GMICloud","choices":[{"index":0,"delta":{"content":"───","role":"assistant"},"finish_reason":null,"native_finish_reason":null}]}
--- CHUNK 1783158672653 bytes=292 ---
data: {"id":"gen-1783158650-6fMKVkLglsFk7xQKrVEy","object":"chat.completion.chunk","created":1783158650,"model":"deepseek/deepseek-v4-flash-20260423","provider":"GMICloud","choices":[{"index":0,"delta":{"content":"┼","role":"assistant"},"finish_reason":null,"native_finish_reason":null}]}


PARSED: {"id":"gen-1783158650-6fMKVkLglsFk7xQKrVEy","object":"chat.completion.chunk","created":1783158650,"model":"deepseek/deepseek-v4-flash-20260423","provider":"GMICloud","choices":[{"index":0,"delta":{"content":"┼","role":"assistant"},"finish_reason":null,"native_finish_reason":null}]}
--- CHUNK 1783158672659 bytes=325 ---
data: {"id":"gen-1783158650-6fMKVkLglsFk7xQKrVEy","object":"chat.completion.chunk","created":1783158650,"model":"deepseek/deepseek-v4-flash-20260423","provider":"GMICloud","choices":[{"index":0,"delta":{"content":"────────────","role":"assistant"},"finish_reason":null,"native_finish_reason":null}]}


PARSED: {"id":"gen-1783158650-6fMKVkLglsFk7xQKrVEy","object":"chat.completion.chunk","created":1783158650,"model":"deepseek/deepseek-v4-flash-20260423","provider":"GMICloud","choices":[{"index":0,"delta":{"content":"────────────","role":"assistant"},"finish_reason":null,"native_finish_reason":null}]}
--- CHUNK 1783158672689 bytes=298 ---
data: {"id":"gen-1783158650-6fMKVkLglsFk7xQKrVEy","object":"chat.completion.chunk","created":1783158650,"model":"deepseek/deepseek-v4-flash-20260423","provider":"GMICloud","choices":[{"index":0,"delta":{"content":"───","role":"assistant"},"finish_reason":null,"native_finish_reason":null}]}


PARSED: {"id":"gen-1783158650-6fMKVkLglsFk7xQKrVEy","object":"chat.completion.chunk","created":1783158650,"model":"deepseek/deepseek-v4-flash-20260423","provider":"GMICloud","choices":[{"index":0,"delta":{"content":"───","role":"assistant"},"finish_reason":null,"native_finish_reason":null}]}
--- CHUNK 1783158672690 bytes=292 ---
data: {"id":"gen-1783158650-6fMKVkLglsFk7xQKrVEy","object":"chat.completion.chunk","created":1783158650,"model":"deepseek/deepseek-v4-flash-20260423","provider":"GMICloud","choices":[{"index":0,"delta":{"content":"┘","role":"assistant"},"finish_reason":null,"native_finish_reason":null}]}


PARSED: {"id":"gen-1783158650-6fMKVkLglsFk7xQKrVEy","object":"chat.completion.chunk","created":1783158650,"model":"deepseek/deepseek-v4-flash-20260423","provider":"GMICloud","choices":[{"index":0,"delta":{"content":"┘","role":"assistant"},"finish_reason":null,"native_finish_reason":null}]}
--- CHUNK 1783158672692 bytes=315 ---
data: {"id":"gen-1783158650-6fMKVkLglsFk7xQKrVEy","object":"chat.completion.chunk","created":1783158650,"model":"deepseek/deepseek-v4-flash-20260423","provider":"GMICloud","choices":[{"index":0,"delta":{"content":"\n                        ","role":"assistant"},"finish_reason":null,"native_finish_reason":null}]}


PARSED: {"id":"gen-1783158650-6fMKVkLglsFk7xQKrVEy","object":"chat.completion.chunk","created":1783158650,"model":"deepseek/deepseek-v4-flash-20260423","provider":"GMICloud","choices":[{"index":0,"delta":{"content":"\n                        ","role":"assistant"},"finish_reason":null,"native_finish_reason":
--- CHUNK 1783158672711 bytes=293 ---
data: {"id":"gen-1783158650-6fMKVkLglsFk7xQKrVEy","object":"chat.completion.chunk","created":1783158650,"model":"deepseek/deepseek-v4-flash-20260423","provider":"GMICloud","choices":[{"index":0,"delta":{"content":" ▼","role":"assistant"},"finish_reason":null,"native_finish_reason":null}]}


PARSED: {"id":"gen-1783158650-6fMKVkLglsFk7xQKrVEy","object":"chat.completion.chunk","created":1783158650,"model":"deepseek/deepseek-v4-flash-20260423","provider":"GMICloud","choices":[{"index":0,"delta":{"content":" ▼","role":"assistant"},"finish_reason":null,"native_finish_reason":null}]}
--- CHUNK 1783158672717 bytes=304 ---
data: {"id":"gen-1783158650-6fMKVkLglsFk7xQKrVEy","object":"chat.completion.chunk","created":1783158650,"model":"deepseek/deepseek-v4-flash-20260423","provider":"GMICloud","choices":[{"index":0,"delta":{"content":"\n             ","role":"assistant"},"finish_reason":null,"native_finish_reason":null}]}


PARSED: {"id":"gen-1783158650-6fMKVkLglsFk7xQKrVEy","object":"chat.completion.chunk","created":1783158650,"model":"deepseek/deepseek-v4-flash-20260423","provider":"GMICloud","choices":[{"index":0,"delta":{"content":"\n             ","role":"assistant"},"finish_reason":null,"native_finish_reason":null}]}
--- CHUNK 1783158672820 bytes=630 ---
data: {"id":"gen-1783158650-6fMKVkLglsFk7xQKrVEy","object":"chat.completion.chunk","created":1783158650,"model":"deepseek/deepseek-v4-flash-20260423","provider":"GMICloud","choices":[{"index":0,"delta":{"content":" ┌","role":"assistant"},"finish_reason":null,"native_finish_reason":null}]}

data: {"id":"gen-1783158650-6fMKVkLglsFk7xQKrVEy","object":"chat.completion.chunk","created":1783158650,"model":"deepseek/deepseek-v4-flash-20260423","provider":"GMICloud","choices":[{"index":0,"delta":{"content":"────────────────","role":"assistant"},"finish_reason":null,"native_finish_reason":null}]}


PARSED: {"id":"gen-1783158650-6fMKVkLglsFk7xQKrVEy","object":"chat.completion.chunk","created":1783158650,"model":"deepseek/deepseek-v4-flash-20260423","provider":"GMICloud","choices":[{"index":0,"delta":{"content":" ┌","role":"assistant"},"finish_reason":null,"native_finish_reason":null}]}
PARSED: {"id":"gen-1783158650-6fMKVkLglsFk7xQKrVEy","object":"chat.completion.chunk","created":1783158650,"model":"deepseek/deepseek-v4-flash-20260423","provider":"GMICloud","choices":[{"index":0,"delta":{"content":"────────────────","role":"assistant"},"finish_reason":null,"native_finish_reason":null}]}
--- CHUNK 1783158672824 bytes=304 ---
data: {"id":"gen-1783158650-6fMKVkLglsFk7xQKrVEy","object":"chat.completion.chunk","created":1783158650,"model":"deepseek/deepseek-v4-flash-20260423","provider":"GMICloud","choices":[{"index":0,"delta":{"content":"─────","role":"assistant"},"finish_reason":null,"native_finish_reason":null}]}


PARSED: {"id":"gen-1783158650-6fMKVkLglsFk7xQKrVEy","object":"chat.completion.chunk","created":1783158650,"model":"deepseek/deepseek-v4-flash-20260423","provider":"GMICloud","choices":[{"index":0,"delta":{"content":"─────","role":"assistant"},"finish_reason":null,"native_finish_reason":null}]}
--- CHUNK 1783158672827 bytes=292 ---
data: {"id":"gen-1783158650-6fMKVkLglsFk7xQKrVEy","object":"chat.completion.chunk","created":1783158650,"model":"deepseek/deepseek-v4-flash-20260423","provider":"GMICloud","choices":[{"index":0,"delta":{"content":"┐","role":"assistant"},"finish_reason":null,"native_finish_reason":null}]}


PARSED: {"id":"gen-1783158650-6fMKVkLglsFk7xQKrVEy","object":"chat.completion.chunk","created":1783158650,"model":"deepseek/deepseek-v4-flash-20260423","provider":"GMICloud","choices":[{"index":0,"delta":{"content":"┐","role":"assistant"},"finish_reason":null,"native_finish_reason":null}]}
--- CHUNK 1783158672835 bytes=597 ---
data: {"id":"gen-1783158650-6fMKVkLglsFk7xQKrVEy","object":"chat.completion.chunk","created":1783158650,"model":"deepseek/deepseek-v4-flash-20260423","provider":"GMICloud","choices":[{"index":0,"delta":{"content":"\n","role":"assistant"},"finish_reason":null,"native_finish_reason":null}]}

data: {"id":"gen-1783158650-6fMKVkLglsFk7xQKrVEy","object":"chat.completion.chunk","created":1783158650,"model":"deepseek/deepseek-v4-flash-20260423","provider":"GMICloud","choices":[{"index":0,"delta":{"content":"              │","role":"assistant"},"finish_reason":null,"native_finish_reason":null}]}


PARSED: {"id":"gen-1783158650-6fMKVkLglsFk7xQKrVEy","object":"chat.completion.chunk","created":1783158650,"model":"deepseek/deepseek-v4-flash-20260423","provider":"GMICloud","choices":[{"index":0,"delta":{"content":"\n","role":"assistant"},"finish_reason":null,"native_finish_reason":null}]}
PARSED: {"id":"gen-1783158650-6fMKVkLglsFk7xQKrVEy","object":"chat.completion.chunk","created":1783158650,"model":"deepseek/deepseek-v4-flash-20260423","provider":"GMICloud","choices":[{"index":0,"delta":{"content":"              │","role":"assistant"},"finish_reason":null,"native_finish_reason":null}]}
--- CHUNK 1783158672835 bytes=298 ---
data: {"id":"gen-1783158650-6fMKVkLglsFk7xQKrVEy","object":"chat.completion.chunk","created":1783158650,"model":"deepseek/deepseek-v4-flash-20260423","provider":"GMICloud","choices":[{"index":0,"delta":{"content":"  Context","role":"assistant"},"finish_reason":null,"native_finish_reason":null}]}


PARSED: {"id":"gen-1783158650-6fMKVkLglsFk7xQKrVEy","object":"chat.completion.chunk","created":1783158650,"model":"deepseek/deepseek-v4-flash-20260423","provider":"GMICloud","choices":[{"index":0,"delta":{"content":"  Context","role":"assistant"},"finish_reason":null,"native_finish_reason":null}]}
--- CHUNK 1783158672838 bytes=300 ---
data: {"id":"gen-1783158650-6fMKVkLglsFk7xQKrVEy","object":"chat.completion.chunk","created":1783158650,"model":"deepseek/deepseek-v4-flash-20260423","provider":"GMICloud","choices":[{"index":0,"delta":{"content":" Engine    ","role":"assistant"},"finish_reason":null,"native_finish_reason":null}]}


PARSED: {"id":"gen-1783158650-6fMKVkLglsFk7xQKrVEy","object":"chat.completion.chunk","created":1783158650,"model":"deepseek/deepseek-v4-flash-20260423","provider":"GMICloud","choices":[{"index":0,"delta":{"content":" Engine    ","role":"assistant"},"finish_reason":null,"native_finish_reason":null}]}
--- CHUNK 1783158672842 bytes=297 ---
data: {"id":"gen-1783158650-6fMKVkLglsFk7xQKrVEy","object":"chat.completion.chunk","created":1783158650,"model":"deepseek/deepseek-v4-flash-20260423","provider":"GMICloud","choices":[{"index":0,"delta":{"content":" │ ←","role":"assistant"},"finish_reason":null,"native_finish_reason":null}]}


PARSED: {"id":"gen-1783158650-6fMKVkLglsFk7xQKrVEy","object":"chat.completion.chunk","created":1783158650,"model":"deepseek/deepseek-v4-flash-20260423","provider":"GMICloud","choices":[{"index":0,"delta":{"content":" │ ←","role":"assistant"},"finish_reason":null,"native_finish_reason":null}]}
--- CHUNK 1783158672845 bytes=293 ---
data: {"id":"gen-1783158650-6fMKVkLglsFk7xQKrVEy","object":"chat.completion.chunk","created":1783158650,"model":"deepseek/deepseek-v4-flash-20260423","provider":"GMICloud","choices":[{"index":0,"delta":{"content":" 組","role":"assistant"},"finish_reason":null,"native_finish_reason":null}]}


PARSED: {"id":"gen-1783158650-6fMKVkLglsFk7xQKrVEy","object":"chat.completion.chunk","created":1783158650,"model":"deepseek/deepseek-v4-flash-20260423","provider":"GMICloud","choices":[{"index":0,"delta":{"content":" 組","role":"assistant"},"finish_reason":null,"native_finish_reason":null}]}
--- CHUNK 1783158672850 bytes=292 ---
data: {"id":"gen-1783158650-6fMKVkLglsFk7xQKrVEy","object":"chat.completion.chunk","created":1783158650,"model":"deepseek/deepseek-v4-flash-20260423","provider":"GMICloud","choices":[{"index":0,"delta":{"content":"裝","role":"assistant"},"finish_reason":null,"native_finish_reason":null}]}


PARSED: {"id":"gen-1783158650-6fMKVkLglsFk7xQKrVEy","object":"chat.completion.chunk","created":1783158650,"model":"deepseek/deepseek-v4-flash-20260423","provider":"GMICloud","choices":[{"index":0,"delta":{"content":"裝","role":"assistant"},"finish_reason":null,"native_finish_reason":null}]}
--- CHUNK 1783158672850 bytes=302 ---
data: {"id":"gen-1783158650-6fMKVkLglsFk7xQKrVEy","object":"chat.completion.chunk","created":1783158650,"model":"deepseek/deepseek-v4-flash-20260423","provider":"GMICloud","choices":[{"index":0,"delta":{"content":" systemPrompt","role":"assistant"},"finish_reason":null,"native_finish_reason":null}]}


PARSED: {"id":"gen-1783158650-6fMKVkLglsFk7xQKrVEy","object":"chat.completion.chunk","created":1783158650,"model":"deepseek/deepseek-v4-flash-20260423","provider":"GMICloud","choices":[{"index":0,"delta":{"content":" systemPrompt","role":"assistant"},"finish_reason":null,"native_finish_reason":null}]}
--- CHUNK 1783158672850 bytes=304 ---
data: {"id":"gen-1783158650-6fMKVkLglsFk7xQKrVEy","object":"chat.completion.chunk","created":1783158650,"model":"deepseek/deepseek-v4-flash-20260423","provider":"GMICloud","choices":[{"index":0,"delta":{"content":"\n             ","role":"assistant"},"finish_reason":null,"native_finish_reason":null}]}


PARSED: {"id":"gen-1783158650-6fMKVkLglsFk7xQKrVEy","object":"chat.completion.chunk","created":1783158650,"model":"deepseek/deepseek-v4-flash-20260423","provider":"GMICloud","choices":[{"index":0,"delta":{"content":"\n             ","role":"assistant"},"finish_reason":null,"native_finish_reason":null}]}
--- CHUNK 1783158672881 bytes=293 ---
data: {"id":"gen-1783158650-6fMKVkLglsFk7xQKrVEy","object":"chat.completion.chunk","created":1783158650,"model":"deepseek/deepseek-v4-flash-20260423","provider":"GMICloud","choices":[{"index":0,"delta":{"content":" │","role":"assistant"},"finish_reason":null,"native_finish_reason":null}]}


PARSED: {"id":"gen-1783158650-6fMKVkLglsFk7xQKrVEy","object":"chat.completion.chunk","created":1783158650,"model":"deepseek/deepseek-v4-flash-20260423","provider":"GMICloud","choices":[{"index":0,"delta":{"content":" │","role":"assistant"},"finish_reason":null,"native_finish_reason":null}]}
--- CHUNK 1783158672883 bytes=292 ---
data: {"id":"gen-1783158650-6fMKVkLglsFk7xQKrVEy","object":"chat.completion.chunk","created":1783158650,"model":"deepseek/deepseek-v4-flash-20260423","provider":"GMICloud","choices":[{"index":0,"delta":{"content":"  +","role":"assistant"},"finish_reason":null,"native_finish_reason":null}]}


PARSED: {"id":"gen-1783158650-6fMKVkLglsFk7xQKrVEy","object":"chat.completion.chunk","created":1783158650,"model":"deepseek/deepseek-v4-flash-20260423","provider":"GMICloud","choices":[{"index":0,"delta":{"content":"  +","role":"assistant"},"finish_reason":null,"native_finish_reason":null}]}
--- CHUNK 1783158672887 bytes=300 ---
data: {"id":"gen-1783158650-6fMKVkLglsFk7xQKrVEy","object":"chat.completion.chunk","created":1783158650,"model":"deepseek/deepseek-v4-flash-20260423","provider":"GMICloud","choices":[{"index":0,"delta":{"content":" Agent Loop","role":"assistant"},"finish_reason":null,"native_finish_reason":null}]}


PARSED: {"id":"gen-1783158650-6fMKVkLglsFk7xQKrVEy","object":"chat.completion.chunk","created":1783158650,"model":"deepseek/deepseek-v4-flash-20260423","provider":"GMICloud","choices":[{"index":0,"delta":{"content":" Agent Loop","role":"assistant"},"finish_reason":null,"native_finish_reason":null}]}
--- CHUNK 1783158672892 bytes=299 ---
data: {"id":"gen-1783158650-6fMKVkLglsFk7xQKrVEy","object":"chat.completion.chunk","created":1783158650,"model":"deepseek/deepseek-v4-flash-20260423","provider":"GMICloud","choices":[{"index":0,"delta":{"content":"       │","role":"assistant"},"finish_reason":null,"native_finish_reason":null}]}


PARSED: {"id":"gen-1783158650-6fMKVkLglsFk7xQKrVEy","object":"chat.completion.chunk","created":1783158650,"model":"deepseek/deepseek-v4-flash-20260423","provider":"GMICloud","choices":[{"index":0,"delta":{"content":"       │","role":"assistant"},"finish_reason":null,"native_finish_reason":null}]}
--- CHUNK 1783158672922 bytes=293 ---
data: {"id":"gen-1783158650-6fMKVkLglsFk7xQKrVEy","object":"chat.completion.chunk","created":1783158650,"model":"deepseek/deepseek-v4-flash-20260423","provider":"GMICloud","choices":[{"index":0,"delta":{"content":" ←","role":"assistant"},"finish_reason":null,"native_finish_reason":null}]}


PARSED: {"id":"gen-1783158650-6fMKVkLglsFk7xQKrVEy","object":"chat.completion.chunk","created":1783158650,"model":"deepseek/deepseek-v4-flash-20260423","provider":"GMICloud","choices":[{"index":0,"delta":{"content":" ←","role":"assistant"},"finish_reason":null,"native_finish_reason":null}]}
--- CHUNK 1783158672930 bytes=293 ---
data: {"id":"gen-1783158650-6fMKVkLglsFk7xQKrVEy","object":"chat.completion.chunk","created":1783158650,"model":"deepseek/deepseek-v4-flash-20260423","provider":"GMICloud","choices":[{"index":0,"delta":{"content":" AI ","role":"assistant"},"finish_reason":null,"native_finish_reason":null}]}


PARSED: {"id":"gen-1783158650-6fMKVkLglsFk7xQKrVEy","object":"chat.completion.chunk","created":1783158650,"model":"deepseek/deepseek-v4-flash-20260423","provider":"GMICloud","choices":[{"index":0,"delta":{"content":" AI ","role":"assistant"},"finish_reason":null,"native_finish_reason":null}]}
--- CHUNK 1783158673108 bytes=301 ---
data: {"id":"gen-1783158650-6fMKVkLglsFk7xQKrVEy","object":"chat.completion.chunk","created":1783158650,"model":"deepseek/deepseek-v4-flash-20260423","provider":"GMICloud","choices":[{"index":0,"delta":{"content":"實際執行","role":"assistant"},"finish_reason":null,"native_finish_reason":null}]}


PARSED: {"id":"gen-1783158650-6fMKVkLglsFk7xQKrVEy","object":"chat.completion.chunk","created":1783158650,"model":"deepseek/deepseek-v4-flash-20260423","provider":"GMICloud","choices":[{"index":0,"delta":{"content":"實際執行","role":"assistant"},"finish_reason":null,"native_finish_reason":null}]}
--- CHUNK 1783158673121 bytes=291 ---
data: {"id":"gen-1783158650-6fMKVkLglsFk7xQKrVEy","object":"chat.completion.chunk","created":1783158650,"model":"deepseek/deepseek-v4-flash-20260423","provider":"GMICloud","choices":[{"index":0,"delta":{"content":"\n","role":"assistant"},"finish_reason":null,"native_finish_reason":null}]}


PARSED: {"id":"gen-1783158650-6fMKVkLglsFk7xQKrVEy","object":"chat.completion.chunk","created":1783158650,"model":"deepseek/deepseek-v4-flash-20260423","provider":"GMICloud","choices":[{"index":0,"delta":{"content":"\n","role":"assistant"},"finish_reason":null,"native_finish_reason":null}]}
--- CHUNK 1783158673121 bytes=302 ---
data: {"id":"gen-1783158650-6fMKVkLglsFk7xQKrVEy","object":"chat.completion.chunk","created":1783158650,"model":"deepseek/deepseek-v4-flash-20260423","provider":"GMICloud","choices":[{"index":0,"delta":{"content":"             ","role":"assistant"},"finish_reason":null,"native_finish_reason":null}]}


PARSED: {"id":"gen-1783158650-6fMKVkLglsFk7xQKrVEy","object":"chat.completion.chunk","created":1783158650,"model":"deepseek/deepseek-v4-flash-20260423","provider":"GMICloud","choices":[{"index":0,"delta":{"content":"             ","role":"assistant"},"finish_reason":null,"native_finish_reason":null}]}
--- CHUNK 1783158673121 bytes=341 ---
data: {"id":"gen-1783158650-6fMKVkLglsFk7xQKrVEy","object":"chat.completion.chunk","created":1783158650,"model":"deepseek/deepseek-v4-flash-20260423","provider":"GMICloud","choices":[{"index":0,"delta":{"content":" └────────────────","role":"assistant"},"finish_reason":null,"native_finish_reason":null}]}


PARSED: {"id":"gen-1783158650-6fMKVkLglsFk7xQKrVEy","object":"chat.completion.chunk","created":1783158650,"model":"deepseek/deepseek-v4-flash-20260423","provider":"GMICloud","choices":[{"index":0,"delta":{"content":" └────────────────","role":"assistant"},"finish_reason":null,"native_finish_reason":null}]}
--- CHUNK 1783158673122 bytes=304 ---
data: {"id":"gen-1783158650-6fMKVkLglsFk7xQKrVEy","object":"chat.completion.chunk","created":1783158650,"model":"deepseek/deepseek-v4-flash-20260423","provider":"GMICloud","choices":[{"index":0,"delta":{"content":"─────","role":"assistant"},"finish_reason":null,"native_finish_reason":null}]}


PARSED: {"id":"gen-1783158650-6fMKVkLglsFk7xQKrVEy","object":"chat.completion.chunk","created":1783158650,"model":"deepseek/deepseek-v4-flash-20260423","provider":"GMICloud","choices":[{"index":0,"delta":{"content":"─────","role":"assistant"},"finish_reason":null,"native_finish_reason":null}]}
--- CHUNK 1783158673123 bytes=292 ---
data: {"id":"gen-1783158650-6fMKVkLglsFk7xQKrVEy","object":"chat.completion.chunk","created":1783158650,"model":"deepseek/deepseek-v4-flash-20260423","provider":"GMICloud","choices":[{"index":0,"delta":{"content":"┘","role":"assistant"},"finish_reason":null,"native_finish_reason":null}]}


PARSED: {"id":"gen-1783158650-6fMKVkLglsFk7xQKrVEy","object":"chat.completion.chunk","created":1783158650,"model":"deepseek/deepseek-v4-flash-20260423","provider":"GMICloud","choices":[{"index":0,"delta":{"content":"┘","role":"assistant"},"finish_reason":null,"native_finish_reason":null}]}
--- CHUNK 1783158673123 bytes=315 ---
data: {"id":"gen-1783158650-6fMKVkLglsFk7xQKrVEy","object":"chat.completion.chunk","created":1783158650,"model":"deepseek/deepseek-v4-flash-20260423","provider":"GMICloud","choices":[{"index":0,"delta":{"content":"\n                        ","role":"assistant"},"finish_reason":null,"native_finish_reason":null}]}


PARSED: {"id":"gen-1783158650-6fMKVkLglsFk7xQKrVEy","object":"chat.completion.chunk","created":1783158650,"model":"deepseek/deepseek-v4-flash-20260423","provider":"GMICloud","choices":[{"index":0,"delta":{"content":"\n                        ","role":"assistant"},"finish_reason":null,"native_finish_reason":
--- CHUNK 1783158673123 bytes=295 ---
data: {"id":"gen-1783158650-6fMKVkLglsFk7xQKrVEy","object":"chat.completion.chunk","created":1783158650,"model":"deepseek/deepseek-v4-flash-20260423","provider":"GMICloud","choices":[{"index":0,"delta":{"content":" │\n","role":"assistant"},"finish_reason":null,"native_finish_reason":null}]}


PARSED: {"id":"gen-1783158650-6fMKVkLglsFk7xQKrVEy","object":"chat.completion.chunk","created":1783158650,"model":"deepseek/deepseek-v4-flash-20260423","provider":"GMICloud","choices":[{"index":0,"delta":{"content":" │\n","role":"assistant"},"finish_reason":null,"native_finish_reason":null}]}
--- CHUNK 1783158673123 bytes=317 ---
data: {"id":"gen-1783158650-6fMKVkLglsFk7xQKrVEy","object":"chat.completion.chunk","created":1783158650,"model":"deepseek/deepseek-v4-flash-20260423","provider":"GMICloud","choices":[{"index":0,"delta":{"content":"                         ▼","role":"assistant"},"finish_reason":null,"native_finish_reason":null}]}


PARSED: {"id":"gen-1783158650-6fMKVkLglsFk7xQKrVEy","object":"chat.completion.chunk","created":1783158650,"model":"deepseek/deepseek-v4-flash-20260423","provider":"GMICloud","choices":[{"index":0,"delta":{"content":"                         ▼","role":"assistant"},"finish_reason":null,"native_finish_reason":
--- CHUNK 1783158673123 bytes=304 ---
data: {"id":"gen-1783158650-6fMKVkLglsFk7xQKrVEy","object":"chat.completion.chunk","created":1783158650,"model":"deepseek/deepseek-v4-flash-20260423","provider":"GMICloud","choices":[{"index":0,"delta":{"content":"\n             ","role":"assistant"},"finish_reason":null,"native_finish_reason":null}]}


PARSED: {"id":"gen-1783158650-6fMKVkLglsFk7xQKrVEy","object":"chat.completion.chunk","created":1783158650,"model":"deepseek/deepseek-v4-flash-20260423","provider":"GMICloud","choices":[{"index":0,"delta":{"content":"\n             ","role":"assistant"},"finish_reason":null,"native_finish_reason":null}]}
--- CHUNK 1783158673209 bytes=293 ---
data: {"id":"gen-1783158650-6fMKVkLglsFk7xQKrVEy","object":"chat.completion.chunk","created":1783158650,"model":"deepseek/deepseek-v4-flash-20260423","provider":"GMICloud","choices":[{"index":0,"delta":{"content":" ┌","role":"assistant"},"finish_reason":null,"native_finish_reason":null}]}


PARSED: {"id":"gen-1783158650-6fMKVkLglsFk7xQKrVEy","object":"chat.completion.chunk","created":1783158650,"model":"deepseek/deepseek-v4-flash-20260423","provider":"GMICloud","choices":[{"index":0,"delta":{"content":" ┌","role":"assistant"},"finish_reason":null,"native_finish_reason":null}]}
--- CHUNK 1783158673209 bytes=349 ---
data: {"id":"gen-1783158650-6fMKVkLglsFk7xQKrVEy","object":"chat.completion.chunk","created":1783158650,"model":"deepseek/deepseek-v4-flash-20260423","provider":"GMICloud","choices":[{"index":0,"delta":{"content":"────────────────────","role":"assistant"},"finish_reason":null,"native_finish_reason":null}]}


PARSED: {"id":"gen-1783158650-6fMKVkLglsFk7xQKrVEy","object":"chat.completion.chunk","created":1783158650,"model":"deepseek/deepseek-v4-flash-20260423","provider":"GMICloud","choices":[{"index":0,"delta":{"content":"────────────────────","role":"assistant"},"finish_reason":null,"native_finish_reason":null}]
--- CHUNK 1783158673210 bytes=292 ---
data: {"id":"gen-1783158650-6fMKVkLglsFk7xQKrVEy","object":"chat.completion.chunk","created":1783158650,"model":"deepseek/deepseek-v4-flash-20260423","provider":"GMICloud","choices":[{"index":0,"delta":{"content":"─","role":"assistant"},"finish_reason":null,"native_finish_reason":null}]}


PARSED: {"id":"gen-1783158650-6fMKVkLglsFk7xQKrVEy","object":"chat.completion.chunk","created":1783158650,"model":"deepseek/deepseek-v4-flash-20260423","provider":"GMICloud","choices":[{"index":0,"delta":{"content":"─","role":"assistant"},"finish_reason":null,"native_finish_reason":null}]}
--- CHUNK 1783158673262 bytes=294 ---
data: {"id":"gen-1783158650-6fMKVkLglsFk7xQKrVEy","object":"chat.completion.chunk","created":1783158650,"model":"deepseek/deepseek-v4-flash-20260423","provider":"GMICloud","choices":[{"index":0,"delta":{"content":"┐\n","role":"assistant"},"finish_reason":null,"native_finish_reason":null}]}


PARSED: {"id":"gen-1783158650-6fMKVkLglsFk7xQKrVEy","object":"chat.completion.chunk","created":1783158650,"model":"deepseek/deepseek-v4-flash-20260423","provider":"GMICloud","choices":[{"index":0,"delta":{"content":"┐\n","role":"assistant"},"finish_reason":null,"native_finish_reason":null}]}
--- CHUNK 1783158673264 bytes=306 ---
data: {"id":"gen-1783158650-6fMKVkLglsFk7xQKrVEy","object":"chat.completion.chunk","created":1783158650,"model":"deepseek/deepseek-v4-flash-20260423","provider":"GMICloud","choices":[{"index":0,"delta":{"content":"              │","role":"assistant"},"finish_reason":null,"native_finish_reason":null}]}


PARSED: {"id":"gen-1783158650-6fMKVkLglsFk7xQKrVEy","object":"chat.completion.chunk","created":1783158650,"model":"deepseek/deepseek-v4-flash-20260423","provider":"GMICloud","choices":[{"index":0,"delta":{"content":"              │","role":"assistant"},"finish_reason":null,"native_finish_reason":null}]}
--- CHUNK 1783158673265 bytes=297 ---
data: {"id":"gen-1783158650-6fMKVkLglsFk7xQKrVEy","object":"chat.completion.chunk","created":1783158650,"model":"deepseek/deepseek-v4-flash-20260423","provider":"GMICloud","choices":[{"index":0,"delta":{"content":"  結構","role":"assistant"},"finish_reason":null,"native_finish_reason":null}]}


PARSED: {"id":"gen-1783158650-6fMKVkLglsFk7xQKrVEy","object":"chat.completion.chunk","created":1783158650,"model":"deepseek/deepseek-v4-flash-20260423","provider":"GMICloud","choices":[{"index":0,"delta":{"content":"  結構","role":"assistant"},"finish_reason":null,"native_finish_reason":null}]}
--- CHUNK 1783158673307 bytes=298 ---
data: {"id":"gen-1783158650-6fMKVkLglsFk7xQKrVEy","object":"chat.completion.chunk","created":1783158650,"model":"deepseek/deepseek-v4-flash-20260423","provider":"GMICloud","choices":[{"index":0,"delta":{"content":"化輸出","role":"assistant"},"finish_reason":null,"native_finish_reason":null}]}


PARSED: {"id":"gen-1783158650-6fMKVkLglsFk7xQKrVEy","object":"chat.completion.chunk","created":1783158650,"model":"deepseek/deepseek-v4-flash-20260423","provider":"GMICloud","choices":[{"index":0,"delta":{"content":"化輸出","role":"assistant"},"finish_reason":null,"native_finish_reason":null}]}
--- CHUNK 1783158673307 bytes=300 ---
data: {"id":"gen-1783158650-6fMKVkLglsFk7xQKrVEy","object":"chat.completion.chunk","created":1783158650,"model":"deepseek/deepseek-v4-flash-20260423","provider":"GMICloud","choices":[{"index":0,"delta":{"content":"結果     ","role":"assistant"},"finish_reason":null,"native_finish_reason":null}]}


PARSED: {"id":"gen-1783158650-6fMKVkLglsFk7xQKrVEy","object":"chat.completion.chunk","created":1783158650,"model":"deepseek/deepseek-v4-flash-20260423","provider":"GMICloud","choices":[{"index":0,"delta":{"content":"結果     ","role":"assistant"},"finish_reason":null,"native_finish_reason":null}]}
--- CHUNK 1783158673308 bytes=295 ---
data: {"id":"gen-1783158650-6fMKVkLglsFk7xQKrVEy","object":"chat.completion.chunk","created":1783158650,"model":"deepseek/deepseek-v4-flash-20260423","provider":"GMICloud","choices":[{"index":0,"delta":{"content":" │\n","role":"assistant"},"finish_reason":null,"native_finish_reason":null}]}


PARSED: {"id":"gen-1783158650-6fMKVkLglsFk7xQKrVEy","object":"chat.completion.chunk","created":1783158650,"model":"deepseek/deepseek-v4-flash-20260423","provider":"GMICloud","choices":[{"index":0,"delta":{"content":" │\n","role":"assistant"},"finish_reason":null,"native_finish_reason":null}]}
--- CHUNK 1783158673310 bytes=302 ---
data: {"id":"gen-1783158650-6fMKVkLglsFk7xQKrVEy","object":"chat.completion.chunk","created":1783158650,"model":"deepseek/deepseek-v4-flash-20260423","provider":"GMICloud","choices":[{"index":0,"delta":{"content":"             ","role":"assistant"},"finish_reason":null,"native_finish_reason":null}]}


PARSED: {"id":"gen-1783158650-6fMKVkLglsFk7xQKrVEy","object":"chat.completion.chunk","created":1783158650,"model":"deepseek/deepseek-v4-flash-20260423","provider":"GMICloud","choices":[{"index":0,"delta":{"content":"             ","role":"assistant"},"finish_reason":null,"native_finish_reason":null}]}
--- CHUNK 1783158673331 bytes=293 ---
data: {"id":"gen-1783158650-6fMKVkLglsFk7xQKrVEy","object":"chat.completion.chunk","created":1783158650,"model":"deepseek/deepseek-v4-flash-20260423","provider":"GMICloud","choices":[{"index":0,"delta":{"content":" └","role":"assistant"},"finish_reason":null,"native_finish_reason":null}]}


PARSED: {"id":"gen-1783158650-6fMKVkLglsFk7xQKrVEy","object":"chat.completion.chunk","created":1783158650,"model":"deepseek/deepseek-v4-flash-20260423","provider":"GMICloud","choices":[{"index":0,"delta":{"content":" └","role":"assistant"},"finish_reason":null,"native_finish_reason":null}]}
--- CHUNK 1783158673331 bytes=349 ---
data: {"id":"gen-1783158650-6fMKVkLglsFk7xQKrVEy","object":"chat.completion.chunk","created":1783158650,"model":"deepseek/deepseek-v4-flash-20260423","provider":"GMICloud","choices":[{"index":0,"delta":{"content":"────────────────────","role":"assistant"},"finish_reason":null,"native_finish_reason":null}]}


PARSED: {"id":"gen-1783158650-6fMKVkLglsFk7xQKrVEy","object":"chat.completion.chunk","created":1783158650,"model":"deepseek/deepseek-v4-flash-20260423","provider":"GMICloud","choices":[{"index":0,"delta":{"content":"────────────────────","role":"assistant"},"finish_reason":null,"native_finish_reason":null}]
--- CHUNK 1783158673334 bytes=292 ---
data: {"id":"gen-1783158650-6fMKVkLglsFk7xQKrVEy","object":"chat.completion.chunk","created":1783158650,"model":"deepseek/deepseek-v4-flash-20260423","provider":"GMICloud","choices":[{"index":0,"delta":{"content":"─","role":"assistant"},"finish_reason":null,"native_finish_reason":null}]}


PARSED: {"id":"gen-1783158650-6fMKVkLglsFk7xQKrVEy","object":"chat.completion.chunk","created":1783158650,"model":"deepseek/deepseek-v4-flash-20260423","provider":"GMICloud","choices":[{"index":0,"delta":{"content":"─","role":"assistant"},"finish_reason":null,"native_finish_reason":null}]}
--- CHUNK 1783158673372 bytes=294 ---
data: {"id":"gen-1783158650-6fMKVkLglsFk7xQKrVEy","object":"chat.completion.chunk","created":1783158650,"model":"deepseek/deepseek-v4-flash-20260423","provider":"GMICloud","choices":[{"index":0,"delta":{"content":"┘\n","role":"assistant"},"finish_reason":null,"native_finish_reason":null}]}


PARSED: {"id":"gen-1783158650-6fMKVkLglsFk7xQKrVEy","object":"chat.completion.chunk","created":1783158650,"model":"deepseek/deepseek-v4-flash-20260423","provider":"GMICloud","choices":[{"index":0,"delta":{"content":"┘\n","role":"assistant"},"finish_reason":null,"native_finish_reason":null}]}
--- CHUNK 1783158673373 bytes=299 ---
data: {"id":"gen-1783158650-6fMKVkLglsFk7xQKrVEy","object":"chat.completion.chunk","created":1783158650,"model":"deepseek/deepseek-v4-flash-20260423","provider":"GMICloud","choices":[{"index":0,"delta":{"content":"```\n\n###","role":"assistant"},"finish_reason":null,"native_finish_reason":null}]}


PARSED: {"id":"gen-1783158650-6fMKVkLglsFk7xQKrVEy","object":"chat.completion.chunk","created":1783158650,"model":"deepseek/deepseek-v4-flash-20260423","provider":"GMICloud","choices":[{"index":0,"delta":{"content":"```\n\n###","role":"assistant"},"finish_reason":null,"native_finish_reason":null}]}
--- CHUNK 1783158673421 bytes=296 ---
data: {"id":"gen-1783158650-6fMKVkLglsFk7xQKrVEy","object":"chat.completion.chunk","created":1783158650,"model":"deepseek/deepseek-v4-flash-20260423","provider":"GMICloud","choices":[{"index":0,"delta":{"content":" 重點","role":"assistant"},"finish_reason":null,"native_finish_reason":null}]}


PARSED: {"id":"gen-1783158650-6fMKVkLglsFk7xQKrVEy","object":"chat.completion.chunk","created":1783158650,"model":"deepseek/deepseek-v4-flash-20260423","provider":"GMICloud","choices":[{"index":0,"delta":{"content":" 重點","role":"assistant"},"finish_reason":null,"native_finish_reason":null}]}
--- CHUNK 1783158673607 bytes=295 ---
data: {"id":"gen-1783158650-6fMKVkLglsFk7xQKrVEy","object":"chat.completion.chunk","created":1783158650,"model":"deepseek/deepseek-v4-flash-20260423","provider":"GMICloud","choices":[{"index":0,"delta":{"content":"關係","role":"assistant"},"finish_reason":null,"native_finish_reason":null}]}


PARSED: {"id":"gen-1783158650-6fMKVkLglsFk7xQKrVEy","object":"chat.completion.chunk","created":1783158650,"model":"deepseek/deepseek-v4-flash-20260423","provider":"GMICloud","choices":[{"index":0,"delta":{"content":"關係","role":"assistant"},"finish_reason":null,"native_finish_reason":null}]}
--- CHUNK 1783158673610 bytes=294 ---
data: {"id":"gen-1783158650-6fMKVkLglsFk7xQKrVEy","object":"chat.completion.chunk","created":1783158650,"model":"deepseek/deepseek-v4-flash-20260423","provider":"GMICloud","choices":[{"index":0,"delta":{"content":"\n\n-","role":"assistant"},"finish_reason":null,"native_finish_reason":null}]}


PARSED: {"id":"gen-1783158650-6fMKVkLglsFk7xQKrVEy","object":"chat.completion.chunk","created":1783158650,"model":"deepseek/deepseek-v4-flash-20260423","provider":"GMICloud","choices":[{"index":0,"delta":{"content":"\n\n-","role":"assistant"},"finish_reason":null,"native_finish_reason":null}]}
--- CHUNK 1783158673612 bytes=297 ---
data: {"id":"gen-1783158650-6fMKVkLglsFk7xQKrVEy","object":"chat.completion.chunk","created":1783158650,"model":"deepseek/deepseek-v4-flash-20260423","provider":"GMICloud","choices":[{"index":0,"delta":{"content":" **Skill","role":"assistant"},"finish_reason":null,"native_finish_reason":null}]}


PARSED: {"id":"gen-1783158650-6fMKVkLglsFk7xQKrVEy","object":"chat.completion.chunk","created":1783158650,"model":"deepseek/deepseek-v4-flash-20260423","provider":"GMICloud","choices":[{"index":0,"delta":{"content":" **Skill","role":"assistant"},"finish_reason":null,"native_finish_reason":null}]}
--- CHUNK 1783158673653 bytes=291 ---
data: {"id":"gen-1783158650-6fMKVkLglsFk7xQKrVEy","object":"chat.completion.chunk","created":1783158650,"model":"deepseek/deepseek-v4-flash-20260423","provider":"GMICloud","choices":[{"index":0,"delta":{"content":" +","role":"assistant"},"finish_reason":null,"native_finish_reason":null}]}


PARSED: {"id":"gen-1783158650-6fMKVkLglsFk7xQKrVEy","object":"chat.completion.chunk","created":1783158650,"model":"deepseek/deepseek-v4-flash-20260423","provider":"GMICloud","choices":[{"index":0,"delta":{"content":" +","role":"assistant"},"finish_reason":null,"native_finish_reason":null}]}
--- CHUNK 1783158673655 bytes=295 ---
data: {"id":"gen-1783158650-6fMKVkLglsFk7xQKrVEy","object":"chat.completion.chunk","created":1783158650,"model":"deepseek/deepseek-v4-flash-20260423","provider":"GMICloud","choices":[{"index":0,"delta":{"content":" App**","role":"assistant"},"finish_reason":null,"native_finish_reason":null}]}


PARSED: {"id":"gen-1783158650-6fMKVkLglsFk7xQKrVEy","object":"chat.completion.chunk","created":1783158650,"model":"deepseek/deepseek-v4-flash-20260423","provider":"GMICloud","choices":[{"index":0,"delta":{"content":" App**","role":"assistant"},"finish_reason":null,"native_finish_reason":null}]}
--- CHUNK 1783158673678 bytes=297 ---
data: {"id":"gen-1783158650-6fMKVkLglsFk7xQKrVEy","object":"chat.completion.chunk","created":1783158650,"model":"deepseek/deepseek-v4-flash-20260423","provider":"GMICloud","choices":[{"index":0,"delta":{"content":"：Skill","role":"assistant"},"finish_reason":null,"native_finish_reason":null}]}


PARSED: {"id":"gen-1783158650-6fMKVkLglsFk7xQKrVEy","object":"chat.completion.chunk","created":1783158650,"model":"deepseek/deepseek-v4-flash-20260423","provider":"GMICloud","choices":[{"index":0,"delta":{"content":"：Skill","role":"assistant"},"finish_reason":null,"native_finish_reason":null}]}
--- CHUNK 1783158673680 bytes=299 ---
data: {"id":"gen-1783158650-6fMKVkLglsFk7xQKrVEy","object":"chat.completion.chunk","created":1783158650,"model":"deepseek/deepseek-v4-flash-20260423","provider":"GMICloud","choices":[{"index":0,"delta":{"content":"-based App","role":"assistant"},"finish_reason":null,"native_finish_reason":null}]}


PARSED: {"id":"gen-1783158650-6fMKVkLglsFk7xQKrVEy","object":"chat.completion.chunk","created":1783158650,"model":"deepseek/deepseek-v4-flash-20260423","provider":"GMICloud","choices":[{"index":0,"delta":{"content":"-based App","role":"assistant"},"finish_reason":null,"native_finish_reason":null}]}
--- CHUNK 1783158673683 bytes=293 ---
data: {"id":"gen-1783158650-6fMKVkLglsFk7xQKrVEy","object":"chat.completion.chunk","created":1783158650,"model":"deepseek/deepseek-v4-flash-20260423","provider":"GMICloud","choices":[{"index":0,"delta":{"content":" 會","role":"assistant"},"finish_reason":null,"native_finish_reason":null}]}


PARSED: {"id":"gen-1783158650-6fMKVkLglsFk7xQKrVEy","object":"chat.completion.chunk","created":1783158650,"model":"deepseek/deepseek-v4-flash-20260423","provider":"GMICloud","choices":[{"index":0,"delta":{"content":" 會","role":"assistant"},"finish_reason":null,"native_finish_reason":null}]}
--- CHUNK 1783158673690 bytes=295 ---
data: {"id":"gen-1783158650-6fMKVkLglsFk7xQKrVEy","object":"chat.completion.chunk","created":1783158650,"model":"deepseek/deepseek-v4-flash-20260423","provider":"GMICloud","choices":[{"index":0,"delta":{"content":"綁定","role":"assistant"},"finish_reason":null,"native_finish_reason":null}]}


PARSED: {"id":"gen-1783158650-6fMKVkLglsFk7xQKrVEy","object":"chat.completion.chunk","created":1783158650,"model":"deepseek/deepseek-v4-flash-20260423","provider":"GMICloud","choices":[{"index":0,"delta":{"content":"綁定","role":"assistant"},"finish_reason":null,"native_finish_reason":null}]}
--- CHUNK 1783158673712 bytes=295 ---
data: {"id":"gen-1783158650-6fMKVkLglsFk7xQKrVEy","object":"chat.completion.chunk","created":1783158650,"model":"deepseek/deepseek-v4-flash-20260423","provider":"GMICloud","choices":[{"index":0,"delta":{"content":"一個","role":"assistant"},"finish_reason":null,"native_finish_reason":null}]}


PARSED: {"id":"gen-1783158650-6fMKVkLglsFk7xQKrVEy","object":"chat.completion.chunk","created":1783158650,"model":"deepseek/deepseek-v4-flash-20260423","provider":"GMICloud","choices":[{"index":0,"delta":{"content":"一個","role":"assistant"},"finish_reason":null,"native_finish_reason":null}]}
--- CHUNK 1783158673715 bytes=298 ---
data: {"id":"gen-1783158650-6fMKVkLglsFk7xQKrVEy","object":"chat.completion.chunk","created":1783158650,"model":"deepseek/deepseek-v4-flash-20260423","provider":"GMICloud","choices":[{"index":0,"delta":{"content":"或多個","role":"assistant"},"finish_reason":null,"native_finish_reason":null}]}


PARSED: {"id":"gen-1783158650-6fMKVkLglsFk7xQKrVEy","object":"chat.completion.chunk","created":1783158650,"model":"deepseek/deepseek-v4-flash-20260423","provider":"GMICloud","choices":[{"index":0,"delta":{"content":"或多個","role":"assistant"},"finish_reason":null,"native_finish_reason":null}]}
--- CHUNK 1783158673718 bytes=298 ---
data: {"id":"gen-1783158650-6fMKVkLglsFk7xQKrVEy","object":"chat.completion.chunk","created":1783158650,"model":"deepseek/deepseek-v4-flash-20260423","provider":"GMICloud","choices":[{"index":0,"delta":{"content":" Skill，","role":"assistant"},"finish_reason":null,"native_finish_reason":null}]}


PARSED: {"id":"gen-1783158650-6fMKVkLglsFk7xQKrVEy","object":"chat.completion.chunk","created":1783158650,"model":"deepseek/deepseek-v4-flash-20260423","provider":"GMICloud","choices":[{"index":0,"delta":{"content":" Skill，","role":"assistant"},"finish_reason":null,"native_finish_reason":null}]}
--- CHUNK 1783158673752 bytes=292 ---
data: {"id":"gen-1783158650-6fMKVkLglsFk7xQKrVEy","object":"chat.completion.chunk","created":1783158650,"model":"deepseek/deepseek-v4-flash-20260423","provider":"GMICloud","choices":[{"index":0,"delta":{"content":"App","role":"assistant"},"finish_reason":null,"native_finish_reason":null}]}


PARSED: {"id":"gen-1783158650-6fMKVkLglsFk7xQKrVEy","object":"chat.completion.chunk","created":1783158650,"model":"deepseek/deepseek-v4-flash-20260423","provider":"GMICloud","choices":[{"index":0,"delta":{"content":"App","role":"assistant"},"finish_reason":null,"native_finish_reason":null}]}
--- CHUNK 1783158673755 bytes=293 ---
data: {"id":"gen-1783158650-6fMKVkLglsFk7xQKrVEy","object":"chat.completion.chunk","created":1783158650,"model":"deepseek/deepseek-v4-flash-20260423","provider":"GMICloud","choices":[{"index":0,"delta":{"content":" 的","role":"assistant"},"finish_reason":null,"native_finish_reason":null}]}


PARSED: {"id":"gen-1783158650-6fMKVkLglsFk7xQKrVEy","object":"chat.completion.chunk","created":1783158650,"model":"deepseek/deepseek-v4-flash-20260423","provider":"GMICloud","choices":[{"index":0,"delta":{"content":" 的","role":"assistant"},"finish_reason":null,"native_finish_reason":null}]}
--- CHUNK 1783158673794 bytes=299 ---
data: {"id":"gen-1783158650-6fMKVkLglsFk7xQKrVEy","object":"chat.completion.chunk","created":1783158650,"model":"deepseek/deepseek-v4-flash-20260423","provider":"GMICloud","choices":[{"index":0,"delta":{"content":" SYSTEM.md","role":"assistant"},"finish_reason":null,"native_finish_reason":null}]}


PARSED: {"id":"gen-1783158650-6fMKVkLglsFk7xQKrVEy","object":"chat.completion.chunk","created":1783158650,"model":"deepseek/deepseek-v4-flash-20260423","provider":"GMICloud","choices":[{"index":0,"delta":{"content":" SYSTEM.md","role":"assistant"},"finish_reason":null,"native_finish_reason":null}]}
--- CHUNK 1783158674078 bytes=290 ---
data: {"id":"gen-1783158650-6fMKVkLglsFk7xQKrVEy","object":"chat.completion.chunk","created":1783158650,"model":"deepseek/deepseek-v4-flash-20260423","provider":"GMICloud","choices":[{"index":0,"delta":{"content":" ","role":"assistant"},"finish_reason":null,"native_finish_reason":null}]}


PARSED: {"id":"gen-1783158650-6fMKVkLglsFk7xQKrVEy","object":"chat.completion.chunk","created":1783158650,"model":"deepseek/deepseek-v4-flash-20260423","provider":"GMICloud","choices":[{"index":0,"delta":{"content":" ","role":"assistant"},"finish_reason":null,"native_finish_reason":null}]}
--- CHUNK 1783158674078 bytes=298 ---
data: {"id":"gen-1783158650-6fMKVkLglsFk7xQKrVEy","object":"chat.completion.chunk","created":1783158650,"model":"deepseek/deepseek-v4-flash-20260423","provider":"GMICloud","choices":[{"index":0,"delta":{"content":"會注入","role":"assistant"},"finish_reason":null,"native_finish_reason":null}]}


PARSED: {"id":"gen-1783158650-6fMKVkLglsFk7xQKrVEy","object":"chat.completion.chunk","created":1783158650,"model":"deepseek/deepseek-v4-flash-20260423","provider":"GMICloud","choices":[{"index":0,"delta":{"content":"會注入","role":"assistant"},"finish_reason":null,"native_finish_reason":null}]}
--- CHUNK 1783158674078 bytes=298 ---
data: {"id":"gen-1783158650-6fMKVkLglsFk7xQKrVEy","object":"chat.completion.chunk","created":1783158650,"model":"deepseek/deepseek-v4-flash-20260423","provider":"GMICloud","choices":[{"index":0,"delta":{"content":"到 Skill","role":"assistant"},"finish_reason":null,"native_finish_reason":null}]}


PARSED: {"id":"gen-1783158650-6fMKVkLglsFk7xQKrVEy","object":"chat.completion.chunk","created":1783158650,"model":"deepseek/deepseek-v4-flash-20260423","provider":"GMICloud","choices":[{"index":0,"delta":{"content":"到 Skill","role":"assistant"},"finish_reason":null,"native_finish_reason":null}]}
--- CHUNK 1783158674078 bytes=293 ---
data: {"id":"gen-1783158650-6fMKVkLglsFk7xQKrVEy","object":"chat.completion.chunk","created":1783158650,"model":"deepseek/deepseek-v4-flash-20260423","provider":"GMICloud","choices":[{"index":0,"delta":{"content":" 的","role":"assistant"},"finish_reason":null,"native_finish_reason":null}]}


PARSED: {"id":"gen-1783158650-6fMKVkLglsFk7xQKrVEy","object":"chat.completion.chunk","created":1783158650,"model":"deepseek/deepseek-v4-flash-20260423","provider":"GMICloud","choices":[{"index":0,"delta":{"content":" 的","role":"assistant"},"finish_reason":null,"native_finish_reason":null}]}
--- CHUNK 1783158674078 bytes=298 ---
data: {"id":"gen-1783158650-6fMKVkLglsFk7xQKrVEy","object":"chat.completion.chunk","created":1783158650,"model":"deepseek/deepseek-v4-flash-20260423","provider":"GMICloud","choices":[{"index":0,"delta":{"content":" context ","role":"assistant"},"finish_reason":null,"native_finish_reason":null}]}


PARSED: {"id":"gen-1783158650-6fMKVkLglsFk7xQKrVEy","object":"chat.completion.chunk","created":1783158650,"model":"deepseek/deepseek-v4-flash-20260423","provider":"GMICloud","choices":[{"index":0,"delta":{"content":" context ","role":"assistant"},"finish_reason":null,"native_finish_reason":null}]}
--- CHUNK 1783158674078 bytes=294 ---
data: {"id":"gen-1783158650-6fMKVkLglsFk7xQKrVEy","object":"chat.completion.chunk","created":1783158650,"model":"deepseek/deepseek-v4-flash-20260423","provider":"GMICloud","choices":[{"index":0,"delta":{"content":"中\n","role":"assistant"},"finish_reason":null,"native_finish_reason":null}]}


PARSED: {"id":"gen-1783158650-6fMKVkLglsFk7xQKrVEy","object":"chat.completion.chunk","created":1783158650,"model":"deepseek/deepseek-v4-flash-20260423","provider":"GMICloud","choices":[{"index":0,"delta":{"content":"中\n","role":"assistant"},"finish_reason":null,"native_finish_reason":null}]}
--- CHUNK 1783158674213 bytes=290 ---
data: {"id":"gen-1783158650-6fMKVkLglsFk7xQKrVEy","object":"chat.completion.chunk","created":1783158650,"model":"deepseek/deepseek-v4-flash-20260423","provider":"GMICloud","choices":[{"index":0,"delta":{"content":"-","role":"assistant"},"finish_reason":null,"native_finish_reason":null}]}


PARSED: {"id":"gen-1783158650-6fMKVkLglsFk7xQKrVEy","object":"chat.completion.chunk","created":1783158650,"model":"deepseek/deepseek-v4-flash-20260423","provider":"GMICloud","choices":[{"index":0,"delta":{"content":"-","role":"assistant"},"finish_reason":null,"native_finish_reason":null}]}
--- CHUNK 1783158674220 bytes=297 ---
data: {"id":"gen-1783158650-6fMKVkLglsFk7xQKrVEy","object":"chat.completion.chunk","created":1783158650,"model":"deepseek/deepseek-v4-flash-20260423","provider":"GMICloud","choices":[{"index":0,"delta":{"content":" **Skill","role":"assistant"},"finish_reason":null,"native_finish_reason":null}]}


PARSED: {"id":"gen-1783158650-6fMKVkLglsFk7xQKrVEy","object":"chat.completion.chunk","created":1783158650,"model":"deepseek/deepseek-v4-flash-20260423","provider":"GMICloud","choices":[{"index":0,"delta":{"content":" **Skill","role":"assistant"},"finish_reason":null,"native_finish_reason":null}]}
--- CHUNK 1783158674223 bytes=296 ---
data: {"id":"gen-1783158650-6fMKVkLglsFk7xQKrVEy","object":"chat.completion.chunk","created":1783158650,"model":"deepseek/deepseek-v4-flash-20260423","provider":"GMICloud","choices":[{"index":0,"delta":{"content":" + Crew","role":"assistant"},"finish_reason":null,"native_finish_reason":null}]}


PARSED: {"id":"gen-1783158650-6fMKVkLglsFk7xQKrVEy","object":"chat.completion.chunk","created":1783158650,"model":"deepseek/deepseek-v4-flash-20260423","provider":"GMICloud","choices":[{"index":0,"delta":{"content":" + Crew","role":"assistant"},"finish_reason":null,"native_finish_reason":null}]}
--- CHUNK 1783158674226 bytes=294 ---
data: {"id":"gen-1783158650-6fMKVkLglsFk7xQKrVEy","object":"chat.completion.chunk","created":1783158650,"model":"deepseek/deepseek-v4-flash-20260423","provider":"GMICloud","choices":[{"index":0,"delta":{"content":"**：","role":"assistant"},"finish_reason":null,"native_finish_reason":null}]}


PARSED: {"id":"gen-1783158650-6fMKVkLglsFk7xQKrVEy","object":"chat.completion.chunk","created":1783158650,"model":"deepseek/deepseek-v4-flash-20260423","provider":"GMICloud","choices":[{"index":0,"delta":{"content":"**：","role":"assistant"},"finish_reason":null,"native_finish_reason":null}]}
--- CHUNK 1783158674265 bytes=290 ---
data: {"id":"gen-1783158650-6fMKVkLglsFk7xQKrVEy","object":"chat.completion.chunk","created":1783158650,"model":"deepseek/deepseek-v4-flash-20260423","provider":"GMICloud","choices":[{"index":0,"delta":{"content":"C","role":"assistant"},"finish_reason":null,"native_finish_reason":null}]}


PARSED: {"id":"gen-1783158650-6fMKVkLglsFk7xQKrVEy","object":"chat.completion.chunk","created":1783158650,"model":"deepseek/deepseek-v4-flash-20260423","provider":"GMICloud","choices":[{"index":0,"delta":{"content":"C","role":"assistant"},"finish_reason":null,"native_finish_reason":null}]}
--- CHUNK 1783158674265 bytes=295 ---
data: {"id":"gen-1783158650-6fMKVkLglsFk7xQKrVEy","object":"chat.completion.chunk","created":1783158650,"model":"deepseek/deepseek-v4-flash-20260423","provider":"GMICloud","choices":[{"index":0,"delta":{"content":"rew（","role":"assistant"},"finish_reason":null,"native_finish_reason":null}]}


PARSED: {"id":"gen-1783158650-6fMKVkLglsFk7xQKrVEy","object":"chat.completion.chunk","created":1783158650,"model":"deepseek/deepseek-v4-flash-20260423","provider":"GMICloud","choices":[{"index":0,"delta":{"content":"rew（","role":"assistant"},"finish_reason":null,"native_finish_reason":null}]}
--- CHUNK 1783158674266 bytes=292 ---
data: {"id":"gen-1783158650-6fMKVkLglsFk7xQKrVEy","object":"chat.completion.chunk","created":1783158650,"model":"deepseek/deepseek-v4-flash-20260423","provider":"GMICloud","choices":[{"index":0,"delta":{"content":"AI ","role":"assistant"},"finish_reason":null,"native_finish_reason":null}]}


PARSED: {"id":"gen-1783158650-6fMKVkLglsFk7xQKrVEy","object":"chat.completion.chunk","created":1783158650,"model":"deepseek/deepseek-v4-flash-20260423","provider":"GMICloud","choices":[{"index":0,"delta":{"content":"AI ","role":"assistant"},"finish_reason":null,"native_finish_reason":null}]}
--- CHUNK 1783158674335 bytes=295 ---
data: {"id":"gen-1783158650-6fMKVkLglsFk7xQKrVEy","object":"chat.completion.chunk","created":1783158650,"model":"deepseek/deepseek-v4-flash-20260423","provider":"GMICloud","choices":[{"index":0,"delta":{"content":"員工","role":"assistant"},"finish_reason":null,"native_finish_reason":null}]}


PARSED: {"id":"gen-1783158650-6fMKVkLglsFk7xQKrVEy","object":"chat.completion.chunk","created":1783158650,"model":"deepseek/deepseek-v4-flash-20260423","provider":"GMICloud","choices":[{"index":0,"delta":{"content":"員工","role":"assistant"},"finish_reason":null,"native_finish_reason":null}]}
--- CHUNK 1783158674335 bytes=295 ---
data: {"id":"gen-1783158650-6fMKVkLglsFk7xQKrVEy","object":"chat.completion.chunk","created":1783158650,"model":"deepseek/deepseek-v4-flash-20260423","provider":"GMICloud","choices":[{"index":0,"delta":{"content":"）綁","role":"assistant"},"finish_reason":null,"native_finish_reason":null}]}


PARSED: {"id":"gen-1783158650-6fMKVkLglsFk7xQKrVEy","object":"chat.completion.chunk","created":1783158650,"model":"deepseek/deepseek-v4-flash-20260423","provider":"GMICloud","choices":[{"index":0,"delta":{"content":"）綁","role":"assistant"},"finish_reason":null,"native_finish_reason":null}]}
--- CHUNK 1783158674335 bytes=298 ---
data: {"id":"gen-1783158650-6fMKVkLglsFk7xQKrVEy","object":"chat.completion.chunk","created":1783158650,"model":"deepseek/deepseek-v4-flash-20260423","provider":"GMICloud","choices":[{"index":0,"delta":{"content":"定 Skill","role":"assistant"},"finish_reason":null,"native_finish_reason":null}]}


PARSED: {"id":"gen-1783158650-6fMKVkLglsFk7xQKrVEy","object":"chat.completion.chunk","created":1783158650,"model":"deepseek/deepseek-v4-flash-20260423","provider":"GMICloud","choices":[{"index":0,"delta":{"content":"定 Skill","role":"assistant"},"finish_reason":null,"native_finish_reason":null}]}
--- CHUNK 1783158674337 bytes=292 ---
data: {"id":"gen-1783158650-6fMKVkLglsFk7xQKrVEy","object":"chat.completion.chunk","created":1783158650,"model":"deepseek/deepseek-v4-flash-20260423","provider":"GMICloud","choices":[{"index":0,"delta":{"content":" + ","role":"assistant"},"finish_reason":null,"native_finish_reason":null}]}


PARSED: {"id":"gen-1783158650-6fMKVkLglsFk7xQKrVEy","object":"chat.completion.chunk","created":1783158650,"model":"deepseek/deepseek-v4-flash-20260423","provider":"GMICloud","choices":[{"index":0,"delta":{"content":" + ","role":"assistant"},"finish_reason":null,"native_finish_reason":null}]}
--- CHUNK 1783158674347 bytes=295 ---
data: {"id":"gen-1783158650-6fMKVkLglsFk7xQKrVEy","object":"chat.completion.chunk","created":1783158650,"model":"deepseek/deepseek-v4-flash-20260423","provider":"GMICloud","choices":[{"index":0,"delta":{"content":"角色","role":"assistant"},"finish_reason":null,"native_finish_reason":null}]}


PARSED: {"id":"gen-1783158650-6fMKVkLglsFk7xQKrVEy","object":"chat.completion.chunk","created":1783158650,"model":"deepseek/deepseek-v4-flash-20260423","provider":"GMICloud","choices":[{"index":0,"delta":{"content":"角色","role":"assistant"},"finish_reason":null,"native_finish_reason":null}]}
--- CHUNK 1783158674349 bytes=298 ---
data: {"id":"gen-1783158650-6fMKVkLglsFk7xQKrVEy","object":"chat.completion.chunk","created":1783158650,"model":"deepseek/deepseek-v4-flash-20260423","provider":"GMICloud","choices":[{"index":0,"delta":{"content":"提示詞","role":"assistant"},"finish_reason":null,"native_finish_reason":null}]}


PARSED: {"id":"gen-1783158650-6fMKVkLglsFk7xQKrVEy","object":"chat.completion.chunk","created":1783158650,"model":"deepseek/deepseek-v4-flash-20260423","provider":"GMICloud","choices":[{"index":0,"delta":{"content":"提示詞","role":"assistant"},"finish_reason":null,"native_finish_reason":null}]}
--- CHUNK 1783158674351 bytes=298 ---
data: {"id":"gen-1783158650-6fMKVkLglsFk7xQKrVEy","object":"chat.completion.chunk","created":1783158650,"model":"deepseek/deepseek-v4-flash-20260423","provider":"GMICloud","choices":[{"index":0,"delta":{"content":"，形成","role":"assistant"},"finish_reason":null,"native_finish_reason":null}]}


PARSED: {"id":"gen-1783158650-6fMKVkLglsFk7xQKrVEy","object":"chat.completion.chunk","created":1783158650,"model":"deepseek/deepseek-v4-flash-20260423","provider":"GMICloud","choices":[{"index":0,"delta":{"content":"，形成","role":"assistant"},"finish_reason":null,"native_finish_reason":null}]}
--- CHUNK 1783158674368 bytes=292 ---
data: {"id":"gen-1783158650-6fMKVkLglsFk7xQKrVEy","object":"chat.completion.chunk","created":1783158650,"model":"deepseek/deepseek-v4-flash-20260423","provider":"GMICloud","choices":[{"index":0,"delta":{"content":"有","role":"assistant"},"finish_reason":null,"native_finish_reason":null}]}


PARSED: {"id":"gen-1783158650-6fMKVkLglsFk7xQKrVEy","object":"chat.completion.chunk","created":1783158650,"model":"deepseek/deepseek-v4-flash-20260423","provider":"GMICloud","choices":[{"index":0,"delta":{"content":"有","role":"assistant"},"finish_reason":null,"native_finish_reason":null}]}
--- CHUNK 1783158674371 bytes=304 ---
data: {"id":"gen-1783158650-6fMKVkLglsFk7xQKrVEy","object":"chat.completion.chunk","created":1783158650,"model":"deepseek/deepseek-v4-flash-20260423","provider":"GMICloud","choices":[{"index":0,"delta":{"content":"特定能力的","role":"assistant"},"finish_reason":null,"native_finish_reason":null}]}


PARSED: {"id":"gen-1783158650-6fMKVkLglsFk7xQKrVEy","object":"chat.completion.chunk","created":1783158650,"model":"deepseek/deepseek-v4-flash-20260423","provider":"GMICloud","choices":[{"index":0,"delta":{"content":"特定能力的","role":"assistant"},"finish_reason":null,"native_finish_reason":null}]}
--- CHUNK 1783158674379 bytes=293 ---
data: {"id":"gen-1783158650-6fMKVkLglsFk7xQKrVEy","object":"chat.completion.chunk","created":1783158650,"model":"deepseek/deepseek-v4-flash-20260423","provider":"GMICloud","choices":[{"index":0,"delta":{"content":" AI ","role":"assistant"},"finish_reason":null,"native_finish_reason":null}]}


PARSED: {"id":"gen-1783158650-6fMKVkLglsFk7xQKrVEy","object":"chat.completion.chunk","created":1783158650,"model":"deepseek/deepseek-v4-flash-20260423","provider":"GMICloud","choices":[{"index":0,"delta":{"content":" AI ","role":"assistant"},"finish_reason":null,"native_finish_reason":null}]}
--- CHUNK 1783158674397 bytes=295 ---
data: {"id":"gen-1783158650-6fMKVkLglsFk7xQKrVEy","object":"chat.completion.chunk","created":1783158650,"model":"deepseek/deepseek-v4-flash-20260423","provider":"GMICloud","choices":[{"index":0,"delta":{"content":"助理","role":"assistant"},"finish_reason":null,"native_finish_reason":null}]}


PARSED: {"id":"gen-1783158650-6fMKVkLglsFk7xQKrVEy","object":"chat.completion.chunk","created":1783158650,"model":"deepseek/deepseek-v4-flash-20260423","provider":"GMICloud","choices":[{"index":0,"delta":{"content":"助理","role":"assistant"},"finish_reason":null,"native_finish_reason":null}]}
--- CHUNK 1783158674510 bytes=292 ---
data: {"id":"gen-1783158650-6fMKVkLglsFk7xQKrVEy","object":"chat.completion.chunk","created":1783158650,"model":"deepseek/deepseek-v4-flash-20260423","provider":"GMICloud","choices":[{"index":0,"delta":{"content":"\n-","role":"assistant"},"finish_reason":null,"native_finish_reason":null}]}


PARSED: {"id":"gen-1783158650-6fMKVkLglsFk7xQKrVEy","object":"chat.completion.chunk","created":1783158650,"model":"deepseek/deepseek-v4-flash-20260423","provider":"GMICloud","choices":[{"index":0,"delta":{"content":"\n-","role":"assistant"},"finish_reason":null,"native_finish_reason":null}]}
--- CHUNK 1783158674533 bytes=297 ---
data: {"id":"gen-1783158650-6fMKVkLglsFk7xQKrVEy","object":"chat.completion.chunk","created":1783158650,"model":"deepseek/deepseek-v4-flash-20260423","provider":"GMICloud","choices":[{"index":0,"delta":{"content":" **Skill","role":"assistant"},"finish_reason":null,"native_finish_reason":null}]}


PARSED: {"id":"gen-1783158650-6fMKVkLglsFk7xQKrVEy","object":"chat.completion.chunk","created":1783158650,"model":"deepseek/deepseek-v4-flash-20260423","provider":"GMICloud","choices":[{"index":0,"delta":{"content":" **Skill","role":"assistant"},"finish_reason":null,"native_finish_reason":null}]}
--- CHUNK 1783158674533 bytes=296 ---
data: {"id":"gen-1783158650-6fMKVkLglsFk7xQKrVEy","object":"chat.completion.chunk","created":1783158650,"model":"deepseek/deepseek-v4-flash-20260423","provider":"GMICloud","choices":[{"index":0,"delta":{"content":" + Work","role":"assistant"},"finish_reason":null,"native_finish_reason":null}]}


PARSED: {"id":"gen-1783158650-6fMKVkLglsFk7xQKrVEy","object":"chat.completion.chunk","created":1783158650,"model":"deepseek/deepseek-v4-flash-20260423","provider":"GMICloud","choices":[{"index":0,"delta":{"content":" + Work","role":"assistant"},"finish_reason":null,"native_finish_reason":null}]}
--- CHUNK 1783158674533 bytes=295 ---
data: {"id":"gen-1783158650-6fMKVkLglsFk7xQKrVEy","object":"chat.completion.chunk","created":1783158650,"model":"deepseek/deepseek-v4-flash-20260423","provider":"GMICloud","choices":[{"index":0,"delta":{"content":"flow**","role":"assistant"},"finish_reason":null,"native_finish_reason":null}]}


PARSED: {"id":"gen-1783158650-6fMKVkLglsFk7xQKrVEy","object":"chat.completion.chunk","created":1783158650,"model":"deepseek/deepseek-v4-flash-20260423","provider":"GMICloud","choices":[{"index":0,"delta":{"content":"flow**","role":"assistant"},"finish_reason":null,"native_finish_reason":null}]}
--- CHUNK 1783158674533 bytes=296 ---
data: {"id":"gen-1783158650-6fMKVkLglsFk7xQKrVEy","object":"chat.completion.chunk","created":1783158650,"model":"deepseek/deepseek-v4-flash-20260423","provider":"GMICloud","choices":[{"index":0,"delta":{"content":"：Work","role":"assistant"},"finish_reason":null,"native_finish_reason":null}]}


PARSED: {"id":"gen-1783158650-6fMKVkLglsFk7xQKrVEy","object":"chat.completion.chunk","created":1783158650,"model":"deepseek/deepseek-v4-flash-20260423","provider":"GMICloud","choices":[{"index":0,"delta":{"content":"：Work","role":"assistant"},"finish_reason":null,"native_finish_reason":null}]}
--- CHUNK 1783158674533 bytes=294 ---
data: {"id":"gen-1783158650-6fMKVkLglsFk7xQKrVEy","object":"chat.completion.chunk","created":1783158650,"model":"deepseek/deepseek-v4-flash-20260423","provider":"GMICloud","choices":[{"index":0,"delta":{"content":"flow ","role":"assistant"},"finish_reason":null,"native_finish_reason":null}]}


PARSED: {"id":"gen-1783158650-6fMKVkLglsFk7xQKrVEy","object":"chat.completion.chunk","created":1783158650,"model":"deepseek/deepseek-v4-flash-20260423","provider":"GMICloud","choices":[{"index":0,"delta":{"content":"flow ","role":"assistant"},"finish_reason":null,"native_finish_reason":null}]}
--- CHUNK 1783158674535 bytes=295 ---
data: {"id":"gen-1783158650-6fMKVkLglsFk7xQKrVEy","object":"chat.completion.chunk","created":1783158650,"model":"deepseek/deepseek-v4-flash-20260423","provider":"GMICloud","choices":[{"index":0,"delta":{"content":"是多","role":"assistant"},"finish_reason":null,"native_finish_reason":null}]}


PARSED: {"id":"gen-1783158650-6fMKVkLglsFk7xQKrVEy","object":"chat.completion.chunk","created":1783158650,"model":"deepseek/deepseek-v4-flash-20260423","provider":"GMICloud","choices":[{"index":0,"delta":{"content":"是多","role":"assistant"},"finish_reason":null,"native_finish_reason":null}]}
--- CHUNK 1783158674535 bytes=298 ---
data: {"id":"gen-1783158650-6fMKVkLglsFk7xQKrVEy","object":"chat.completion.chunk","created":1783158650,"model":"deepseek/deepseek-v4-flash-20260423","provider":"GMICloud","choices":[{"index":0,"delta":{"content":"個 Skill","role":"assistant"},"finish_reason":null,"native_finish_reason":null}]}


PARSED: {"id":"gen-1783158650-6fMKVkLglsFk7xQKrVEy","object":"chat.completion.chunk","created":1783158650,"model":"deepseek/deepseek-v4-flash-20260423","provider":"GMICloud","choices":[{"index":0,"delta":{"content":"個 Skill","role":"assistant"},"finish_reason":null,"native_finish_reason":null}]}
--- CHUNK 1783158674535 bytes=293 ---
data: {"id":"gen-1783158650-6fMKVkLglsFk7xQKrVEy","object":"chat.completion.chunk","created":1783158650,"model":"deepseek/deepseek-v4-flash-20260423","provider":"GMICloud","choices":[{"index":0,"delta":{"content":" 的","role":"assistant"},"finish_reason":null,"native_finish_reason":null}]}


PARSED: {"id":"gen-1783158650-6fMKVkLglsFk7xQKrVEy","object":"chat.completion.chunk","created":1783158650,"model":"deepseek/deepseek-v4-flash-20260423","provider":"GMICloud","choices":[{"index":0,"delta":{"content":" 的","role":"assistant"},"finish_reason":null,"native_finish_reason":null}]}
--- CHUNK 1783158674537 bytes=298 ---
data: {"id":"gen-1783158650-6fMKVkLglsFk7xQKrVEy","object":"chat.completion.chunk","created":1783158650,"model":"deepseek/deepseek-v4-flash-20260423","provider":"GMICloud","choices":[{"index":0,"delta":{"content":"組合，","role":"assistant"},"finish_reason":null,"native_finish_reason":null}]}


PARSED: {"id":"gen-1783158650-6fMKVkLglsFk7xQKrVEy","object":"chat.completion.chunk","created":1783158650,"model":"deepseek/deepseek-v4-flash-20260423","provider":"GMICloud","choices":[{"index":0,"delta":{"content":"組合，","role":"assistant"},"finish_reason":null,"native_finish_reason":null}]}
--- CHUNK 1783158674539 bytes=295 ---
data: {"id":"gen-1783158650-6fMKVkLglsFk7xQKrVEy","object":"chat.completion.chunk","created":1783158650,"model":"deepseek/deepseek-v4-flash-20260423","provider":"GMICloud","choices":[{"index":0,"delta":{"content":"依序","role":"assistant"},"finish_reason":null,"native_finish_reason":null}]}


PARSED: {"id":"gen-1783158650-6fMKVkLglsFk7xQKrVEy","object":"chat.completion.chunk","created":1783158650,"model":"deepseek/deepseek-v4-flash-20260423","provider":"GMICloud","choices":[{"index":0,"delta":{"content":"依序","role":"assistant"},"finish_reason":null,"native_finish_reason":null}]}
--- CHUNK 1783158674585 bytes=297 ---
data: {"id":"gen-1783158650-6fMKVkLglsFk7xQKrVEy","object":"chat.completion.chunk","created":1783158650,"model":"deepseek/deepseek-v4-flash-20260423","provider":"GMICloud","choices":[{"index":0,"delta":{"content":"執行\n","role":"assistant"},"finish_reason":null,"native_finish_reason":null}]}


PARSED: {"id":"gen-1783158650-6fMKVkLglsFk7xQKrVEy","object":"chat.completion.chunk","created":1783158650,"model":"deepseek/deepseek-v4-flash-20260423","provider":"GMICloud","choices":[{"index":0,"delta":{"content":"執行\n","role":"assistant"},"finish_reason":null,"native_finish_reason":null}]}
--- CHUNK 1783158674590 bytes=293 ---
data: {"id":"gen-1783158650-6fMKVkLglsFk7xQKrVEy","object":"chat.completion.chunk","created":1783158650,"model":"deepseek/deepseek-v4-flash-20260423","provider":"GMICloud","choices":[{"index":0,"delta":{"content":"- **","role":"assistant"},"finish_reason":null,"native_finish_reason":null}]}


PARSED: {"id":"gen-1783158650-6fMKVkLglsFk7xQKrVEy","object":"chat.completion.chunk","created":1783158650,"model":"deepseek/deepseek-v4-flash-20260423","provider":"GMICloud","choices":[{"index":0,"delta":{"content":"- **","role":"assistant"},"finish_reason":null,"native_finish_reason":null}]}
--- CHUNK 1783158674594 bytes=296 ---
data: {"id":"gen-1783158650-6fMKVkLglsFk7xQKrVEy","object":"chat.completion.chunk","created":1783158650,"model":"deepseek/deepseek-v4-flash-20260423","provider":"GMICloud","choices":[{"index":0,"delta":{"content":"Skill +","role":"assistant"},"finish_reason":null,"native_finish_reason":null}]}


PARSED: {"id":"gen-1783158650-6fMKVkLglsFk7xQKrVEy","object":"chat.completion.chunk","created":1783158650,"model":"deepseek/deepseek-v4-flash-20260423","provider":"GMICloud","choices":[{"index":0,"delta":{"content":"Skill +","role":"assistant"},"finish_reason":null,"native_finish_reason":null}]}
--- CHUNK 1783158674600 bytes=296 ---
data: {"id":"gen-1783158650-6fMKVkLglsFk7xQKrVEy","object":"chat.completion.chunk","created":1783158650,"model":"deepseek/deepseek-v4-flash-20260423","provider":"GMICloud","choices":[{"index":0,"delta":{"content":" Cron**","role":"assistant"},"finish_reason":null,"native_finish_reason":null}]}


PARSED: {"id":"gen-1783158650-6fMKVkLglsFk7xQKrVEy","object":"chat.completion.chunk","created":1783158650,"model":"deepseek/deepseek-v4-flash-20260423","provider":"GMICloud","choices":[{"index":0,"delta":{"content":" Cron**","role":"assistant"},"finish_reason":null,"native_finish_reason":null}]}
--- CHUNK 1783158674604 bytes=295 ---
data: {"id":"gen-1783158650-6fMKVkLglsFk7xQKrVEy","object":"chat.completion.chunk","created":1783158650,"model":"deepseek/deepseek-v4-flash-20260423","provider":"GMICloud","choices":[{"index":0,"delta":{"content":"：排","role":"assistant"},"finish_reason":null,"native_finish_reason":null}]}


PARSED: {"id":"gen-1783158650-6fMKVkLglsFk7xQKrVEy","object":"chat.completion.chunk","created":1783158650,"model":"deepseek/deepseek-v4-flash-20260423","provider":"GMICloud","choices":[{"index":0,"delta":{"content":"：排","role":"assistant"},"finish_reason":null,"native_finish_reason":null}]}
--- CHUNK 1783158674607 bytes=295 ---
data: {"id":"gen-1783158650-6fMKVkLglsFk7xQKrVEy","object":"chat.completion.chunk","created":1783158650,"model":"deepseek/deepseek-v4-flash-20260423","provider":"GMICloud","choices":[{"index":0,"delta":{"content":"程定","role":"assistant"},"finish_reason":null,"native_finish_reason":null}]}


PARSED: {"id":"gen-1783158650-6fMKVkLglsFk7xQKrVEy","object":"chat.completion.chunk","created":1783158650,"model":"deepseek/deepseek-v4-flash-20260423","provider":"GMICloud","choices":[{"index":0,"delta":{"content":"程定","role":"assistant"},"finish_reason":null,"native_finish_reason":null}]}
--- CHUNK 1783158674895 bytes=292 ---
data: {"id":"gen-1783158650-6fMKVkLglsFk7xQKrVEy","object":"chat.completion.chunk","created":1783158650,"model":"deepseek/deepseek-v4-flash-20260423","provider":"GMICloud","choices":[{"index":0,"delta":{"content":"時","role":"assistant"},"finish_reason":null,"native_finish_reason":null}]}


PARSED: {"id":"gen-1783158650-6fMKVkLglsFk7xQKrVEy","object":"chat.completion.chunk","created":1783158650,"model":"deepseek/deepseek-v4-flash-20260423","provider":"GMICloud","choices":[{"index":0,"delta":{"content":"時","role":"assistant"},"finish_reason":null,"native_finish_reason":null}]}
--- CHUNK 1783158674895 bytes=295 ---
data: {"id":"gen-1783158650-6fMKVkLglsFk7xQKrVEy","object":"chat.completion.chunk","created":1783158650,"model":"deepseek/deepseek-v4-flash-20260423","provider":"GMICloud","choices":[{"index":0,"delta":{"content":"觸發","role":"assistant"},"finish_reason":null,"native_finish_reason":null}]}


PARSED: {"id":"gen-1783158650-6fMKVkLglsFk7xQKrVEy","object":"chat.completion.chunk","created":1783158650,"model":"deepseek/deepseek-v4-flash-20260423","provider":"GMICloud","choices":[{"index":0,"delta":{"content":"觸發","role":"assistant"},"finish_reason":null,"native_finish_reason":null}]}
--- CHUNK 1783158674895 bytes=298 ---
data: {"id":"gen-1783158650-6fMKVkLglsFk7xQKrVEy","object":"chat.completion.chunk","created":1783158650,"model":"deepseek/deepseek-v4-flash-20260423","provider":"GMICloud","choices":[{"index":0,"delta":{"content":" Skill，","role":"assistant"},"finish_reason":null,"native_finish_reason":null}]}


PARSED: {"id":"gen-1783158650-6fMKVkLglsFk7xQKrVEy","object":"chat.completion.chunk","created":1783158650,"model":"deepseek/deepseek-v4-flash-20260423","provider":"GMICloud","choices":[{"index":0,"delta":{"content":" Skill，","role":"assistant"},"finish_reason":null,"native_finish_reason":null}]}
--- CHUNK 1783158674895 bytes=301 ---
data: {"id":"gen-1783158650-6fMKVkLglsFk7xQKrVEy","object":"chat.completion.chunk","created":1783158650,"model":"deepseek/deepseek-v4-flash-20260423","provider":"GMICloud","choices":[{"index":0,"delta":{"content":"產生定期","role":"assistant"},"finish_reason":null,"native_finish_reason":null}]}


PARSED: {"id":"gen-1783158650-6fMKVkLglsFk7xQKrVEy","object":"chat.completion.chunk","created":1783158650,"model":"deepseek/deepseek-v4-flash-20260423","provider":"GMICloud","choices":[{"index":0,"delta":{"content":"產生定期","role":"assistant"},"finish_reason":null,"native_finish_reason":null}]}
--- CHUNK 1783158674896 bytes=298 ---
data: {"id":"gen-1783158650-6fMKVkLglsFk7xQKrVEy","object":"chat.completion.chunk","created":1783158650,"model":"deepseek/deepseek-v4-flash-20260423","provider":"GMICloud","choices":[{"index":0,"delta":{"content":"報告或","role":"assistant"},"finish_reason":null,"native_finish_reason":null}]}


PARSED: {"id":"gen-1783158650-6fMKVkLglsFk7xQKrVEy","object":"chat.completion.chunk","created":1783158650,"model":"deepseek/deepseek-v4-flash-20260423","provider":"GMICloud","choices":[{"index":0,"delta":{"content":"報告或","role":"assistant"},"finish_reason":null,"native_finish_reason":null}]}
--- CHUNK 1783158674902 bytes=299 ---
data: {"id":"gen-1783158650-6fMKVkLglsFk7xQKrVEy","object":"chat.completion.chunk","created":1783158650,"model":"deepseek/deepseek-v4-flash-20260423","provider":"GMICloud","choices":[{"index":0,"delta":{"content":"提醒\n\n","role":"assistant"},"finish_reason":null,"native_finish_reason":null}]}


PARSED: {"id":"gen-1783158650-6fMKVkLglsFk7xQKrVEy","object":"chat.completion.chunk","created":1783158650,"model":"deepseek/deepseek-v4-flash-20260423","provider":"GMICloud","choices":[{"index":0,"delta":{"content":"提醒\n\n","role":"assistant"},"finish_reason":null,"native_finish_reason":null}]}
--- CHUNK 1783158674905 bytes=298 ---
data: {"id":"gen-1783158650-6fMKVkLglsFk7xQKrVEy","object":"chat.completion.chunk","created":1783158650,"model":"deepseek/deepseek-v4-flash-20260423","provider":"GMICloud","choices":[{"index":0,"delta":{"content":"---\n\n##","role":"assistant"},"finish_reason":null,"native_finish_reason":null}]}


PARSED: {"id":"gen-1783158650-6fMKVkLglsFk7xQKrVEy","object":"chat.completion.chunk","created":1783158650,"model":"deepseek/deepseek-v4-flash-20260423","provider":"GMICloud","choices":[{"index":0,"delta":{"content":"---\n\n##","role":"assistant"},"finish_reason":null,"native_finish_reason":null}]}
--- CHUNK 1783158674918 bytes=290 ---
data: {"id":"gen-1783158650-6fMKVkLglsFk7xQKrVEy","object":"chat.completion.chunk","created":1783158650,"model":"deepseek/deepseek-v4-flash-20260423","provider":"GMICloud","choices":[{"index":0,"delta":{"content":" ","role":"assistant"},"finish_reason":null,"native_finish_reason":null}]}


PARSED: {"id":"gen-1783158650-6fMKVkLglsFk7xQKrVEy","object":"chat.completion.chunk","created":1783158650,"model":"deepseek/deepseek-v4-flash-20260423","provider":"GMICloud","choices":[{"index":0,"delta":{"content":" ","role":"assistant"},"finish_reason":null,"native_finish_reason":null}]}
--- CHUNK 1783158674926 bytes=295 ---
data: {"id":"gen-1783158650-6fMKVkLglsFk7xQKrVEy","object":"chat.completion.chunk","created":1783158650,"model":"deepseek/deepseek-v4-flash-20260423","provider":"GMICloud","choices":[{"index":0,"delta":{"content":"四、","role":"assistant"},"finish_reason":null,"native_finish_reason":null}]}


PARSED: {"id":"gen-1783158650-6fMKVkLglsFk7xQKrVEy","object":"chat.completion.chunk","created":1783158650,"model":"deepseek/deepseek-v4-flash-20260423","provider":"GMICloud","choices":[{"index":0,"delta":{"content":"四、","role":"assistant"},"finish_reason":null,"native_finish_reason":null}]}
--- CHUNK 1783158674927 bytes=298 ---
data: {"id":"gen-1783158650-6fMKVkLglsFk7xQKrVEy","object":"chat.completion.chunk","created":1783158650,"model":"deepseek/deepseek-v4-flash-20260423","provider":"GMICloud","choices":[{"index":0,"delta":{"content":"實際範","role":"assistant"},"finish_reason":null,"native_finish_reason":null}]}


PARSED: {"id":"gen-1783158650-6fMKVkLglsFk7xQKrVEy","object":"chat.completion.chunk","created":1783158650,"model":"deepseek/deepseek-v4-flash-20260423","provider":"GMICloud","choices":[{"index":0,"delta":{"content":"實際範","role":"assistant"},"finish_reason":null,"native_finish_reason":null}]}
--- CHUNK 1783158674976 bytes=296 ---
data: {"id":"gen-1783158650-6fMKVkLglsFk7xQKrVEy","object":"chat.completion.chunk","created":1783158650,"model":"deepseek/deepseek-v4-flash-20260423","provider":"GMICloud","choices":[{"index":0,"delta":{"content":"例\n\n","role":"assistant"},"finish_reason":null,"native_finish_reason":null}]}


PARSED: {"id":"gen-1783158650-6fMKVkLglsFk7xQKrVEy","object":"chat.completion.chunk","created":1783158650,"model":"deepseek/deepseek-v4-flash-20260423","provider":"GMICloud","choices":[{"index":0,"delta":{"content":"例\n\n","role":"assistant"},"finish_reason":null,"native_finish_reason":null}]}
--- CHUNK 1783158674976 bytes=295 ---
data: {"id":"gen-1783158650-6fMKVkLglsFk7xQKrVEy","object":"chat.completion.chunk","created":1783158650,"model":"deepseek/deepseek-v4-flash-20260423","provider":"GMICloud","choices":[{"index":0,"delta":{"content":"假設","role":"assistant"},"finish_reason":null,"native_finish_reason":null}]}


PARSED: {"id":"gen-1783158650-6fMKVkLglsFk7xQKrVEy","object":"chat.completion.chunk","created":1783158650,"model":"deepseek/deepseek-v4-flash-20260423","provider":"GMICloud","choices":[{"index":0,"delta":{"content":"假設","role":"assistant"},"finish_reason":null,"native_finish_reason":null}]}
--- CHUNK 1783158674988 bytes=298 ---
data: {"id":"gen-1783158650-6fMKVkLglsFk7xQKrVEy","object":"chat.completion.chunk","created":1783158650,"model":"deepseek/deepseek-v4-flash-20260423","provider":"GMICloud","choices":[{"index":0,"delta":{"content":"你建立","role":"assistant"},"finish_reason":null,"native_finish_reason":null}]}


PARSED: {"id":"gen-1783158650-6fMKVkLglsFk7xQKrVEy","object":"chat.completion.chunk","created":1783158650,"model":"deepseek/deepseek-v4-flash-20260423","provider":"GMICloud","choices":[{"index":0,"delta":{"content":"你建立","role":"assistant"},"finish_reason":null,"native_finish_reason":null}]}
--- CHUNK 1783158675075 bytes=301 ---
data: {"id":"gen-1783158650-6fMKVkLglsFk7xQKrVEy","object":"chat.completion.chunk","created":1783158650,"model":"deepseek/deepseek-v4-flash-20260423","provider":"GMICloud","choices":[{"index":0,"delta":{"content":"了一個「","role":"assistant"},"finish_reason":null,"native_finish_reason":null}]}


PARSED: {"id":"gen-1783158650-6fMKVkLglsFk7xQKrVEy","object":"chat.completion.chunk","created":1783158650,"model":"deepseek/deepseek-v4-flash-20260423","provider":"GMICloud","choices":[{"index":0,"delta":{"content":"了一個「","role":"assistant"},"finish_reason":null,"native_finish_reason":null}]}
--- CHUNK 1783158675078 bytes=301 ---
data: {"id":"gen-1783158650-6fMKVkLglsFk7xQKrVEy","object":"chat.completion.chunk","created":1783158650,"model":"deepseek/deepseek-v4-flash-20260423","provider":"GMICloud","choices":[{"index":0,"delta":{"content":"翻譯 Skill","role":"assistant"},"finish_reason":null,"native_finish_reason":null}]}


PARSED: {"id":"gen-1783158650-6fMKVkLglsFk7xQKrVEy","object":"chat.completion.chunk","created":1783158650,"model":"deepseek/deepseek-v4-flash-20260423","provider":"GMICloud","choices":[{"index":0,"delta":{"content":"翻譯 Skill","role":"assistant"},"finish_reason":null,"native_finish_reason":null}]}
--- CHUNK 1783158675081 bytes=299 ---
data: {"id":"gen-1783158650-6fMKVkLglsFk7xQKrVEy","object":"chat.completion.chunk","created":1783158650,"model":"deepseek/deepseek-v4-flash-20260423","provider":"GMICloud","choices":[{"index":0,"delta":{"content":"」：\n\n","role":"assistant"},"finish_reason":null,"native_finish_reason":null}]}


PARSED: {"id":"gen-1783158650-6fMKVkLglsFk7xQKrVEy","object":"chat.completion.chunk","created":1783158650,"model":"deepseek/deepseek-v4-flash-20260423","provider":"GMICloud","choices":[{"index":0,"delta":{"content":"」：\n\n","role":"assistant"},"finish_reason":null,"native_finish_reason":null}]}
--- CHUNK 1783158675085 bytes=290 ---
data: {"id":"gen-1783158650-6fMKVkLglsFk7xQKrVEy","object":"chat.completion.chunk","created":1783158650,"model":"deepseek/deepseek-v4-flash-20260423","provider":"GMICloud","choices":[{"index":0,"delta":{"content":"1","role":"assistant"},"finish_reason":null,"native_finish_reason":null}]}


PARSED: {"id":"gen-1783158650-6fMKVkLglsFk7xQKrVEy","object":"chat.completion.chunk","created":1783158650,"model":"deepseek/deepseek-v4-flash-20260423","provider":"GMICloud","choices":[{"index":0,"delta":{"content":"1","role":"assistant"},"finish_reason":null,"native_finish_reason":null}]}
--- CHUNK 1783158675085 bytes=293 ---
data: {"id":"gen-1783158650-6fMKVkLglsFk7xQKrVEy","object":"chat.completion.chunk","created":1783158650,"model":"deepseek/deepseek-v4-flash-20260423","provider":"GMICloud","choices":[{"index":0,"delta":{"content":". **","role":"assistant"},"finish_reason":null,"native_finish_reason":null}]}


PARSED: {"id":"gen-1783158650-6fMKVkLglsFk7xQKrVEy","object":"chat.completion.chunk","created":1783158650,"model":"deepseek/deepseek-v4-flash-20260423","provider":"GMICloud","choices":[{"index":0,"delta":{"content":". **","role":"assistant"},"finish_reason":null,"native_finish_reason":null}]}
--- CHUNK 1783158675085 bytes=301 ---
data: {"id":"gen-1783158650-6fMKVkLglsFk7xQKrVEy","object":"chat.completion.chunk","created":1783158650,"model":"deepseek/deepseek-v4-flash-20260423","provider":"GMICloud","choices":[{"index":0,"delta":{"content":"定義 Input","role":"assistant"},"finish_reason":null,"native_finish_reason":null}]}


PARSED: {"id":"gen-1783158650-6fMKVkLglsFk7xQKrVEy","object":"chat.completion.chunk","created":1783158650,"model":"deepseek/deepseek-v4-flash-20260423","provider":"GMICloud","choices":[{"index":0,"delta":{"content":"定義 Input","role":"assistant"},"finish_reason":null,"native_finish_reason":null}]}
--- CHUNK 1783158675087 bytes=292 ---
data: {"id":"gen-1783158650-6fMKVkLglsFk7xQKrVEy","object":"chat.completion.chunk","created":1783158650,"model":"deepseek/deepseek-v4-flash-20260423","provider":"GMICloud","choices":[{"index":0,"delta":{"content":"s**","role":"assistant"},"finish_reason":null,"native_finish_reason":null}]}


PARSED: {"id":"gen-1783158650-6fMKVkLglsFk7xQKrVEy","object":"chat.completion.chunk","created":1783158650,"model":"deepseek/deepseek-v4-flash-20260423","provider":"GMICloud","choices":[{"index":0,"delta":{"content":"s**","role":"assistant"},"finish_reason":null,"native_finish_reason":null}]}
--- CHUNK 1783158675117 bytes=292 ---
data: {"id":"gen-1783158650-6fMKVkLglsFk7xQKrVEy","object":"chat.completion.chunk","created":1783158650,"model":"deepseek/deepseek-v4-flash-20260423","provider":"GMICloud","choices":[{"index":0,"delta":{"content":"：","role":"assistant"},"finish_reason":null,"native_finish_reason":null}]}


PARSED: {"id":"gen-1783158650-6fMKVkLglsFk7xQKrVEy","object":"chat.completion.chunk","created":1783158650,"model":"deepseek/deepseek-v4-flash-20260423","provider":"GMICloud","choices":[{"index":0,"delta":{"content":"：","role":"assistant"},"finish_reason":null,"native_finish_reason":null}]}
--- CHUNK 1783158675119 bytes=294 ---
data: {"id":"gen-1783158650-6fMKVkLglsFk7xQKrVEy","object":"chat.completion.chunk","created":1783158650,"model":"deepseek/deepseek-v4-flash-20260423","provider":"GMICloud","choices":[{"index":0,"delta":{"content":"`text","role":"assistant"},"finish_reason":null,"native_finish_reason":null}]}


PARSED: {"id":"gen-1783158650-6fMKVkLglsFk7xQKrVEy","object":"chat.completion.chunk","created":1783158650,"model":"deepseek/deepseek-v4-flash-20260423","provider":"GMICloud","choices":[{"index":0,"delta":{"content":"`text","role":"assistant"},"finish_reason":null,"native_finish_reason":null}]}
--- CHUNK 1783158675122 bytes=591 ---
data: {"id":"gen-1783158650-6fMKVkLglsFk7xQKrVEy","object":"chat.completion.chunk","created":1783158650,"model":"deepseek/deepseek-v4-flash-20260423","provider":"GMICloud","choices":[{"index":0,"delta":{"content":"`（","role":"assistant"},"finish_reason":null,"native_finish_reason":null}]}

data: {"id":"gen-1783158650-6fMKVkLglsFk7xQKrVEy","object":"chat.completion.chunk","created":1783158650,"model":"deepseek/deepseek-v4-flash-20260423","provider":"GMICloud","choices":[{"index":0,"delta":{"content":"要翻譯","role":"assistant"},"finish_reason":null,"native_finish_reason":null}]}


PARSED: {"id":"gen-1783158650-6fMKVkLglsFk7xQKrVEy","object":"chat.completion.chunk","created":1783158650,"model":"deepseek/deepseek-v4-flash-20260423","provider":"GMICloud","choices":[{"index":0,"delta":{"content":"`（","role":"assistant"},"finish_reason":null,"native_finish_reason":null}]}
PARSED: {"id":"gen-1783158650-6fMKVkLglsFk7xQKrVEy","object":"chat.completion.chunk","created":1783158650,"model":"deepseek/deepseek-v4-flash-20260423","provider":"GMICloud","choices":[{"index":0,"delta":{"content":"要翻譯","role":"assistant"},"finish_reason":null,"native_finish_reason":null}]}
--- CHUNK 1783158675137 bytes=298 ---
data: {"id":"gen-1783158650-6fMKVkLglsFk7xQKrVEy","object":"chat.completion.chunk","created":1783158650,"model":"deepseek/deepseek-v4-flash-20260423","provider":"GMICloud","choices":[{"index":0,"delta":{"content":"的文字","role":"assistant"},"finish_reason":null,"native_finish_reason":null}]}


PARSED: {"id":"gen-1783158650-6fMKVkLglsFk7xQKrVEy","object":"chat.completion.chunk","created":1783158650,"model":"deepseek/deepseek-v4-flash-20260423","provider":"GMICloud","choices":[{"index":0,"delta":{"content":"的文字","role":"assistant"},"finish_reason":null,"native_finish_reason":null}]}
--- CHUNK 1783158675141 bytes=296 ---
data: {"id":"gen-1783158650-6fMKVkLglsFk7xQKrVEy","object":"chat.completion.chunk","created":1783158650,"model":"deepseek/deepseek-v4-flash-20260423","provider":"GMICloud","choices":[{"index":0,"delta":{"content":"）、`","role":"assistant"},"finish_reason":null,"native_finish_reason":null}]}


PARSED: {"id":"gen-1783158650-6fMKVkLglsFk7xQKrVEy","object":"chat.completion.chunk","created":1783158650,"model":"deepseek/deepseek-v4-flash-20260423","provider":"GMICloud","choices":[{"index":0,"delta":{"content":"）、`","role":"assistant"},"finish_reason":null,"native_finish_reason":null}]}
--- CHUNK 1783158675222 bytes=299 ---
data: {"id":"gen-1783158650-6fMKVkLglsFk7xQKrVEy","object":"chat.completion.chunk","created":1783158650,"model":"deepseek/deepseek-v4-flash-20260423","provider":"GMICloud","choices":[{"index":0,"delta":{"content":"targetLang","role":"assistant"},"finish_reason":null,"native_finish_reason":null}]}


PARSED: {"id":"gen-1783158650-6fMKVkLglsFk7xQKrVEy","object":"chat.completion.chunk","created":1783158650,"model":"deepseek/deepseek-v4-flash-20260423","provider":"GMICloud","choices":[{"index":0,"delta":{"content":"targetLang","role":"assistant"},"finish_reason":null,"native_finish_reason":null}]}
--- CHUNK 1783158675224 bytes=293 ---
data: {"id":"gen-1783158650-6fMKVkLglsFk7xQKrVEy","object":"chat.completion.chunk","created":1783158650,"model":"deepseek/deepseek-v4-flash-20260423","provider":"GMICloud","choices":[{"index":0,"delta":{"content":"`（","role":"assistant"},"finish_reason":null,"native_finish_reason":null}]}


PARSED: {"id":"gen-1783158650-6fMKVkLglsFk7xQKrVEy","object":"chat.completion.chunk","created":1783158650,"model":"deepseek/deepseek-v4-flash-20260423","provider":"GMICloud","choices":[{"index":0,"delta":{"content":"`（","role":"assistant"},"finish_reason":null,"native_finish_reason":null}]}
--- CHUNK 1783158675225 bytes=295 ---
data: {"id":"gen-1783158650-6fMKVkLglsFk7xQKrVEy","object":"chat.completion.chunk","created":1783158650,"model":"deepseek/deepseek-v4-flash-20260423","provider":"GMICloud","choices":[{"index":0,"delta":{"content":"目標","role":"assistant"},"finish_reason":null,"native_finish_reason":null}]}


PARSED: {"id":"gen-1783158650-6fMKVkLglsFk7xQKrVEy","object":"chat.completion.chunk","created":1783158650,"model":"deepseek/deepseek-v4-flash-20260423","provider":"GMICloud","choices":[{"index":0,"delta":{"content":"目標","role":"assistant"},"finish_reason":null,"native_finish_reason":null}]}
--- CHUNK 1783158675226 bytes=300 ---
data: {"id":"gen-1783158650-6fMKVkLglsFk7xQKrVEy","object":"chat.completion.chunk","created":1783158650,"model":"deepseek/deepseek-v4-flash-20260423","provider":"GMICloud","choices":[{"index":0,"delta":{"content":"語言）\n","role":"assistant"},"finish_reason":null,"native_finish_reason":null}]}


PARSED: {"id":"gen-1783158650-6fMKVkLglsFk7xQKrVEy","object":"chat.completion.chunk","created":1783158650,"model":"deepseek/deepseek-v4-flash-20260423","provider":"GMICloud","choices":[{"index":0,"delta":{"content":"語言）\n","role":"assistant"},"finish_reason":null,"native_finish_reason":null}]}
--- CHUNK 1783158675232 bytes=589 ---
data: {"id":"gen-1783158650-6fMKVkLglsFk7xQKrVEy","object":"chat.completion.chunk","created":1783158650,"model":"deepseek/deepseek-v4-flash-20260423","provider":"GMICloud","choices":[{"index":0,"delta":{"content":"2.","role":"assistant"},"finish_reason":null,"native_finish_reason":null}]}

data: {"id":"gen-1783158650-6fMKVkLglsFk7xQKrVEy","object":"chat.completion.chunk","created":1783158650,"model":"deepseek/deepseek-v4-flash-20260423","provider":"GMICloud","choices":[{"index":0,"delta":{"content":" **Determ","role":"assistant"},"finish_reason":null,"native_finish_reason":null}]}


PARSED: {"id":"gen-1783158650-6fMKVkLglsFk7xQKrVEy","object":"chat.completion.chunk","created":1783158650,"model":"deepseek/deepseek-v4-flash-20260423","provider":"GMICloud","choices":[{"index":0,"delta":{"content":"2.","role":"assistant"},"finish_reason":null,"native_finish_reason":null}]}
PARSED: {"id":"gen-1783158650-6fMKVkLglsFk7xQKrVEy","object":"chat.completion.chunk","created":1783158650,"model":"deepseek/deepseek-v4-flash-20260423","provider":"GMICloud","choices":[{"index":0,"delta":{"content":" **Determ","role":"assistant"},"finish_reason":null,"native_finish_reason":null}]}
--- CHUNK 1783158675232 bytes=296 ---
data: {"id":"gen-1783158650-6fMKVkLglsFk7xQKrVEy","object":"chat.completion.chunk","created":1783158650,"model":"deepseek/deepseek-v4-flash-20260423","provider":"GMICloud","choices":[{"index":0,"delta":{"content":"inistic","role":"assistant"},"finish_reason":null,"native_finish_reason":null}]}


PARSED: {"id":"gen-1783158650-6fMKVkLglsFk7xQKrVEy","object":"chat.completion.chunk","created":1783158650,"model":"deepseek/deepseek-v4-flash-20260423","provider":"GMICloud","choices":[{"index":0,"delta":{"content":"inistic","role":"assistant"},"finish_reason":null,"native_finish_reason":null}]}
--- CHUNK 1783158675232 bytes=298 ---
data: {"id":"gen-1783158650-6fMKVkLglsFk7xQKrVEy","object":"chat.completion.chunk","created":1783158650,"model":"deepseek/deepseek-v4-flash-20260423","provider":"GMICloud","choices":[{"index":0,"delta":{"content":" Script**","role":"assistant"},"finish_reason":null,"native_finish_reason":null}]}


PARSED: {"id":"gen-1783158650-6fMKVkLglsFk7xQKrVEy","object":"chat.completion.chunk","created":1783158650,"model":"deepseek/deepseek-v4-flash-20260423","provider":"GMICloud","choices":[{"index":0,"delta":{"content":" Script**","role":"assistant"},"finish_reason":null,"native_finish_reason":null}]}
--- CHUNK 1783158675234 bytes=295 ---
data: {"id":"gen-1783158650-6fMKVkLglsFk7xQKrVEy","object":"chat.completion.chunk","created":1783158650,"model":"deepseek/deepseek-v4-flash-20260423","provider":"GMICloud","choices":[{"index":0,"delta":{"content":"：讀","role":"assistant"},"finish_reason":null,"native_finish_reason":null}]}


PARSED: {"id":"gen-1783158650-6fMKVkLglsFk7xQKrVEy","object":"chat.completion.chunk","created":1783158650,"model":"deepseek/deepseek-v4-flash-20260423","provider":"GMICloud","choices":[{"index":0,"delta":{"content":"：讀","role":"assistant"},"finish_reason":null,"native_finish_reason":null}]}
--- CHUNK 1783158675269 bytes=298 ---
data: {"id":"gen-1783158650-6fMKVkLglsFk7xQKrVEy","object":"chat.completion.chunk","created":1783158650,"model":"deepseek/deepseek-v4-flash-20260423","provider":"GMICloud","choices":[{"index":0,"delta":{"content":"取輸入","role":"assistant"},"finish_reason":null,"native_finish_reason":null}]}


PARSED: {"id":"gen-1783158650-6fMKVkLglsFk7xQKrVEy","object":"chat.completion.chunk","created":1783158650,"model":"deepseek/deepseek-v4-flash-20260423","provider":"GMICloud","choices":[{"index":0,"delta":{"content":"取輸入","role":"assistant"},"finish_reason":null,"native_finish_reason":null}]}
--- CHUNK 1783158675269 bytes=294 ---
data: {"id":"gen-1783158650-6fMKVkLglsFk7xQKrVEy","object":"chat.completion.chunk","created":1783158650,"model":"deepseek/deepseek-v4-flash-20260423","provider":"GMICloud","choices":[{"index":0,"delta":{"content":" → ","role":"assistant"},"finish_reason":null,"native_finish_reason":null}]}


PARSED: {"id":"gen-1783158650-6fMKVkLglsFk7xQKrVEy","object":"chat.completion.chunk","created":1783158650,"model":"deepseek/deepseek-v4-flash-20260423","provider":"GMICloud","choices":[{"index":0,"delta":{"content":" → ","role":"assistant"},"finish_reason":null,"native_finish_reason":null}]}
--- CHUNK 1783158675269 bytes=295 ---
data: {"id":"gen-1783158650-6fMKVkLglsFk7xQKrVEy","object":"chat.completion.chunk","created":1783158650,"model":"deepseek/deepseek-v4-flash-20260423","provider":"GMICloud","choices":[{"index":0,"delta":{"content":"呼叫","role":"assistant"},"finish_reason":null,"native_finish_reason":null}]}


PARSED: {"id":"gen-1783158650-6fMKVkLglsFk7xQKrVEy","object":"chat.completion.chunk","created":1783158650,"model":"deepseek/deepseek-v4-flash-20260423","provider":"GMICloud","choices":[{"index":0,"delta":{"content":"呼叫","role":"assistant"},"finish_reason":null,"native_finish_reason":null}]}
--- CHUNK 1783158675271 bytes=293 ---
data: {"id":"gen-1783158650-6fMKVkLglsFk7xQKrVEy","object":"chat.completion.chunk","created":1783158650,"model":"deepseek/deepseek-v4-flash-20260423","provider":"GMICloud","choices":[{"index":0,"delta":{"content":" AI ","role":"assistant"},"finish_reason":null,"native_finish_reason":null}]}


PARSED: {"id":"gen-1783158650-6fMKVkLglsFk7xQKrVEy","object":"chat.completion.chunk","created":1783158650,"model":"deepseek/deepseek-v4-flash-20260423","provider":"GMICloud","choices":[{"index":0,"delta":{"content":" AI ","role":"assistant"},"finish_reason":null,"native_finish_reason":null}]}
--- CHUNK 1783158675271 bytes=299 ---
data: {"id":"gen-1783158650-6fMKVkLglsFk7xQKrVEy","object":"chat.completion.chunk","created":1783158650,"model":"deepseek/deepseek-v4-flash-20260423","provider":"GMICloud","choices":[{"index":0,"delta":{"content":"翻譯 →","role":"assistant"},"finish_reason":null,"native_finish_reason":null}]}


PARSED: {"id":"gen-1783158650-6fMKVkLglsFk7xQKrVEy","object":"chat.completion.chunk","created":1783158650,"model":"deepseek/deepseek-v4-flash-20260423","provider":"GMICloud","choices":[{"index":0,"delta":{"content":"翻譯 →","role":"assistant"},"finish_reason":null,"native_finish_reason":null}]}
--- CHUNK 1783158675465 bytes=299 ---
data: {"id":"gen-1783158650-6fMKVkLglsFk7xQKrVEy","object":"chat.completion.chunk","created":1783158650,"model":"deepseek/deepseek-v4-flash-20260423","provider":"GMICloud","choices":[{"index":0,"delta":{"content":" 格式化","role":"assistant"},"finish_reason":null,"native_finish_reason":null}]}


PARSED: {"id":"gen-1783158650-6fMKVkLglsFk7xQKrVEy","object":"chat.completion.chunk","created":1783158650,"model":"deepseek/deepseek-v4-flash-20260423","provider":"GMICloud","choices":[{"index":0,"delta":{"content":" 格式化","role":"assistant"},"finish_reason":null,"native_finish_reason":null}]}
--- CHUNK 1783158675467 bytes=297 ---
data: {"id":"gen-1783158650-6fMKVkLglsFk7xQKrVEy","object":"chat.completion.chunk","created":1783158650,"model":"deepseek/deepseek-v4-flash-20260423","provider":"GMICloud","choices":[{"index":0,"delta":{"content":"輸出\n","role":"assistant"},"finish_reason":null,"native_finish_reason":null}]}


PARSED: {"id":"gen-1783158650-6fMKVkLglsFk7xQKrVEy","object":"chat.completion.chunk","created":1783158650,"model":"deepseek/deepseek-v4-flash-20260423","provider":"GMICloud","choices":[{"index":0,"delta":{"content":"輸出\n","role":"assistant"},"finish_reason":null,"native_finish_reason":null}]}
--- CHUNK 1783158675473 bytes=291 ---
data: {"id":"gen-1783158650-6fMKVkLglsFk7xQKrVEy","object":"chat.completion.chunk","created":1783158650,"model":"deepseek/deepseek-v4-flash-20260423","provider":"GMICloud","choices":[{"index":0,"delta":{"content":"3.","role":"assistant"},"finish_reason":null,"native_finish_reason":null}]}


PARSED: {"id":"gen-1783158650-6fMKVkLglsFk7xQKrVEy","object":"chat.completion.chunk","created":1783158650,"model":"deepseek/deepseek-v4-flash-20260423","provider":"GMICloud","choices":[{"index":0,"delta":{"content":"3.","role":"assistant"},"finish_reason":null,"native_finish_reason":null}]}
--- CHUNK 1783158675516 bytes=298 ---
data: {"id":"gen-1783158650-6fMKVkLglsFk7xQKrVEy","object":"chat.completion.chunk","created":1783158650,"model":"deepseek/deepseek-v4-flash-20260423","provider":"GMICloud","choices":[{"index":0,"delta":{"content":" **執行","role":"assistant"},"finish_reason":null,"native_finish_reason":null}]}


PARSED: {"id":"gen-1783158650-6fMKVkLglsFk7xQKrVEy","object":"chat.completion.chunk","created":1783158650,"model":"deepseek/deepseek-v4-flash-20260423","provider":"GMICloud","choices":[{"index":0,"delta":{"content":" **執行","role":"assistant"},"finish_reason":null,"native_finish_reason":null}]}
--- CHUNK 1783158675518 bytes=296 ---
data: {"id":"gen-1783158650-6fMKVkLglsFk7xQKrVEy","object":"chat.completion.chunk","created":1783158650,"model":"deepseek/deepseek-v4-flash-20260423","provider":"GMICloud","choices":[{"index":0,"delta":{"content":"**：\n","role":"assistant"},"finish_reason":null,"native_finish_reason":null}]}


PARSED: {"id":"gen-1783158650-6fMKVkLglsFk7xQKrVEy","object":"chat.completion.chunk","created":1783158650,"model":"deepseek/deepseek-v4-flash-20260423","provider":"GMICloud","choices":[{"index":0,"delta":{"content":"**：\n","role":"assistant"},"finish_reason":null,"native_finish_reason":null}]}
--- CHUNK 1783158675523 bytes=293 ---
data: {"id":"gen-1783158650-6fMKVkLglsFk7xQKrVEy","object":"chat.completion.chunk","created":1783158650,"model":"deepseek/deepseek-v4-flash-20260423","provider":"GMICloud","choices":[{"index":0,"delta":{"content":"   -","role":"assistant"},"finish_reason":null,"native_finish_reason":null}]}


PARSED: {"id":"gen-1783158650-6fMKVkLglsFk7xQKrVEy","object":"chat.completion.chunk","created":1783158650,"model":"deepseek/deepseek-v4-flash-20260423","provider":"GMICloud","choices":[{"index":0,"delta":{"content":"   -","role":"assistant"},"finish_reason":null,"native_finish_reason":null}]}
--- CHUNK 1783158675570 bytes=290 ---
data: {"id":"gen-1783158650-6fMKVkLglsFk7xQKrVEy","object":"chat.completion.chunk","created":1783158650,"model":"deepseek/deepseek-v4-flash-20260423","provider":"GMICloud","choices":[{"index":0,"delta":{"content":" ","role":"assistant"},"finish_reason":null,"native_finish_reason":null}]}


PARSED: {"id":"gen-1783158650-6fMKVkLglsFk7xQKrVEy","object":"chat.completion.chunk","created":1783158650,"model":"deepseek/deepseek-v4-flash-20260423","provider":"GMICloud","choices":[{"index":0,"delta":{"content":" ","role":"assistant"},"finish_reason":null,"native_finish_reason":null}]}
--- CHUNK 1783158675573 bytes=298 ---
data: {"id":"gen-1783158650-6fMKVkLglsFk7xQKrVEy","object":"chat.completion.chunk","created":1783158650,"model":"deepseek/deepseek-v4-flash-20260423","provider":"GMICloud","choices":[{"index":0,"delta":{"content":"在聊天","role":"assistant"},"finish_reason":null,"native_finish_reason":null}]}


PARSED: {"id":"gen-1783158650-6fMKVkLglsFk7xQKrVEy","object":"chat.completion.chunk","created":1783158650,"model":"deepseek/deepseek-v4-flash-20260423","provider":"GMICloud","choices":[{"index":0,"delta":{"content":"在聊天","role":"assistant"},"finish_reason":null,"native_finish_reason":null}]}
--- CHUNK 1783158675575 bytes=298 ---
data: {"id":"gen-1783158650-6fMKVkLglsFk7xQKrVEy","object":"chat.completion.chunk","created":1783158650,"model":"deepseek/deepseek-v4-flash-20260423","provider":"GMICloud","choices":[{"index":0,"delta":{"content":"中輸入","role":"assistant"},"finish_reason":null,"native_finish_reason":null}]}


PARSED: {"id":"gen-1783158650-6fMKVkLglsFk7xQKrVEy","object":"chat.completion.chunk","created":1783158650,"model":"deepseek/deepseek-v4-flash-20260423","provider":"GMICloud","choices":[{"index":0,"delta":{"content":"中輸入","role":"assistant"},"finish_reason":null,"native_finish_reason":null}]}
--- CHUNK 1783158675607 bytes=295 ---
data: {"id":"gen-1783158650-6fMKVkLglsFk7xQKrVEy","object":"chat.completion.chunk","created":1783158650,"model":"deepseek/deepseek-v4-flash-20260423","provider":"GMICloud","choices":[{"index":0,"delta":{"content":"「幫","role":"assistant"},"finish_reason":null,"native_finish_reason":null}]}


PARSED: {"id":"gen-1783158650-6fMKVkLglsFk7xQKrVEy","object":"chat.completion.chunk","created":1783158650,"model":"deepseek/deepseek-v4-flash-20260423","provider":"GMICloud","choices":[{"index":0,"delta":{"content":"「幫","role":"assistant"},"finish_reason":null,"native_finish_reason":null}]}
--- CHUNK 1783158675613 bytes=295 ---
data: {"id":"gen-1783158650-6fMKVkLglsFk7xQKrVEy","object":"chat.completion.chunk","created":1783158650,"model":"deepseek/deepseek-v4-flash-20260423","provider":"GMICloud","choices":[{"index":0,"delta":{"content":"我翻","role":"assistant"},"finish_reason":null,"native_finish_reason":null}]}


PARSED: {"id":"gen-1783158650-6fMKVkLglsFk7xQKrVEy","object":"chat.completion.chunk","created":1783158650,"model":"deepseek/deepseek-v4-flash-20260423","provider":"GMICloud","choices":[{"index":0,"delta":{"content":"我翻","role":"assistant"},"finish_reason":null,"native_finish_reason":null}]}
--- CHUNK 1783158675618 bytes=298 ---
data: {"id":"gen-1783158650-6fMKVkLglsFk7xQKrVEy","object":"chat.completion.chunk","created":1783158650,"model":"deepseek/deepseek-v4-flash-20260423","provider":"GMICloud","choices":[{"index":0,"delta":{"content":"這段：","role":"assistant"},"finish_reason":null,"native_finish_reason":null}]}


PARSED: {"id":"gen-1783158650-6fMKVkLglsFk7xQKrVEy","object":"chat.completion.chunk","created":1783158650,"model":"deepseek/deepseek-v4-flash-20260423","provider":"GMICloud","choices":[{"index":0,"delta":{"content":"這段：","role":"assistant"},"finish_reason":null,"native_finish_reason":null}]}
--- CHUNK 1783158675637 bytes=300 ---
data: {"id":"gen-1783158650-6fMKVkLglsFk7xQKrVEy","object":"chat.completion.chunk","created":1783158650,"model":"deepseek/deepseek-v4-flash-20260423","provider":"GMICloud","choices":[{"index":0,"delta":{"content":"Hello world","role":"assistant"},"finish_reason":null,"native_finish_reason":null}]}


PARSED: {"id":"gen-1783158650-6fMKVkLglsFk7xQKrVEy","object":"chat.completion.chunk","created":1783158650,"model":"deepseek/deepseek-v4-flash-20260423","provider":"GMICloud","choices":[{"index":0,"delta":{"content":"Hello world","role":"assistant"},"finish_reason":null,"native_finish_reason":null}]}
--- CHUNK 1783158675640 bytes=294 ---
data: {"id":"gen-1783158650-6fMKVkLglsFk7xQKrVEy","object":"chat.completion.chunk","created":1783158650,"model":"deepseek/deepseek-v4-flash-20260423","provider":"GMICloud","choices":[{"index":0,"delta":{"content":" → ","role":"assistant"},"finish_reason":null,"native_finish_reason":null}]}


PARSED: {"id":"gen-1783158650-6fMKVkLglsFk7xQKrVEy","object":"chat.completion.chunk","created":1783158650,"model":"deepseek/deepseek-v4-flash-20260423","provider":"GMICloud","choices":[{"index":0,"delta":{"content":" → ","role":"assistant"},"finish_reason":null,"native_finish_reason":null}]}
--- CHUNK 1783158675649 bytes=300 ---
data: {"id":"gen-1783158650-6fMKVkLglsFk7xQKrVEy","object":"chat.completion.chunk","created":1783158650,"model":"deepseek/deepseek-v4-flash-20260423","provider":"GMICloud","choices":[{"index":0,"delta":{"content":"中文」\n","role":"assistant"},"finish_reason":null,"native_finish_reason":null}]}


PARSED: {"id":"gen-1783158650-6fMKVkLglsFk7xQKrVEy","object":"chat.completion.chunk","created":1783158650,"model":"deepseek/deepseek-v4-flash-20260423","provider":"GMICloud","choices":[{"index":0,"delta":{"content":"中文」\n","role":"assistant"},"finish_reason":null,"native_finish_reason":null}]}
--- CHUNK 1783158675693 bytes=293 ---
data: {"id":"gen-1783158650-6fMKVkLglsFk7xQKrVEy","object":"chat.completion.chunk","created":1783158650,"model":"deepseek/deepseek-v4-flash-20260423","provider":"GMICloud","choices":[{"index":0,"delta":{"content":"   -","role":"assistant"},"finish_reason":null,"native_finish_reason":null}]}


PARSED: {"id":"gen-1783158650-6fMKVkLglsFk7xQKrVEy","object":"chat.completion.chunk","created":1783158650,"model":"deepseek/deepseek-v4-flash-20260423","provider":"GMICloud","choices":[{"index":0,"delta":{"content":"   -","role":"assistant"},"finish_reason":null,"native_finish_reason":null}]}
--- CHUNK 1783158675695 bytes=293 ---
data: {"id":"gen-1783158650-6fMKVkLglsFk7xQKrVEy","object":"chat.completion.chunk","created":1783158650,"model":"deepseek/deepseek-v4-flash-20260423","provider":"GMICloud","choices":[{"index":0,"delta":{"content":" AI ","role":"assistant"},"finish_reason":null,"native_finish_reason":null}]}


PARSED: {"id":"gen-1783158650-6fMKVkLglsFk7xQKrVEy","object":"chat.completion.chunk","created":1783158650,"model":"deepseek/deepseek-v4-flash-20260423","provider":"GMICloud","choices":[{"index":0,"delta":{"content":" AI ","role":"assistant"},"finish_reason":null,"native_finish_reason":null}]}
--- CHUNK 1783158675696 bytes=295 ---
data: {"id":"gen-1783158650-6fMKVkLglsFk7xQKrVEy","object":"chat.completion.chunk","created":1783158650,"model":"deepseek/deepseek-v4-flash-20260423","provider":"GMICloud","choices":[{"index":0,"delta":{"content":"偵測","role":"assistant"},"finish_reason":null,"native_finish_reason":null}]}


PARSED: {"id":"gen-1783158650-6fMKVkLglsFk7xQKrVEy","object":"chat.completion.chunk","created":1783158650,"model":"deepseek/deepseek-v4-flash-20260423","provider":"GMICloud","choices":[{"index":0,"delta":{"content":"偵測","role":"assistant"},"finish_reason":null,"native_finish_reason":null}]}
--- CHUNK 1783158675723 bytes=295 ---
data: {"id":"gen-1783158650-6fMKVkLglsFk7xQKrVEy","object":"chat.completion.chunk","created":1783158650,"model":"deepseek/deepseek-v4-flash-20260423","provider":"GMICloud","choices":[{"index":0,"delta":{"content":"到觸","role":"assistant"},"finish_reason":null,"native_finish_reason":null}]}


PARSED: {"id":"gen-1783158650-6fMKVkLglsFk7xQKrVEy","object":"chat.completion.chunk","created":1783158650,"model":"deepseek/deepseek-v4-flash-20260423","provider":"GMICloud","choices":[{"index":0,"delta":{"content":"到觸","role":"assistant"},"finish_reason":null,"native_finish_reason":null}]}
--- CHUNK 1783158675725 bytes=298 ---
data: {"id":"gen-1783158650-6fMKVkLglsFk7xQKrVEy","object":"chat.completion.chunk","created":1783158650,"model":"deepseek/deepseek-v4-flash-20260423","provider":"GMICloud","choices":[{"index":0,"delta":{"content":"發關鍵","role":"assistant"},"finish_reason":null,"native_finish_reason":null}]}


PARSED: {"id":"gen-1783158650-6fMKVkLglsFk7xQKrVEy","object":"chat.completion.chunk","created":1783158650,"model":"deepseek/deepseek-v4-flash-20260423","provider":"GMICloud","choices":[{"index":0,"delta":{"content":"發關鍵","role":"assistant"},"finish_reason":null,"native_finish_reason":null}]}
--- CHUNK 1783158675733 bytes=295 ---
data: {"id":"gen-1783158650-6fMKVkLglsFk7xQKrVEy","object":"chat.completion.chunk","created":1783158650,"model":"deepseek/deepseek-v4-flash-20260423","provider":"GMICloud","choices":[{"index":0,"delta":{"content":"字，","role":"assistant"},"finish_reason":null,"native_finish_reason":null}]}


PARSED: {"id":"gen-1783158650-6fMKVkLglsFk7xQKrVEy","object":"chat.completion.chunk","created":1783158650,"model":"deepseek/deepseek-v4-flash-20260423","provider":"GMICloud","choices":[{"index":0,"delta":{"content":"字，","role":"assistant"},"finish_reason":null,"native_finish_reason":null}]}
--- CHUNK 1783158675785 bytes=295 ---
data: {"id":"gen-1783158650-6fMKVkLglsFk7xQKrVEy","object":"chat.completion.chunk","created":1783158650,"model":"deepseek/deepseek-v4-flash-20260423","provider":"GMICloud","choices":[{"index":0,"delta":{"content":"呼叫","role":"assistant"},"finish_reason":null,"native_finish_reason":null}]}


PARSED: {"id":"gen-1783158650-6fMKVkLglsFk7xQKrVEy","object":"chat.completion.chunk","created":1783158650,"model":"deepseek/deepseek-v4-flash-20260423","provider":"GMICloud","choices":[{"index":0,"delta":{"content":"呼叫","role":"assistant"},"finish_reason":null,"native_finish_reason":null}]}
--- CHUNK 1783158675785 bytes=301 ---
data: {"id":"gen-1783158650-6fMKVkLglsFk7xQKrVEy","object":"chat.completion.chunk","created":1783158650,"model":"deepseek/deepseek-v4-flash-20260423","provider":"GMICloud","choices":[{"index":0,"delta":{"content":"翻譯 Skill","role":"assistant"},"finish_reason":null,"native_finish_reason":null}]}


PARSED: {"id":"gen-1783158650-6fMKVkLglsFk7xQKrVEy","object":"chat.completion.chunk","created":1783158650,"model":"deepseek/deepseek-v4-flash-20260423","provider":"GMICloud","choices":[{"index":0,"delta":{"content":"翻譯 Skill","role":"assistant"},"finish_reason":null,"native_finish_reason":null}]}
--- CHUNK 1783158675785 bytes=293 ---
data: {"id":"gen-1783158650-6fMKVkLglsFk7xQKrVEy","object":"chat.completion.chunk","created":1783158650,"model":"deepseek/deepseek-v4-flash-20260423","provider":"GMICloud","choices":[{"index":0,"delta":{"content":"\n  ","role":"assistant"},"finish_reason":null,"native_finish_reason":null}]}


PARSED: {"id":"gen-1783158650-6fMKVkLglsFk7xQKrVEy","object":"chat.completion.chunk","created":1783158650,"model":"deepseek/deepseek-v4-flash-20260423","provider":"GMICloud","choices":[{"index":0,"delta":{"content":"\n  ","role":"assistant"},"finish_reason":null,"native_finish_reason":null}]}
--- CHUNK 1783158675786 bytes=291 ---
data: {"id":"gen-1783158650-6fMKVkLglsFk7xQKrVEy","object":"chat.completion.chunk","created":1783158650,"model":"deepseek/deepseek-v4-flash-20260423","provider":"GMICloud","choices":[{"index":0,"delta":{"content":" -","role":"assistant"},"finish_reason":null,"native_finish_reason":null}]}


PARSED: {"id":"gen-1783158650-6fMKVkLglsFk7xQKrVEy","object":"chat.completion.chunk","created":1783158650,"model":"deepseek/deepseek-v4-flash-20260423","provider":"GMICloud","choices":[{"index":0,"delta":{"content":" -","role":"assistant"},"finish_reason":null,"native_finish_reason":null}]}
--- CHUNK 1783158675792 bytes=304 ---
data: {"id":"gen-1783158650-6fMKVkLglsFk7xQKrVEy","object":"chat.completion.chunk","created":1783158650,"model":"deepseek/deepseek-v4-flash-20260423","provider":"GMICloud","choices":[{"index":0,"delta":{"content":" Context Engine","role":"assistant"},"finish_reason":null,"native_finish_reason":null}]}


PARSED: {"id":"gen-1783158650-6fMKVkLglsFk7xQKrVEy","object":"chat.completion.chunk","created":1783158650,"model":"deepseek/deepseek-v4-flash-20260423","provider":"GMICloud","choices":[{"index":0,"delta":{"content":" Context Engine","role":"assistant"},"finish_reason":null,"native_finish_reason":null}]}
--- CHUNK 1783158675793 bytes=293 ---
data: {"id":"gen-1783158650-6fMKVkLglsFk7xQKrVEy","object":"chat.completion.chunk","created":1783158650,"model":"deepseek/deepseek-v4-flash-20260423","provider":"GMICloud","choices":[{"index":0,"delta":{"content":" 組","role":"assistant"},"finish_reason":null,"native_finish_reason":null}]}


PARSED: {"id":"gen-1783158650-6fMKVkLglsFk7xQKrVEy","object":"chat.completion.chunk","created":1783158650,"model":"deepseek/deepseek-v4-flash-20260423","provider":"GMICloud","choices":[{"index":0,"delta":{"content":" 組","role":"assistant"},"finish_reason":null,"native_finish_reason":null}]}
--- CHUNK 1783158675853 bytes=299 ---
data: {"id":"gen-1783158650-6fMKVkLglsFk7xQKrVEy","object":"chat.completion.chunk","created":1783158650,"model":"deepseek/deepseek-v4-flash-20260423","provider":"GMICloud","choices":[{"index":0,"delta":{"content":"裝 system","role":"assistant"},"finish_reason":null,"native_finish_reason":null}]}


PARSED: {"id":"gen-1783158650-6fMKVkLglsFk7xQKrVEy","object":"chat.completion.chunk","created":1783158650,"model":"deepseek/deepseek-v4-flash-20260423","provider":"GMICloud","choices":[{"index":0,"delta":{"content":"裝 system","role":"assistant"},"finish_reason":null,"native_finish_reason":null}]}
--- CHUNK 1783158675853 bytes=297 ---
data: {"id":"gen-1783158650-6fMKVkLglsFk7xQKrVEy","object":"chat.completion.chunk","created":1783158650,"model":"deepseek/deepseek-v4-flash-20260423","provider":"GMICloud","choices":[{"index":0,"delta":{"content":"Prompt\n","role":"assistant"},"finish_reason":null,"native_finish_reason":null}]}


PARSED: {"id":"gen-1783158650-6fMKVkLglsFk7xQKrVEy","object":"chat.completion.chunk","created":1783158650,"model":"deepseek/deepseek-v4-flash-20260423","provider":"GMICloud","choices":[{"index":0,"delta":{"content":"Prompt\n","role":"assistant"},"finish_reason":null,"native_finish_reason":null}]}
--- CHUNK 1783158675854 bytes=293 ---
data: {"id":"gen-1783158650-6fMKVkLglsFk7xQKrVEy","object":"chat.completion.chunk","created":1783158650,"model":"deepseek/deepseek-v4-flash-20260423","provider":"GMICloud","choices":[{"index":0,"delta":{"content":"   -","role":"assistant"},"finish_reason":null,"native_finish_reason":null}]}


PARSED: {"id":"gen-1783158650-6fMKVkLglsFk7xQKrVEy","object":"chat.completion.chunk","created":1783158650,"model":"deepseek/deepseek-v4-flash-20260423","provider":"GMICloud","choices":[{"index":0,"delta":{"content":"   -","role":"assistant"},"finish_reason":null,"native_finish_reason":null}]}
--- CHUNK 1783158675857 bytes=300 ---
data: {"id":"gen-1783158650-6fMKVkLglsFk7xQKrVEy","object":"chat.completion.chunk","created":1783158650,"model":"deepseek/deepseek-v4-flash-20260423","provider":"GMICloud","choices":[{"index":0,"delta":{"content":" Agent Loop","role":"assistant"},"finish_reason":null,"native_finish_reason":null}]}


PARSED: {"id":"gen-1783158650-6fMKVkLglsFk7xQKrVEy","object":"chat.completion.chunk","created":1783158650,"model":"deepseek/deepseek-v4-flash-20260423","provider":"GMICloud","choices":[{"index":0,"delta":{"content":" Agent Loop","role":"assistant"},"finish_reason":null,"native_finish_reason":null}]}
--- CHUNK 1783158676037 bytes=290 ---
data: {"id":"gen-1783158650-6fMKVkLglsFk7xQKrVEy","object":"chat.completion.chunk","created":1783158650,"model":"deepseek/deepseek-v4-flash-20260423","provider":"GMICloud","choices":[{"index":0,"delta":{"content":" ","role":"assistant"},"finish_reason":null,"native_finish_reason":null}]}


PARSED: {"id":"gen-1783158650-6fMKVkLglsFk7xQKrVEy","object":"chat.completion.chunk","created":1783158650,"model":"deepseek/deepseek-v4-flash-20260423","provider":"GMICloud","choices":[{"index":0,"delta":{"content":" ","role":"assistant"},"finish_reason":null,"native_finish_reason":null}]}
--- CHUNK 1783158676042 bytes=298 ---
data: {"id":"gen-1783158650-6fMKVkLglsFk7xQKrVEy","object":"chat.completion.chunk","created":1783158650,"model":"deepseek/deepseek-v4-flash-20260423","provider":"GMICloud","choices":[{"index":0,"delta":{"content":"執行，","role":"assistant"},"finish_reason":null,"native_finish_reason":null}]}


PARSED: {"id":"gen-1783158650-6fMKVkLglsFk7xQKrVEy","object":"chat.completion.chunk","created":1783158650,"model":"deepseek/deepseek-v4-flash-20260423","provider":"GMICloud","choices":[{"index":0,"delta":{"content":"執行，","role":"assistant"},"finish_reason":null,"native_finish_reason":null}]}
--- CHUNK 1783158676047 bytes=292 ---
data: {"id":"gen-1783158650-6fMKVkLglsFk7xQKrVEy","object":"chat.completion.chunk","created":1783158650,"model":"deepseek/deepseek-v4-flash-20260423","provider":"GMICloud","choices":[{"index":0,"delta":{"content":"AI ","role":"assistant"},"finish_reason":null,"native_finish_reason":null}]}


PARSED: {"id":"gen-1783158650-6fMKVkLglsFk7xQKrVEy","object":"chat.completion.chunk","created":1783158650,"model":"deepseek/deepseek-v4-flash-20260423","provider":"GMICloud","choices":[{"index":0,"delta":{"content":"AI ","role":"assistant"},"finish_reason":null,"native_finish_reason":null}]}
--- CHUNK 1783158676165 bytes=295 ---
data: {"id":"gen-1783158650-6fMKVkLglsFk7xQKrVEy","object":"chat.completion.chunk","created":1783158650,"model":"deepseek/deepseek-v4-flash-20260423","provider":"GMICloud","choices":[{"index":0,"delta":{"content":"按照","role":"assistant"},"finish_reason":null,"native_finish_reason":null}]}


PARSED: {"id":"gen-1783158650-6fMKVkLglsFk7xQKrVEy","object":"chat.completion.chunk","created":1783158650,"model":"deepseek/deepseek-v4-flash-20260423","provider":"GMICloud","choices":[{"index":0,"delta":{"content":"按照","role":"assistant"},"finish_reason":null,"native_finish_reason":null}]}
--- CHUNK 1783158676165 bytes=301 ---
data: {"id":"gen-1783158650-6fMKVkLglsFk7xQKrVEy","object":"chat.completion.chunk","created":1783158650,"model":"deepseek/deepseek-v4-flash-20260423","provider":"GMICloud","choices":[{"index":0,"delta":{"content":"步驟翻譯","role":"assistant"},"finish_reason":null,"native_finish_reason":null}]}


PARSED: {"id":"gen-1783158650-6fMKVkLglsFk7xQKrVEy","object":"chat.completion.chunk","created":1783158650,"model":"deepseek/deepseek-v4-flash-20260423","provider":"GMICloud","choices":[{"index":0,"delta":{"content":"步驟翻譯","role":"assistant"},"finish_reason":null,"native_finish_reason":null}]}
--- CHUNK 1783158676165 bytes=295 ---
data: {"id":"gen-1783158650-6fMKVkLglsFk7xQKrVEy","object":"chat.completion.chunk","created":1783158650,"model":"deepseek/deepseek-v4-flash-20260423","provider":"GMICloud","choices":[{"index":0,"delta":{"content":"並回","role":"assistant"},"finish_reason":null,"native_finish_reason":null}]}


PARSED: {"id":"gen-1783158650-6fMKVkLglsFk7xQKrVEy","object":"chat.completion.chunk","created":1783158650,"model":"deepseek/deepseek-v4-flash-20260423","provider":"GMICloud","choices":[{"index":0,"delta":{"content":"並回","role":"assistant"},"finish_reason":null,"native_finish_reason":null}]}
--- CHUNK 1783158676172 bytes=298 ---
data: {"id":"gen-1783158650-6fMKVkLglsFk7xQKrVEy","object":"chat.completion.chunk","created":1783158650,"model":"deepseek/deepseek-v4-flash-20260423","provider":"GMICloud","choices":[{"index":0,"delta":{"content":"傳結果","role":"assistant"},"finish_reason":null,"native_finish_reason":null}]}


PARSED: {"id":"gen-1783158650-6fMKVkLglsFk7xQKrVEy","object":"chat.completion.chunk","created":1783158650,"model":"deepseek/deepseek-v4-flash-20260423","provider":"GMICloud","choices":[{"index":0,"delta":{"content":"傳結果","role":"assistant"},"finish_reason":null,"native_finish_reason":null}]}
--- CHUNK 1783158676172 bytes=291 ---
data: {"id":"gen-1783158650-6fMKVkLglsFk7xQKrVEy","object":"chat.completion.chunk","created":1783158650,"model":"deepseek/deepseek-v4-flash-20260423","provider":"GMICloud","choices":[{"index":0,"delta":{"content":"\n","role":"assistant"},"finish_reason":null,"native_finish_reason":null}]}


PARSED: {"id":"gen-1783158650-6fMKVkLglsFk7xQKrVEy","object":"chat.completion.chunk","created":1783158650,"model":"deepseek/deepseek-v4-flash-20260423","provider":"GMICloud","choices":[{"index":0,"delta":{"content":"\n","role":"assistant"},"finish_reason":null,"native_finish_reason":null}]}
--- CHUNK 1783158676172 bytes=293 ---
data: {"id":"gen-1783158650-6fMKVkLglsFk7xQKrVEy","object":"chat.completion.chunk","created":1783158650,"model":"deepseek/deepseek-v4-flash-20260423","provider":"GMICloud","choices":[{"index":0,"delta":{"content":"   -","role":"assistant"},"finish_reason":null,"native_finish_reason":null}]}


PARSED: {"id":"gen-1783158650-6fMKVkLglsFk7xQKrVEy","object":"chat.completion.chunk","created":1783158650,"model":"deepseek/deepseek-v4-flash-20260423","provider":"GMICloud","choices":[{"index":0,"delta":{"content":"   -","role":"assistant"},"finish_reason":null,"native_finish_reason":null}]}
--- CHUNK 1783158676172 bytes=594 ---
data: {"id":"gen-1783158650-6fMKVkLglsFk7xQKrVEy","object":"chat.completion.chunk","created":1783158650,"model":"deepseek/deepseek-v4-flash-20260423","provider":"GMICloud","choices":[{"index":0,"delta":{"content":" 輸出","role":"assistant"},"finish_reason":null,"native_finish_reason":null}]}

data: {"id":"gen-1783158650-6fMKVkLglsFk7xQKrVEy","object":"chat.completion.chunk","created":1783158650,"model":"deepseek/deepseek-v4-flash-20260423","provider":"GMICloud","choices":[{"index":0,"delta":{"content":"結構化","role":"assistant"},"finish_reason":null,"native_finish_reason":null}]}


PARSED: {"id":"gen-1783158650-6fMKVkLglsFk7xQKrVEy","object":"chat.completion.chunk","created":1783158650,"model":"deepseek/deepseek-v4-flash-20260423","provider":"GMICloud","choices":[{"index":0,"delta":{"content":" 輸出","role":"assistant"},"finish_reason":null,"native_finish_reason":null}]}
PARSED: {"id":"gen-1783158650-6fMKVkLglsFk7xQKrVEy","object":"chat.completion.chunk","created":1783158650,"model":"deepseek/deepseek-v4-flash-20260423","provider":"GMICloud","choices":[{"index":0,"delta":{"content":"結構化","role":"assistant"},"finish_reason":null,"native_finish_reason":null}]}
--- CHUNK 1783158676210 bytes=295 ---
data: {"id":"gen-1783158650-6fMKVkLglsFk7xQKrVEy","object":"chat.completion.chunk","created":1783158650,"model":"deepseek/deepseek-v4-flash-20260423","provider":"GMICloud","choices":[{"index":0,"delta":{"content":"結果","role":"assistant"},"finish_reason":null,"native_finish_reason":null}]}


PARSED: {"id":"gen-1783158650-6fMKVkLglsFk7xQKrVEy","object":"chat.completion.chunk","created":1783158650,"model":"deepseek/deepseek-v4-flash-20260423","provider":"GMICloud","choices":[{"index":0,"delta":{"content":"結果","role":"assistant"},"finish_reason":null,"native_finish_reason":null}]}
--- CHUNK 1783158676214 bytes=293 ---
data: {"id":"gen-1783158650-6fMKVkLglsFk7xQKrVEy","object":"chat.completion.chunk","created":1783158650,"model":"deepseek/deepseek-v4-flash-20260423","provider":"GMICloud","choices":[{"index":0,"delta":{"content":"：`","role":"assistant"},"finish_reason":null,"native_finish_reason":null}]}


PARSED: {"id":"gen-1783158650-6fMKVkLglsFk7xQKrVEy","object":"chat.completion.chunk","created":1783158650,"model":"deepseek/deepseek-v4-flash-20260423","provider":"GMICloud","choices":[{"index":0,"delta":{"content":"：`","role":"assistant"},"finish_reason":null,"native_finish_reason":null}]}
--- CHUNK 1783158676219 bytes=299 ---
data: {"id":"gen-1783158650-6fMKVkLglsFk7xQKrVEy","object":"chat.completion.chunk","created":1783158650,"model":"deepseek/deepseek-v4-flash-20260423","provider":"GMICloud","choices":[{"index":0,"delta":{"content":"{ original","role":"assistant"},"finish_reason":null,"native_finish_reason":null}]}


PARSED: {"id":"gen-1783158650-6fMKVkLglsFk7xQKrVEy","object":"chat.completion.chunk","created":1783158650,"model":"deepseek/deepseek-v4-flash-20260423","provider":"GMICloud","choices":[{"index":0,"delta":{"content":"{ original","role":"assistant"},"finish_reason":null,"native_finish_reason":null}]}
--- CHUNK 1783158676243 bytes=290 ---
data: {"id":"gen-1783158650-6fMKVkLglsFk7xQKrVEy","object":"chat.completion.chunk","created":1783158650,"model":"deepseek/deepseek-v4-flash-20260423","provider":"GMICloud","choices":[{"index":0,"delta":{"content":",","role":"assistant"},"finish_reason":null,"native_finish_reason":null}]}


PARSED: {"id":"gen-1783158650-6fMKVkLglsFk7xQKrVEy","object":"chat.completion.chunk","created":1783158650,"model":"deepseek/deepseek-v4-flash-20260423","provider":"GMICloud","choices":[{"index":0,"delta":{"content":",","role":"assistant"},"finish_reason":null,"native_finish_reason":null}]}
--- CHUNK 1783158676249 bytes=302 ---
data: {"id":"gen-1783158650-6fMKVkLglsFk7xQKrVEy","object":"chat.completion.chunk","created":1783158650,"model":"deepseek/deepseek-v4-flash-20260423","provider":"GMICloud","choices":[{"index":0,"delta":{"content":" translation,","role":"assistant"},"finish_reason":null,"native_finish_reason":null}]}


PARSED: {"id":"gen-1783158650-6fMKVkLglsFk7xQKrVEy","object":"chat.completion.chunk","created":1783158650,"model":"deepseek/deepseek-v4-flash-20260423","provider":"GMICloud","choices":[{"index":0,"delta":{"content":" translation,","role":"assistant"},"finish_reason":null,"native_finish_reason":null}]}
--- CHUNK 1783158676255 bytes=300 ---
data: {"id":"gen-1783158650-6fMKVkLglsFk7xQKrVEy","object":"chat.completion.chunk","created":1783158650,"model":"deepseek/deepseek-v4-flash-20260423","provider":"GMICloud","choices":[{"index":0,"delta":{"content":" language }","role":"assistant"},"finish_reason":null,"native_finish_reason":null}]}


PARSED: {"id":"gen-1783158650-6fMKVkLglsFk7xQKrVEy","object":"chat.completion.chunk","created":1783158650,"model":"deepseek/deepseek-v4-flash-20260423","provider":"GMICloud","choices":[{"index":0,"delta":{"content":" language }","role":"assistant"},"finish_reason":null,"native_finish_reason":null}]}
--- CHUNK 1783158676272 bytes=301 ---
data: {"id":"gen-1783158650-6fMKVkLglsFk7xQKrVEy","object":"chat.completion.chunk","created":1783158650,"model":"deepseek/deepseek-v4-flash-20260423","provider":"GMICloud","choices":[{"index":0,"delta":{"content":"`\n\n---\n\n","role":"assistant"},"finish_reason":null,"native_finish_reason":null}]}


PARSED: {"id":"gen-1783158650-6fMKVkLglsFk7xQKrVEy","object":"chat.completion.chunk","created":1783158650,"model":"deepseek/deepseek-v4-flash-20260423","provider":"GMICloud","choices":[{"index":0,"delta":{"content":"`\n\n---\n\n","role":"assistant"},"finish_reason":null,"native_finish_reason":null}]}
--- CHUNK 1783158676274 bytes=292 ---
data: {"id":"gen-1783158650-6fMKVkLglsFk7xQKrVEy","object":"chat.completion.chunk","created":1783158650,"model":"deepseek/deepseek-v4-flash-20260423","provider":"GMICloud","choices":[{"index":0,"delta":{"content":"## ","role":"assistant"},"finish_reason":null,"native_finish_reason":null}]}


PARSED: {"id":"gen-1783158650-6fMKVkLglsFk7xQKrVEy","object":"chat.completion.chunk","created":1783158650,"model":"deepseek/deepseek-v4-flash-20260423","provider":"GMICloud","choices":[{"index":0,"delta":{"content":"## ","role":"assistant"},"finish_reason":null,"native_finish_reason":null}]}
--- CHUNK 1783158676279 bytes=295 ---
data: {"id":"gen-1783158650-6fMKVkLglsFk7xQKrVEy","object":"chat.completion.chunk","created":1783158650,"model":"deepseek/deepseek-v4-flash-20260423","provider":"GMICloud","choices":[{"index":0,"delta":{"content":"五、","role":"assistant"},"finish_reason":null,"native_finish_reason":null}]}


PARSED: {"id":"gen-1783158650-6fMKVkLglsFk7xQKrVEy","object":"chat.completion.chunk","created":1783158650,"model":"deepseek/deepseek-v4-flash-20260423","provider":"GMICloud","choices":[{"index":0,"delta":{"content":"五、","role":"assistant"},"finish_reason":null,"native_finish_reason":null}]}
--- CHUNK 1783158676329 bytes=295 ---
data: {"id":"gen-1783158650-6fMKVkLglsFk7xQKrVEy","object":"chat.completion.chunk","created":1783158650,"model":"deepseek/deepseek-v4-flash-20260423","provider":"GMICloud","choices":[{"index":0,"delta":{"content":"技術","role":"assistant"},"finish_reason":null,"native_finish_reason":null}]}


PARSED: {"id":"gen-1783158650-6fMKVkLglsFk7xQKrVEy","object":"chat.completion.chunk","created":1783158650,"model":"deepseek/deepseek-v4-flash-20260423","provider":"GMICloud","choices":[{"index":0,"delta":{"content":"技術","role":"assistant"},"finish_reason":null,"native_finish_reason":null}]}
--- CHUNK 1783158676334 bytes=301 ---
data: {"id":"gen-1783158650-6fMKVkLglsFk7xQKrVEy","object":"chat.completion.chunk","created":1783158650,"model":"deepseek/deepseek-v4-flash-20260423","provider":"GMICloud","choices":[{"index":0,"delta":{"content":"關鍵檔案","role":"assistant"},"finish_reason":null,"native_finish_reason":null}]}


PARSED: {"id":"gen-1783158650-6fMKVkLglsFk7xQKrVEy","object":"chat.completion.chunk","created":1783158650,"model":"deepseek/deepseek-v4-flash-20260423","provider":"GMICloud","choices":[{"index":0,"delta":{"content":"關鍵檔案","role":"assistant"},"finish_reason":null,"native_finish_reason":null}]}
--- CHUNK 1783158676337 bytes=295 ---
data: {"id":"gen-1783158650-6fMKVkLglsFk7xQKrVEy","object":"chat.completion.chunk","created":1783158650,"model":"deepseek/deepseek-v4-flash-20260423","provider":"GMICloud","choices":[{"index":0,"delta":{"content":"一覽","role":"assistant"},"finish_reason":null,"native_finish_reason":null}]}


PARSED: {"id":"gen-1783158650-6fMKVkLglsFk7xQKrVEy","object":"chat.completion.chunk","created":1783158650,"model":"deepseek/deepseek-v4-flash-20260423","provider":"GMICloud","choices":[{"index":0,"delta":{"content":"一覽","role":"assistant"},"finish_reason":null,"native_finish_reason":null}]}
--- CHUNK 1783158676370 bytes=293 ---
data: {"id":"gen-1783158650-6fMKVkLglsFk7xQKrVEy","object":"chat.completion.chunk","created":1783158650,"model":"deepseek/deepseek-v4-flash-20260423","provider":"GMICloud","choices":[{"index":0,"delta":{"content":"\n\n","role":"assistant"},"finish_reason":null,"native_finish_reason":null}]}


PARSED: {"id":"gen-1783158650-6fMKVkLglsFk7xQKrVEy","object":"chat.completion.chunk","created":1783158650,"model":"deepseek/deepseek-v4-flash-20260423","provider":"GMICloud","choices":[{"index":0,"delta":{"content":"\n\n","role":"assistant"},"finish_reason":null,"native_finish_reason":null}]}
--- CHUNK 1783158676385 bytes=291 ---
data: {"id":"gen-1783158650-6fMKVkLglsFk7xQKrVEy","object":"chat.completion.chunk","created":1783158650,"model":"deepseek/deepseek-v4-flash-20260423","provider":"GMICloud","choices":[{"index":0,"delta":{"content":"| ","role":"assistant"},"finish_reason":null,"native_finish_reason":null}]}


PARSED: {"id":"gen-1783158650-6fMKVkLglsFk7xQKrVEy","object":"chat.completion.chunk","created":1783158650,"model":"deepseek/deepseek-v4-flash-20260423","provider":"GMICloud","choices":[{"index":0,"delta":{"content":"| ","role":"assistant"},"finish_reason":null,"native_finish_reason":null}]}
--- CHUNK 1783158676386 bytes=298 ---
data: {"id":"gen-1783158650-6fMKVkLglsFk7xQKrVEy","object":"chat.completion.chunk","created":1783158650,"model":"deepseek/deepseek-v4-flash-20260423","provider":"GMICloud","choices":[{"index":0,"delta":{"content":"檔案路","role":"assistant"},"finish_reason":null,"native_finish_reason":null}]}


PARSED: {"id":"gen-1783158650-6fMKVkLglsFk7xQKrVEy","object":"chat.completion.chunk","created":1783158650,"model":"deepseek/deepseek-v4-flash-20260423","provider":"GMICloud","choices":[{"index":0,"delta":{"content":"檔案路","role":"assistant"},"finish_reason":null,"native_finish_reason":null}]}
--- CHUNK 1783158676388 bytes=294 ---
data: {"id":"gen-1783158650-6fMKVkLglsFk7xQKrVEy","object":"chat.completion.chunk","created":1783158650,"model":"deepseek/deepseek-v4-flash-20260423","provider":"GMICloud","choices":[{"index":0,"delta":{"content":"徑 |","role":"assistant"},"finish_reason":null,"native_finish_reason":null}]}


PARSED: {"id":"gen-1783158650-6fMKVkLglsFk7xQKrVEy","object":"chat.completion.chunk","created":1783158650,"model":"deepseek/deepseek-v4-flash-20260423","provider":"GMICloud","choices":[{"index":0,"delta":{"content":"徑 |","role":"assistant"},"finish_reason":null,"native_finish_reason":null}]}
--- CHUNK 1783158676415 bytes=290 ---
data: {"id":"gen-1783158650-6fMKVkLglsFk7xQKrVEy","object":"chat.completion.chunk","created":1783158650,"model":"deepseek/deepseek-v4-flash-20260423","provider":"GMICloud","choices":[{"index":0,"delta":{"content":" ","role":"assistant"},"finish_reason":null,"native_finish_reason":null}]}


PARSED: {"id":"gen-1783158650-6fMKVkLglsFk7xQKrVEy","object":"chat.completion.chunk","created":1783158650,"model":"deepseek/deepseek-v4-flash-20260423","provider":"GMICloud","choices":[{"index":0,"delta":{"content":" ","role":"assistant"},"finish_reason":null,"native_finish_reason":null}]}
--- CHUNK 1783158676416 bytes=299 ---
data: {"id":"gen-1783158650-6fMKVkLglsFk7xQKrVEy","object":"chat.completion.chunk","created":1783158650,"model":"deepseek/deepseek-v4-flash-20260423","provider":"GMICloud","choices":[{"index":0,"delta":{"content":"作用 |\n","role":"assistant"},"finish_reason":null,"native_finish_reason":null}]}


PARSED: {"id":"gen-1783158650-6fMKVkLglsFk7xQKrVEy","object":"chat.completion.chunk","created":1783158650,"model":"deepseek/deepseek-v4-flash-20260423","provider":"GMICloud","choices":[{"index":0,"delta":{"content":"作用 |\n","role":"assistant"},"finish_reason":null,"native_finish_reason":null}]}
--- CHUNK 1783158676422 bytes=300 ---
data: {"id":"gen-1783158650-6fMKVkLglsFk7xQKrVEy","object":"chat.completion.chunk","created":1783158650,"model":"deepseek/deepseek-v4-flash-20260423","provider":"GMICloud","choices":[{"index":0,"delta":{"content":"|----------","role":"assistant"},"finish_reason":null,"native_finish_reason":null}]}


PARSED: {"id":"gen-1783158650-6fMKVkLglsFk7xQKrVEy","object":"chat.completion.chunk","created":1783158650,"model":"deepseek/deepseek-v4-flash-20260423","provider":"GMICloud","choices":[{"index":0,"delta":{"content":"|----------","role":"assistant"},"finish_reason":null,"native_finish_reason":null}]}
--- CHUNK 1783158676441 bytes=296 ---
data: {"id":"gen-1783158650-6fMKVkLglsFk7xQKrVEy","object":"chat.completion.chunk","created":1783158650,"model":"deepseek/deepseek-v4-flash-20260423","provider":"GMICloud","choices":[{"index":0,"delta":{"content":"|------","role":"assistant"},"finish_reason":null,"native_finish_reason":null}]}


PARSED: {"id":"gen-1783158650-6fMKVkLglsFk7xQKrVEy","object":"chat.completion.chunk","created":1783158650,"model":"deepseek/deepseek-v4-flash-20260423","provider":"GMICloud","choices":[{"index":0,"delta":{"content":"|------","role":"assistant"},"finish_reason":null,"native_finish_reason":null}]}
--- CHUNK 1783158676456 bytes=293 ---
data: {"id":"gen-1783158650-6fMKVkLglsFk7xQKrVEy","object":"chat.completion.chunk","created":1783158650,"model":"deepseek/deepseek-v4-flash-20260423","provider":"GMICloud","choices":[{"index":0,"delta":{"content":"|\n|","role":"assistant"},"finish_reason":null,"native_finish_reason":null}]}


PARSED: {"id":"gen-1783158650-6fMKVkLglsFk7xQKrVEy","object":"chat.completion.chunk","created":1783158650,"model":"deepseek/deepseek-v4-flash-20260423","provider":"GMICloud","choices":[{"index":0,"delta":{"content":"|\n|","role":"assistant"},"finish_reason":null,"native_finish_reason":null}]}
--- CHUNK 1783158676456 bytes=295 ---
data: {"id":"gen-1783158650-6fMKVkLglsFk7xQKrVEy","object":"chat.completion.chunk","created":1783158650,"model":"deepseek/deepseek-v4-flash-20260423","provider":"GMICloud","choices":[{"index":0,"delta":{"content":" `pack","role":"assistant"},"finish_reason":null,"native_finish_reason":null}]}


PARSED: {"id":"gen-1783158650-6fMKVkLglsFk7xQKrVEy","object":"chat.completion.chunk","created":1783158650,"model":"deepseek/deepseek-v4-flash-20260423","provider":"GMICloud","choices":[{"index":0,"delta":{"content":" `pack","role":"assistant"},"finish_reason":null,"native_finish_reason":null}]}
--- CHUNK 1783158676476 bytes=300 ---
data: {"id":"gen-1783158650-6fMKVkLglsFk7xQKrVEy","object":"chat.completion.chunk","created":1783158650,"model":"deepseek/deepseek-v4-flash-20260423","provider":"GMICloud","choices":[{"index":0,"delta":{"content":"ages/server","role":"assistant"},"finish_reason":null,"native_finish_reason":null}]}


PARSED: {"id":"gen-1783158650-6fMKVkLglsFk7xQKrVEy","object":"chat.completion.chunk","created":1783158650,"model":"deepseek/deepseek-v4-flash-20260423","provider":"GMICloud","choices":[{"index":0,"delta":{"content":"ages/server","role":"assistant"},"finish_reason":null,"native_finish_reason":null}]}
--- CHUNK 1783158676479 bytes=294 ---
data: {"id":"gen-1783158650-6fMKVkLglsFk7xQKrVEy","object":"chat.completion.chunk","created":1783158650,"model":"deepseek/deepseek-v4-flash-20260423","provider":"GMICloud","choices":[{"index":0,"delta":{"content":"/src/","role":"assistant"},"finish_reason":null,"native_finish_reason":null}]}


PARSED: {"id":"gen-1783158650-6fMKVkLglsFk7xQKrVEy","object":"chat.completion.chunk","created":1783158650,"model":"deepseek/deepseek-v4-flash-20260423","provider":"GMICloud","choices":[{"index":0,"delta":{"content":"/src/","role":"assistant"},"finish_reason":null,"native_finish_reason":null}]}
--- CHUNK 1783158676484 bytes=303 ---
data: {"id":"gen-1783158650-6fMKVkLglsFk7xQKrVEy","object":"chat.completion.chunk","created":1783158650,"model":"deepseek/deepseek-v4-flash-20260423","provider":"GMICloud","choices":[{"index":0,"delta":{"content":"context-engine","role":"assistant"},"finish_reason":null,"native_finish_reason":null}]}


PARSED: {"id":"gen-1783158650-6fMKVkLglsFk7xQKrVEy","object":"chat.completion.chunk","created":1783158650,"model":"deepseek/deepseek-v4-flash-20260423","provider":"GMICloud","choices":[{"index":0,"delta":{"content":"context-engine","role":"assistant"},"finish_reason":null,"native_finish_reason":null}]}
--- CHUNK 1783158676527 bytes=293 ---
data: {"id":"gen-1783158650-6fMKVkLglsFk7xQKrVEy","object":"chat.completion.chunk","created":1783158650,"model":"deepseek/deepseek-v4-flash-20260423","provider":"GMICloud","choices":[{"index":0,"delta":{"content":".mjs","role":"assistant"},"finish_reason":null,"native_finish_reason":null}]}


PARSED: {"id":"gen-1783158650-6fMKVkLglsFk7xQKrVEy","object":"chat.completion.chunk","created":1783158650,"model":"deepseek/deepseek-v4-flash-20260423","provider":"GMICloud","choices":[{"index":0,"delta":{"content":".mjs","role":"assistant"},"finish_reason":null,"native_finish_reason":null}]}
--- CHUNK 1783158676532 bytes=292 ---
data: {"id":"gen-1783158650-6fMKVkLglsFk7xQKrVEy","object":"chat.completion.chunk","created":1783158650,"model":"deepseek/deepseek-v4-flash-20260423","provider":"GMICloud","choices":[{"index":0,"delta":{"content":"` |","role":"assistant"},"finish_reason":null,"native_finish_reason":null}]}


PARSED: {"id":"gen-1783158650-6fMKVkLglsFk7xQKrVEy","object":"chat.completion.chunk","created":1783158650,"model":"deepseek/deepseek-v4-flash-20260423","provider":"GMICloud","choices":[{"index":0,"delta":{"content":"` |","role":"assistant"},"finish_reason":null,"native_finish_reason":null}]}
--- CHUNK 1783158676534 bytes=301 ---
data: {"id":"gen-1783158650-6fMKVkLglsFk7xQKrVEy","object":"chat.completion.chunk","created":1783158650,"model":"deepseek/deepseek-v4-flash-20260423","provider":"GMICloud","choices":[{"index":0,"delta":{"content":" ★ Context","role":"assistant"},"finish_reason":null,"native_finish_reason":null}]}


PARSED: {"id":"gen-1783158650-6fMKVkLglsFk7xQKrVEy","object":"chat.completion.chunk","created":1783158650,"model":"deepseek/deepseek-v4-flash-20260423","provider":"GMICloud","choices":[{"index":0,"delta":{"content":" ★ Context","role":"assistant"},"finish_reason":null,"native_finish_reason":null}]}
--- CHUNK 1783158676554 bytes=290 ---
data: {"id":"gen-1783158650-6fMKVkLglsFk7xQKrVEy","object":"chat.completion.chunk","created":1783158650,"model":"deepseek/deepseek-v4-flash-20260423","provider":"GMICloud","choices":[{"index":0,"delta":{"content":" ","role":"assistant"},"finish_reason":null,"native_finish_reason":null}]}


PARSED: {"id":"gen-1783158650-6fMKVkLglsFk7xQKrVEy","object":"chat.completion.chunk","created":1783158650,"model":"deepseek/deepseek-v4-flash-20260423","provider":"GMICloud","choices":[{"index":0,"delta":{"content":" ","role":"assistant"},"finish_reason":null,"native_finish_reason":null}]}
--- CHUNK 1783158676557 bytes=295 ---
data: {"id":"gen-1783158650-6fMKVkLglsFk7xQKrVEy","object":"chat.completion.chunk","created":1783158650,"model":"deepseek/deepseek-v4-flash-20260423","provider":"GMICloud","choices":[{"index":0,"delta":{"content":"組裝","role":"assistant"},"finish_reason":null,"native_finish_reason":null}]}


PARSED: {"id":"gen-1783158650-6fMKVkLglsFk7xQKrVEy","object":"chat.completion.chunk","created":1783158650,"model":"deepseek/deepseek-v4-flash-20260423","provider":"GMICloud","choices":[{"index":0,"delta":{"content":"組裝","role":"assistant"},"finish_reason":null,"native_finish_reason":null}]}
--- CHUNK 1783158676564 bytes=293 ---
data: {"id":"gen-1783158650-6fMKVkLglsFk7xQKrVEy","object":"chat.completion.chunk","created":1783158650,"model":"deepseek/deepseek-v4-flash-20260423","provider":"GMICloud","choices":[{"index":0,"delta":{"content":"（`","role":"assistant"},"finish_reason":null,"native_finish_reason":null}]}


PARSED: {"id":"gen-1783158650-6fMKVkLglsFk7xQKrVEy","object":"chat.completion.chunk","created":1783158650,"model":"deepseek/deepseek-v4-flash-20260423","provider":"GMICloud","choices":[{"index":0,"delta":{"content":"（`","role":"assistant"},"finish_reason":null,"native_finish_reason":null}]}
--- CHUNK 1783158676585 bytes=290 ---
data: {"id":"gen-1783158650-6fMKVkLglsFk7xQKrVEy","object":"chat.completion.chunk","created":1783158650,"model":"deepseek/deepseek-v4-flash-20260423","provider":"GMICloud","choices":[{"index":0,"delta":{"content":"_","role":"assistant"},"finish_reason":null,"native_finish_reason":null}]}


PARSED: {"id":"gen-1783158650-6fMKVkLglsFk7xQKrVEy","object":"chat.completion.chunk","created":1783158650,"model":"deepseek/deepseek-v4-flash-20260423","provider":"GMICloud","choices":[{"index":0,"delta":{"content":"_","role":"assistant"},"finish_reason":null,"native_finish_reason":null}]}
--- CHUNK 1783158676585 bytes=299 ---
data: {"id":"gen-1783158650-6fMKVkLglsFk7xQKrVEy","object":"chat.completion.chunk","created":1783158650,"model":"deepseek/deepseek-v4-flash-20260423","provider":"GMICloud","choices":[{"index":0,"delta":{"content":"buildSkill","role":"assistant"},"finish_reason":null,"native_finish_reason":null}]}


PARSED: {"id":"gen-1783158650-6fMKVkLglsFk7xQKrVEy","object":"chat.completion.chunk","created":1783158650,"model":"deepseek/deepseek-v4-flash-20260423","provider":"GMICloud","choices":[{"index":0,"delta":{"content":"buildSkill","role":"assistant"},"finish_reason":null,"native_finish_reason":null}]}
--- CHUNK 1783158676590 bytes=296 ---
data: {"id":"gen-1783158650-6fMKVkLglsFk7xQKrVEy","object":"chat.completion.chunk","created":1783158650,"model":"deepseek/deepseek-v4-flash-20260423","provider":"GMICloud","choices":[{"index":0,"delta":{"content":"Exec()`","role":"assistant"},"finish_reason":null,"native_finish_reason":null}]}


PARSED: {"id":"gen-1783158650-6fMKVkLglsFk7xQKrVEy","object":"chat.completion.chunk","created":1783158650,"model":"deepseek/deepseek-v4-flash-20260423","provider":"GMICloud","choices":[{"index":0,"delta":{"content":"Exec()`","role":"assistant"},"finish_reason":null,"native_finish_reason":null}]}
--- CHUNK 1783158676623 bytes=290 ---
data: {"id":"gen-1783158650-6fMKVkLglsFk7xQKrVEy","object":"chat.completion.chunk","created":1783158650,"model":"deepseek/deepseek-v4-flash-20260423","provider":"GMICloud","choices":[{"index":0,"delta":{"content":" ","role":"assistant"},"finish_reason":null,"native_finish_reason":null}]}


PARSED: {"id":"gen-1783158650-6fMKVkLglsFk7xQKrVEy","object":"chat.completion.chunk","created":1783158650,"model":"deepseek/deepseek-v4-flash-20260423","provider":"GMICloud","choices":[{"index":0,"delta":{"content":" ","role":"assistant"},"finish_reason":null,"native_finish_reason":null}]}
--- CHUNK 1783158676628 bytes=298 ---
data: {"id":"gen-1783158650-6fMKVkLglsFk7xQKrVEy","object":"chat.completion.chunk","created":1783158650,"model":"deepseek/deepseek-v4-flash-20260423","provider":"GMICloud","choices":[{"index":0,"delta":{"content":"方法）","role":"assistant"},"finish_reason":null,"native_finish_reason":null}]}


PARSED: {"id":"gen-1783158650-6fMKVkLglsFk7xQKrVEy","object":"chat.completion.chunk","created":1783158650,"model":"deepseek/deepseek-v4-flash-20260423","provider":"GMICloud","choices":[{"index":0,"delta":{"content":"方法）","role":"assistant"},"finish_reason":null,"native_finish_reason":null}]}
--- CHUNK 1783158676633 bytes=294 ---
data: {"id":"gen-1783158650-6fMKVkLglsFk7xQKrVEy","object":"chat.completion.chunk","created":1783158650,"model":"deepseek/deepseek-v4-flash-20260423","provider":"GMICloud","choices":[{"index":0,"delta":{"content":" |\n|","role":"assistant"},"finish_reason":null,"native_finish_reason":null}]}


PARSED: {"id":"gen-1783158650-6fMKVkLglsFk7xQKrVEy","object":"chat.completion.chunk","created":1783158650,"model":"deepseek/deepseek-v4-flash-20260423","provider":"GMICloud","choices":[{"index":0,"delta":{"content":" |\n|","role":"assistant"},"finish_reason":null,"native_finish_reason":null}]}
--- CHUNK 1783158676639 bytes=295 ---
data: {"id":"gen-1783158650-6fMKVkLglsFk7xQKrVEy","object":"chat.completion.chunk","created":1783158650,"model":"deepseek/deepseek-v4-flash-20260423","provider":"GMICloud","choices":[{"index":0,"delta":{"content":" `pack","role":"assistant"},"finish_reason":null,"native_finish_reason":null}]}


PARSED: {"id":"gen-1783158650-6fMKVkLglsFk7xQKrVEy","object":"chat.completion.chunk","created":1783158650,"model":"deepseek/deepseek-v4-flash-20260423","provider":"GMICloud","choices":[{"index":0,"delta":{"content":" `pack","role":"assistant"},"finish_reason":null,"native_finish_reason":null}]}
--- CHUNK 1783158676644 bytes=300 ---
data: {"id":"gen-1783158650-6fMKVkLglsFk7xQKrVEy","object":"chat.completion.chunk","created":1783158650,"model":"deepseek/deepseek-v4-flash-20260423","provider":"GMICloud","choices":[{"index":0,"delta":{"content":"ages/server","role":"assistant"},"finish_reason":null,"native_finish_reason":null}]}


PARSED: {"id":"gen-1783158650-6fMKVkLglsFk7xQKrVEy","object":"chat.completion.chunk","created":1783158650,"model":"deepseek/deepseek-v4-flash-20260423","provider":"GMICloud","choices":[{"index":0,"delta":{"content":"ages/server","role":"assistant"},"finish_reason":null,"native_finish_reason":null}]}
--- CHUNK 1783158676646 bytes=297 ---
data: {"id":"gen-1783158650-6fMKVkLglsFk7xQKrVEy","object":"chat.completion.chunk","created":1783158650,"model":"deepseek/deepseek-v4-flash-20260423","provider":"GMICloud","choices":[{"index":0,"delta":{"content":"/src/lib","role":"assistant"},"finish_reason":null,"native_finish_reason":null}]}


PARSED: {"id":"gen-1783158650-6fMKVkLglsFk7xQKrVEy","object":"chat.completion.chunk","created":1783158650,"model":"deepseek/deepseek-v4-flash-20260423","provider":"GMICloud","choices":[{"index":0,"delta":{"content":"/src/lib","role":"assistant"},"finish_reason":null,"native_finish_reason":null}]}
--- CHUNK 1783158676668 bytes=290 ---
data: {"id":"gen-1783158650-6fMKVkLglsFk7xQKrVEy","object":"chat.completion.chunk","created":1783158650,"model":"deepseek/deepseek-v4-flash-20260423","provider":"GMICloud","choices":[{"index":0,"delta":{"content":"/","role":"assistant"},"finish_reason":null,"native_finish_reason":null}]}


PARSED: {"id":"gen-1783158650-6fMKVkLglsFk7xQKrVEy","object":"chat.completion.chunk","created":1783158650,"model":"deepseek/deepseek-v4-flash-20260423","provider":"GMICloud","choices":[{"index":0,"delta":{"content":"/","role":"assistant"},"finish_reason":null,"native_finish_reason":null}]}
--- CHUNK 1783158676674 bytes=293 ---
data: {"id":"gen-1783158650-6fMKVkLglsFk7xQKrVEy","object":"chat.completion.chunk","created":1783158650,"model":"deepseek/deepseek-v4-flash-20260423","provider":"GMICloud","choices":[{"index":0,"delta":{"content":"paaw","role":"assistant"},"finish_reason":null,"native_finish_reason":null}]}


PARSED: {"id":"gen-1783158650-6fMKVkLglsFk7xQKrVEy","object":"chat.completion.chunk","created":1783158650,"model":"deepseek/deepseek-v4-flash-20260423","provider":"GMICloud","choices":[{"index":0,"delta":{"content":"paaw","role":"assistant"},"finish_reason":null,"native_finish_reason":null}]}
--- CHUNK 1783158676674 bytes=300 ---
data: {"id":"gen-1783158650-6fMKVkLglsFk7xQKrVEy","object":"chat.completion.chunk","created":1783158650,"model":"deepseek/deepseek-v4-flash-20260423","provider":"GMICloud","choices":[{"index":0,"delta":{"content":"-agent-loop","role":"assistant"},"finish_reason":null,"native_finish_reason":null}]}


PARSED: {"id":"gen-1783158650-6fMKVkLglsFk7xQKrVEy","object":"chat.completion.chunk","created":1783158650,"model":"deepseek/deepseek-v4-flash-20260423","provider":"GMICloud","choices":[{"index":0,"delta":{"content":"-agent-loop","role":"assistant"},"finish_reason":null,"native_finish_reason":null}]}
--- CHUNK 1783158676697 bytes=293 ---
data: {"id":"gen-1783158650-6fMKVkLglsFk7xQKrVEy","object":"chat.completion.chunk","created":1783158650,"model":"deepseek/deepseek-v4-flash-20260423","provider":"GMICloud","choices":[{"index":0,"delta":{"content":".mjs","role":"assistant"},"finish_reason":null,"native_finish_reason":null}]}


PARSED: {"id":"gen-1783158650-6fMKVkLglsFk7xQKrVEy","object":"chat.completion.chunk","created":1783158650,"model":"deepseek/deepseek-v4-flash-20260423","provider":"GMICloud","choices":[{"index":0,"delta":{"content":".mjs","role":"assistant"},"finish_reason":null,"native_finish_reason":null}]}
--- CHUNK 1783158676700 bytes=292 ---
data: {"id":"gen-1783158650-6fMKVkLglsFk7xQKrVEy","object":"chat.completion.chunk","created":1783158650,"model":"deepseek/deepseek-v4-flash-20260423","provider":"GMICloud","choices":[{"index":0,"delta":{"content":"` |","role":"assistant"},"finish_reason":null,"native_finish_reason":null}]}


PARSED: {"id":"gen-1783158650-6fMKVkLglsFk7xQKrVEy","object":"chat.completion.chunk","created":1783158650,"model":"deepseek/deepseek-v4-flash-20260423","provider":"GMICloud","choices":[{"index":0,"delta":{"content":"` |","role":"assistant"},"finish_reason":null,"native_finish_reason":null}]}
--- CHUNK 1783158676704 bytes=296 ---
data: {"id":"gen-1783158650-6fMKVkLglsFk7xQKrVEy","object":"chat.completion.chunk","created":1783158650,"model":"deepseek/deepseek-v4-flash-20260423","provider":"GMICloud","choices":[{"index":0,"delta":{"content":" ★ AI","role":"assistant"},"finish_reason":null,"native_finish_reason":null}]}


PARSED: {"id":"gen-1783158650-6fMKVkLglsFk7xQKrVEy","object":"chat.completion.chunk","created":1783158650,"model":"deepseek/deepseek-v4-flash-20260423","provider":"GMICloud","choices":[{"index":0,"delta":{"content":" ★ AI","role":"assistant"},"finish_reason":null,"native_finish_reason":null}]}
--- CHUNK 1783158676761 bytes=296 ---
data: {"id":"gen-1783158650-6fMKVkLglsFk7xQKrVEy","object":"chat.completion.chunk","created":1783158650,"model":"deepseek/deepseek-v4-flash-20260423","provider":"GMICloud","choices":[{"index":0,"delta":{"content":" 執行","role":"assistant"},"finish_reason":null,"native_finish_reason":null}]}


PARSED: {"id":"gen-1783158650-6fMKVkLglsFk7xQKrVEy","object":"chat.completion.chunk","created":1783158650,"model":"deepseek/deepseek-v4-flash-20260423","provider":"GMICloud","choices":[{"index":0,"delta":{"content":" 執行","role":"assistant"},"finish_reason":null,"native_finish_reason":null}]}
--- CHUNK 1783158676767 bytes=295 ---
data: {"id":"gen-1783158650-6fMKVkLglsFk7xQKrVEy","object":"chat.completion.chunk","created":1783158650,"model":"deepseek/deepseek-v4-flash-20260423","provider":"GMICloud","choices":[{"index":0,"delta":{"content":"迴圈","role":"assistant"},"finish_reason":null,"native_finish_reason":null}]}


PARSED: {"id":"gen-1783158650-6fMKVkLglsFk7xQKrVEy","object":"chat.completion.chunk","created":1783158650,"model":"deepseek/deepseek-v4-flash-20260423","provider":"GMICloud","choices":[{"index":0,"delta":{"content":"迴圈","role":"assistant"},"finish_reason":null,"native_finish_reason":null}]}
--- CHUNK 1783158676767 bytes=293 ---
data: {"id":"gen-1783158650-6fMKVkLglsFk7xQKrVEy","object":"chat.completion.chunk","created":1783158650,"model":"deepseek/deepseek-v4-flash-20260423","provider":"GMICloud","choices":[{"index":0,"delta":{"content":"（`","role":"assistant"},"finish_reason":null,"native_finish_reason":null}]}


PARSED: {"id":"gen-1783158650-6fMKVkLglsFk7xQKrVEy","object":"chat.completion.chunk","created":1783158650,"model":"deepseek/deepseek-v4-flash-20260423","provider":"GMICloud","choices":[{"index":0,"delta":{"content":"（`","role":"assistant"},"finish_reason":null,"native_finish_reason":null}]}
--- CHUNK 1783158676956 bytes=590 ---
data: {"id":"gen-1783158650-6fMKVkLglsFk7xQKrVEy","object":"chat.completion.chunk","created":1783158650,"model":"deepseek/deepseek-v4-flash-20260423","provider":"GMICloud","choices":[{"index":0,"delta":{"content":"run","role":"assistant"},"finish_reason":null,"native_finish_reason":null}]}

data: {"id":"gen-1783158650-6fMKVkLglsFk7xQKrVEy","object":"chat.completion.chunk","created":1783158650,"model":"deepseek/deepseek-v4-flash-20260423","provider":"GMICloud","choices":[{"index":0,"delta":{"content":"AgentLoop","role":"assistant"},"finish_reason":null,"native_finish_reason":null}]}


PARSED: {"id":"gen-1783158650-6fMKVkLglsFk7xQKrVEy","object":"chat.completion.chunk","created":1783158650,"model":"deepseek/deepseek-v4-flash-20260423","provider":"GMICloud","choices":[{"index":0,"delta":{"content":"run","role":"assistant"},"finish_reason":null,"native_finish_reason":null}]}
PARSED: {"id":"gen-1783158650-6fMKVkLglsFk7xQKrVEy","object":"chat.completion.chunk","created":1783158650,"model":"deepseek/deepseek-v4-flash-20260423","provider":"GMICloud","choices":[{"index":0,"delta":{"content":"AgentLoop","role":"assistant"},"finish_reason":null,"native_finish_reason":null}]}
--- CHUNK 1783158676957 bytes=295 ---
data: {"id":"gen-1783158650-6fMKVkLglsFk7xQKrVEy","object":"chat.completion.chunk","created":1783158650,"model":"deepseek/deepseek-v4-flash-20260423","provider":"GMICloud","choices":[{"index":0,"delta":{"content":"()`）","role":"assistant"},"finish_reason":null,"native_finish_reason":null}]}


PARSED: {"id":"gen-1783158650-6fMKVkLglsFk7xQKrVEy","object":"chat.completion.chunk","created":1783158650,"model":"deepseek/deepseek-v4-flash-20260423","provider":"GMICloud","choices":[{"index":0,"delta":{"content":"()`）","role":"assistant"},"finish_reason":null,"native_finish_reason":null}]}
--- CHUNK 1783158676959 bytes=294 ---
data: {"id":"gen-1783158650-6fMKVkLglsFk7xQKrVEy","object":"chat.completion.chunk","created":1783158650,"model":"deepseek/deepseek-v4-flash-20260423","provider":"GMICloud","choices":[{"index":0,"delta":{"content":" |\n|","role":"assistant"},"finish_reason":null,"native_finish_reason":null}]}


PARSED: {"id":"gen-1783158650-6fMKVkLglsFk7xQKrVEy","object":"chat.completion.chunk","created":1783158650,"model":"deepseek/deepseek-v4-flash-20260423","provider":"GMICloud","choices":[{"index":0,"delta":{"content":" |\n|","role":"assistant"},"finish_reason":null,"native_finish_reason":null}]}
--- CHUNK 1783158676997 bytes=291 ---
data: {"id":"gen-1783158650-6fMKVkLglsFk7xQKrVEy","object":"chat.completion.chunk","created":1783158650,"model":"deepseek/deepseek-v4-flash-20260423","provider":"GMICloud","choices":[{"index":0,"delta":{"content":" `","role":"assistant"},"finish_reason":null,"native_finish_reason":null}]}


PARSED: {"id":"gen-1783158650-6fMKVkLglsFk7xQKrVEy","object":"chat.completion.chunk","created":1783158650,"model":"deepseek/deepseek-v4-flash-20260423","provider":"GMICloud","choices":[{"index":0,"delta":{"content":" `","role":"assistant"},"finish_reason":null,"native_finish_reason":null}]}
--- CHUNK 1783158677002 bytes=297 ---
data: {"id":"gen-1783158650-6fMKVkLglsFk7xQKrVEy","object":"chat.completion.chunk","created":1783158650,"model":"deepseek/deepseek-v4-flash-20260423","provider":"GMICloud","choices":[{"index":0,"delta":{"content":"packages","role":"assistant"},"finish_reason":null,"native_finish_reason":null}]}


PARSED: {"id":"gen-1783158650-6fMKVkLglsFk7xQKrVEy","object":"chat.completion.chunk","created":1783158650,"model":"deepseek/deepseek-v4-flash-20260423","provider":"GMICloud","choices":[{"index":0,"delta":{"content":"packages","role":"assistant"},"finish_reason":null,"native_finish_reason":null}]}
--- CHUNK 1783158677021 bytes=300 ---
data: {"id":"gen-1783158650-6fMKVkLglsFk7xQKrVEy","object":"chat.completion.chunk","created":1783158650,"model":"deepseek/deepseek-v4-flash-20260423","provider":"GMICloud","choices":[{"index":0,"delta":{"content":"/server/src","role":"assistant"},"finish_reason":null,"native_finish_reason":null}]}


PARSED: {"id":"gen-1783158650-6fMKVkLglsFk7xQKrVEy","object":"chat.completion.chunk","created":1783158650,"model":"deepseek/deepseek-v4-flash-20260423","provider":"GMICloud","choices":[{"index":0,"delta":{"content":"/server/src","role":"assistant"},"finish_reason":null,"native_finish_reason":null}]}
--- CHUNK 1783158677040 bytes=291 ---
data: {"id":"gen-1783158650-6fMKVkLglsFk7xQKrVEy","object":"chat.completion.chunk","created":1783158650,"model":"deepseek/deepseek-v4-flash-20260423","provider":"GMICloud","choices":[{"index":0,"delta":{"content":"/r","role":"assistant"},"finish_reason":null,"native_finish_reason":null}]}


PARSED: {"id":"gen-1783158650-6fMKVkLglsFk7xQKrVEy","object":"chat.completion.chunk","created":1783158650,"model":"deepseek/deepseek-v4-flash-20260423","provider":"GMICloud","choices":[{"index":0,"delta":{"content":"/r","role":"assistant"},"finish_reason":null,"native_finish_reason":null}]}
--- CHUNK 1783158677041 bytes=299 ---
data: {"id":"gen-1783158650-6fMKVkLglsFk7xQKrVEy","object":"chat.completion.chunk","created":1783158650,"model":"deepseek/deepseek-v4-flash-20260423","provider":"GMICloud","choices":[{"index":0,"delta":{"content":"outes/work","role":"assistant"},"finish_reason":null,"native_finish_reason":null}]}


PARSED: {"id":"gen-1783158650-6fMKVkLglsFk7xQKrVEy","object":"chat.completion.chunk","created":1783158650,"model":"deepseek/deepseek-v4-flash-20260423","provider":"GMICloud","choices":[{"index":0,"delta":{"content":"outes/work","role":"assistant"},"finish_reason":null,"native_finish_reason":null}]}
--- CHUNK 1783158677049 bytes=295 ---
data: {"id":"gen-1783158650-6fMKVkLglsFk7xQKrVEy","object":"chat.completion.chunk","created":1783158650,"model":"deepseek/deepseek-v4-flash-20260423","provider":"GMICloud","choices":[{"index":0,"delta":{"content":"flow.m","role":"assistant"},"finish_reason":null,"native_finish_reason":null}]}


PARSED: {"id":"gen-1783158650-6fMKVkLglsFk7xQKrVEy","object":"chat.completion.chunk","created":1783158650,"model":"deepseek/deepseek-v4-flash-20260423","provider":"GMICloud","choices":[{"index":0,"delta":{"content":"flow.m","role":"assistant"},"finish_reason":null,"native_finish_reason":null}]}
--- CHUNK 1783158677057 bytes=291 ---
data: {"id":"gen-1783158650-6fMKVkLglsFk7xQKrVEy","object":"chat.completion.chunk","created":1783158650,"model":"deepseek/deepseek-v4-flash-20260423","provider":"GMICloud","choices":[{"index":0,"delta":{"content":"js","role":"assistant"},"finish_reason":null,"native_finish_reason":null}]}


PARSED: {"id":"gen-1783158650-6fMKVkLglsFk7xQKrVEy","object":"chat.completion.chunk","created":1783158650,"model":"deepseek/deepseek-v4-flash-20260423","provider":"GMICloud","choices":[{"index":0,"delta":{"content":"js","role":"assistant"},"finish_reason":null,"native_finish_reason":null}]}
--- CHUNK 1783158677063 bytes=292 ---
data: {"id":"gen-1783158650-6fMKVkLglsFk7xQKrVEy","object":"chat.completion.chunk","created":1783158650,"model":"deepseek/deepseek-v4-flash-20260423","provider":"GMICloud","choices":[{"index":0,"delta":{"content":"` |","role":"assistant"},"finish_reason":null,"native_finish_reason":null}]}


PARSED: {"id":"gen-1783158650-6fMKVkLglsFk7xQKrVEy","object":"chat.completion.chunk","created":1783158650,"model":"deepseek/deepseek-v4-flash-20260423","provider":"GMICloud","choices":[{"index":0,"delta":{"content":"` |","role":"assistant"},"finish_reason":null,"native_finish_reason":null}]}
--- CHUNK 1783158677066 bytes=300 ---
data: {"id":"gen-1783158650-6fMKVkLglsFk7xQKrVEy","object":"chat.completion.chunk","created":1783158650,"model":"deepseek/deepseek-v4-flash-20260423","provider":"GMICloud","choices":[{"index":0,"delta":{"content":" Skill Exec","role":"assistant"},"finish_reason":null,"native_finish_reason":null}]}


PARSED: {"id":"gen-1783158650-6fMKVkLglsFk7xQKrVEy","object":"chat.completion.chunk","created":1783158650,"model":"deepseek/deepseek-v4-flash-20260423","provider":"GMICloud","choices":[{"index":0,"delta":{"content":" Skill Exec","role":"assistant"},"finish_reason":null,"native_finish_reason":null}]}
--- CHUNK 1783158677101 bytes=293 ---
data: {"id":"gen-1783158650-6fMKVkLglsFk7xQKrVEy","object":"chat.completion.chunk","created":1783158650,"model":"deepseek/deepseek-v4-flash-20260423","provider":"GMICloud","choices":[{"index":0,"delta":{"content":" API","role":"assistant"},"finish_reason":null,"native_finish_reason":null}]}


PARSED: {"id":"gen-1783158650-6fMKVkLglsFk7xQKrVEy","object":"chat.completion.chunk","created":1783158650,"model":"deepseek/deepseek-v4-flash-20260423","provider":"GMICloud","choices":[{"index":0,"delta":{"content":" API","role":"assistant"},"finish_reason":null,"native_finish_reason":null}]}
--- CHUNK 1783158677104 bytes=293 ---
data: {"id":"gen-1783158650-6fMKVkLglsFk7xQKrVEy","object":"chat.completion.chunk","created":1783158650,"model":"deepseek/deepseek-v4-flash-20260423","provider":"GMICloud","choices":[{"index":0,"delta":{"content":"（`","role":"assistant"},"finish_reason":null,"native_finish_reason":null}]}


PARSED: {"id":"gen-1783158650-6fMKVkLglsFk7xQKrVEy","object":"chat.completion.chunk","created":1783158650,"model":"deepseek/deepseek-v4-flash-20260423","provider":"GMICloud","choices":[{"index":0,"delta":{"content":"（`","role":"assistant"},"finish_reason":null,"native_finish_reason":null}]}
--- CHUNK 1783158677109 bytes=295 ---
data: {"id":"gen-1783158650-6fMKVkLglsFk7xQKrVEy","object":"chat.completion.chunk","created":1783158650,"model":"deepseek/deepseek-v4-flash-20260423","provider":"GMICloud","choices":[{"index":0,"delta":{"content":"POST /","role":"assistant"},"finish_reason":null,"native_finish_reason":null}]}


PARSED: {"id":"gen-1783158650-6fMKVkLglsFk7xQKrVEy","object":"chat.completion.chunk","created":1783158650,"model":"deepseek/deepseek-v4-flash-20260423","provider":"GMICloud","choices":[{"index":0,"delta":{"content":"POST /","role":"assistant"},"finish_reason":null,"native_finish_reason":null}]}
--- CHUNK 1783158677115 bytes=293 ---
data: {"id":"gen-1783158650-6fMKVkLglsFk7xQKrVEy","object":"chat.completion.chunk","created":1783158650,"model":"deepseek/deepseek-v4-flash-20260423","provider":"GMICloud","choices":[{"index":0,"delta":{"content":"api/","role":"assistant"},"finish_reason":null,"native_finish_reason":null}]}


PARSED: {"id":"gen-1783158650-6fMKVkLglsFk7xQKrVEy","object":"chat.completion.chunk","created":1783158650,"model":"deepseek/deepseek-v4-flash-20260423","provider":"GMICloud","choices":[{"index":0,"delta":{"content":"api/","role":"assistant"},"finish_reason":null,"native_finish_reason":null}]}
--- CHUNK 1783158677129 bytes=291 ---
data: {"id":"gen-1783158650-6fMKVkLglsFk7xQKrVEy","object":"chat.completion.chunk","created":1783158650,"model":"deepseek/deepseek-v4-flash-20260423","provider":"GMICloud","choices":[{"index":0,"delta":{"content":"pa","role":"assistant"},"finish_reason":null,"native_finish_reason":null}]}


PARSED: {"id":"gen-1783158650-6fMKVkLglsFk7xQKrVEy","object":"chat.completion.chunk","created":1783158650,"model":"deepseek/deepseek-v4-flash-20260423","provider":"GMICloud","choices":[{"index":0,"delta":{"content":"pa","role":"assistant"},"finish_reason":null,"native_finish_reason":null}]}
--- CHUNK 1783158677131 bytes=293 ---
data: {"id":"gen-1783158650-6fMKVkLglsFk7xQKrVEy","object":"chat.completion.chunk","created":1783158650,"model":"deepseek/deepseek-v4-flash-20260423","provider":"GMICloud","choices":[{"index":0,"delta":{"content":"aw/s","role":"assistant"},"finish_reason":null,"native_finish_reason":null}]}


PARSED: {"id":"gen-1783158650-6fMKVkLglsFk7xQKrVEy","object":"chat.completion.chunk","created":1783158650,"model":"deepseek/deepseek-v4-flash-20260423","provider":"GMICloud","choices":[{"index":0,"delta":{"content":"aw/s","role":"assistant"},"finish_reason":null,"native_finish_reason":null}]}
--- CHUNK 1783158677134 bytes=298 ---
data: {"id":"gen-1783158650-6fMKVkLglsFk7xQKrVEy","object":"chat.completion.chunk","created":1783158650,"model":"deepseek/deepseek-v4-flash-20260423","provider":"GMICloud","choices":[{"index":0,"delta":{"content":"kill-exec","role":"assistant"},"finish_reason":null,"native_finish_reason":null}]}


PARSED: {"id":"gen-1783158650-6fMKVkLglsFk7xQKrVEy","object":"chat.completion.chunk","created":1783158650,"model":"deepseek/deepseek-v4-flash-20260423","provider":"GMICloud","choices":[{"index":0,"delta":{"content":"kill-exec","role":"assistant"},"finish_reason":null,"native_finish_reason":null}]}
--- CHUNK 1783158677164 bytes=290 ---
data: {"id":"gen-1783158650-6fMKVkLglsFk7xQKrVEy","object":"chat.completion.chunk","created":1783158650,"model":"deepseek/deepseek-v4-flash-20260423","provider":"GMICloud","choices":[{"index":0,"delta":{"content":"`","role":"assistant"},"finish_reason":null,"native_finish_reason":null}]}


PARSED: {"id":"gen-1783158650-6fMKVkLglsFk7xQKrVEy","object":"chat.completion.chunk","created":1783158650,"model":"deepseek/deepseek-v4-flash-20260423","provider":"GMICloud","choices":[{"index":0,"delta":{"content":"`","role":"assistant"},"finish_reason":null,"native_finish_reason":null}]}
--- CHUNK 1783158677168 bytes=296 ---
data: {"id":"gen-1783158650-6fMKVkLglsFk7xQKrVEy","object":"chat.completion.chunk","created":1783158650,"model":"deepseek/deepseek-v4-flash-20260423","provider":"GMICloud","choices":[{"index":0,"delta":{"content":"） |\n","role":"assistant"},"finish_reason":null,"native_finish_reason":null}]}


PARSED: {"id":"gen-1783158650-6fMKVkLglsFk7xQKrVEy","object":"chat.completion.chunk","created":1783158650,"model":"deepseek/deepseek-v4-flash-20260423","provider":"GMICloud","choices":[{"index":0,"delta":{"content":"） |\n","role":"assistant"},"finish_reason":null,"native_finish_reason":null}]}
--- CHUNK 1783158677169 bytes=292 ---
data: {"id":"gen-1783158650-6fMKVkLglsFk7xQKrVEy","object":"chat.completion.chunk","created":1783158650,"model":"deepseek/deepseek-v4-flash-20260423","provider":"GMICloud","choices":[{"index":0,"delta":{"content":"| `","role":"assistant"},"finish_reason":null,"native_finish_reason":null}]}


PARSED: {"id":"gen-1783158650-6fMKVkLglsFk7xQKrVEy","object":"chat.completion.chunk","created":1783158650,"model":"deepseek/deepseek-v4-flash-20260423","provider":"GMICloud","choices":[{"index":0,"delta":{"content":"| `","role":"assistant"},"finish_reason":null,"native_finish_reason":null}]}
--- CHUNK 1783158677184 bytes=293 ---
data: {"id":"gen-1783158650-6fMKVkLglsFk7xQKrVEy","object":"chat.completion.chunk","created":1783158650,"model":"deepseek/deepseek-v4-flash-20260423","provider":"GMICloud","choices":[{"index":0,"delta":{"content":"data","role":"assistant"},"finish_reason":null,"native_finish_reason":null}]}


PARSED: {"id":"gen-1783158650-6fMKVkLglsFk7xQKrVEy","object":"chat.completion.chunk","created":1783158650,"model":"deepseek/deepseek-v4-flash-20260423","provider":"GMICloud","choices":[{"index":0,"delta":{"content":"data","role":"assistant"},"finish_reason":null,"native_finish_reason":null}]}
--- CHUNK 1783158677188 bytes=292 ---
data: {"id":"gen-1783158650-6fMKVkLglsFk7xQKrVEy","object":"chat.completion.chunk","created":1783158650,"model":"deepseek/deepseek-v4-flash-20260423","provider":"GMICloud","choices":[{"index":0,"delta":{"content":"/ai","role":"assistant"},"finish_reason":null,"native_finish_reason":null}]}


PARSED: {"id":"gen-1783158650-6fMKVkLglsFk7xQKrVEy","object":"chat.completion.chunk","created":1783158650,"model":"deepseek/deepseek-v4-flash-20260423","provider":"GMICloud","choices":[{"index":0,"delta":{"content":"/ai","role":"assistant"},"finish_reason":null,"native_finish_reason":null}]}
--- CHUNK 1783158677196 bytes=298 ---
data: {"id":"gen-1783158650-6fMKVkLglsFk7xQKrVEy","object":"chat.completion.chunk","created":1783158650,"model":"deepseek/deepseek-v4-flash-20260423","provider":"GMICloud","choices":[{"index":0,"delta":{"content":"-settings","role":"assistant"},"finish_reason":null,"native_finish_reason":null}]}


PARSED: {"id":"gen-1783158650-6fMKVkLglsFk7xQKrVEy","object":"chat.completion.chunk","created":1783158650,"model":"deepseek/deepseek-v4-flash-20260423","provider":"GMICloud","choices":[{"index":0,"delta":{"content":"-settings","role":"assistant"},"finish_reason":null,"native_finish_reason":null}]}
--- CHUNK 1783158677217 bytes=290 ---
data: {"id":"gen-1783158650-6fMKVkLglsFk7xQKrVEy","object":"chat.completion.chunk","created":1783158650,"model":"deepseek/deepseek-v4-flash-20260423","provider":"GMICloud","choices":[{"index":0,"delta":{"content":"/","role":"assistant"},"finish_reason":null,"native_finish_reason":null}]}


PARSED: {"id":"gen-1783158650-6fMKVkLglsFk7xQKrVEy","object":"chat.completion.chunk","created":1783158650,"model":"deepseek/deepseek-v4-flash-20260423","provider":"GMICloud","choices":[{"index":0,"delta":{"content":"/","role":"assistant"},"finish_reason":null,"native_finish_reason":null}]}
--- CHUNK 1783158677222 bytes=295 ---
data: {"id":"gen-1783158650-6fMKVkLglsFk7xQKrVEy","object":"chat.completion.chunk","created":1783158650,"model":"deepseek/deepseek-v4-flash-20260423","provider":"GMICloud","choices":[{"index":0,"delta":{"content":"crew/s","role":"assistant"},"finish_reason":null,"native_finish_reason":null}]}


PARSED: {"id":"gen-1783158650-6fMKVkLglsFk7xQKrVEy","object":"chat.completion.chunk","created":1783158650,"model":"deepseek/deepseek-v4-flash-20260423","provider":"GMICloud","choices":[{"index":0,"delta":{"content":"crew/s","role":"assistant"},"finish_reason":null,"native_finish_reason":null}]}
--- CHUNK 1783158677225 bytes=295 ---
data: {"id":"gen-1783158650-6fMKVkLglsFk7xQKrVEy","object":"chat.completion.chunk","created":1783158650,"model":"deepseek/deepseek-v4-flash-20260423","provider":"GMICloud","choices":[{"index":0,"delta":{"content":"kill-r","role":"assistant"},"finish_reason":null,"native_finish_reason":null}]}


PARSED: {"id":"gen-1783158650-6fMKVkLglsFk7xQKrVEy","object":"chat.completion.chunk","created":1783158650,"model":"deepseek/deepseek-v4-flash-20260423","provider":"GMICloud","choices":[{"index":0,"delta":{"content":"kill-r","role":"assistant"},"finish_reason":null,"native_finish_reason":null}]}
--- CHUNK 1783158677242 bytes=296 ---
data: {"id":"gen-1783158650-6fMKVkLglsFk7xQKrVEy","object":"chat.completion.chunk","created":1783158650,"model":"deepseek/deepseek-v4-flash-20260423","provider":"GMICloud","choices":[{"index":0,"delta":{"content":"ules.md","role":"assistant"},"finish_reason":null,"native_finish_reason":null}]}


PARSED: {"id":"gen-1783158650-6fMKVkLglsFk7xQKrVEy","object":"chat.completion.chunk","created":1783158650,"model":"deepseek/deepseek-v4-flash-20260423","provider":"GMICloud","choices":[{"index":0,"delta":{"content":"ules.md","role":"assistant"},"finish_reason":null,"native_finish_reason":null}]}
--- CHUNK 1783158677245 bytes=292 ---
data: {"id":"gen-1783158650-6fMKVkLglsFk7xQKrVEy","object":"chat.completion.chunk","created":1783158650,"model":"deepseek/deepseek-v4-flash-20260423","provider":"GMICloud","choices":[{"index":0,"delta":{"content":"` |","role":"assistant"},"finish_reason":null,"native_finish_reason":null}]}


PARSED: {"id":"gen-1783158650-6fMKVkLglsFk7xQKrVEy","object":"chat.completion.chunk","created":1783158650,"model":"deepseek/deepseek-v4-flash-20260423","provider":"GMICloud","choices":[{"index":0,"delta":{"content":"` |","role":"assistant"},"finish_reason":null,"native_finish_reason":null}]}
--- CHUNK 1783158677251 bytes=296 ---
data: {"id":"gen-1783158650-6fMKVkLglsFk7xQKrVEy","object":"chat.completion.chunk","created":1783158650,"model":"deepseek/deepseek-v4-flash-20260423","provider":"GMICloud","choices":[{"index":0,"delta":{"content":" Skill ","role":"assistant"},"finish_reason":null,"native_finish_reason":null}]}


PARSED: {"id":"gen-1783158650-6fMKVkLglsFk7xQKrVEy","object":"chat.completion.chunk","created":1783158650,"model":"deepseek/deepseek-v4-flash-20260423","provider":"GMICloud","choices":[{"index":0,"delta":{"content":" Skill ","role":"assistant"},"finish_reason":null,"native_finish_reason":null}]}
--- CHUNK 1783158677285 bytes=301 ---
data: {"id":"gen-1783158650-6fMKVkLglsFk7xQKrVEy","object":"chat.completion.chunk","created":1783158650,"model":"deepseek/deepseek-v4-flash-20260423","provider":"GMICloud","choices":[{"index":0,"delta":{"content":"執行規則","role":"assistant"},"finish_reason":null,"native_finish_reason":null}]}


PARSED: {"id":"gen-1783158650-6fMKVkLglsFk7xQKrVEy","object":"chat.completion.chunk","created":1783158650,"model":"deepseek/deepseek-v4-flash-20260423","provider":"GMICloud","choices":[{"index":0,"delta":{"content":"執行規則","role":"assistant"},"finish_reason":null,"native_finish_reason":null}]}
--- CHUNK 1783158677287 bytes=298 ---
data: {"id":"gen-1783158650-6fMKVkLglsFk7xQKrVEy","object":"chat.completion.chunk","created":1783158650,"model":"deepseek/deepseek-v4-flash-20260423","provider":"GMICloud","choices":[{"index":0,"delta":{"content":"提示詞","role":"assistant"},"finish_reason":null,"native_finish_reason":null}]}


PARSED: {"id":"gen-1783158650-6fMKVkLglsFk7xQKrVEy","object":"chat.completion.chunk","created":1783158650,"model":"deepseek/deepseek-v4-flash-20260423","provider":"GMICloud","choices":[{"index":0,"delta":{"content":"提示詞","role":"assistant"},"finish_reason":null,"native_finish_reason":null}]}
--- CHUNK 1783158677293 bytes=294 ---
data: {"id":"gen-1783158650-6fMKVkLglsFk7xQKrVEy","object":"chat.completion.chunk","created":1783158650,"model":"deepseek/deepseek-v4-flash-20260423","provider":"GMICloud","choices":[{"index":0,"delta":{"content":" |\n|","role":"assistant"},"finish_reason":null,"native_finish_reason":null}]}


PARSED: {"id":"gen-1783158650-6fMKVkLglsFk7xQKrVEy","object":"chat.completion.chunk","created":1783158650,"model":"deepseek/deepseek-v4-flash-20260423","provider":"GMICloud","choices":[{"index":0,"delta":{"content":" |\n|","role":"assistant"},"finish_reason":null,"native_finish_reason":null}]}
--- CHUNK 1783158677296 bytes=295 ---
data: {"id":"gen-1783158650-6fMKVkLglsFk7xQKrVEy","object":"chat.completion.chunk","created":1783158650,"model":"deepseek/deepseek-v4-flash-20260423","provider":"GMICloud","choices":[{"index":0,"delta":{"content":" `data","role":"assistant"},"finish_reason":null,"native_finish_reason":null}]}


PARSED: {"id":"gen-1783158650-6fMKVkLglsFk7xQKrVEy","object":"chat.completion.chunk","created":1783158650,"model":"deepseek/deepseek-v4-flash-20260423","provider":"GMICloud","choices":[{"index":0,"delta":{"content":" `data","role":"assistant"},"finish_reason":null,"native_finish_reason":null}]}
--- CHUNK 1783158677314 bytes=291 ---
data: {"id":"gen-1783158650-6fMKVkLglsFk7xQKrVEy","object":"chat.completion.chunk","created":1783158650,"model":"deepseek/deepseek-v4-flash-20260423","provider":"GMICloud","choices":[{"index":0,"delta":{"content":"/s","role":"assistant"},"finish_reason":null,"native_finish_reason":null}]}


PARSED: {"id":"gen-1783158650-6fMKVkLglsFk7xQKrVEy","object":"chat.completion.chunk","created":1783158650,"model":"deepseek/deepseek-v4-flash-20260423","provider":"GMICloud","choices":[{"index":0,"delta":{"content":"/s","role":"assistant"},"finish_reason":null,"native_finish_reason":null}]}
--- CHUNK 1783158677315 bytes=294 ---
data: {"id":"gen-1783158650-6fMKVkLglsFk7xQKrVEy","object":"chat.completion.chunk","created":1783158650,"model":"deepseek/deepseek-v4-flash-20260423","provider":"GMICloud","choices":[{"index":0,"delta":{"content":"kills","role":"assistant"},"finish_reason":null,"native_finish_reason":null}]}


PARSED: {"id":"gen-1783158650-6fMKVkLglsFk7xQKrVEy","object":"chat.completion.chunk","created":1783158650,"model":"deepseek/deepseek-v4-flash-20260423","provider":"GMICloud","choices":[{"index":0,"delta":{"content":"kills","role":"assistant"},"finish_reason":null,"native_finish_reason":null}]}
--- CHUNK 1783158677321 bytes=291 ---
data: {"id":"gen-1783158650-6fMKVkLglsFk7xQKrVEy","object":"chat.completion.chunk","created":1783158650,"model":"deepseek/deepseek-v4-flash-20260423","provider":"GMICloud","choices":[{"index":0,"delta":{"content":"/`","role":"assistant"},"finish_reason":null,"native_finish_reason":null}]}


PARSED: {"id":"gen-1783158650-6fMKVkLglsFk7xQKrVEy","object":"chat.completion.chunk","created":1783158650,"model":"deepseek/deepseek-v4-flash-20260423","provider":"GMICloud","choices":[{"index":0,"delta":{"content":"/`","role":"assistant"},"finish_reason":null,"native_finish_reason":null}]}
--- CHUNK 1783158677355 bytes=291 ---
data: {"id":"gen-1783158650-6fMKVkLglsFk7xQKrVEy","object":"chat.completion.chunk","created":1783158650,"model":"deepseek/deepseek-v4-flash-20260423","provider":"GMICloud","choices":[{"index":0,"delta":{"content":" |","role":"assistant"},"finish_reason":null,"native_finish_reason":null}]}


PARSED: {"id":"gen-1783158650-6fMKVkLglsFk7xQKrVEy","object":"chat.completion.chunk","created":1783158650,"model":"deepseek/deepseek-v4-flash-20260423","provider":"GMICloud","choices":[{"index":0,"delta":{"content":" |","role":"assistant"},"finish_reason":null,"native_finish_reason":null}]}
--- CHUNK 1783158677356 bytes=296 ---
data: {"id":"gen-1783158650-6fMKVkLglsFk7xQKrVEy","object":"chat.completion.chunk","created":1783158650,"model":"deepseek/deepseek-v4-flash-20260423","provider":"GMICloud","choices":[{"index":0,"delta":{"content":" Skill ","role":"assistant"},"finish_reason":null,"native_finish_reason":null}]}


PARSED: {"id":"gen-1783158650-6fMKVkLglsFk7xQKrVEy","object":"chat.completion.chunk","created":1783158650,"model":"deepseek/deepseek-v4-flash-20260423","provider":"GMICloud","choices":[{"index":0,"delta":{"content":" Skill ","role":"assistant"},"finish_reason":null,"native_finish_reason":null}]}
--- CHUNK 1783158677364 bytes=301 ---
data: {"id":"gen-1783158650-6fMKVkLglsFk7xQKrVEy","object":"chat.completion.chunk","created":1783158650,"model":"deepseek/deepseek-v4-flash-20260423","provider":"GMICloud","choices":[{"index":0,"delta":{"content":"檔案存放","role":"assistant"},"finish_reason":null,"native_finish_reason":null}]}


PARSED: {"id":"gen-1783158650-6fMKVkLglsFk7xQKrVEy","object":"chat.completion.chunk","created":1783158650,"model":"deepseek/deepseek-v4-flash-20260423","provider":"GMICloud","choices":[{"index":0,"delta":{"content":"檔案存放","role":"assistant"},"finish_reason":null,"native_finish_reason":null}]}
--- CHUNK 1783158677367 bytes=295 ---
data: {"id":"gen-1783158650-6fMKVkLglsFk7xQKrVEy","object":"chat.completion.chunk","created":1783158650,"model":"deepseek/deepseek-v4-flash-20260423","provider":"GMICloud","choices":[{"index":0,"delta":{"content":"目錄","role":"assistant"},"finish_reason":null,"native_finish_reason":null}]}


PARSED: {"id":"gen-1783158650-6fMKVkLglsFk7xQKrVEy","object":"chat.completion.chunk","created":1783158650,"model":"deepseek/deepseek-v4-flash-20260423","provider":"GMICloud","choices":[{"index":0,"delta":{"content":"目錄","role":"assistant"},"finish_reason":null,"native_finish_reason":null}]}
--- CHUNK 1783158677410 bytes=293 ---
data: {"id":"gen-1783158650-6fMKVkLglsFk7xQKrVEy","object":"chat.completion.chunk","created":1783158650,"model":"deepseek/deepseek-v4-flash-20260423","provider":"GMICloud","choices":[{"index":0,"delta":{"content":" |\n","role":"assistant"},"finish_reason":null,"native_finish_reason":null}]}


PARSED: {"id":"gen-1783158650-6fMKVkLglsFk7xQKrVEy","object":"chat.completion.chunk","created":1783158650,"model":"deepseek/deepseek-v4-flash-20260423","provider":"GMICloud","choices":[{"index":0,"delta":{"content":" |\n","role":"assistant"},"finish_reason":null,"native_finish_reason":null}]}
--- CHUNK 1783158677415 bytes=292 ---
data: {"id":"gen-1783158650-6fMKVkLglsFk7xQKrVEy","object":"chat.completion.chunk","created":1783158650,"model":"deepseek/deepseek-v4-flash-20260423","provider":"GMICloud","choices":[{"index":0,"delta":{"content":"| `","role":"assistant"},"finish_reason":null,"native_finish_reason":null}]}


PARSED: {"id":"gen-1783158650-6fMKVkLglsFk7xQKrVEy","object":"chat.completion.chunk","created":1783158650,"model":"deepseek/deepseek-v4-flash-20260423","provider":"GMICloud","choices":[{"index":0,"delta":{"content":"| `","role":"assistant"},"finish_reason":null,"native_finish_reason":null}]}
--- CHUNK 1783158677421 bytes=295 ---
data: {"id":"gen-1783158650-6fMKVkLglsFk7xQKrVEy","object":"chat.completion.chunk","created":1783158650,"model":"deepseek/deepseek-v4-flash-20260423","provider":"GMICloud","choices":[{"index":0,"delta":{"content":"docs/A","role":"assistant"},"finish_reason":null,"native_finish_reason":null}]}


PARSED: {"id":"gen-1783158650-6fMKVkLglsFk7xQKrVEy","object":"chat.completion.chunk","created":1783158650,"model":"deepseek/deepseek-v4-flash-20260423","provider":"GMICloud","choices":[{"index":0,"delta":{"content":"docs/A","role":"assistant"},"finish_reason":null,"native_finish_reason":null}]}
--- CHUNK 1783158677438 bytes=292 ---
data: {"id":"gen-1783158650-6fMKVkLglsFk7xQKrVEy","object":"chat.completion.chunk","created":1783158650,"model":"deepseek/deepseek-v4-flash-20260423","provider":"GMICloud","choices":[{"index":0,"delta":{"content":"I-F","role":"assistant"},"finish_reason":null,"native_finish_reason":null}]}


PARSED: {"id":"gen-1783158650-6fMKVkLglsFk7xQKrVEy","object":"chat.completion.chunk","created":1783158650,"model":"deepseek/deepseek-v4-flash-20260423","provider":"GMICloud","choices":[{"index":0,"delta":{"content":"I-F","role":"assistant"},"finish_reason":null,"native_finish_reason":null}]}
--- CHUNK 1783158677440 bytes=292 ---
data: {"id":"gen-1783158650-6fMKVkLglsFk7xQKrVEy","object":"chat.completion.chunk","created":1783158650,"model":"deepseek/deepseek-v4-flash-20260423","provider":"GMICloud","choices":[{"index":0,"delta":{"content":"EAT","role":"assistant"},"finish_reason":null,"native_finish_reason":null}]}


PARSED: {"id":"gen-1783158650-6fMKVkLglsFk7xQKrVEy","object":"chat.completion.chunk","created":1783158650,"model":"deepseek/deepseek-v4-flash-20260423","provider":"GMICloud","choices":[{"index":0,"delta":{"content":"EAT","role":"assistant"},"finish_reason":null,"native_finish_reason":null}]}
--- CHUNK 1783158677442 bytes=296 ---
data: {"id":"gen-1783158650-6fMKVkLglsFk7xQKrVEy","object":"chat.completion.chunk","created":1783158650,"model":"deepseek/deepseek-v4-flash-20260423","provider":"GMICloud","choices":[{"index":0,"delta":{"content":"URES.md","role":"assistant"},"finish_reason":null,"native_finish_reason":null}]}


PARSED: {"id":"gen-1783158650-6fMKVkLglsFk7xQKrVEy","object":"chat.completion.chunk","created":1783158650,"model":"deepseek/deepseek-v4-flash-20260423","provider":"GMICloud","choices":[{"index":0,"delta":{"content":"URES.md","role":"assistant"},"finish_reason":null,"native_finish_reason":null}]}
--- CHUNK 1783158677513 bytes=292 ---
data: {"id":"gen-1783158650-6fMKVkLglsFk7xQKrVEy","object":"chat.completion.chunk","created":1783158650,"model":"deepseek/deepseek-v4-flash-20260423","provider":"GMICloud","choices":[{"index":0,"delta":{"content":"` |","role":"assistant"},"finish_reason":null,"native_finish_reason":null}]}


PARSED: {"id":"gen-1783158650-6fMKVkLglsFk7xQKrVEy","object":"chat.completion.chunk","created":1783158650,"model":"deepseek/deepseek-v4-flash-20260423","provider":"GMICloud","choices":[{"index":0,"delta":{"content":"` |","role":"assistant"},"finish_reason":null,"native_finish_reason":null}]}
--- CHUNK 1783158677525 bytes=296 ---
data: {"id":"gen-1783158650-6fMKVkLglsFk7xQKrVEy","object":"chat.completion.chunk","created":1783158650,"model":"deepseek/deepseek-v4-flash-20260423","provider":"GMICloud","choices":[{"index":0,"delta":{"content":" 所有","role":"assistant"},"finish_reason":null,"native_finish_reason":null}]}


PARSED: {"id":"gen-1783158650-6fMKVkLglsFk7xQKrVEy","object":"chat.completion.chunk","created":1783158650,"model":"deepseek/deepseek-v4-flash-20260423","provider":"GMICloud","choices":[{"index":0,"delta":{"content":" 所有","role":"assistant"},"finish_reason":null,"native_finish_reason":null}]}
--- CHUNK 1783158677526 bytes=293 ---
data: {"id":"gen-1783158650-6fMKVkLglsFk7xQKrVEy","object":"chat.completion.chunk","created":1783158650,"model":"deepseek/deepseek-v4-flash-20260423","provider":"GMICloud","choices":[{"index":0,"delta":{"content":" AI ","role":"assistant"},"finish_reason":null,"native_finish_reason":null}]}


PARSED: {"id":"gen-1783158650-6fMKVkLglsFk7xQKrVEy","object":"chat.completion.chunk","created":1783158650,"model":"deepseek/deepseek-v4-flash-20260423","provider":"GMICloud","choices":[{"index":0,"delta":{"content":" AI ","role":"assistant"},"finish_reason":null,"native_finish_reason":null}]}
--- CHUNK 1783158677693 bytes=298 ---
data: {"id":"gen-1783158650-6fMKVkLglsFk7xQKrVEy","object":"chat.completion.chunk","created":1783158650,"model":"deepseek/deepseek-v4-flash-20260423","provider":"GMICloud","choices":[{"index":0,"delta":{"content":"功能清","role":"assistant"},"finish_reason":null,"native_finish_reason":null}]}


PARSED: {"id":"gen-1783158650-6fMKVkLglsFk7xQKrVEy","object":"chat.completion.chunk","created":1783158650,"model":"deepseek/deepseek-v4-flash-20260423","provider":"GMICloud","choices":[{"index":0,"delta":{"content":"功能清","role":"assistant"},"finish_reason":null,"native_finish_reason":null}]}
--- CHUNK 1783158677694 bytes=295 ---
data: {"id":"gen-1783158650-6fMKVkLglsFk7xQKrVEy","object":"chat.completion.chunk","created":1783158650,"model":"deepseek/deepseek-v4-flash-20260423","provider":"GMICloud","choices":[{"index":0,"delta":{"content":"單（","role":"assistant"},"finish_reason":null,"native_finish_reason":null}]}


PARSED: {"id":"gen-1783158650-6fMKVkLglsFk7xQKrVEy","object":"chat.completion.chunk","created":1783158650,"model":"deepseek/deepseek-v4-flash-20260423","provider":"GMICloud","choices":[{"index":0,"delta":{"content":"單（","role":"assistant"},"finish_reason":null,"native_finish_reason":null}]}
--- CHUNK 1783158677701 bytes=298 ---
data: {"id":"gen-1783158650-6fMKVkLglsFk7xQKrVEy","object":"chat.completion.chunk","created":1783158650,"model":"deepseek/deepseek-v4-flash-20260423","provider":"GMICloud","choices":[{"index":0,"delta":{"content":"含 Skill","role":"assistant"},"finish_reason":null,"native_finish_reason":null}]}


PARSED: {"id":"gen-1783158650-6fMKVkLglsFk7xQKrVEy","object":"chat.completion.chunk","created":1783158650,"model":"deepseek/deepseek-v4-flash-20260423","provider":"GMICloud","choices":[{"index":0,"delta":{"content":"含 Skill","role":"assistant"},"finish_reason":null,"native_finish_reason":null}]}
--- CHUNK 1783158677705 bytes=296 ---
data: {"id":"gen-1783158650-6fMKVkLglsFk7xQKrVEy","object":"chat.completion.chunk","created":1783158650,"model":"deepseek/deepseek-v4-flash-20260423","provider":"GMICloud","choices":[{"index":0,"delta":{"content":"） |\n","role":"assistant"},"finish_reason":null,"native_finish_reason":null}]}


PARSED: {"id":"gen-1783158650-6fMKVkLglsFk7xQKrVEy","object":"chat.completion.chunk","created":1783158650,"model":"deepseek/deepseek-v4-flash-20260423","provider":"GMICloud","choices":[{"index":0,"delta":{"content":"） |\n","role":"assistant"},"finish_reason":null,"native_finish_reason":null}]}
--- CHUNK 1783158677789 bytes=585 ---
data: {"id":"gen-1783158650-6fMKVkLglsFk7xQKrVEy","object":"chat.completion.chunk","created":1783158650,"model":"deepseek/deepseek-v4-flash-20260423","provider":"GMICloud","choices":[{"index":0,"delta":{"content":"|","role":"assistant"},"finish_reason":null,"native_finish_reason":null}]}

data: {"id":"gen-1783158650-6fMKVkLglsFk7xQKrVEy","object":"chat.completion.chunk","created":1783158650,"model":"deepseek/deepseek-v4-flash-20260423","provider":"GMICloud","choices":[{"index":0,"delta":{"content":" `docs","role":"assistant"},"finish_reason":null,"native_finish_reason":null}]}


PARSED: {"id":"gen-1783158650-6fMKVkLglsFk7xQKrVEy","object":"chat.completion.chunk","created":1783158650,"model":"deepseek/deepseek-v4-flash-20260423","provider":"GMICloud","choices":[{"index":0,"delta":{"content":"|","role":"assistant"},"finish_reason":null,"native_finish_reason":null}]}
PARSED: {"id":"gen-1783158650-6fMKVkLglsFk7xQKrVEy","object":"chat.completion.chunk","created":1783158650,"model":"deepseek/deepseek-v4-flash-20260423","provider":"GMICloud","choices":[{"index":0,"delta":{"content":" `docs","role":"assistant"},"finish_reason":null,"native_finish_reason":null}]}
--- CHUNK 1783158677789 bytes=585 ---
data: {"id":"gen-1783158650-6fMKVkLglsFk7xQKrVEy","object":"chat.completion.chunk","created":1783158650,"model":"deepseek/deepseek-v4-flash-20260423","provider":"GMICloud","choices":[{"index":0,"delta":{"content":"/PRO","role":"assistant"},"finish_reason":null,"native_finish_reason":null}]}

data: {"id":"gen-1783158650-6fMKVkLglsFk7xQKrVEy","object":"chat.completion.chunk","created":1783158650,"model":"deepseek/deepseek-v4-flash-20260423","provider":"GMICloud","choices":[{"index":0,"delta":{"content":"MPT","role":"assistant"},"finish_reason":null,"native_finish_reason":null}]}


PARSED: {"id":"gen-1783158650-6fMKVkLglsFk7xQKrVEy","object":"chat.completion.chunk","created":1783158650,"model":"deepseek/deepseek-v4-flash-20260423","provider":"GMICloud","choices":[{"index":0,"delta":{"content":"/PRO","role":"assistant"},"finish_reason":null,"native_finish_reason":null}]}
PARSED: {"id":"gen-1783158650-6fMKVkLglsFk7xQKrVEy","object":"chat.completion.chunk","created":1783158650,"model":"deepseek/deepseek-v4-flash-20260423","provider":"GMICloud","choices":[{"index":0,"delta":{"content":"MPT","role":"assistant"},"finish_reason":null,"native_finish_reason":null}]}
--- CHUNK 1783158677789 bytes=294 ---
data: {"id":"gen-1783158650-6fMKVkLglsFk7xQKrVEy","object":"chat.completion.chunk","created":1783158650,"model":"deepseek/deepseek-v4-flash-20260423","provider":"GMICloud","choices":[{"index":0,"delta":{"content":"-ARCH","role":"assistant"},"finish_reason":null,"native_finish_reason":null}]}


PARSED: {"id":"gen-1783158650-6fMKVkLglsFk7xQKrVEy","object":"chat.completion.chunk","created":1783158650,"model":"deepseek/deepseek-v4-flash-20260423","provider":"GMICloud","choices":[{"index":0,"delta":{"content":"-ARCH","role":"assistant"},"finish_reason":null,"native_finish_reason":null}]}
--- CHUNK 1783158677789 bytes=294 ---
data: {"id":"gen-1783158650-6fMKVkLglsFk7xQKrVEy","object":"chat.completion.chunk","created":1783158650,"model":"deepseek/deepseek-v4-flash-20260423","provider":"GMICloud","choices":[{"index":0,"delta":{"content":"ITECT","role":"assistant"},"finish_reason":null,"native_finish_reason":null}]}


PARSED: {"id":"gen-1783158650-6fMKVkLglsFk7xQKrVEy","object":"chat.completion.chunk","created":1783158650,"model":"deepseek/deepseek-v4-flash-20260423","provider":"GMICloud","choices":[{"index":0,"delta":{"content":"ITECT","role":"assistant"},"finish_reason":null,"native_finish_reason":null}]}
--- CHUNK 1783158677802 bytes=295 ---
data: {"id":"gen-1783158650-6fMKVkLglsFk7xQKrVEy","object":"chat.completion.chunk","created":1783158650,"model":"deepseek/deepseek-v4-flash-20260423","provider":"GMICloud","choices":[{"index":0,"delta":{"content":"URE.md","role":"assistant"},"finish_reason":null,"native_finish_reason":null}]}


PARSED: {"id":"gen-1783158650-6fMKVkLglsFk7xQKrVEy","object":"chat.completion.chunk","created":1783158650,"model":"deepseek/deepseek-v4-flash-20260423","provider":"GMICloud","choices":[{"index":0,"delta":{"content":"URE.md","role":"assistant"},"finish_reason":null,"native_finish_reason":null}]}
--- CHUNK 1783158677805 bytes=292 ---
data: {"id":"gen-1783158650-6fMKVkLglsFk7xQKrVEy","object":"chat.completion.chunk","created":1783158650,"model":"deepseek/deepseek-v4-flash-20260423","provider":"GMICloud","choices":[{"index":0,"delta":{"content":"` |","role":"assistant"},"finish_reason":null,"native_finish_reason":null}]}


PARSED: {"id":"gen-1783158650-6fMKVkLglsFk7xQKrVEy","object":"chat.completion.chunk","created":1783158650,"model":"deepseek/deepseek-v4-flash-20260423","provider":"GMICloud","choices":[{"index":0,"delta":{"content":"` |","role":"assistant"},"finish_reason":null,"native_finish_reason":null}]}
--- CHUNK 1783158677810 bytes=297 ---
data: {"id":"gen-1783158650-6fMKVkLglsFk7xQKrVEy","object":"chat.completion.chunk","created":1783158650,"model":"deepseek/deepseek-v4-flash-20260423","provider":"GMICloud","choices":[{"index":0,"delta":{"content":" Prompt ","role":"assistant"},"finish_reason":null,"native_finish_reason":null}]}


PARSED: {"id":"gen-1783158650-6fMKVkLglsFk7xQKrVEy","object":"chat.completion.chunk","created":1783158650,"model":"deepseek/deepseek-v4-flash-20260423","provider":"GMICloud","choices":[{"index":0,"delta":{"content":" Prompt ","role":"assistant"},"finish_reason":null,"native_finish_reason":null}]}
--- CHUNK 1783158678024 bytes=292 ---
data: {"id":"gen-1783158650-6fMKVkLglsFk7xQKrVEy","object":"chat.completion.chunk","created":1783158650,"model":"deepseek/deepseek-v4-flash-20260423","provider":"GMICloud","choices":[{"index":0,"delta":{"content":"組","role":"assistant"},"finish_reason":null,"native_finish_reason":null}]}


PARSED: {"id":"gen-1783158650-6fMKVkLglsFk7xQKrVEy","object":"chat.completion.chunk","created":1783158650,"model":"deepseek/deepseek-v4-flash-20260423","provider":"GMICloud","choices":[{"index":0,"delta":{"content":"組","role":"assistant"},"finish_reason":null,"native_finish_reason":null}]}
--- CHUNK 1783158678024 bytes=298 ---
data: {"id":"gen-1783158650-6fMKVkLglsFk7xQKrVEy","object":"chat.completion.chunk","created":1783158650,"model":"deepseek/deepseek-v4-flash-20260423","provider":"GMICloud","choices":[{"index":0,"delta":{"content":"裝細節","role":"assistant"},"finish_reason":null,"native_finish_reason":null}]}


PARSED: {"id":"gen-1783158650-6fMKVkLglsFk7xQKrVEy","object":"chat.completion.chunk","created":1783158650,"model":"deepseek/deepseek-v4-flash-20260423","provider":"GMICloud","choices":[{"index":0,"delta":{"content":"裝細節","role":"assistant"},"finish_reason":null,"native_finish_reason":null}]}
--- CHUNK 1783158678062 bytes=302 ---
data: {"id":"gen-1783158650-6fMKVkLglsFk7xQKrVEy","object":"chat.completion.chunk","created":1783158650,"model":"deepseek/deepseek-v4-flash-20260423","provider":"GMICloud","choices":[{"index":0,"delta":{"content":" |\n\n---\n\n","role":"assistant"},"finish_reason":null,"native_finish_reason":null}]}


PARSED: {"id":"gen-1783158650-6fMKVkLglsFk7xQKrVEy","object":"chat.completion.chunk","created":1783158650,"model":"deepseek/deepseek-v4-flash-20260423","provider":"GMICloud","choices":[{"index":0,"delta":{"content":" |\n\n---\n\n","role":"assistant"},"finish_reason":null,"native_finish_reason":null}]}
--- CHUNK 1783158678067 bytes=296 ---
data: {"id":"gen-1783158650-6fMKVkLglsFk7xQKrVEy","object":"chat.completion.chunk","created":1783158650,"model":"deepseek/deepseek-v4-flash-20260423","provider":"GMICloud","choices":[{"index":0,"delta":{"content":"📚 **","role":"assistant"},"finish_reason":null,"native_finish_reason":null}]}


PARSED: {"id":"gen-1783158650-6fMKVkLglsFk7xQKrVEy","object":"chat.completion.chunk","created":1783158650,"model":"deepseek/deepseek-v4-flash-20260423","provider":"GMICloud","choices":[{"index":0,"delta":{"content":"📚 **","role":"assistant"},"finish_reason":null,"native_finish_reason":null}]}
--- CHUNK 1783158678085 bytes=301 ---
data: {"id":"gen-1783158650-6fMKVkLglsFk7xQKrVEy","object":"chat.completion.chunk","created":1783158650,"model":"deepseek/deepseek-v4-flash-20260423","provider":"GMICloud","choices":[{"index":0,"delta":{"content":"參考來源","role":"assistant"},"finish_reason":null,"native_finish_reason":null}]}


PARSED: {"id":"gen-1783158650-6fMKVkLglsFk7xQKrVEy","object":"chat.completion.chunk","created":1783158650,"model":"deepseek/deepseek-v4-flash-20260423","provider":"GMICloud","choices":[{"index":0,"delta":{"content":"參考來源","role":"assistant"},"finish_reason":null,"native_finish_reason":null}]}
--- CHUNK 1783158678107 bytes=292 ---
data: {"id":"gen-1783158650-6fMKVkLglsFk7xQKrVEy","object":"chat.completion.chunk","created":1783158650,"model":"deepseek/deepseek-v4-flash-20260423","provider":"GMICloud","choices":[{"index":0,"delta":{"content":"：","role":"assistant"},"finish_reason":null,"native_finish_reason":null}]}


PARSED: {"id":"gen-1783158650-6fMKVkLglsFk7xQKrVEy","object":"chat.completion.chunk","created":1783158650,"model":"deepseek/deepseek-v4-flash-20260423","provider":"GMICloud","choices":[{"index":0,"delta":{"content":"：","role":"assistant"},"finish_reason":null,"native_finish_reason":null}]}
--- CHUNK 1783158678112 bytes=294 ---
data: {"id":"gen-1783158650-6fMKVkLglsFk7xQKrVEy","object":"chat.completion.chunk","created":1783158650,"model":"deepseek/deepseek-v4-flash-20260423","provider":"GMICloud","choices":[{"index":0,"delta":{"content":"**\n-","role":"assistant"},"finish_reason":null,"native_finish_reason":null}]}


PARSED: {"id":"gen-1783158650-6fMKVkLglsFk7xQKrVEy","object":"chat.completion.chunk","created":1783158650,"model":"deepseek/deepseek-v4-flash-20260423","provider":"GMICloud","choices":[{"index":0,"delta":{"content":"**\n-","role":"assistant"},"finish_reason":null,"native_finish_reason":null}]}
--- CHUNK 1783158678116 bytes=300 ---
data: {"id":"gen-1783158650-6fMKVkLglsFk7xQKrVEy","object":"chat.completion.chunk","created":1783158650,"model":"deepseek/deepseek-v4-flash-20260423","provider":"GMICloud","choices":[{"index":0,"delta":{"content":" `knowledge","role":"assistant"},"finish_reason":null,"native_finish_reason":null}]}


PARSED: {"id":"gen-1783158650-6fMKVkLglsFk7xQKrVEy","object":"chat.completion.chunk","created":1783158650,"model":"deepseek/deepseek-v4-flash-20260423","provider":"GMICloud","choices":[{"index":0,"delta":{"content":" `knowledge","role":"assistant"},"finish_reason":null,"native_finish_reason":null}]}
--- CHUNK 1783158678159 bytes=295 ---
data: {"id":"gen-1783158650-6fMKVkLglsFk7xQKrVEy","object":"chat.completion.chunk","created":1783158650,"model":"deepseek/deepseek-v4-flash-20260423","provider":"GMICloud","choices":[{"index":0,"delta":{"content":"/about","role":"assistant"},"finish_reason":null,"native_finish_reason":null}]}


PARSED: {"id":"gen-1783158650-6fMKVkLglsFk7xQKrVEy","object":"chat.completion.chunk","created":1783158650,"model":"deepseek/deepseek-v4-flash-20260423","provider":"GMICloud","choices":[{"index":0,"delta":{"content":"/about","role":"assistant"},"finish_reason":null,"native_finish_reason":null}]}
--- CHUNK 1783158678165 bytes=292 ---
data: {"id":"gen-1783158650-6fMKVkLglsFk7xQKrVEy","object":"chat.completion.chunk","created":1783158650,"model":"deepseek/deepseek-v4-flash-20260423","provider":"GMICloud","choices":[{"index":0,"delta":{"content":"-pa","role":"assistant"},"finish_reason":null,"native_finish_reason":null}]}


PARSED: {"id":"gen-1783158650-6fMKVkLglsFk7xQKrVEy","object":"chat.completion.chunk","created":1783158650,"model":"deepseek/deepseek-v4-flash-20260423","provider":"GMICloud","choices":[{"index":0,"delta":{"content":"-pa","role":"assistant"},"finish_reason":null,"native_finish_reason":null}]}
--- CHUNK 1783158678168 bytes=293 ---
data: {"id":"gen-1783158650-6fMKVkLglsFk7xQKrVEy","object":"chat.completion.chunk","created":1783158650,"model":"deepseek/deepseek-v4-flash-20260423","provider":"GMICloud","choices":[{"index":0,"delta":{"content":"aw/P","role":"assistant"},"finish_reason":null,"native_finish_reason":null}]}


PARSED: {"id":"gen-1783158650-6fMKVkLglsFk7xQKrVEy","object":"chat.completion.chunk","created":1783158650,"model":"deepseek/deepseek-v4-flash-20260423","provider":"GMICloud","choices":[{"index":0,"delta":{"content":"aw/P","role":"assistant"},"finish_reason":null,"native_finish_reason":null}]}
--- CHUNK 1783158678207 bytes=292 ---
data: {"id":"gen-1783158650-6fMKVkLglsFk7xQKrVEy","object":"chat.completion.chunk","created":1783158650,"model":"deepseek/deepseek-v4-flash-20260423","provider":"GMICloud","choices":[{"index":0,"delta":{"content":"AAW","role":"assistant"},"finish_reason":null,"native_finish_reason":null}]}


PARSED: {"id":"gen-1783158650-6fMKVkLglsFk7xQKrVEy","object":"chat.completion.chunk","created":1783158650,"model":"deepseek/deepseek-v4-flash-20260423","provider":"GMICloud","choices":[{"index":0,"delta":{"content":"AAW","role":"assistant"},"finish_reason":null,"native_finish_reason":null}]}
--- CHUNK 1783158678215 bytes=293 ---
data: {"id":"gen-1783158650-6fMKVkLglsFk7xQKrVEy","object":"chat.completion.chunk","created":1783158650,"model":"deepseek/deepseek-v4-flash-20260423","provider":"GMICloud","choices":[{"index":0,"delta":{"content":"-REF","role":"assistant"},"finish_reason":null,"native_finish_reason":null}]}


PARSED: {"id":"gen-1783158650-6fMKVkLglsFk7xQKrVEy","object":"chat.completion.chunk","created":1783158650,"model":"deepseek/deepseek-v4-flash-20260423","provider":"GMICloud","choices":[{"index":0,"delta":{"content":"-REF","role":"assistant"},"finish_reason":null,"native_finish_reason":null}]}
--- CHUNK 1783158678217 bytes=298 ---
data: {"id":"gen-1783158650-6fMKVkLglsFk7xQKrVEy","object":"chat.completion.chunk","created":1783158650,"model":"deepseek/deepseek-v4-flash-20260423","provider":"GMICloud","choices":[{"index":0,"delta":{"content":"ERENCE.md","role":"assistant"},"finish_reason":null,"native_finish_reason":null}]}


PARSED: {"id":"gen-1783158650-6fMKVkLglsFk7xQKrVEy","object":"chat.completion.chunk","created":1783158650,"model":"deepseek/deepseek-v4-flash-20260423","provider":"GMICloud","choices":[{"index":0,"delta":{"content":"ERENCE.md","role":"assistant"},"finish_reason":null,"native_finish_reason":null}]}
--- CHUNK 1783158678266 bytes=593 ---
data: {"id":"gen-1783158650-6fMKVkLglsFk7xQKrVEy","object":"chat.completion.chunk","created":1783158650,"model":"deepseek/deepseek-v4-flash-20260423","provider":"GMICloud","choices":[{"index":0,"delta":{"content":"`\n-","role":"assistant"},"finish_reason":null,"native_finish_reason":null}]}

data: {"id":"gen-1783158650-6fMKVkLglsFk7xQKrVEy","object":"chat.completion.chunk","created":1783158650,"model":"deepseek/deepseek-v4-flash-20260423","provider":"GMICloud","choices":[{"index":0,"delta":{"content":" `knowledge","role":"assistant"},"finish_reason":null,"native_finish_reason":null}]}


PARSED: {"id":"gen-1783158650-6fMKVkLglsFk7xQKrVEy","object":"chat.completion.chunk","created":1783158650,"model":"deepseek/deepseek-v4-flash-20260423","provider":"GMICloud","choices":[{"index":0,"delta":{"content":"`\n-","role":"assistant"},"finish_reason":null,"native_finish_reason":null}]}
PARSED: {"id":"gen-1783158650-6fMKVkLglsFk7xQKrVEy","object":"chat.completion.chunk","created":1783158650,"model":"deepseek/deepseek-v4-flash-20260423","provider":"GMICloud","choices":[{"index":0,"delta":{"content":" `knowledge","role":"assistant"},"finish_reason":null,"native_finish_reason":null}]}
--- CHUNK 1783158678268 bytes=297 ---
data: {"id":"gen-1783158650-6fMKVkLglsFk7xQKrVEy","object":"chat.completion.chunk","created":1783158650,"model":"deepseek/deepseek-v4-flash-20260423","provider":"GMICloud","choices":[{"index":0,"delta":{"content":"/about-p","role":"assistant"},"finish_reason":null,"native_finish_reason":null}]}


PARSED: {"id":"gen-1783158650-6fMKVkLglsFk7xQKrVEy","object":"chat.completion.chunk","created":1783158650,"model":"deepseek/deepseek-v4-flash-20260423","provider":"GMICloud","choices":[{"index":0,"delta":{"content":"/about-p","role":"assistant"},"finish_reason":null,"native_finish_reason":null}]}
--- CHUNK 1783158678309 bytes=292 ---
data: {"id":"gen-1783158650-6fMKVkLglsFk7xQKrVEy","object":"chat.completion.chunk","created":1783158650,"model":"deepseek/deepseek-v4-flash-20260423","provider":"GMICloud","choices":[{"index":0,"delta":{"content":"aaw","role":"assistant"},"finish_reason":null,"native_finish_reason":null}]}


PARSED: {"id":"gen-1783158650-6fMKVkLglsFk7xQKrVEy","object":"chat.completion.chunk","created":1783158650,"model":"deepseek/deepseek-v4-flash-20260423","provider":"GMICloud","choices":[{"index":0,"delta":{"content":"aaw","role":"assistant"},"finish_reason":null,"native_finish_reason":null}]}
--- CHUNK 1783158678312 bytes=292 ---
data: {"id":"gen-1783158650-6fMKVkLglsFk7xQKrVEy","object":"chat.completion.chunk","created":1783158650,"model":"deepseek/deepseek-v4-flash-20260423","provider":"GMICloud","choices":[{"index":0,"delta":{"content":"/DE","role":"assistant"},"finish_reason":null,"native_finish_reason":null}]}


PARSED: {"id":"gen-1783158650-6fMKVkLglsFk7xQKrVEy","object":"chat.completion.chunk","created":1783158650,"model":"deepseek/deepseek-v4-flash-20260423","provider":"GMICloud","choices":[{"index":0,"delta":{"content":"/DE","role":"assistant"},"finish_reason":null,"native_finish_reason":null}]}
--- CHUNK 1783158678316 bytes=296 ---
data: {"id":"gen-1783158650-6fMKVkLglsFk7xQKrVEy","object":"chat.completion.chunk","created":1783158650,"model":"deepseek/deepseek-v4-flash-20260423","provider":"GMICloud","choices":[{"index":0,"delta":{"content":"VELOPER","role":"assistant"},"finish_reason":null,"native_finish_reason":null}]}


PARSED: {"id":"gen-1783158650-6fMKVkLglsFk7xQKrVEy","object":"chat.completion.chunk","created":1783158650,"model":"deepseek/deepseek-v4-flash-20260423","provider":"GMICloud","choices":[{"index":0,"delta":{"content":"VELOPER","role":"assistant"},"finish_reason":null,"native_finish_reason":null}]}
--- CHUNK 1783158678357 bytes=294 ---
data: {"id":"gen-1783158650-6fMKVkLglsFk7xQKrVEy","object":"chat.completion.chunk","created":1783158650,"model":"deepseek/deepseek-v4-flash-20260423","provider":"GMICloud","choices":[{"index":0,"delta":{"content":"-GUID","role":"assistant"},"finish_reason":null,"native_finish_reason":null}]}


PARSED: {"id":"gen-1783158650-6fMKVkLglsFk7xQKrVEy","object":"chat.completion.chunk","created":1783158650,"model":"deepseek/deepseek-v4-flash-20260423","provider":"GMICloud","choices":[{"index":0,"delta":{"content":"-GUID","role":"assistant"},"finish_reason":null,"native_finish_reason":null}]}
--- CHUNK 1783158678361 bytes=293 ---
data: {"id":"gen-1783158650-6fMKVkLglsFk7xQKrVEy","object":"chat.completion.chunk","created":1783158650,"model":"deepseek/deepseek-v4-flash-20260423","provider":"GMICloud","choices":[{"index":0,"delta":{"content":"E.md","role":"assistant"},"finish_reason":null,"native_finish_reason":null}]}


PARSED: {"id":"gen-1783158650-6fMKVkLglsFk7xQKrVEy","object":"chat.completion.chunk","created":1783158650,"model":"deepseek/deepseek-v4-flash-20260423","provider":"GMICloud","choices":[{"index":0,"delta":{"content":"E.md","role":"assistant"},"finish_reason":null,"native_finish_reason":null}]}
--- CHUNK 1783158678369 bytes=293 ---
data: {"id":"gen-1783158650-6fMKVkLglsFk7xQKrVEy","object":"chat.completion.chunk","created":1783158650,"model":"deepseek/deepseek-v4-flash-20260423","provider":"GMICloud","choices":[{"index":0,"delta":{"content":"`\n-","role":"assistant"},"finish_reason":null,"native_finish_reason":null}]}


PARSED: {"id":"gen-1783158650-6fMKVkLglsFk7xQKrVEy","object":"chat.completion.chunk","created":1783158650,"model":"deepseek/deepseek-v4-flash-20260423","provider":"GMICloud","choices":[{"index":0,"delta":{"content":"`\n-","role":"assistant"},"finish_reason":null,"native_finish_reason":null}]}
--- CHUNK 1783158678408 bytes=291 ---
data: {"id":"gen-1783158650-6fMKVkLglsFk7xQKrVEy","object":"chat.completion.chunk","created":1783158650,"model":"deepseek/deepseek-v4-flash-20260423","provider":"GMICloud","choices":[{"index":0,"delta":{"content":" `","role":"assistant"},"finish_reason":null,"native_finish_reason":null}]}


PARSED: {"id":"gen-1783158650-6fMKVkLglsFk7xQKrVEy","object":"chat.completion.chunk","created":1783158650,"model":"deepseek/deepseek-v4-flash-20260423","provider":"GMICloud","choices":[{"index":0,"delta":{"content":" `","role":"assistant"},"finish_reason":null,"native_finish_reason":null}]}
--- CHUNK 1783158678409 bytes=304 ---
data: {"id":"gen-1783158650-6fMKVkLglsFk7xQKrVEy","object":"chat.completion.chunk","created":1783158650,"model":"deepseek/deepseek-v4-flash-20260423","provider":"GMICloud","choices":[{"index":0,"delta":{"content":"knowledge/about","role":"assistant"},"finish_reason":null,"native_finish_reason":null}]}


PARSED: {"id":"gen-1783158650-6fMKVkLglsFk7xQKrVEy","object":"chat.completion.chunk","created":1783158650,"model":"deepseek/deepseek-v4-flash-20260423","provider":"GMICloud","choices":[{"index":0,"delta":{"content":"knowledge/about","role":"assistant"},"finish_reason":null,"native_finish_reason":null}]}
--- CHUNK 1783158678416 bytes=292 ---
data: {"id":"gen-1783158650-6fMKVkLglsFk7xQKrVEy","object":"chat.completion.chunk","created":1783158650,"model":"deepseek/deepseek-v4-flash-20260423","provider":"GMICloud","choices":[{"index":0,"delta":{"content":"-pa","role":"assistant"},"finish_reason":null,"native_finish_reason":null}]}


PARSED: {"id":"gen-1783158650-6fMKVkLglsFk7xQKrVEy","object":"chat.completion.chunk","created":1783158650,"model":"deepseek/deepseek-v4-flash-20260423","provider":"GMICloud","choices":[{"index":0,"delta":{"content":"-pa","role":"assistant"},"finish_reason":null,"native_finish_reason":null}]}
--- CHUNK 1783158678452 bytes=291 ---
data: {"id":"gen-1783158650-6fMKVkLglsFk7xQKrVEy","object":"chat.completion.chunk","created":1783158650,"model":"deepseek/deepseek-v4-flash-20260423","provider":"GMICloud","choices":[{"index":0,"delta":{"content":"aw","role":"assistant"},"finish_reason":null,"native_finish_reason":null}]}


PARSED: {"id":"gen-1783158650-6fMKVkLglsFk7xQKrVEy","object":"chat.completion.chunk","created":1783158650,"model":"deepseek/deepseek-v4-flash-20260423","provider":"GMICloud","choices":[{"index":0,"delta":{"content":"aw","role":"assistant"},"finish_reason":null,"native_finish_reason":null}]}
--- CHUNK 1783158678454 bytes=293 ---
data: {"id":"gen-1783158650-6fMKVkLglsFk7xQKrVEy","object":"chat.completion.chunk","created":1783158650,"model":"deepseek/deepseek-v4-flash-20260423","provider":"GMICloud","choices":[{"index":0,"delta":{"content":"/PRO","role":"assistant"},"finish_reason":null,"native_finish_reason":null}]}


PARSED: {"id":"gen-1783158650-6fMKVkLglsFk7xQKrVEy","object":"chat.completion.chunk","created":1783158650,"model":"deepseek/deepseek-v4-flash-20260423","provider":"GMICloud","choices":[{"index":0,"delta":{"content":"/PRO","role":"assistant"},"finish_reason":null,"native_finish_reason":null}]}
--- CHUNK 1783158678460 bytes=292 ---
data: {"id":"gen-1783158650-6fMKVkLglsFk7xQKrVEy","object":"chat.completion.chunk","created":1783158650,"model":"deepseek/deepseek-v4-flash-20260423","provider":"GMICloud","choices":[{"index":0,"delta":{"content":"MPT","role":"assistant"},"finish_reason":null,"native_finish_reason":null}]}


PARSED: {"id":"gen-1783158650-6fMKVkLglsFk7xQKrVEy","object":"chat.completion.chunk","created":1783158650,"model":"deepseek/deepseek-v4-flash-20260423","provider":"GMICloud","choices":[{"index":0,"delta":{"content":"MPT","role":"assistant"},"finish_reason":null,"native_finish_reason":null}]}
--- CHUNK 1783158678519 bytes=294 ---
data: {"id":"gen-1783158650-6fMKVkLglsFk7xQKrVEy","object":"chat.completion.chunk","created":1783158650,"model":"deepseek/deepseek-v4-flash-20260423","provider":"GMICloud","choices":[{"index":0,"delta":{"content":"-ARCH","role":"assistant"},"finish_reason":null,"native_finish_reason":null}]}


PARSED: {"id":"gen-1783158650-6fMKVkLglsFk7xQKrVEy","object":"chat.completion.chunk","created":1783158650,"model":"deepseek/deepseek-v4-flash-20260423","provider":"GMICloud","choices":[{"index":0,"delta":{"content":"-ARCH","role":"assistant"},"finish_reason":null,"native_finish_reason":null}]}
--- CHUNK 1783158678522 bytes=294 ---
data: {"id":"gen-1783158650-6fMKVkLglsFk7xQKrVEy","object":"chat.completion.chunk","created":1783158650,"model":"deepseek/deepseek-v4-flash-20260423","provider":"GMICloud","choices":[{"index":0,"delta":{"content":"ITECT","role":"assistant"},"finish_reason":null,"native_finish_reason":null}]}


PARSED: {"id":"gen-1783158650-6fMKVkLglsFk7xQKrVEy","object":"chat.completion.chunk","created":1783158650,"model":"deepseek/deepseek-v4-flash-20260423","provider":"GMICloud","choices":[{"index":0,"delta":{"content":"ITECT","role":"assistant"},"finish_reason":null,"native_finish_reason":null}]}
--- CHUNK 1783158678527 bytes=295 ---
data: {"id":"gen-1783158650-6fMKVkLglsFk7xQKrVEy","object":"chat.completion.chunk","created":1783158650,"model":"deepseek/deepseek-v4-flash-20260423","provider":"GMICloud","choices":[{"index":0,"delta":{"content":"URE.md","role":"assistant"},"finish_reason":null,"native_finish_reason":null}]}


PARSED: {"id":"gen-1783158650-6fMKVkLglsFk7xQKrVEy","object":"chat.completion.chunk","created":1783158650,"model":"deepseek/deepseek-v4-flash-20260423","provider":"GMICloud","choices":[{"index":0,"delta":{"content":"URE.md","role":"assistant"},"finish_reason":null,"native_finish_reason":null}]}
--- CHUNK 1783158678532 bytes=293 ---
data: {"id":"gen-1783158650-6fMKVkLglsFk7xQKrVEy","object":"chat.completion.chunk","created":1783158650,"model":"deepseek/deepseek-v4-flash-20260423","provider":"GMICloud","choices":[{"index":0,"delta":{"content":"`\n-","role":"assistant"},"finish_reason":null,"native_finish_reason":null}]}


PARSED: {"id":"gen-1783158650-6fMKVkLglsFk7xQKrVEy","object":"chat.completion.chunk","created":1783158650,"model":"deepseek/deepseek-v4-flash-20260423","provider":"GMICloud","choices":[{"index":0,"delta":{"content":"`\n-","role":"assistant"},"finish_reason":null,"native_finish_reason":null}]}
--- CHUNK 1783158678565 bytes=291 ---
data: {"id":"gen-1783158650-6fMKVkLglsFk7xQKrVEy","object":"chat.completion.chunk","created":1783158650,"model":"deepseek/deepseek-v4-flash-20260423","provider":"GMICloud","choices":[{"index":0,"delta":{"content":" `","role":"assistant"},"finish_reason":null,"native_finish_reason":null}]}


PARSED: {"id":"gen-1783158650-6fMKVkLglsFk7xQKrVEy","object":"chat.completion.chunk","created":1783158650,"model":"deepseek/deepseek-v4-flash-20260423","provider":"GMICloud","choices":[{"index":0,"delta":{"content":" `","role":"assistant"},"finish_reason":null,"native_finish_reason":null}]}
--- CHUNK 1783158678566 bytes=304 ---
data: {"id":"gen-1783158650-6fMKVkLglsFk7xQKrVEy","object":"chat.completion.chunk","created":1783158650,"model":"deepseek/deepseek-v4-flash-20260423","provider":"GMICloud","choices":[{"index":0,"delta":{"content":"knowledge/about","role":"assistant"},"finish_reason":null,"native_finish_reason":null}]}


PARSED: {"id":"gen-1783158650-6fMKVkLglsFk7xQKrVEy","object":"chat.completion.chunk","created":1783158650,"model":"deepseek/deepseek-v4-flash-20260423","provider":"GMICloud","choices":[{"index":0,"delta":{"content":"knowledge/about","role":"assistant"},"finish_reason":null,"native_finish_reason":null}]}
--- CHUNK 1783158678572 bytes=292 ---
data: {"id":"gen-1783158650-6fMKVkLglsFk7xQKrVEy","object":"chat.completion.chunk","created":1783158650,"model":"deepseek/deepseek-v4-flash-20260423","provider":"GMICloud","choices":[{"index":0,"delta":{"content":"-pa","role":"assistant"},"finish_reason":null,"native_finish_reason":null}]}


PARSED: {"id":"gen-1783158650-6fMKVkLglsFk7xQKrVEy","object":"chat.completion.chunk","created":1783158650,"model":"deepseek/deepseek-v4-flash-20260423","provider":"GMICloud","choices":[{"index":0,"delta":{"content":"-pa","role":"assistant"},"finish_reason":null,"native_finish_reason":null}]}
--- CHUNK 1783158678615 bytes=291 ---
data: {"id":"gen-1783158650-6fMKVkLglsFk7xQKrVEy","object":"chat.completion.chunk","created":1783158650,"model":"deepseek/deepseek-v4-flash-20260423","provider":"GMICloud","choices":[{"index":0,"delta":{"content":"aw","role":"assistant"},"finish_reason":null,"native_finish_reason":null}]}


PARSED: {"id":"gen-1783158650-6fMKVkLglsFk7xQKrVEy","object":"chat.completion.chunk","created":1783158650,"model":"deepseek/deepseek-v4-flash-20260423","provider":"GMICloud","choices":[{"index":0,"delta":{"content":"aw","role":"assistant"},"finish_reason":null,"native_finish_reason":null}]}
--- CHUNK 1783158678619 bytes=292 ---
data: {"id":"gen-1783158650-6fMKVkLglsFk7xQKrVEy","object":"chat.completion.chunk","created":1783158650,"model":"deepseek/deepseek-v4-flash-20260423","provider":"GMICloud","choices":[{"index":0,"delta":{"content":"/AI","role":"assistant"},"finish_reason":null,"native_finish_reason":null}]}


PARSED: {"id":"gen-1783158650-6fMKVkLglsFk7xQKrVEy","object":"chat.completion.chunk","created":1783158650,"model":"deepseek/deepseek-v4-flash-20260423","provider":"GMICloud","choices":[{"index":0,"delta":{"content":"/AI","role":"assistant"},"finish_reason":null,"native_finish_reason":null}]}
--- CHUNK 1783158678625 bytes=292 ---
data: {"id":"gen-1783158650-6fMKVkLglsFk7xQKrVEy","object":"chat.completion.chunk","created":1783158650,"model":"deepseek/deepseek-v4-flash-20260423","provider":"GMICloud","choices":[{"index":0,"delta":{"content":"-FE","role":"assistant"},"finish_reason":null,"native_finish_reason":null}]}


PARSED: {"id":"gen-1783158650-6fMKVkLglsFk7xQKrVEy","object":"chat.completion.chunk","created":1783158650,"model":"deepseek/deepseek-v4-flash-20260423","provider":"GMICloud","choices":[{"index":0,"delta":{"content":"-FE","role":"assistant"},"finish_reason":null,"native_finish_reason":null}]}
--- CHUNK 1783158679093 bytes=25 ---
: OPENROUTER PROCESSING


--- CHUNK 1783158679093 bytes=291 ---
data: {"id":"gen-1783158650-6fMKVkLglsFk7xQKrVEy","object":"chat.completion.chunk","created":1783158650,"model":"deepseek/deepseek-v4-flash-20260423","provider":"GMICloud","choices":[{"index":0,"delta":{"content":"AT","role":"assistant"},"finish_reason":null,"native_finish_reason":null}]}


PARSED: {"id":"gen-1783158650-6fMKVkLglsFk7xQKrVEy","object":"chat.completion.chunk","created":1783158650,"model":"deepseek/deepseek-v4-flash-20260423","provider":"GMICloud","choices":[{"index":0,"delta":{"content":"AT","role":"assistant"},"finish_reason":null,"native_finish_reason":null}]}
--- CHUNK 1783158679094 bytes=296 ---
data: {"id":"gen-1783158650-6fMKVkLglsFk7xQKrVEy","object":"chat.completion.chunk","created":1783158650,"model":"deepseek/deepseek-v4-flash-20260423","provider":"GMICloud","choices":[{"index":0,"delta":{"content":"URES.md","role":"assistant"},"finish_reason":null,"native_finish_reason":null}]}


PARSED: {"id":"gen-1783158650-6fMKVkLglsFk7xQKrVEy","object":"chat.completion.chunk","created":1783158650,"model":"deepseek/deepseek-v4-flash-20260423","provider":"GMICloud","choices":[{"index":0,"delta":{"content":"URES.md","role":"assistant"},"finish_reason":null,"native_finish_reason":null}]}
--- CHUNK 1783158679094 bytes=301 ---
data: {"id":"gen-1783158650-6fMKVkLglsFk7xQKrVEy","object":"chat.completion.chunk","created":1783158650,"model":"deepseek/deepseek-v4-flash-20260423","provider":"GMICloud","choices":[{"index":0,"delta":{"content":"`\n\n---\n\n","role":"assistant"},"finish_reason":null,"native_finish_reason":null}]}


PARSED: {"id":"gen-1783158650-6fMKVkLglsFk7xQKrVEy","object":"chat.completion.chunk","created":1783158650,"model":"deepseek/deepseek-v4-flash-20260423","provider":"GMICloud","choices":[{"index":0,"delta":{"content":"`\n\n---\n\n","role":"assistant"},"finish_reason":null,"native_finish_reason":null}]}
--- CHUNK 1783158679094 bytes=296 ---
data: {"id":"gen-1783158650-6fMKVkLglsFk7xQKrVEy","object":"chat.completion.chunk","created":1783158650,"model":"deepseek/deepseek-v4-flash-20260423","provider":"GMICloud","choices":[{"index":0,"delta":{"content":"💡 **","role":"assistant"},"finish_reason":null,"native_finish_reason":null}]}


PARSED: {"id":"gen-1783158650-6fMKVkLglsFk7xQKrVEy","object":"chat.completion.chunk","created":1783158650,"model":"deepseek/deepseek-v4-flash-20260423","provider":"GMICloud","choices":[{"index":0,"delta":{"content":"💡 **","role":"assistant"},"finish_reason":null,"native_finish_reason":null}]}
--- CHUNK 1783158679094 bytes=301 ---
data: {"id":"gen-1783158650-6fMKVkLglsFk7xQKrVEy","object":"chat.completion.chunk","created":1783158650,"model":"deepseek/deepseek-v4-flash-20260423","provider":"GMICloud","choices":[{"index":0,"delta":{"content":"延伸問題","role":"assistant"},"finish_reason":null,"native_finish_reason":null}]}


PARSED: {"id":"gen-1783158650-6fMKVkLglsFk7xQKrVEy","object":"chat.completion.chunk","created":1783158650,"model":"deepseek/deepseek-v4-flash-20260423","provider":"GMICloud","choices":[{"index":0,"delta":{"content":"延伸問題","role":"assistant"},"finish_reason":null,"native_finish_reason":null}]}
--- CHUNK 1783158679094 bytes=295 ---
data: {"id":"gen-1783158650-6fMKVkLglsFk7xQKrVEy","object":"chat.completion.chunk","created":1783158650,"model":"deepseek/deepseek-v4-flash-20260423","provider":"GMICloud","choices":[{"index":0,"delta":{"content":"建議","role":"assistant"},"finish_reason":null,"native_finish_reason":null}]}


PARSED: {"id":"gen-1783158650-6fMKVkLglsFk7xQKrVEy","object":"chat.completion.chunk","created":1783158650,"model":"deepseek/deepseek-v4-flash-20260423","provider":"GMICloud","choices":[{"index":0,"delta":{"content":"建議","role":"assistant"},"finish_reason":null,"native_finish_reason":null}]}
--- CHUNK 1783158679094 bytes=296 ---
data: {"id":"gen-1783158650-6fMKVkLglsFk7xQKrVEy","object":"chat.completion.chunk","created":1783158650,"model":"deepseek/deepseek-v4-flash-20260423","provider":"GMICloud","choices":[{"index":0,"delta":{"content":"：**\n","role":"assistant"},"finish_reason":null,"native_finish_reason":null}]}


PARSED: {"id":"gen-1783158650-6fMKVkLglsFk7xQKrVEy","object":"chat.completion.chunk","created":1783158650,"model":"deepseek/deepseek-v4-flash-20260423","provider":"GMICloud","choices":[{"index":0,"delta":{"content":"：**\n","role":"assistant"},"finish_reason":null,"native_finish_reason":null}]}
--- CHUNK 1783158679094 bytes=291 ---
data: {"id":"gen-1783158650-6fMKVkLglsFk7xQKrVEy","object":"chat.completion.chunk","created":1783158650,"model":"deepseek/deepseek-v4-flash-20260423","provider":"GMICloud","choices":[{"index":0,"delta":{"content":"- ","role":"assistant"},"finish_reason":null,"native_finish_reason":null}]}


PARSED: {"id":"gen-1783158650-6fMKVkLglsFk7xQKrVEy","object":"chat.completion.chunk","created":1783158650,"model":"deepseek/deepseek-v4-flash-20260423","provider":"GMICloud","choices":[{"index":0,"delta":{"content":"- ","role":"assistant"},"finish_reason":null,"native_finish_reason":null}]}
--- CHUNK 1783158679112 bytes=295 ---
data: {"id":"gen-1783158650-6fMKVkLglsFk7xQKrVEy","object":"chat.completion.chunk","created":1783158650,"model":"deepseek/deepseek-v4-flash-20260423","provider":"GMICloud","choices":[{"index":0,"delta":{"content":"怎麼","role":"assistant"},"finish_reason":null,"native_finish_reason":null}]}


PARSED: {"id":"gen-1783158650-6fMKVkLglsFk7xQKrVEy","object":"chat.completion.chunk","created":1783158650,"model":"deepseek/deepseek-v4-flash-20260423","provider":"GMICloud","choices":[{"index":0,"delta":{"content":"怎麼","role":"assistant"},"finish_reason":null,"native_finish_reason":null}]}
--- CHUNK 1783158679113 bytes=301 ---
data: {"id":"gen-1783158650-6fMKVkLglsFk7xQKrVEy","object":"chat.completion.chunk","created":1783158650,"model":"deepseek/deepseek-v4-flash-20260423","provider":"GMICloud","choices":[{"index":0,"delta":{"content":"建立一個","role":"assistant"},"finish_reason":null,"native_finish_reason":null}]}


PARSED: {"id":"gen-1783158650-6fMKVkLglsFk7xQKrVEy","object":"chat.completion.chunk","created":1783158650,"model":"deepseek/deepseek-v4-flash-20260423","provider":"GMICloud","choices":[{"index":0,"delta":{"content":"建立一個","role":"assistant"},"finish_reason":null,"native_finish_reason":null}]}
--- CHUNK 1783158679119 bytes=301 ---
data: {"id":"gen-1783158650-6fMKVkLglsFk7xQKrVEy","object":"chat.completion.chunk","created":1783158650,"model":"deepseek/deepseek-v4-flash-20260423","provider":"GMICloud","choices":[{"index":0,"delta":{"content":"新的 Skill","role":"assistant"},"finish_reason":null,"native_finish_reason":null}]}


PARSED: {"id":"gen-1783158650-6fMKVkLglsFk7xQKrVEy","object":"chat.completion.chunk","created":1783158650,"model":"deepseek/deepseek-v4-flash-20260423","provider":"GMICloud","choices":[{"index":0,"delta":{"content":"新的 Skill","role":"assistant"},"finish_reason":null,"native_finish_reason":null}]}
--- CHUNK 1783158679152 bytes=294 ---
data: {"id":"gen-1783158650-6fMKVkLglsFk7xQKrVEy","object":"chat.completion.chunk","created":1783158650,"model":"deepseek/deepseek-v4-flash-20260423","provider":"GMICloud","choices":[{"index":0,"delta":{"content":"？\n","role":"assistant"},"finish_reason":null,"native_finish_reason":null}]}


PARSED: {"id":"gen-1783158650-6fMKVkLglsFk7xQKrVEy","object":"chat.completion.chunk","created":1783158650,"model":"deepseek/deepseek-v4-flash-20260423","provider":"GMICloud","choices":[{"index":0,"delta":{"content":"？\n","role":"assistant"},"finish_reason":null,"native_finish_reason":null}]}
--- CHUNK 1783158679155 bytes=299 ---
data: {"id":"gen-1783158650-6fMKVkLglsFk7xQKrVEy","object":"chat.completion.chunk","created":1783158650,"model":"deepseek/deepseek-v4-flash-20260423","provider":"GMICloud","choices":[{"index":0,"delta":{"content":"- Determin","role":"assistant"},"finish_reason":null,"native_finish_reason":null}]}


PARSED: {"id":"gen-1783158650-6fMKVkLglsFk7xQKrVEy","object":"chat.completion.chunk","created":1783158650,"model":"deepseek/deepseek-v4-flash-20260423","provider":"GMICloud","choices":[{"index":0,"delta":{"content":"- Determin","role":"assistant"},"finish_reason":null,"native_finish_reason":null}]}
--- CHUNK 1783158679159 bytes=301 ---
data: {"id":"gen-1783158650-6fMKVkLglsFk7xQKrVEy","object":"chat.completion.chunk","created":1783158650,"model":"deepseek/deepseek-v4-flash-20260423","provider":"GMICloud","choices":[{"index":0,"delta":{"content":"istic Script","role":"assistant"},"finish_reason":null,"native_finish_reason":null}]}


PARSED: {"id":"gen-1783158650-6fMKVkLglsFk7xQKrVEy","object":"chat.completion.chunk","created":1783158650,"model":"deepseek/deepseek-v4-flash-20260423","provider":"GMICloud","choices":[{"index":0,"delta":{"content":"istic Script","role":"assistant"},"finish_reason":null,"native_finish_reason":null}]}
--- CHUNK 1783158679183 bytes=293 ---
data: {"id":"gen-1783158650-6fMKVkLglsFk7xQKrVEy","object":"chat.completion.chunk","created":1783158650,"model":"deepseek/deepseek-v4-flash-20260423","provider":"GMICloud","choices":[{"index":0,"delta":{"content":" 和","role":"assistant"},"finish_reason":null,"native_finish_reason":null}]}


PARSED: {"id":"gen-1783158650-6fMKVkLglsFk7xQKrVEy","object":"chat.completion.chunk","created":1783158650,"model":"deepseek/deepseek-v4-flash-20260423","provider":"GMICloud","choices":[{"index":0,"delta":{"content":" 和","role":"assistant"},"finish_reason":null,"native_finish_reason":null}]}
--- CHUNK 1783158679604 bytes=25 ---
: OPENROUTER PROCESSING


--- CHUNK 1783158679731 bytes=298 ---
data: {"id":"gen-1783158650-6fMKVkLglsFk7xQKrVEy","object":"chat.completion.chunk","created":1783158650,"model":"deepseek/deepseek-v4-flash-20260423","provider":"GMICloud","choices":[{"index":0,"delta":{"content":"一般的","role":"assistant"},"finish_reason":null,"native_finish_reason":null}]}


PARSED: {"id":"gen-1783158650-6fMKVkLglsFk7xQKrVEy","object":"chat.completion.chunk","created":1783158650,"model":"deepseek/deepseek-v4-flash-20260423","provider":"GMICloud","choices":[{"index":0,"delta":{"content":"一般的","role":"assistant"},"finish_reason":null,"native_finish_reason":null}]}
--- CHUNK 1783158679732 bytes=298 ---
data: {"id":"gen-1783158650-6fMKVkLglsFk7xQKrVEy","object":"chat.completion.chunk","created":1783158650,"model":"deepseek/deepseek-v4-flash-20260423","provider":"GMICloud","choices":[{"index":0,"delta":{"content":"提示詞","role":"assistant"},"finish_reason":null,"native_finish_reason":null}]}


PARSED: {"id":"gen-1783158650-6fMKVkLglsFk7xQKrVEy","object":"chat.completion.chunk","created":1783158650,"model":"deepseek/deepseek-v4-flash-20260423","provider":"GMICloud","choices":[{"index":0,"delta":{"content":"提示詞","role":"assistant"},"finish_reason":null,"native_finish_reason":null}]}
--- CHUNK 1783158679735 bytes=304 ---
data: {"id":"gen-1783158650-6fMKVkLglsFk7xQKrVEy","object":"chat.completion.chunk","created":1783158650,"model":"deepseek/deepseek-v4-flash-20260423","provider":"GMICloud","choices":[{"index":0,"delta":{"content":"有什麼不同","role":"assistant"},"finish_reason":null,"native_finish_reason":null}]}


PARSED: {"id":"gen-1783158650-6fMKVkLglsFk7xQKrVEy","object":"chat.completion.chunk","created":1783158650,"model":"deepseek/deepseek-v4-flash-20260423","provider":"GMICloud","choices":[{"index":0,"delta":{"content":"有什麼不同","role":"assistant"},"finish_reason":null,"native_finish_reason":null}]}
--- CHUNK 1783158679778 bytes=295 ---
data: {"id":"gen-1783158650-6fMKVkLglsFk7xQKrVEy","object":"chat.completion.chunk","created":1783158650,"model":"deepseek/deepseek-v4-flash-20260423","provider":"GMICloud","choices":[{"index":0,"delta":{"content":"？\n-","role":"assistant"},"finish_reason":null,"native_finish_reason":null}]}


PARSED: {"id":"gen-1783158650-6fMKVkLglsFk7xQKrVEy","object":"chat.completion.chunk","created":1783158650,"model":"deepseek/deepseek-v4-flash-20260423","provider":"GMICloud","choices":[{"index":0,"delta":{"content":"？\n-","role":"assistant"},"finish_reason":null,"native_finish_reason":null}]}
--- CHUNK 1783158679779 bytes=298 ---
data: {"id":"gen-1783158650-6fMKVkLglsFk7xQKrVEy","object":"chat.completion.chunk","created":1783158650,"model":"deepseek/deepseek-v4-flash-20260423","provider":"GMICloud","choices":[{"index":0,"delta":{"content":" Workflow","role":"assistant"},"finish_reason":null,"native_finish_reason":null}]}


PARSED: {"id":"gen-1783158650-6fMKVkLglsFk7xQKrVEy","object":"chat.completion.chunk","created":1783158650,"model":"deepseek/deepseek-v4-flash-20260423","provider":"GMICloud","choices":[{"index":0,"delta":{"content":" Workflow","role":"assistant"},"finish_reason":null,"native_finish_reason":null}]}
--- CHUNK 1783158679780 bytes=293 ---
data: {"id":"gen-1783158650-6fMKVkLglsFk7xQKrVEy","object":"chat.completion.chunk","created":1783158650,"model":"deepseek/deepseek-v4-flash-20260423","provider":"GMICloud","choices":[{"index":0,"delta":{"content":" 跟","role":"assistant"},"finish_reason":null,"native_finish_reason":null}]}


PARSED: {"id":"gen-1783158650-6fMKVkLglsFk7xQKrVEy","object":"chat.completion.chunk","created":1783158650,"model":"deepseek/deepseek-v4-flash-20260423","provider":"GMICloud","choices":[{"index":0,"delta":{"content":" 跟","role":"assistant"},"finish_reason":null,"native_finish_reason":null}]}
--- CHUNK 1783158679800 bytes=296 ---
data: {"id":"gen-1783158650-6fMKVkLglsFk7xQKrVEy","object":"chat.completion.chunk","created":1783158650,"model":"deepseek/deepseek-v4-flash-20260423","provider":"GMICloud","choices":[{"index":0,"delta":{"content":" Skill ","role":"assistant"},"finish_reason":null,"native_finish_reason":null}]}


PARSED: {"id":"gen-1783158650-6fMKVkLglsFk7xQKrVEy","object":"chat.completion.chunk","created":1783158650,"model":"deepseek/deepseek-v4-flash-20260423","provider":"GMICloud","choices":[{"index":0,"delta":{"content":" Skill ","role":"assistant"},"finish_reason":null,"native_finish_reason":null}]}
--- CHUNK 1783158679822 bytes=292 ---
data: {"id":"gen-1783158650-6fMKVkLglsFk7xQKrVEy","object":"chat.completion.chunk","created":1783158650,"model":"deepseek/deepseek-v4-flash-20260423","provider":"GMICloud","choices":[{"index":0,"delta":{"content":"的","role":"assistant"},"finish_reason":null,"native_finish_reason":null}]}


PARSED: {"id":"gen-1783158650-6fMKVkLglsFk7xQKrVEy","object":"chat.completion.chunk","created":1783158650,"model":"deepseek/deepseek-v4-flash-20260423","provider":"GMICloud","choices":[{"index":0,"delta":{"content":"的","role":"assistant"},"finish_reason":null,"native_finish_reason":null}]}
--- CHUNK 1783158679829 bytes=304 ---
data: {"id":"gen-1783158650-6fMKVkLglsFk7xQKrVEy","object":"chat.completion.chunk","created":1783158650,"model":"deepseek/deepseek-v4-flash-20260423","provider":"GMICloud","choices":[{"index":0,"delta":{"content":"關係是什麼","role":"assistant"},"finish_reason":null,"native_finish_reason":null}]}


PARSED: {"id":"gen-1783158650-6fMKVkLglsFk7xQKrVEy","object":"chat.completion.chunk","created":1783158650,"model":"deepseek/deepseek-v4-flash-20260423","provider":"GMICloud","choices":[{"index":0,"delta":{"content":"關係是什麼","role":"assistant"},"finish_reason":null,"native_finish_reason":null}]}
--- CHUNK 1783158679831 bytes=295 ---
data: {"id":"gen-1783158650-6fMKVkLglsFk7xQKrVEy","object":"chat.completion.chunk","created":1783158650,"model":"deepseek/deepseek-v4-flash-20260423","provider":"GMICloud","choices":[{"index":0,"delta":{"content":"？\n-","role":"assistant"},"finish_reason":null,"native_finish_reason":null}]}


PARSED: {"id":"gen-1783158650-6fMKVkLglsFk7xQKrVEy","object":"chat.completion.chunk","created":1783158650,"model":"deepseek/deepseek-v4-flash-20260423","provider":"GMICloud","choices":[{"index":0,"delta":{"content":"？\n-","role":"assistant"},"finish_reason":null,"native_finish_reason":null}]}
--- CHUNK 1783158679869 bytes=294 ---
data: {"id":"gen-1783158650-6fMKVkLglsFk7xQKrVEy","object":"chat.completion.chunk","created":1783158650,"model":"deepseek/deepseek-v4-flash-20260423","provider":"GMICloud","choices":[{"index":0,"delta":{"content":" Crew","role":"assistant"},"finish_reason":null,"native_finish_reason":null}]}


PARSED: {"id":"gen-1783158650-6fMKVkLglsFk7xQKrVEy","object":"chat.completion.chunk","created":1783158650,"model":"deepseek/deepseek-v4-flash-20260423","provider":"GMICloud","choices":[{"index":0,"delta":{"content":" Crew","role":"assistant"},"finish_reason":null,"native_finish_reason":null}]}
--- CHUNK 1783158679871 bytes=293 ---
data: {"id":"gen-1783158650-6fMKVkLglsFk7xQKrVEy","object":"chat.completion.chunk","created":1783158650,"model":"deepseek/deepseek-v4-flash-20260423","provider":"GMICloud","choices":[{"index":0,"delta":{"content":" 是","role":"assistant"},"finish_reason":null,"native_finish_reason":null}]}


PARSED: {"id":"gen-1783158650-6fMKVkLglsFk7xQKrVEy","object":"chat.completion.chunk","created":1783158650,"model":"deepseek/deepseek-v4-flash-20260423","provider":"GMICloud","choices":[{"index":0,"delta":{"content":" 是","role":"assistant"},"finish_reason":null,"native_finish_reason":null}]}
--- CHUNK 1783158679877 bytes=298 ---
data: {"id":"gen-1783158650-6fMKVkLglsFk7xQKrVEy","object":"chat.completion.chunk","created":1783158650,"model":"deepseek/deepseek-v4-flash-20260423","provider":"GMICloud","choices":[{"index":0,"delta":{"content":"怎麼綁","role":"assistant"},"finish_reason":null,"native_finish_reason":null}]}


PARSED: {"id":"gen-1783158650-6fMKVkLglsFk7xQKrVEy","object":"chat.completion.chunk","created":1783158650,"model":"deepseek/deepseek-v4-flash-20260423","provider":"GMICloud","choices":[{"index":0,"delta":{"content":"怎麼綁","role":"assistant"},"finish_reason":null,"native_finish_reason":null}]}
--- CHUNK 1783158679919 bytes=295 ---
data: {"id":"gen-1783158650-6fMKVkLglsFk7xQKrVEy","object":"chat.completion.chunk","created":1783158650,"model":"deepseek/deepseek-v4-flash-20260423","provider":"GMICloud","choices":[{"index":0,"delta":{"content":"定多","role":"assistant"},"finish_reason":null,"native_finish_reason":null}]}


PARSED: {"id":"gen-1783158650-6fMKVkLglsFk7xQKrVEy","object":"chat.completion.chunk","created":1783158650,"model":"deepseek/deepseek-v4-flash-20260423","provider":"GMICloud","choices":[{"index":0,"delta":{"content":"定多","role":"assistant"},"finish_reason":null,"native_finish_reason":null}]}
--- CHUNK 1783158679921 bytes=298 ---
data: {"id":"gen-1783158650-6fMKVkLglsFk7xQKrVEy","object":"chat.completion.chunk","created":1783158650,"model":"deepseek/deepseek-v4-flash-20260423","provider":"GMICloud","choices":[{"index":0,"delta":{"content":"個 Skill","role":"assistant"},"finish_reason":null,"native_finish_reason":null}]}


PARSED: {"id":"gen-1783158650-6fMKVkLglsFk7xQKrVEy","object":"chat.completion.chunk","created":1783158650,"model":"deepseek/deepseek-v4-flash-20260423","provider":"GMICloud","choices":[{"index":0,"delta":{"content":"個 Skill","role":"assistant"},"finish_reason":null,"native_finish_reason":null}]}
--- CHUNK 1783158679922 bytes=293 ---
data: {"id":"gen-1783158650-6fMKVkLglsFk7xQKrVEy","object":"chat.completion.chunk","created":1783158650,"model":"deepseek/deepseek-v4-flash-20260423","provider":"GMICloud","choices":[{"index":0,"delta":{"content":" 的","role":"assistant"},"finish_reason":null,"native_finish_reason":null}]}


PARSED: {"id":"gen-1783158650-6fMKVkLglsFk7xQKrVEy","object":"chat.completion.chunk","created":1783158650,"model":"deepseek/deepseek-v4-flash-20260423","provider":"GMICloud","choices":[{"index":0,"delta":{"content":" 的","role":"assistant"},"finish_reason":null,"native_finish_reason":null}]}
--- CHUNK 1783158679924 bytes=292 ---
data: {"id":"gen-1783158650-6fMKVkLglsFk7xQKrVEy","object":"chat.completion.chunk","created":1783158650,"model":"deepseek/deepseek-v4-flash-20260423","provider":"GMICloud","choices":[{"index":0,"delta":{"content":"？","role":"assistant"},"finish_reason":null,"native_finish_reason":null}]}


PARSED: {"id":"gen-1783158650-6fMKVkLglsFk7xQKrVEy","object":"chat.completion.chunk","created":1783158650,"model":"deepseek/deepseek-v4-flash-20260423","provider":"GMICloud","choices":[{"index":0,"delta":{"content":"？","role":"assistant"},"finish_reason":null,"native_finish_reason":null}]}
--- CHUNK 1783158679949 bytes=310 ---
data: {"id":"gen-1783158650-6fMKVkLglsFk7xQKrVEy","object":"chat.completion.chunk","created":1783158650,"model":"deepseek/deepseek-v4-flash-20260423","provider":"GMICloud","choices":[{"index":0,"delta":{"content":"","role":"assistant","reasoning":null},"finish_reason":"stop","native_finish_reason":"stop"}]}


PARSED: {"id":"gen-1783158650-6fMKVkLglsFk7xQKrVEy","object":"chat.completion.chunk","created":1783158650,"model":"deepseek/deepseek-v4-flash-20260423","provider":"GMICloud","choices":[{"index":0,"delta":{"content":"","role":"assistant","reasoning":null},"finish_reason":"stop","native_finish_reason":"stop"}
FINISH: stop
--- CHUNK 1783158679949 bytes=762 ---
data: {"id":"gen-1783158650-6fMKVkLglsFk7xQKrVEy","object":"chat.completion.chunk","created":1783158650,"model":"deepseek/deepseek-v4-flash-20260423","provider":"GMICloud","service_tier":null,"choices":[{"index":0,"delta":{"content":"","role":"assistant"},"finish_reason":"stop","native_finish_reason":"stop"}],"usage":{"prompt_tokens":19729,"completion_tokens":2450,"total_tokens":22179,"cost":0.002413642,"is_byok":false,"prompt_tokens_details":{"cached_tokens":0,"cache_write_tokens":0,"audio_tokens":0,"video_tokens":0},"cost_details":{"upstream_inference_cost":0.002413642,"upstream_inference_prompt_cost":0.001933442,"upstream_inference_completions_cost":0.0004802},"completion_tokens_details":{"reasoning_tokens":489,"image_tokens":0,"audio_tokens":0}}}


PARSED: {"id":"gen-1783158650-6fMKVkLglsFk7xQKrVEy","object":"chat.completion.chunk","created":1783158650,"model":"deepseek/deepseek-v4-flash-20260423","provider":"GMICloud","service_tier":null,"choices":[{"index":0,"delta":{"content":"","role":"assistant"},"finish_reason":"stop","native_finish_reason":"sto
FINISH: stop
--- CHUNK 1783158679949 bytes=14 ---
data: [DONE]


[DONE] received
=== STREAM ENDED ===
