--- CHUNK 1782908036155 bytes=50 ---
: OPENROUTER PROCESSING

: OPENROUTER PROCESSING


--- CHUNK 1782908036155 bytes=25 ---
: OPENROUTER PROCESSING


--- CHUNK 1782908036156 bytes=25 ---
: OPENROUTER PROCESSING


--- CHUNK 1782908036156 bytes=50 ---
: OPENROUTER PROCESSING

: OPENROUTER PROCESSING


--- CHUNK 1782908036518 bytes=25 ---
: OPENROUTER PROCESSING


--- CHUNK 1782908036616 bytes=397 ---
data: {"id":"gen-1782908033-5hL5OHK26tyK4QQsIA23","object":"chat.completion.chunk","created":1782908033,"model":"deepseek/deepseek-v4-flash-20260423","provider":"GMICloud","choices":[{"index":0,"delta":{"content":"","role":"assistant","reasoning":"The","reasoning_details":[{"type":"reasoning.text","text":"The","format":"unknown","index":0}]},"finish_reason":null,"native_finish_reason":null}]}


PARSED: {"id":"gen-1782908033-5hL5OHK26tyK4QQsIA23","object":"chat.completion.chunk","created":1782908033,"model":"deepseek/deepseek-v4-flash-20260423","provider":"GMICloud","choices":[{"index":0,"delta":{"content":"","role":"assistant","reasoning":"The","reasoning_details":[{"type":"reasoning.text","text":
--- CHUNK 1782908036707 bytes=401 ---
data: {"id":"gen-1782908033-5hL5OHK26tyK4QQsIA23","object":"chat.completion.chunk","created":1782908033,"model":"deepseek/deepseek-v4-flash-20260423","provider":"GMICloud","choices":[{"index":0,"delta":{"content":"","role":"assistant","reasoning":" user","reasoning_details":[{"type":"reasoning.text","text":" user","format":"unknown","index":0}]},"finish_reason":null,"native_finish_reason":null}]}


PARSED: {"id":"gen-1782908033-5hL5OHK26tyK4QQsIA23","object":"chat.completion.chunk","created":1782908033,"model":"deepseek/deepseek-v4-flash-20260423","provider":"GMICloud","choices":[{"index":0,"delta":{"content":"","role":"assistant","reasoning":" user","reasoning_details":[{"type":"reasoning.text","text
--- CHUNK 1782908036752 bytes=403 ---
data: {"id":"gen-1782908033-5hL5OHK26tyK4QQsIA23","object":"chat.completion.chunk","created":1782908033,"model":"deepseek/deepseek-v4-flash-20260423","provider":"GMICloud","choices":[{"index":0,"delta":{"content":"","role":"assistant","reasoning":" wants","reasoning_details":[{"type":"reasoning.text","text":" wants","format":"unknown","index":0}]},"finish_reason":null,"native_finish_reason":null}]}


PARSED: {"id":"gen-1782908033-5hL5OHK26tyK4QQsIA23","object":"chat.completion.chunk","created":1782908033,"model":"deepseek/deepseek-v4-flash-20260423","provider":"GMICloud","choices":[{"index":0,"delta":{"content":"","role":"assistant","reasoning":" wants","reasoning_details":[{"type":"reasoning.text","tex
--- CHUNK 1782908036752 bytes=397 ---
data: {"id":"gen-1782908033-5hL5OHK26tyK4QQsIA23","object":"chat.completion.chunk","created":1782908033,"model":"deepseek/deepseek-v4-flash-20260423","provider":"GMICloud","choices":[{"index":0,"delta":{"content":"","role":"assistant","reasoning":" me","reasoning_details":[{"type":"reasoning.text","text":" me","format":"unknown","index":0}]},"finish_reason":null,"native_finish_reason":null}]}


PARSED: {"id":"gen-1782908033-5hL5OHK26tyK4QQsIA23","object":"chat.completion.chunk","created":1782908033,"model":"deepseek/deepseek-v4-flash-20260423","provider":"GMICloud","choices":[{"index":0,"delta":{"content":"","role":"assistant","reasoning":" me","reasoning_details":[{"type":"reasoning.text","text":
--- CHUNK 1782908036752 bytes=397 ---
data: {"id":"gen-1782908033-5hL5OHK26tyK4QQsIA23","object":"chat.completion.chunk","created":1782908033,"model":"deepseek/deepseek-v4-flash-20260423","provider":"GMICloud","choices":[{"index":0,"delta":{"content":"","role":"assistant","reasoning":" to","reasoning_details":[{"type":"reasoning.text","text":" to","format":"unknown","index":0}]},"finish_reason":null,"native_finish_reason":null}]}


PARSED: {"id":"gen-1782908033-5hL5OHK26tyK4QQsIA23","object":"chat.completion.chunk","created":1782908033,"model":"deepseek/deepseek-v4-flash-20260423","provider":"GMICloud","choices":[{"index":0,"delta":{"content":"","role":"assistant","reasoning":" to","reasoning_details":[{"type":"reasoning.text","text":
--- CHUNK 1782908036752 bytes=411 ---
data: {"id":"gen-1782908033-5hL5OHK26tyK4QQsIA23","object":"chat.completion.chunk","created":1782908033,"model":"deepseek/deepseek-v4-flash-20260423","provider":"GMICloud","choices":[{"index":0,"delta":{"content":"","role":"assistant","reasoning":" summarize","reasoning_details":[{"type":"reasoning.text","text":" summarize","format":"unknown","index":0}]},"finish_reason":null,"native_finish_reason":null}]}


PARSED: {"id":"gen-1782908033-5hL5OHK26tyK4QQsIA23","object":"chat.completion.chunk","created":1782908033,"model":"deepseek/deepseek-v4-flash-20260423","provider":"GMICloud","choices":[{"index":0,"delta":{"content":"","role":"assistant","reasoning":" summarize","reasoning_details":[{"type":"reasoning.text",
--- CHUNK 1782908036752 bytes=399 ---
data: {"id":"gen-1782908033-5hL5OHK26tyK4QQsIA23","object":"chat.completion.chunk","created":1782908033,"model":"deepseek/deepseek-v4-flash-20260423","provider":"GMICloud","choices":[{"index":0,"delta":{"content":"","role":"assistant","reasoning":" the","reasoning_details":[{"type":"reasoning.text","text":" the","format":"unknown","index":0}]},"finish_reason":null,"native_finish_reason":null}]}


PARSED: {"id":"gen-1782908033-5hL5OHK26tyK4QQsIA23","object":"chat.completion.chunk","created":1782908033,"model":"deepseek/deepseek-v4-flash-20260423","provider":"GMICloud","choices":[{"index":0,"delta":{"content":"","role":"assistant","reasoning":" the","reasoning_details":[{"type":"reasoning.text","text"
--- CHUNK 1782908036779 bytes=409 ---
data: {"id":"gen-1782908033-5hL5OHK26tyK4QQsIA23","object":"chat.completion.chunk","created":1782908033,"model":"deepseek/deepseek-v4-flash-20260423","provider":"GMICloud","choices":[{"index":0,"delta":{"content":"","role":"assistant","reasoning":" security","reasoning_details":[{"type":"reasoning.text","text":" security","format":"unknown","index":0}]},"finish_reason":null,"native_finish_reason":null}]}


PARSED: {"id":"gen-1782908033-5hL5OHK26tyK4QQsIA23","object":"chat.completion.chunk","created":1782908033,"model":"deepseek/deepseek-v4-flash-20260423","provider":"GMICloud","choices":[{"index":0,"delta":{"content":"","role":"assistant","reasoning":" security","reasoning_details":[{"type":"reasoning.text","
--- CHUNK 1782908036779 bytes=393 ---
data: {"id":"gen-1782908033-5hL5OHK26tyK4QQsIA23","object":"chat.completion.chunk","created":1782908033,"model":"deepseek/deepseek-v4-flash-20260423","provider":"GMICloud","choices":[{"index":0,"delta":{"content":"","role":"assistant","reasoning":"-","reasoning_details":[{"type":"reasoning.text","text":"-","format":"unknown","index":0}]},"finish_reason":null,"native_finish_reason":null}]}


PARSED: {"id":"gen-1782908033-5hL5OHK26tyK4QQsIA23","object":"chat.completion.chunk","created":1782908033,"model":"deepseek/deepseek-v4-flash-20260423","provider":"GMICloud","choices":[{"index":0,"delta":{"content":"","role":"assistant","reasoning":"-","reasoning_details":[{"type":"reasoning.text","text":"-
--- CHUNK 1782908036802 bytes=415 ---
data: {"id":"gen-1782908033-5hL5OHK26tyK4QQsIA23","object":"chat.completion.chunk","created":1782908033,"model":"deepseek/deepseek-v4-flash-20260423","provider":"GMICloud","choices":[{"index":0,"delta":{"content":"","role":"assistant","reasoning":"architecture","reasoning_details":[{"type":"reasoning.text","text":"architecture","format":"unknown","index":0}]},"finish_reason":null,"native_finish_reason":null}]}


PARSED: {"id":"gen-1782908033-5hL5OHK26tyK4QQsIA23","object":"chat.completion.chunk","created":1782908033,"model":"deepseek/deepseek-v4-flash-20260423","provider":"GMICloud","choices":[{"index":0,"delta":{"content":"","role":"assistant","reasoning":"architecture","reasoning_details":[{"type":"reasoning.text
--- CHUNK 1782908036803 bytes=397 ---
data: {"id":"gen-1782908033-5hL5OHK26tyK4QQsIA23","object":"chat.completion.chunk","created":1782908033,"model":"deepseek/deepseek-v4-flash-20260423","provider":"GMICloud","choices":[{"index":0,"delta":{"content":"","role":"assistant","reasoning":".md","reasoning_details":[{"type":"reasoning.text","text":".md","format":"unknown","index":0}]},"finish_reason":null,"native_finish_reason":null}]}


PARSED: {"id":"gen-1782908033-5hL5OHK26tyK4QQsIA23","object":"chat.completion.chunk","created":1782908033,"model":"deepseek/deepseek-v4-flash-20260423","provider":"GMICloud","choices":[{"index":0,"delta":{"content":"","role":"assistant","reasoning":".md","reasoning_details":[{"type":"reasoning.text","text":
--- CHUNK 1782908036806 bytes=401 ---
data: {"id":"gen-1782908033-5hL5OHK26tyK4QQsIA23","object":"chat.completion.chunk","created":1782908033,"model":"deepseek/deepseek-v4-flash-20260423","provider":"GMICloud","choices":[{"index":0,"delta":{"content":"","role":"assistant","reasoning":" file","reasoning_details":[{"type":"reasoning.text","text":" file","format":"unknown","index":0}]},"finish_reason":null,"native_finish_reason":null}]}


PARSED: {"id":"gen-1782908033-5hL5OHK26tyK4QQsIA23","object":"chat.completion.chunk","created":1782908033,"model":"deepseek/deepseek-v4-flash-20260423","provider":"GMICloud","choices":[{"index":0,"delta":{"content":"","role":"assistant","reasoning":" file","reasoning_details":[{"type":"reasoning.text","text
--- CHUNK 1782908036810 bytes=393 ---
data: {"id":"gen-1782908033-5hL5OHK26tyK4QQsIA23","object":"chat.completion.chunk","created":1782908033,"model":"deepseek/deepseek-v4-flash-20260423","provider":"GMICloud","choices":[{"index":0,"delta":{"content":"","role":"assistant","reasoning":".","reasoning_details":[{"type":"reasoning.text","text":".","format":"unknown","index":0}]},"finish_reason":null,"native_finish_reason":null}]}


PARSED: {"id":"gen-1782908033-5hL5OHK26tyK4QQsIA23","object":"chat.completion.chunk","created":1782908033,"model":"deepseek/deepseek-v4-flash-20260423","provider":"GMICloud","choices":[{"index":0,"delta":{"content":"","role":"assistant","reasoning":".","reasoning_details":[{"type":"reasoning.text","text":".
--- CHUNK 1782908036810 bytes=399 ---
data: {"id":"gen-1782908033-5hL5OHK26tyK4QQsIA23","object":"chat.completion.chunk","created":1782908033,"model":"deepseek/deepseek-v4-flash-20260423","provider":"GMICloud","choices":[{"index":0,"delta":{"content":"","role":"assistant","reasoning":" Let","reasoning_details":[{"type":"reasoning.text","text":" Let","format":"unknown","index":0}]},"finish_reason":null,"native_finish_reason":null}]}


PARSED: {"id":"gen-1782908033-5hL5OHK26tyK4QQsIA23","object":"chat.completion.chunk","created":1782908033,"model":"deepseek/deepseek-v4-flash-20260423","provider":"GMICloud","choices":[{"index":0,"delta":{"content":"","role":"assistant","reasoning":" Let","reasoning_details":[{"type":"reasoning.text","text"
--- CHUNK 1782908036813 bytes=397 ---
data: {"id":"gen-1782908033-5hL5OHK26tyK4QQsIA23","object":"chat.completion.chunk","created":1782908033,"model":"deepseek/deepseek-v4-flash-20260423","provider":"GMICloud","choices":[{"index":0,"delta":{"content":"","role":"assistant","reasoning":" me","reasoning_details":[{"type":"reasoning.text","text":" me","format":"unknown","index":0}]},"finish_reason":null,"native_finish_reason":null}]}


PARSED: {"id":"gen-1782908033-5hL5OHK26tyK4QQsIA23","object":"chat.completion.chunk","created":1782908033,"model":"deepseek/deepseek-v4-flash-20260423","provider":"GMICloud","choices":[{"index":0,"delta":{"content":"","role":"assistant","reasoning":" me","reasoning_details":[{"type":"reasoning.text","text":
--- CHUNK 1782908036831 bytes=407 ---
data: {"id":"gen-1782908033-5hL5OHK26tyK4QQsIA23","object":"chat.completion.chunk","created":1782908033,"model":"deepseek/deepseek-v4-flash-20260423","provider":"GMICloud","choices":[{"index":0,"delta":{"content":"","role":"assistant","reasoning":" provide","reasoning_details":[{"type":"reasoning.text","text":" provide","format":"unknown","index":0}]},"finish_reason":null,"native_finish_reason":null}]}


PARSED: {"id":"gen-1782908033-5hL5OHK26tyK4QQsIA23","object":"chat.completion.chunk","created":1782908033,"model":"deepseek/deepseek-v4-flash-20260423","provider":"GMICloud","choices":[{"index":0,"delta":{"content":"","role":"assistant","reasoning":" provide","reasoning_details":[{"type":"reasoning.text","t
--- CHUNK 1782908036855 bytes=395 ---
data: {"id":"gen-1782908033-5hL5OHK26tyK4QQsIA23","object":"chat.completion.chunk","created":1782908033,"model":"deepseek/deepseek-v4-flash-20260423","provider":"GMICloud","choices":[{"index":0,"delta":{"content":"","role":"assistant","reasoning":" a","reasoning_details":[{"type":"reasoning.text","text":" a","format":"unknown","index":0}]},"finish_reason":null,"native_finish_reason":null}]}


PARSED: {"id":"gen-1782908033-5hL5OHK26tyK4QQsIA23","object":"chat.completion.chunk","created":1782908033,"model":"deepseek/deepseek-v4-flash-20260423","provider":"GMICloud","choices":[{"index":0,"delta":{"content":"","role":"assistant","reasoning":" a","reasoning_details":[{"type":"reasoning.text","text":"
--- CHUNK 1782908036858 bytes=403 ---
data: {"id":"gen-1782908033-5hL5OHK26tyK4QQsIA23","object":"chat.completion.chunk","created":1782908033,"model":"deepseek/deepseek-v4-flash-20260423","provider":"GMICloud","choices":[{"index":0,"delta":{"content":"","role":"assistant","reasoning":" clear","reasoning_details":[{"type":"reasoning.text","text":" clear","format":"unknown","index":0}]},"finish_reason":null,"native_finish_reason":null}]}


PARSED: {"id":"gen-1782908033-5hL5OHK26tyK4QQsIA23","object":"chat.completion.chunk","created":1782908033,"model":"deepseek/deepseek-v4-flash-20260423","provider":"GMICloud","choices":[{"index":0,"delta":{"content":"","role":"assistant","reasoning":" clear","reasoning_details":[{"type":"reasoning.text","tex
--- CHUNK 1782908036859 bytes=407 ---
data: {"id":"gen-1782908033-5hL5OHK26tyK4QQsIA23","object":"chat.completion.chunk","created":1782908033,"model":"deepseek/deepseek-v4-flash-20260423","provider":"GMICloud","choices":[{"index":0,"delta":{"content":"","role":"assistant","reasoning":" summary","reasoning_details":[{"type":"reasoning.text","text":" summary","format":"unknown","index":0}]},"finish_reason":null,"native_finish_reason":null}]}


PARSED: {"id":"gen-1782908033-5hL5OHK26tyK4QQsIA23","object":"chat.completion.chunk","created":1782908033,"model":"deepseek/deepseek-v4-flash-20260423","provider":"GMICloud","choices":[{"index":0,"delta":{"content":"","role":"assistant","reasoning":" summary","reasoning_details":[{"type":"reasoning.text","t
--- CHUNK 1782908036865 bytes=393 ---
data: {"id":"gen-1782908033-5hL5OHK26tyK4QQsIA23","object":"chat.completion.chunk","created":1782908033,"model":"deepseek/deepseek-v4-flash-20260423","provider":"GMICloud","choices":[{"index":0,"delta":{"content":"","role":"assistant","reasoning":".","reasoning_details":[{"type":"reasoning.text","text":".","format":"unknown","index":0}]},"finish_reason":null,"native_finish_reason":null}]}


PARSED: {"id":"gen-1782908033-5hL5OHK26tyK4QQsIA23","object":"chat.completion.chunk","created":1782908033,"model":"deepseek/deepseek-v4-flash-20260423","provider":"GMICloud","choices":[{"index":0,"delta":{"content":"","role":"assistant","reasoning":".","reasoning_details":[{"type":"reasoning.text","text":".
--- CHUNK 1782908036865 bytes=291 ---
data: {"id":"gen-1782908033-5hL5OHK26tyK4QQsIA23","object":"chat.completion.chunk","created":1782908033,"model":"deepseek/deepseek-v4-flash-20260423","provider":"GMICloud","choices":[{"index":0,"delta":{"content":"##","role":"assistant"},"finish_reason":null,"native_finish_reason":null}]}


PARSED: {"id":"gen-1782908033-5hL5OHK26tyK4QQsIA23","object":"chat.completion.chunk","created":1782908033,"model":"deepseek/deepseek-v4-flash-20260423","provider":"GMICloud","choices":[{"index":0,"delta":{"content":"##","role":"assistant"},"finish_reason":null,"native_finish_reason":null}]}
--- CHUNK 1782908036884 bytes=294 ---
data: {"id":"gen-1782908033-5hL5OHK26tyK4QQsIA23","object":"chat.completion.chunk","created":1782908033,"model":"deepseek/deepseek-v4-flash-20260423","provider":"GMICloud","choices":[{"index":0,"delta":{"content":" 📄","role":"assistant"},"finish_reason":null,"native_finish_reason":null}]}


PARSED: {"id":"gen-1782908033-5hL5OHK26tyK4QQsIA23","object":"chat.completion.chunk","created":1782908033,"model":"deepseek/deepseek-v4-flash-20260423","provider":"GMICloud","choices":[{"index":0,"delta":{"content":" 📄","role":"assistant"},"finish_reason":null,"native_finish_reason":null}]}
--- CHUNK 1782908036885 bytes=290 ---
data: {"id":"gen-1782908033-5hL5OHK26tyK4QQsIA23","object":"chat.completion.chunk","created":1782908033,"model":"deepseek/deepseek-v4-flash-20260423","provider":"GMICloud","choices":[{"index":0,"delta":{"content":" ","role":"assistant"},"finish_reason":null,"native_finish_reason":null}]}


PARSED: {"id":"gen-1782908033-5hL5OHK26tyK4QQsIA23","object":"chat.completion.chunk","created":1782908033,"model":"deepseek/deepseek-v4-flash-20260423","provider":"GMICloud","choices":[{"index":0,"delta":{"content":" ","role":"assistant"},"finish_reason":null,"native_finish_reason":null}]}
--- CHUNK 1782908036971 bytes=295 ---
data: {"id":"gen-1782908033-5hL5OHK26tyK4QQsIA23","object":"chat.completion.chunk","created":1782908033,"model":"deepseek/deepseek-v4-flash-20260423","provider":"GMICloud","choices":[{"index":0,"delta":{"content":"摘要","role":"assistant"},"finish_reason":null,"native_finish_reason":null}]}


PARSED: {"id":"gen-1782908033-5hL5OHK26tyK4QQsIA23","object":"chat.completion.chunk","created":1782908033,"model":"deepseek/deepseek-v4-flash-20260423","provider":"GMICloud","choices":[{"index":0,"delta":{"content":"摘要","role":"assistant"},"finish_reason":null,"native_finish_reason":null}]}
--- CHUNK 1782908036974 bytes=292 ---
data: {"id":"gen-1782908033-5hL5OHK26tyK4QQsIA23","object":"chat.completion.chunk","created":1782908033,"model":"deepseek/deepseek-v4-flash-20260423","provider":"GMICloud","choices":[{"index":0,"delta":{"content":"：","role":"assistant"},"finish_reason":null,"native_finish_reason":null}]}


PARSED: {"id":"gen-1782908033-5hL5OHK26tyK4QQsIA23","object":"chat.completion.chunk","created":1782908033,"model":"deepseek/deepseek-v4-flash-20260423","provider":"GMICloud","choices":[{"index":0,"delta":{"content":"：","role":"assistant"},"finish_reason":null,"native_finish_reason":null}]}
--- CHUNK 1782908036983 bytes=290 ---
data: {"id":"gen-1782908033-5hL5OHK26tyK4QQsIA23","object":"chat.completion.chunk","created":1782908033,"model":"deepseek/deepseek-v4-flash-20260423","provider":"GMICloud","choices":[{"index":0,"delta":{"content":"P","role":"assistant"},"finish_reason":null,"native_finish_reason":null}]}


PARSED: {"id":"gen-1782908033-5hL5OHK26tyK4QQsIA23","object":"chat.completion.chunk","created":1782908033,"model":"deepseek/deepseek-v4-flash-20260423","provider":"GMICloud","choices":[{"index":0,"delta":{"content":"P","role":"assistant"},"finish_reason":null,"native_finish_reason":null}]}
--- CHUNK 1782908036983 bytes=291 ---
data: {"id":"gen-1782908033-5hL5OHK26tyK4QQsIA23","object":"chat.completion.chunk","created":1782908033,"model":"deepseek/deepseek-v4-flash-20260423","provider":"GMICloud","choices":[{"index":0,"delta":{"content":"AA","role":"assistant"},"finish_reason":null,"native_finish_reason":null}]}


PARSED: {"id":"gen-1782908033-5hL5OHK26tyK4QQsIA23","object":"chat.completion.chunk","created":1782908033,"model":"deepseek/deepseek-v4-flash-20260423","provider":"GMICloud","choices":[{"index":0,"delta":{"content":"AA","role":"assistant"},"finish_reason":null,"native_finish_reason":null}]}
--- CHUNK 1782908036983 bytes=290 ---
data: {"id":"gen-1782908033-5hL5OHK26tyK4QQsIA23","object":"chat.completion.chunk","created":1782908033,"model":"deepseek/deepseek-v4-flash-20260423","provider":"GMICloud","choices":[{"index":0,"delta":{"content":"W","role":"assistant"},"finish_reason":null,"native_finish_reason":null}]}


PARSED: {"id":"gen-1782908033-5hL5OHK26tyK4QQsIA23","object":"chat.completion.chunk","created":1782908033,"model":"deepseek/deepseek-v4-flash-20260423","provider":"GMICloud","choices":[{"index":0,"delta":{"content":"W","role":"assistant"},"finish_reason":null,"native_finish_reason":null}]}
--- CHUNK 1782908036983 bytes=298 ---
data: {"id":"gen-1782908033-5hL5OHK26tyK4QQsIA23","object":"chat.completion.chunk","created":1782908033,"model":"deepseek/deepseek-v4-flash-20260423","provider":"GMICloud","choices":[{"index":0,"delta":{"content":" Security","role":"assistant"},"finish_reason":null,"native_finish_reason":null}]}


PARSED: {"id":"gen-1782908033-5hL5OHK26tyK4QQsIA23","object":"chat.completion.chunk","created":1782908033,"model":"deepseek/deepseek-v4-flash-20260423","provider":"GMICloud","choices":[{"index":0,"delta":{"content":" Security","role":"assistant"},"finish_reason":null,"native_finish_reason":null}]}
--- CHUNK 1782908036991 bytes=302 ---
data: {"id":"gen-1782908033-5hL5OHK26tyK4QQsIA23","object":"chat.completion.chunk","created":1782908033,"model":"deepseek/deepseek-v4-flash-20260423","provider":"GMICloud","choices":[{"index":0,"delta":{"content":" Architecture","role":"assistant"},"finish_reason":null,"native_finish_reason":null}]}


PARSED: {"id":"gen-1782908033-5hL5OHK26tyK4QQsIA23","object":"chat.completion.chunk","created":1782908033,"model":"deepseek/deepseek-v4-flash-20260423","provider":"GMICloud","choices":[{"index":0,"delta":{"content":" Architecture","role":"assistant"},"finish_reason":null,"native_finish_reason":null}]}
--- CHUNK 1782908037001 bytes=293 ---
data: {"id":"gen-1782908033-5hL5OHK26tyK4QQsIA23","object":"chat.completion.chunk","created":1782908033,"model":"deepseek/deepseek-v4-flash-20260423","provider":"GMICloud","choices":[{"index":0,"delta":{"content":"\n\n","role":"assistant"},"finish_reason":null,"native_finish_reason":null}]}


PARSED: {"id":"gen-1782908033-5hL5OHK26tyK4QQsIA23","object":"chat.completion.chunk","created":1782908033,"model":"deepseek/deepseek-v4-flash-20260423","provider":"GMICloud","choices":[{"index":0,"delta":{"content":"\n\n","role":"assistant"},"finish_reason":null,"native_finish_reason":null}]}
--- CHUNK 1782908037004 bytes=292 ---
data: {"id":"gen-1782908033-5hL5OHK26tyK4QQsIA23","object":"chat.completion.chunk","created":1782908033,"model":"deepseek/deepseek-v4-flash-20260423","provider":"GMICloud","choices":[{"index":0,"delta":{"content":"這","role":"assistant"},"finish_reason":null,"native_finish_reason":null}]}


PARSED: {"id":"gen-1782908033-5hL5OHK26tyK4QQsIA23","object":"chat.completion.chunk","created":1782908033,"model":"deepseek/deepseek-v4-flash-20260423","provider":"GMICloud","choices":[{"index":0,"delta":{"content":"這","role":"assistant"},"finish_reason":null,"native_finish_reason":null}]}
--- CHUNK 1782908037016 bytes=292 ---
data: {"id":"gen-1782908033-5hL5OHK26tyK4QQsIA23","object":"chat.completion.chunk","created":1782908033,"model":"deepseek/deepseek-v4-flash-20260423","provider":"GMICloud","choices":[{"index":0,"delta":{"content":"份","role":"assistant"},"finish_reason":null,"native_finish_reason":null}]}


PARSED: {"id":"gen-1782908033-5hL5OHK26tyK4QQsIA23","object":"chat.completion.chunk","created":1782908033,"model":"deepseek/deepseek-v4-flash-20260423","provider":"GMICloud","choices":[{"index":0,"delta":{"content":"份","role":"assistant"},"finish_reason":null,"native_finish_reason":null}]}
--- CHUNK 1782908037044 bytes=295 ---
data: {"id":"gen-1782908033-5hL5OHK26tyK4QQsIA23","object":"chat.completion.chunk","created":1782908033,"model":"deepseek/deepseek-v4-flash-20260423","provider":"GMICloud","choices":[{"index":0,"delta":{"content":"文件","role":"assistant"},"finish_reason":null,"native_finish_reason":null}]}


PARSED: {"id":"gen-1782908033-5hL5OHK26tyK4QQsIA23","object":"chat.completion.chunk","created":1782908033,"model":"deepseek/deepseek-v4-flash-20260423","provider":"GMICloud","choices":[{"index":0,"delta":{"content":"文件","role":"assistant"},"finish_reason":null,"native_finish_reason":null}]}
--- CHUNK 1782908037062 bytes=298 ---
data: {"id":"gen-1782908033-5hL5OHK26tyK4QQsIA23","object":"chat.completion.chunk","created":1782908033,"model":"deepseek/deepseek-v4-flash-20260423","provider":"GMICloud","choices":[{"index":0,"delta":{"content":"描述了","role":"assistant"},"finish_reason":null,"native_finish_reason":null}]}


PARSED: {"id":"gen-1782908033-5hL5OHK26tyK4QQsIA23","object":"chat.completion.chunk","created":1782908033,"model":"deepseek/deepseek-v4-flash-20260423","provider":"GMICloud","choices":[{"index":0,"delta":{"content":"描述了","role":"assistant"},"finish_reason":null,"native_finish_reason":null}]}
--- CHUNK 1782908037069 bytes=292 ---
data: {"id":"gen-1782908033-5hL5OHK26tyK4QQsIA23","object":"chat.completion.chunk","created":1782908033,"model":"deepseek/deepseek-v4-flash-20260423","provider":"GMICloud","choices":[{"index":0,"delta":{"content":" **","role":"assistant"},"finish_reason":null,"native_finish_reason":null}]}


PARSED: {"id":"gen-1782908033-5hL5OHK26tyK4QQsIA23","object":"chat.completion.chunk","created":1782908033,"model":"deepseek/deepseek-v4-flash-20260423","provider":"GMICloud","choices":[{"index":0,"delta":{"content":" **","role":"assistant"},"finish_reason":null,"native_finish_reason":null}]}
--- CHUNK 1782908037070 bytes=290 ---
data: {"id":"gen-1782908033-5hL5OHK26tyK4QQsIA23","object":"chat.completion.chunk","created":1782908033,"model":"deepseek/deepseek-v4-flash-20260423","provider":"GMICloud","choices":[{"index":0,"delta":{"content":"P","role":"assistant"},"finish_reason":null,"native_finish_reason":null}]}


PARSED: {"id":"gen-1782908033-5hL5OHK26tyK4QQsIA23","object":"chat.completion.chunk","created":1782908033,"model":"deepseek/deepseek-v4-flash-20260423","provider":"GMICloud","choices":[{"index":0,"delta":{"content":"P","role":"assistant"},"finish_reason":null,"native_finish_reason":null}]}
--- CHUNK 1782908037070 bytes=291 ---
data: {"id":"gen-1782908033-5hL5OHK26tyK4QQsIA23","object":"chat.completion.chunk","created":1782908033,"model":"deepseek/deepseek-v4-flash-20260423","provider":"GMICloud","choices":[{"index":0,"delta":{"content":"AA","role":"assistant"},"finish_reason":null,"native_finish_reason":null}]}


PARSED: {"id":"gen-1782908033-5hL5OHK26tyK4QQsIA23","object":"chat.completion.chunk","created":1782908033,"model":"deepseek/deepseek-v4-flash-20260423","provider":"GMICloud","choices":[{"index":0,"delta":{"content":"AA","role":"assistant"},"finish_reason":null,"native_finish_reason":null}]}
--- CHUNK 1782908037070 bytes=290 ---
data: {"id":"gen-1782908033-5hL5OHK26tyK4QQsIA23","object":"chat.completion.chunk","created":1782908033,"model":"deepseek/deepseek-v4-flash-20260423","provider":"GMICloud","choices":[{"index":0,"delta":{"content":"W","role":"assistant"},"finish_reason":null,"native_finish_reason":null}]}


PARSED: {"id":"gen-1782908033-5hL5OHK26tyK4QQsIA23","object":"chat.completion.chunk","created":1782908033,"model":"deepseek/deepseek-v4-flash-20260423","provider":"GMICloud","choices":[{"index":0,"delta":{"content":"W","role":"assistant"},"finish_reason":null,"native_finish_reason":null}]}
--- CHUNK 1782908037090 bytes=290 ---
data: {"id":"gen-1782908033-5hL5OHK26tyK4QQsIA23","object":"chat.completion.chunk","created":1782908033,"model":"deepseek/deepseek-v4-flash-20260423","provider":"GMICloud","choices":[{"index":0,"delta":{"content":" ","role":"assistant"},"finish_reason":null,"native_finish_reason":null}]}


PARSED: {"id":"gen-1782908033-5hL5OHK26tyK4QQsIA23","object":"chat.completion.chunk","created":1782908033,"model":"deepseek/deepseek-v4-flash-20260423","provider":"GMICloud","choices":[{"index":0,"delta":{"content":" ","role":"assistant"},"finish_reason":null,"native_finish_reason":null}]}
--- CHUNK 1782908037091 bytes=298 ---
data: {"id":"gen-1782908033-5hL5OHK26tyK4QQsIA23","object":"chat.completion.chunk","created":1782908033,"model":"deepseek/deepseek-v4-flash-20260423","provider":"GMICloud","choices":[{"index":0,"delta":{"content":"的安全","role":"assistant"},"finish_reason":null,"native_finish_reason":null}]}


PARSED: {"id":"gen-1782908033-5hL5OHK26tyK4QQsIA23","object":"chat.completion.chunk","created":1782908033,"model":"deepseek/deepseek-v4-flash-20260423","provider":"GMICloud","choices":[{"index":0,"delta":{"content":"的安全","role":"assistant"},"finish_reason":null,"native_finish_reason":null}]}
--- CHUNK 1782908037091 bytes=292 ---
data: {"id":"gen-1782908033-5hL5OHK26tyK4QQsIA23","object":"chat.completion.chunk","created":1782908033,"model":"deepseek/deepseek-v4-flash-20260423","provider":"GMICloud","choices":[{"index":0,"delta":{"content":"架","role":"assistant"},"finish_reason":null,"native_finish_reason":null}]}


PARSED: {"id":"gen-1782908033-5hL5OHK26tyK4QQsIA23","object":"chat.completion.chunk","created":1782908033,"model":"deepseek/deepseek-v4-flash-20260423","provider":"GMICloud","choices":[{"index":0,"delta":{"content":"架","role":"assistant"},"finish_reason":null,"native_finish_reason":null}]}
--- CHUNK 1782908037091 bytes=292 ---
data: {"id":"gen-1782908033-5hL5OHK26tyK4QQsIA23","object":"chat.completion.chunk","created":1782908033,"model":"deepseek/deepseek-v4-flash-20260423","provider":"GMICloud","choices":[{"index":0,"delta":{"content":"構","role":"assistant"},"finish_reason":null,"native_finish_reason":null}]}


PARSED: {"id":"gen-1782908033-5hL5OHK26tyK4QQsIA23","object":"chat.completion.chunk","created":1782908033,"model":"deepseek/deepseek-v4-flash-20260423","provider":"GMICloud","choices":[{"index":0,"delta":{"content":"構","role":"assistant"},"finish_reason":null,"native_finish_reason":null}]}
--- CHUNK 1782908037114 bytes=291 ---
data: {"id":"gen-1782908033-5hL5OHK26tyK4QQsIA23","object":"chat.completion.chunk","created":1782908033,"model":"deepseek/deepseek-v4-flash-20260423","provider":"GMICloud","choices":[{"index":0,"delta":{"content":"**","role":"assistant"},"finish_reason":null,"native_finish_reason":null}]}


PARSED: {"id":"gen-1782908033-5hL5OHK26tyK4QQsIA23","object":"chat.completion.chunk","created":1782908033,"model":"deepseek/deepseek-v4-flash-20260423","provider":"GMICloud","choices":[{"index":0,"delta":{"content":"**","role":"assistant"},"finish_reason":null,"native_finish_reason":null}]}
--- CHUNK 1782908037117 bytes=587 ---
data: {"id":"gen-1782908033-5hL5OHK26tyK4QQsIA23","object":"chat.completion.chunk","created":1782908033,"model":"deepseek/deepseek-v4-flash-20260423","provider":"GMICloud","choices":[{"index":0,"delta":{"content":"，","role":"assistant"},"finish_reason":null,"native_finish_reason":null}]}

data: {"id":"gen-1782908033-5hL5OHK26tyK4QQsIA23","object":"chat.completion.chunk","created":1782908033,"model":"deepseek/deepseek-v4-flash-20260423","provider":"GMICloud","choices":[{"index":0,"delta":{"content":"核心","role":"assistant"},"finish_reason":null,"native_finish_reason":null}]}


PARSED: {"id":"gen-1782908033-5hL5OHK26tyK4QQsIA23","object":"chat.completion.chunk","created":1782908033,"model":"deepseek/deepseek-v4-flash-20260423","provider":"GMICloud","choices":[{"index":0,"delta":{"content":"，","role":"assistant"},"finish_reason":null,"native_finish_reason":null}]}
PARSED: {"id":"gen-1782908033-5hL5OHK26tyK4QQsIA23","object":"chat.completion.chunk","created":1782908033,"model":"deepseek/deepseek-v4-flash-20260423","provider":"GMICloud","choices":[{"index":0,"delta":{"content":"核心","role":"assistant"},"finish_reason":null,"native_finish_reason":null}]}
--- CHUNK 1782908037119 bytes=295 ---
data: {"id":"gen-1782908033-5hL5OHK26tyK4QQsIA23","object":"chat.completion.chunk","created":1782908033,"model":"deepseek/deepseek-v4-flash-20260423","provider":"GMICloud","choices":[{"index":0,"delta":{"content":"概念","role":"assistant"},"finish_reason":null,"native_finish_reason":null}]}


PARSED: {"id":"gen-1782908033-5hL5OHK26tyK4QQsIA23","object":"chat.completion.chunk","created":1782908033,"model":"deepseek/deepseek-v4-flash-20260423","provider":"GMICloud","choices":[{"index":0,"delta":{"content":"概念","role":"assistant"},"finish_reason":null,"native_finish_reason":null}]}
--- CHUNK 1782908037168 bytes=292 ---
data: {"id":"gen-1782908033-5hL5OHK26tyK4QQsIA23","object":"chat.completion.chunk","created":1782908033,"model":"deepseek/deepseek-v4-flash-20260423","provider":"GMICloud","choices":[{"index":0,"delta":{"content":"是","role":"assistant"},"finish_reason":null,"native_finish_reason":null}]}


PARSED: {"id":"gen-1782908033-5hL5OHK26tyK4QQsIA23","object":"chat.completion.chunk","created":1782908033,"model":"deepseek/deepseek-v4-flash-20260423","provider":"GMICloud","choices":[{"index":0,"delta":{"content":"是","role":"assistant"},"finish_reason":null,"native_finish_reason":null}]}
--- CHUNK 1782908037172 bytes=582 ---
data: {"id":"gen-1782908033-5hL5OHK26tyK4QQsIA23","object":"chat.completion.chunk","created":1782908033,"model":"deepseek/deepseek-v4-flash-20260423","provider":"GMICloud","choices":[{"index":0,"delta":{"content":" **","role":"assistant"},"finish_reason":null,"native_finish_reason":null}]}

data: {"id":"gen-1782908033-5hL5OHK26tyK4QQsIA23","object":"chat.completion.chunk","created":1782908033,"model":"deepseek/deepseek-v4-flash-20260423","provider":"GMICloud","choices":[{"index":0,"delta":{"content":"D","role":"assistant"},"finish_reason":null,"native_finish_reason":null}]}


PARSED: {"id":"gen-1782908033-5hL5OHK26tyK4QQsIA23","object":"chat.completion.chunk","created":1782908033,"model":"deepseek/deepseek-v4-flash-20260423","provider":"GMICloud","choices":[{"index":0,"delta":{"content":" **","role":"assistant"},"finish_reason":null,"native_finish_reason":null}]}
PARSED: {"id":"gen-1782908033-5hL5OHK26tyK4QQsIA23","object":"chat.completion.chunk","created":1782908033,"model":"deepseek/deepseek-v4-flash-20260423","provider":"GMICloud","choices":[{"index":0,"delta":{"content":"D","role":"assistant"},"finish_reason":null,"native_finish_reason":null}]}
--- CHUNK 1782908037172 bytes=294 ---
data: {"id":"gen-1782908033-5hL5OHK26tyK4QQsIA23","object":"chat.completion.chunk","created":1782908033,"model":"deepseek/deepseek-v4-flash-20260423","provider":"GMICloud","choices":[{"index":0,"delta":{"content":"ocker","role":"assistant"},"finish_reason":null,"native_finish_reason":null}]}


PARSED: {"id":"gen-1782908033-5hL5OHK26tyK4QQsIA23","object":"chat.completion.chunk","created":1782908033,"model":"deepseek/deepseek-v4-flash-20260423","provider":"GMICloud","choices":[{"index":0,"delta":{"content":"ocker","role":"assistant"},"finish_reason":null,"native_finish_reason":null}]}
--- CHUNK 1782908037194 bytes=294 ---
data: {"id":"gen-1782908033-5hL5OHK26tyK4QQsIA23","object":"chat.completion.chunk","created":1782908033,"model":"deepseek/deepseek-v4-flash-20260423","provider":"GMICloud","choices":[{"index":0,"delta":{"content":" Sand","role":"assistant"},"finish_reason":null,"native_finish_reason":null}]}


PARSED: {"id":"gen-1782908033-5hL5OHK26tyK4QQsIA23","object":"chat.completion.chunk","created":1782908033,"model":"deepseek/deepseek-v4-flash-20260423","provider":"GMICloud","choices":[{"index":0,"delta":{"content":" Sand","role":"assistant"},"finish_reason":null,"native_finish_reason":null}]}
--- CHUNK 1782908037196 bytes=292 ---
data: {"id":"gen-1782908033-5hL5OHK26tyK4QQsIA23","object":"chat.completion.chunk","created":1782908033,"model":"deepseek/deepseek-v4-flash-20260423","provider":"GMICloud","choices":[{"index":0,"delta":{"content":"box","role":"assistant"},"finish_reason":null,"native_finish_reason":null}]}


PARSED: {"id":"gen-1782908033-5hL5OHK26tyK4QQsIA23","object":"chat.completion.chunk","created":1782908033,"model":"deepseek/deepseek-v4-flash-20260423","provider":"GMICloud","choices":[{"index":0,"delta":{"content":"box","role":"assistant"},"finish_reason":null,"native_finish_reason":null}]}
--- CHUNK 1782908037199 bytes=291 ---
data: {"id":"gen-1782908033-5hL5OHK26tyK4QQsIA23","object":"chat.completion.chunk","created":1782908033,"model":"deepseek/deepseek-v4-flash-20260423","provider":"GMICloud","choices":[{"index":0,"delta":{"content":" +","role":"assistant"},"finish_reason":null,"native_finish_reason":null}]}


PARSED: {"id":"gen-1782908033-5hL5OHK26tyK4QQsIA23","object":"chat.completion.chunk","created":1782908033,"model":"deepseek/deepseek-v4-flash-20260423","provider":"GMICloud","choices":[{"index":0,"delta":{"content":" +","role":"assistant"},"finish_reason":null,"native_finish_reason":null}]}
--- CHUNK 1782908037199 bytes=296 ---
data: {"id":"gen-1782908033-5hL5OHK26tyK4QQsIA23","object":"chat.completion.chunk","created":1782908033,"model":"deepseek/deepseek-v4-flash-20260423","provider":"GMICloud","choices":[{"index":0,"delta":{"content":" Bridge","role":"assistant"},"finish_reason":null,"native_finish_reason":null}]}


PARSED: {"id":"gen-1782908033-5hL5OHK26tyK4QQsIA23","object":"chat.completion.chunk","created":1782908033,"model":"deepseek/deepseek-v4-flash-20260423","provider":"GMICloud","choices":[{"index":0,"delta":{"content":" Bridge","role":"assistant"},"finish_reason":null,"native_finish_reason":null}]}
--- CHUNK 1782908037209 bytes=290 ---
data: {"id":"gen-1782908033-5hL5OHK26tyK4QQsIA23","object":"chat.completion.chunk","created":1782908033,"model":"deepseek/deepseek-v4-flash-20260423","provider":"GMICloud","choices":[{"index":0,"delta":{"content":" ","role":"assistant"},"finish_reason":null,"native_finish_reason":null}]}


PARSED: {"id":"gen-1782908033-5hL5OHK26tyK4QQsIA23","object":"chat.completion.chunk","created":1782908033,"model":"deepseek/deepseek-v4-flash-20260423","provider":"GMICloud","choices":[{"index":0,"delta":{"content":" ","role":"assistant"},"finish_reason":null,"native_finish_reason":null}]}
--- CHUNK 1782908037209 bytes=584 ---
data: {"id":"gen-1782908033-5hL5OHK26tyK4QQsIA23","object":"chat.completion.chunk","created":1782908033,"model":"deepseek/deepseek-v4-flash-20260423","provider":"GMICloud","choices":[{"index":0,"delta":{"content":"閘","role":"assistant"},"finish_reason":null,"native_finish_reason":null}]}

data: {"id":"gen-1782908033-5hL5OHK26tyK4QQsIA23","object":"chat.completion.chunk","created":1782908033,"model":"deepseek/deepseek-v4-flash-20260423","provider":"GMICloud","choices":[{"index":0,"delta":{"content":"道","role":"assistant"},"finish_reason":null,"native_finish_reason":null}]}


PARSED: {"id":"gen-1782908033-5hL5OHK26tyK4QQsIA23","object":"chat.completion.chunk","created":1782908033,"model":"deepseek/deepseek-v4-flash-20260423","provider":"GMICloud","choices":[{"index":0,"delta":{"content":"閘","role":"assistant"},"finish_reason":null,"native_finish_reason":null}]}
PARSED: {"id":"gen-1782908033-5hL5OHK26tyK4QQsIA23","object":"chat.completion.chunk","created":1782908033,"model":"deepseek/deepseek-v4-flash-20260423","provider":"GMICloud","choices":[{"index":0,"delta":{"content":"道","role":"assistant"},"finish_reason":null,"native_finish_reason":null}]}
--- CHUNK 1782908037231 bytes=291 ---
data: {"id":"gen-1782908033-5hL5OHK26tyK4QQsIA23","object":"chat.completion.chunk","created":1782908033,"model":"deepseek/deepseek-v4-flash-20260423","provider":"GMICloud","choices":[{"index":0,"delta":{"content":"**","role":"assistant"},"finish_reason":null,"native_finish_reason":null}]}


PARSED: {"id":"gen-1782908033-5hL5OHK26tyK4QQsIA23","object":"chat.completion.chunk","created":1782908033,"model":"deepseek/deepseek-v4-flash-20260423","provider":"GMICloud","choices":[{"index":0,"delta":{"content":"**","role":"assistant"},"finish_reason":null,"native_finish_reason":null}]}
--- CHUNK 1782908037236 bytes=290 ---
data: {"id":"gen-1782908033-5hL5OHK26tyK4QQsIA23","object":"chat.completion.chunk","created":1782908033,"model":"deepseek/deepseek-v4-flash-20260423","provider":"GMICloud","choices":[{"index":0,"delta":{"content":" ","role":"assistant"},"finish_reason":null,"native_finish_reason":null}]}


PARSED: {"id":"gen-1782908033-5hL5OHK26tyK4QQsIA23","object":"chat.completion.chunk","created":1782908033,"model":"deepseek/deepseek-v4-flash-20260423","provider":"GMICloud","choices":[{"index":0,"delta":{"content":" ","role":"assistant"},"finish_reason":null,"native_finish_reason":null}]}
--- CHUNK 1782908037236 bytes=292 ---
data: {"id":"gen-1782908033-5hL5OHK26tyK4QQsIA23","object":"chat.completion.chunk","created":1782908033,"model":"deepseek/deepseek-v4-flash-20260423","provider":"GMICloud","choices":[{"index":0,"delta":{"content":"的","role":"assistant"},"finish_reason":null,"native_finish_reason":null}]}


PARSED: {"id":"gen-1782908033-5hL5OHK26tyK4QQsIA23","object":"chat.completion.chunk","created":1782908033,"model":"deepseek/deepseek-v4-flash-20260423","provider":"GMICloud","choices":[{"index":0,"delta":{"content":"的","role":"assistant"},"finish_reason":null,"native_finish_reason":null}]}
--- CHUNK 1782908037238 bytes=292 ---
data: {"id":"gen-1782908033-5hL5OHK26tyK4QQsIA23","object":"chat.completion.chunk","created":1782908033,"model":"deepseek/deepseek-v4-flash-20260423","provider":"GMICloud","choices":[{"index":0,"delta":{"content":"雙","role":"assistant"},"finish_reason":null,"native_finish_reason":null}]}


PARSED: {"id":"gen-1782908033-5hL5OHK26tyK4QQsIA23","object":"chat.completion.chunk","created":1782908033,"model":"deepseek/deepseek-v4-flash-20260423","provider":"GMICloud","choices":[{"index":0,"delta":{"content":"雙","role":"assistant"},"finish_reason":null,"native_finish_reason":null}]}
--- CHUNK 1782908037281 bytes=292 ---
data: {"id":"gen-1782908033-5hL5OHK26tyK4QQsIA23","object":"chat.completion.chunk","created":1782908033,"model":"deepseek/deepseek-v4-flash-20260423","provider":"GMICloud","choices":[{"index":0,"delta":{"content":"層","role":"assistant"},"finish_reason":null,"native_finish_reason":null}]}


PARSED: {"id":"gen-1782908033-5hL5OHK26tyK4QQsIA23","object":"chat.completion.chunk","created":1782908033,"model":"deepseek/deepseek-v4-flash-20260423","provider":"GMICloud","choices":[{"index":0,"delta":{"content":"層","role":"assistant"},"finish_reason":null,"native_finish_reason":null}]}
--- CHUNK 1782908037281 bytes=292 ---
data: {"id":"gen-1782908033-5hL5OHK26tyK4QQsIA23","object":"chat.completion.chunk","created":1782908033,"model":"deepseek/deepseek-v4-flash-20260423","provider":"GMICloud","choices":[{"index":0,"delta":{"content":"架","role":"assistant"},"finish_reason":null,"native_finish_reason":null}]}


PARSED: {"id":"gen-1782908033-5hL5OHK26tyK4QQsIA23","object":"chat.completion.chunk","created":1782908033,"model":"deepseek/deepseek-v4-flash-20260423","provider":"GMICloud","choices":[{"index":0,"delta":{"content":"架","role":"assistant"},"finish_reason":null,"native_finish_reason":null}]}
--- CHUNK 1782908037305 bytes=292 ---
data: {"id":"gen-1782908033-5hL5OHK26tyK4QQsIA23","object":"chat.completion.chunk","created":1782908033,"model":"deepseek/deepseek-v4-flash-20260423","provider":"GMICloud","choices":[{"index":0,"delta":{"content":"構","role":"assistant"},"finish_reason":null,"native_finish_reason":null}]}


PARSED: {"id":"gen-1782908033-5hL5OHK26tyK4QQsIA23","object":"chat.completion.chunk","created":1782908033,"model":"deepseek/deepseek-v4-flash-20260423","provider":"GMICloud","choices":[{"index":0,"delta":{"content":"構","role":"assistant"},"finish_reason":null,"native_finish_reason":null}]}
--- CHUNK 1782908037306 bytes=296 ---
data: {"id":"gen-1782908033-5hL5OHK26tyK4QQsIA23","object":"chat.completion.chunk","created":1782908033,"model":"deepseek/deepseek-v4-flash-20260423","provider":"GMICloud","choices":[{"index":0,"delta":{"content":"。\n\n","role":"assistant"},"finish_reason":null,"native_finish_reason":null}]}


PARSED: {"id":"gen-1782908033-5hL5OHK26tyK4QQsIA23","object":"chat.completion.chunk","created":1782908033,"model":"deepseek/deepseek-v4-flash-20260423","provider":"GMICloud","choices":[{"index":0,"delta":{"content":"。\n\n","role":"assistant"},"finish_reason":null,"native_finish_reason":null}]}
--- CHUNK 1782908037306 bytes=296 ---
data: {"id":"gen-1782908033-5hL5OHK26tyK4QQsIA23","object":"chat.completion.chunk","created":1782908033,"model":"deepseek/deepseek-v4-flash-20260423","provider":"GMICloud","choices":[{"index":0,"delta":{"content":"---\n\n","role":"assistant"},"finish_reason":null,"native_finish_reason":null}]}


PARSED: {"id":"gen-1782908033-5hL5OHK26tyK4QQsIA23","object":"chat.completion.chunk","created":1782908033,"model":"deepseek/deepseek-v4-flash-20260423","provider":"GMICloud","choices":[{"index":0,"delta":{"content":"---\n\n","role":"assistant"},"finish_reason":null,"native_finish_reason":null}]}
--- CHUNK 1782908037308 bytes=292 ---
data: {"id":"gen-1782908033-5hL5OHK26tyK4QQsIA23","object":"chat.completion.chunk","created":1782908033,"model":"deepseek/deepseek-v4-flash-20260423","provider":"GMICloud","choices":[{"index":0,"delta":{"content":"###","role":"assistant"},"finish_reason":null,"native_finish_reason":null}]}


PARSED: {"id":"gen-1782908033-5hL5OHK26tyK4QQsIA23","object":"chat.completion.chunk","created":1782908033,"model":"deepseek/deepseek-v4-flash-20260423","provider":"GMICloud","choices":[{"index":0,"delta":{"content":"###","role":"assistant"},"finish_reason":null,"native_finish_reason":null}]}
--- CHUNK 1782908037321 bytes=294 ---
data: {"id":"gen-1782908033-5hL5OHK26tyK4QQsIA23","object":"chat.completion.chunk","created":1782908033,"model":"deepseek/deepseek-v4-flash-20260423","provider":"GMICloud","choices":[{"index":0,"delta":{"content":" 🏗","role":"assistant"},"finish_reason":null,"native_finish_reason":null}]}


PARSED: {"id":"gen-1782908033-5hL5OHK26tyK4QQsIA23","object":"chat.completion.chunk","created":1782908033,"model":"deepseek/deepseek-v4-flash-20260423","provider":"GMICloud","choices":[{"index":0,"delta":{"content":" 🏗","role":"assistant"},"finish_reason":null,"native_finish_reason":null}]}
--- CHUNK 1782908037328 bytes=292 ---
data: {"id":"gen-1782908033-5hL5OHK26tyK4QQsIA23","object":"chat.completion.chunk","created":1782908033,"model":"deepseek/deepseek-v4-flash-20260423","provider":"GMICloud","choices":[{"index":0,"delta":{"content":"️","role":"assistant"},"finish_reason":null,"native_finish_reason":null}]}


PARSED: {"id":"gen-1782908033-5hL5OHK26tyK4QQsIA23","object":"chat.completion.chunk","created":1782908033,"model":"deepseek/deepseek-v4-flash-20260423","provider":"GMICloud","choices":[{"index":0,"delta":{"content":"️","role":"assistant"},"finish_reason":null,"native_finish_reason":null}]}
--- CHUNK 1782908037329 bytes=290 ---
data: {"id":"gen-1782908033-5hL5OHK26tyK4QQsIA23","object":"chat.completion.chunk","created":1782908033,"model":"deepseek/deepseek-v4-flash-20260423","provider":"GMICloud","choices":[{"index":0,"delta":{"content":" ","role":"assistant"},"finish_reason":null,"native_finish_reason":null}]}


PARSED: {"id":"gen-1782908033-5hL5OHK26tyK4QQsIA23","object":"chat.completion.chunk","created":1782908033,"model":"deepseek/deepseek-v4-flash-20260423","provider":"GMICloud","choices":[{"index":0,"delta":{"content":" ","role":"assistant"},"finish_reason":null,"native_finish_reason":null}]}
--- CHUNK 1782908037329 bytes=584 ---
data: {"id":"gen-1782908033-5hL5OHK26tyK4QQsIA23","object":"chat.completion.chunk","created":1782908033,"model":"deepseek/deepseek-v4-flash-20260423","provider":"GMICloud","choices":[{"index":0,"delta":{"content":"架","role":"assistant"},"finish_reason":null,"native_finish_reason":null}]}

data: {"id":"gen-1782908033-5hL5OHK26tyK4QQsIA23","object":"chat.completion.chunk","created":1782908033,"model":"deepseek/deepseek-v4-flash-20260423","provider":"GMICloud","choices":[{"index":0,"delta":{"content":"構","role":"assistant"},"finish_reason":null,"native_finish_reason":null}]}


PARSED: {"id":"gen-1782908033-5hL5OHK26tyK4QQsIA23","object":"chat.completion.chunk","created":1782908033,"model":"deepseek/deepseek-v4-flash-20260423","provider":"GMICloud","choices":[{"index":0,"delta":{"content":"架","role":"assistant"},"finish_reason":null,"native_finish_reason":null}]}
PARSED: {"id":"gen-1782908033-5hL5OHK26tyK4QQsIA23","object":"chat.completion.chunk","created":1782908033,"model":"deepseek/deepseek-v4-flash-20260423","provider":"GMICloud","choices":[{"index":0,"delta":{"content":"構","role":"assistant"},"finish_reason":null,"native_finish_reason":null}]}
--- CHUNK 1782908037349 bytes=292 ---
data: {"id":"gen-1782908033-5hL5OHK26tyK4QQsIA23","object":"chat.completion.chunk","created":1782908033,"model":"deepseek/deepseek-v4-flash-20260423","provider":"GMICloud","choices":[{"index":0,"delta":{"content":"總","role":"assistant"},"finish_reason":null,"native_finish_reason":null}]}


PARSED: {"id":"gen-1782908033-5hL5OHK26tyK4QQsIA23","object":"chat.completion.chunk","created":1782908033,"model":"deepseek/deepseek-v4-flash-20260423","provider":"GMICloud","choices":[{"index":0,"delta":{"content":"總","role":"assistant"},"finish_reason":null,"native_finish_reason":null}]}
--- CHUNK 1782908037377 bytes=585 ---
data: {"id":"gen-1782908033-5hL5OHK26tyK4QQsIA23","object":"chat.completion.chunk","created":1782908033,"model":"deepseek/deepseek-v4-flash-20260423","provider":"GMICloud","choices":[{"index":0,"delta":{"content":"覽","role":"assistant"},"finish_reason":null,"native_finish_reason":null}]}

data: {"id":"gen-1782908033-5hL5OHK26tyK4QQsIA23","object":"chat.completion.chunk","created":1782908033,"model":"deepseek/deepseek-v4-flash-20260423","provider":"GMICloud","choices":[{"index":0,"delta":{"content":"\n\n","role":"assistant"},"finish_reason":null,"native_finish_reason":null}]}


PARSED: {"id":"gen-1782908033-5hL5OHK26tyK4QQsIA23","object":"chat.completion.chunk","created":1782908033,"model":"deepseek/deepseek-v4-flash-20260423","provider":"GMICloud","choices":[{"index":0,"delta":{"content":"覽","role":"assistant"},"finish_reason":null,"native_finish_reason":null}]}
PARSED: {"id":"gen-1782908033-5hL5OHK26tyK4QQsIA23","object":"chat.completion.chunk","created":1782908033,"model":"deepseek/deepseek-v4-flash-20260423","provider":"GMICloud","choices":[{"index":0,"delta":{"content":"\n\n","role":"assistant"},"finish_reason":null,"native_finish_reason":null}]}
--- CHUNK 1782908037381 bytes=587 ---
data: {"id":"gen-1782908033-5hL5OHK26tyK4QQsIA23","object":"chat.completion.chunk","created":1782908033,"model":"deepseek/deepseek-v4-flash-20260423","provider":"GMICloud","choices":[{"index":0,"delta":{"content":"```\n","role":"assistant"},"finish_reason":null,"native_finish_reason":null}]}

data: {"id":"gen-1782908033-5hL5OHK26tyK4QQsIA23","object":"chat.completion.chunk","created":1782908033,"model":"deepseek/deepseek-v4-flash-20260423","provider":"GMICloud","choices":[{"index":0,"delta":{"content":"Host","role":"assistant"},"finish_reason":null,"native_finish_reason":null}]}


PARSED: {"id":"gen-1782908033-5hL5OHK26tyK4QQsIA23","object":"chat.completion.chunk","created":1782908033,"model":"deepseek/deepseek-v4-flash-20260423","provider":"GMICloud","choices":[{"index":0,"delta":{"content":"```\n","role":"assistant"},"finish_reason":null,"native_finish_reason":null}]}
PARSED: {"id":"gen-1782908033-5hL5OHK26tyK4QQsIA23","object":"chat.completion.chunk","created":1782908033,"model":"deepseek/deepseek-v4-flash-20260423","provider":"GMICloud","choices":[{"index":0,"delta":{"content":"Host","role":"assistant"},"finish_reason":null,"native_finish_reason":null}]}
--- CHUNK 1782908037404 bytes=292 ---
data: {"id":"gen-1782908033-5hL5OHK26tyK4QQsIA23","object":"chat.completion.chunk","created":1782908033,"model":"deepseek/deepseek-v4-flash-20260423","provider":"GMICloud","choices":[{"index":0,"delta":{"content":"（","role":"assistant"},"finish_reason":null,"native_finish_reason":null}]}


PARSED: {"id":"gen-1782908033-5hL5OHK26tyK4QQsIA23","object":"chat.completion.chunk","created":1782908033,"model":"deepseek/deepseek-v4-flash-20260423","provider":"GMICloud","choices":[{"index":0,"delta":{"content":"（","role":"assistant"},"finish_reason":null,"native_finish_reason":null}]}
--- CHUNK 1782908037468 bytes=295 ---
data: {"id":"gen-1782908033-5hL5OHK26tyK4QQsIA23","object":"chat.completion.chunk","created":1782908033,"model":"deepseek/deepseek-v4-flash-20260423","provider":"GMICloud","choices":[{"index":0,"delta":{"content":"安全","role":"assistant"},"finish_reason":null,"native_finish_reason":null}]}


PARSED: {"id":"gen-1782908033-5hL5OHK26tyK4QQsIA23","object":"chat.completion.chunk","created":1782908033,"model":"deepseek/deepseek-v4-flash-20260423","provider":"GMICloud","choices":[{"index":0,"delta":{"content":"安全","role":"assistant"},"finish_reason":null,"native_finish_reason":null}]}
--- CHUNK 1782908037521 bytes=292 ---
data: {"id":"gen-1782908033-5hL5OHK26tyK4QQsIA23","object":"chat.completion.chunk","created":1782908033,"model":"deepseek/deepseek-v4-flash-20260423","provider":"GMICloud","choices":[{"index":0,"delta":{"content":"區","role":"assistant"},"finish_reason":null,"native_finish_reason":null}]}


PARSED: {"id":"gen-1782908033-5hL5OHK26tyK4QQsIA23","object":"chat.completion.chunk","created":1782908033,"model":"deepseek/deepseek-v4-flash-20260423","provider":"GMICloud","choices":[{"index":0,"delta":{"content":"區","role":"assistant"},"finish_reason":null,"native_finish_reason":null}]}
--- CHUNK 1782908037522 bytes=292 ---
data: {"id":"gen-1782908033-5hL5OHK26tyK4QQsIA23","object":"chat.completion.chunk","created":1782908033,"model":"deepseek/deepseek-v4-flash-20260423","provider":"GMICloud","choices":[{"index":0,"delta":{"content":"）","role":"assistant"},"finish_reason":null,"native_finish_reason":null}]}


PARSED: {"id":"gen-1782908033-5hL5OHK26tyK4QQsIA23","object":"chat.completion.chunk","created":1782908033,"model":"deepseek/deepseek-v4-flash-20260423","provider":"GMICloud","choices":[{"index":0,"delta":{"content":"）","role":"assistant"},"finish_reason":null,"native_finish_reason":null}]}
--- CHUNK 1782908037527 bytes=298 ---
data: {"id":"gen-1782908033-5hL5OHK26tyK4QQsIA23","object":"chat.completion.chunk","created":1782908033,"model":"deepseek/deepseek-v4-flash-20260423","provider":"GMICloud","choices":[{"index":0,"delta":{"content":"         ","role":"assistant"},"finish_reason":null,"native_finish_reason":null}]}


PARSED: {"id":"gen-1782908033-5hL5OHK26tyK4QQsIA23","object":"chat.completion.chunk","created":1782908033,"model":"deepseek/deepseek-v4-flash-20260423","provider":"GMICloud","choices":[{"index":0,"delta":{"content":"         ","role":"assistant"},"finish_reason":null,"native_finish_reason":null}]}
--- CHUNK 1782908037537 bytes=293 ---
data: {"id":"gen-1782908033-5hL5OHK26tyK4QQsIA23","object":"chat.completion.chunk","created":1782908033,"model":"deepseek/deepseek-v4-flash-20260423","provider":"GMICloud","choices":[{"index":0,"delta":{"content":" ←","role":"assistant"},"finish_reason":null,"native_finish_reason":null}]}


PARSED: {"id":"gen-1782908033-5hL5OHK26tyK4QQsIA23","object":"chat.completion.chunk","created":1782908033,"model":"deepseek/deepseek-v4-flash-20260423","provider":"GMICloud","choices":[{"index":0,"delta":{"content":" ←","role":"assistant"},"finish_reason":null,"native_finish_reason":null}]}
--- CHUNK 1782908037538 bytes=292 ---
data: {"id":"gen-1782908033-5hL5OHK26tyK4QQsIA23","object":"chat.completion.chunk","created":1782908033,"model":"deepseek/deepseek-v4-flash-20260423","provider":"GMICloud","choices":[{"index":0,"delta":{"content":"→","role":"assistant"},"finish_reason":null,"native_finish_reason":null}]}


PARSED: {"id":"gen-1782908033-5hL5OHK26tyK4QQsIA23","object":"chat.completion.chunk","created":1782908033,"model":"deepseek/deepseek-v4-flash-20260423","provider":"GMICloud","choices":[{"index":0,"delta":{"content":"→","role":"assistant"},"finish_reason":null,"native_finish_reason":null}]}
--- CHUNK 1782908037539 bytes=294 ---
data: {"id":"gen-1782908033-5hL5OHK26tyK4QQsIA23","object":"chat.completion.chunk","created":1782908033,"model":"deepseek/deepseek-v4-flash-20260423","provider":"GMICloud","choices":[{"index":0,"delta":{"content":"     ","role":"assistant"},"finish_reason":null,"native_finish_reason":null}]}


PARSED: {"id":"gen-1782908033-5hL5OHK26tyK4QQsIA23","object":"chat.completion.chunk","created":1782908033,"model":"deepseek/deepseek-v4-flash-20260423","provider":"GMICloud","choices":[{"index":0,"delta":{"content":"     ","role":"assistant"},"finish_reason":null,"native_finish_reason":null}]}
--- CHUNK 1782908037554 bytes=296 ---
data: {"id":"gen-1782908033-5hL5OHK26tyK4QQsIA23","object":"chat.completion.chunk","created":1782908033,"model":"deepseek/deepseek-v4-flash-20260423","provider":"GMICloud","choices":[{"index":0,"delta":{"content":" Docker","role":"assistant"},"finish_reason":null,"native_finish_reason":null}]}


PARSED: {"id":"gen-1782908033-5hL5OHK26tyK4QQsIA23","object":"chat.completion.chunk","created":1782908033,"model":"deepseek/deepseek-v4-flash-20260423","provider":"GMICloud","choices":[{"index":0,"delta":{"content":" Docker","role":"assistant"},"finish_reason":null,"native_finish_reason":null}]}
--- CHUNK 1782908037569 bytes=294 ---
data: {"id":"gen-1782908033-5hL5OHK26tyK4QQsIA23","object":"chat.completion.chunk","created":1782908033,"model":"deepseek/deepseek-v4-flash-20260423","provider":"GMICloud","choices":[{"index":0,"delta":{"content":" Sand","role":"assistant"},"finish_reason":null,"native_finish_reason":null}]}


PARSED: {"id":"gen-1782908033-5hL5OHK26tyK4QQsIA23","object":"chat.completion.chunk","created":1782908033,"model":"deepseek/deepseek-v4-flash-20260423","provider":"GMICloud","choices":[{"index":0,"delta":{"content":" Sand","role":"assistant"},"finish_reason":null,"native_finish_reason":null}]}
--- CHUNK 1782908037569 bytes=292 ---
data: {"id":"gen-1782908033-5hL5OHK26tyK4QQsIA23","object":"chat.completion.chunk","created":1782908033,"model":"deepseek/deepseek-v4-flash-20260423","provider":"GMICloud","choices":[{"index":0,"delta":{"content":"box","role":"assistant"},"finish_reason":null,"native_finish_reason":null}]}


PARSED: {"id":"gen-1782908033-5hL5OHK26tyK4QQsIA23","object":"chat.completion.chunk","created":1782908033,"model":"deepseek/deepseek-v4-flash-20260423","provider":"GMICloud","choices":[{"index":0,"delta":{"content":"box","role":"assistant"},"finish_reason":null,"native_finish_reason":null}]}
--- CHUNK 1782908037570 bytes=292 ---
data: {"id":"gen-1782908033-5hL5OHK26tyK4QQsIA23","object":"chat.completion.chunk","created":1782908033,"model":"deepseek/deepseek-v4-flash-20260423","provider":"GMICloud","choices":[{"index":0,"delta":{"content":"（","role":"assistant"},"finish_reason":null,"native_finish_reason":null}]}


PARSED: {"id":"gen-1782908033-5hL5OHK26tyK4QQsIA23","object":"chat.completion.chunk","created":1782908033,"model":"deepseek/deepseek-v4-flash-20260423","provider":"GMICloud","choices":[{"index":0,"delta":{"content":"（","role":"assistant"},"finish_reason":null,"native_finish_reason":null}]}
--- CHUNK 1782908037581 bytes=295 ---
data: {"id":"gen-1782908033-5hL5OHK26tyK4QQsIA23","object":"chat.completion.chunk","created":1782908033,"model":"deepseek/deepseek-v4-flash-20260423","provider":"GMICloud","choices":[{"index":0,"delta":{"content":"危險","role":"assistant"},"finish_reason":null,"native_finish_reason":null}]}


PARSED: {"id":"gen-1782908033-5hL5OHK26tyK4QQsIA23","object":"chat.completion.chunk","created":1782908033,"model":"deepseek/deepseek-v4-flash-20260423","provider":"GMICloud","choices":[{"index":0,"delta":{"content":"危險","role":"assistant"},"finish_reason":null,"native_finish_reason":null}]}
--- CHUNK 1782908037593 bytes=292 ---
data: {"id":"gen-1782908033-5hL5OHK26tyK4QQsIA23","object":"chat.completion.chunk","created":1782908033,"model":"deepseek/deepseek-v4-flash-20260423","provider":"GMICloud","choices":[{"index":0,"delta":{"content":"區","role":"assistant"},"finish_reason":null,"native_finish_reason":null}]}


PARSED: {"id":"gen-1782908033-5hL5OHK26tyK4QQsIA23","object":"chat.completion.chunk","created":1782908033,"model":"deepseek/deepseek-v4-flash-20260423","provider":"GMICloud","choices":[{"index":0,"delta":{"content":"區","role":"assistant"},"finish_reason":null,"native_finish_reason":null}]}
--- CHUNK 1782908037594 bytes=294 ---
data: {"id":"gen-1782908033-5hL5OHK26tyK4QQsIA23","object":"chat.completion.chunk","created":1782908033,"model":"deepseek/deepseek-v4-flash-20260423","provider":"GMICloud","choices":[{"index":0,"delta":{"content":"）\n","role":"assistant"},"finish_reason":null,"native_finish_reason":null}]}


PARSED: {"id":"gen-1782908033-5hL5OHK26tyK4QQsIA23","object":"chat.completion.chunk","created":1782908033,"model":"deepseek/deepseek-v4-flash-20260423","provider":"GMICloud","choices":[{"index":0,"delta":{"content":"）\n","role":"assistant"},"finish_reason":null,"native_finish_reason":null}]}
--- CHUNK 1782908037594 bytes=292 ---
data: {"id":"gen-1782908033-5hL5OHK26tyK4QQsIA23","object":"chat.completion.chunk","created":1782908033,"model":"deepseek/deepseek-v4-flash-20260423","provider":"GMICloud","choices":[{"index":0,"delta":{"content":"┌","role":"assistant"},"finish_reason":null,"native_finish_reason":null}]}


PARSED: {"id":"gen-1782908033-5hL5OHK26tyK4QQsIA23","object":"chat.completion.chunk","created":1782908033,"model":"deepseek/deepseek-v4-flash-20260423","provider":"GMICloud","choices":[{"index":0,"delta":{"content":"┌","role":"assistant"},"finish_reason":null,"native_finish_reason":null}]}
--- CHUNK 1782908037620 bytes=313 ---
data: {"id":"gen-1782908033-5hL5OHK26tyK4QQsIA23","object":"chat.completion.chunk","created":1782908033,"model":"deepseek/deepseek-v4-flash-20260423","provider":"GMICloud","choices":[{"index":0,"delta":{"content":"────────","role":"assistant"},"finish_reason":null,"native_finish_reason":null}]}


PARSED: {"id":"gen-1782908033-5hL5OHK26tyK4QQsIA23","object":"chat.completion.chunk","created":1782908033,"model":"deepseek/deepseek-v4-flash-20260423","provider":"GMICloud","choices":[{"index":0,"delta":{"content":"────────","role":"assistant"},"finish_reason":null,"native_finish_reason":null}]}
--- CHUNK 1782908037784 bytes=301 ---
data: {"id":"gen-1782908033-5hL5OHK26tyK4QQsIA23","object":"chat.completion.chunk","created":1782908033,"model":"deepseek/deepseek-v4-flash-20260423","provider":"GMICloud","choices":[{"index":0,"delta":{"content":"────","role":"assistant"},"finish_reason":null,"native_finish_reason":null}]}


PARSED: {"id":"gen-1782908033-5hL5OHK26tyK4QQsIA23","object":"chat.completion.chunk","created":1782908033,"model":"deepseek/deepseek-v4-flash-20260423","provider":"GMICloud","choices":[{"index":0,"delta":{"content":"────","role":"assistant"},"finish_reason":null,"native_finish_reason":null}]}
--- CHUNK 1782908037785 bytes=295 ---
data: {"id":"gen-1782908033-5hL5OHK26tyK4QQsIA23","object":"chat.completion.chunk","created":1782908033,"model":"deepseek/deepseek-v4-flash-20260423","provider":"GMICloud","choices":[{"index":0,"delta":{"content":"──","role":"assistant"},"finish_reason":null,"native_finish_reason":null}]}


PARSED: {"id":"gen-1782908033-5hL5OHK26tyK4QQsIA23","object":"chat.completion.chunk","created":1782908033,"model":"deepseek/deepseek-v4-flash-20260423","provider":"GMICloud","choices":[{"index":0,"delta":{"content":"──","role":"assistant"},"finish_reason":null,"native_finish_reason":null}]}
--- CHUNK 1782908037786 bytes=292 ---
data: {"id":"gen-1782908033-5hL5OHK26tyK4QQsIA23","object":"chat.completion.chunk","created":1782908033,"model":"deepseek/deepseek-v4-flash-20260423","provider":"GMICloud","choices":[{"index":0,"delta":{"content":"┐","role":"assistant"},"finish_reason":null,"native_finish_reason":null}]}


PARSED: {"id":"gen-1782908033-5hL5OHK26tyK4QQsIA23","object":"chat.completion.chunk","created":1782908033,"model":"deepseek/deepseek-v4-flash-20260423","provider":"GMICloud","choices":[{"index":0,"delta":{"content":"┐","role":"assistant"},"finish_reason":null,"native_finish_reason":null}]}
--- CHUNK 1782908037786 bytes=303 ---
data: {"id":"gen-1782908033-5hL5OHK26tyK4QQsIA23","object":"chat.completion.chunk","created":1782908033,"model":"deepseek/deepseek-v4-flash-20260423","provider":"GMICloud","choices":[{"index":0,"delta":{"content":"              ","role":"assistant"},"finish_reason":null,"native_finish_reason":null}]}


PARSED: {"id":"gen-1782908033-5hL5OHK26tyK4QQsIA23","object":"chat.completion.chunk","created":1782908033,"model":"deepseek/deepseek-v4-flash-20260423","provider":"GMICloud","choices":[{"index":0,"delta":{"content":"              ","role":"assistant"},"finish_reason":null,"native_finish_reason":null}]}
--- CHUNK 1782908037789 bytes=630 ---
data: {"id":"gen-1782908033-5hL5OHK26tyK4QQsIA23","object":"chat.completion.chunk","created":1782908033,"model":"deepseek/deepseek-v4-flash-20260423","provider":"GMICloud","choices":[{"index":0,"delta":{"content":" ┌","role":"assistant"},"finish_reason":null,"native_finish_reason":null}]}

data: {"id":"gen-1782908033-5hL5OHK26tyK4QQsIA23","object":"chat.completion.chunk","created":1782908033,"model":"deepseek/deepseek-v4-flash-20260423","provider":"GMICloud","choices":[{"index":0,"delta":{"content":"────────────────","role":"assistant"},"finish_reason":null,"native_finish_reason":null}]}


PARSED: {"id":"gen-1782908033-5hL5OHK26tyK4QQsIA23","object":"chat.completion.chunk","created":1782908033,"model":"deepseek/deepseek-v4-flash-20260423","provider":"GMICloud","choices":[{"index":0,"delta":{"content":" ┌","role":"assistant"},"finish_reason":null,"native_finish_reason":null}]}
PARSED: {"id":"gen-1782908033-5hL5OHK26tyK4QQsIA23","object":"chat.completion.chunk","created":1782908033,"model":"deepseek/deepseek-v4-flash-20260423","provider":"GMICloud","choices":[{"index":0,"delta":{"content":"────────────────","role":"assistant"},"finish_reason":null,"native_finish_reason":null}]}
--- CHUNK 1782908037792 bytes=587 ---
data: {"id":"gen-1782908033-5hL5OHK26tyK4QQsIA23","object":"chat.completion.chunk","created":1782908033,"model":"deepseek/deepseek-v4-flash-20260423","provider":"GMICloud","choices":[{"index":0,"delta":{"content":"──","role":"assistant"},"finish_reason":null,"native_finish_reason":null}]}

data: {"id":"gen-1782908033-5hL5OHK26tyK4QQsIA23","object":"chat.completion.chunk","created":1782908033,"model":"deepseek/deepseek-v4-flash-20260423","provider":"GMICloud","choices":[{"index":0,"delta":{"content":"┐","role":"assistant"},"finish_reason":null,"native_finish_reason":null}]}


PARSED: {"id":"gen-1782908033-5hL5OHK26tyK4QQsIA23","object":"chat.completion.chunk","created":1782908033,"model":"deepseek/deepseek-v4-flash-20260423","provider":"GMICloud","choices":[{"index":0,"delta":{"content":"──","role":"assistant"},"finish_reason":null,"native_finish_reason":null}]}
PARSED: {"id":"gen-1782908033-5hL5OHK26tyK4QQsIA23","object":"chat.completion.chunk","created":1782908033,"model":"deepseek/deepseek-v4-flash-20260423","provider":"GMICloud","choices":[{"index":0,"delta":{"content":"┐","role":"assistant"},"finish_reason":null,"native_finish_reason":null}]}
--- CHUNK 1782908037796 bytes=583 ---
data: {"id":"gen-1782908033-5hL5OHK26tyK4QQsIA23","object":"chat.completion.chunk","created":1782908033,"model":"deepseek/deepseek-v4-flash-20260423","provider":"GMICloud","choices":[{"index":0,"delta":{"content":"\n","role":"assistant"},"finish_reason":null,"native_finish_reason":null}]}

data: {"id":"gen-1782908033-5hL5OHK26tyK4QQsIA23","object":"chat.completion.chunk","created":1782908033,"model":"deepseek/deepseek-v4-flash-20260423","provider":"GMICloud","choices":[{"index":0,"delta":{"content":"│","role":"assistant"},"finish_reason":null,"native_finish_reason":null}]}


PARSED: {"id":"gen-1782908033-5hL5OHK26tyK4QQsIA23","object":"chat.completion.chunk","created":1782908033,"model":"deepseek/deepseek-v4-flash-20260423","provider":"GMICloud","choices":[{"index":0,"delta":{"content":"\n","role":"assistant"},"finish_reason":null,"native_finish_reason":null}]}
PARSED: {"id":"gen-1782908033-5hL5OHK26tyK4QQsIA23","object":"chat.completion.chunk","created":1782908033,"model":"deepseek/deepseek-v4-flash-20260423","provider":"GMICloud","choices":[{"index":0,"delta":{"content":"│","role":"assistant"},"finish_reason":null,"native_finish_reason":null}]}
--- CHUNK 1782908037796 bytes=290 ---
data: {"id":"gen-1782908033-5hL5OHK26tyK4QQsIA23","object":"chat.completion.chunk","created":1782908033,"model":"deepseek/deepseek-v4-flash-20260423","provider":"GMICloud","choices":[{"index":0,"delta":{"content":" ","role":"assistant"},"finish_reason":null,"native_finish_reason":null}]}


PARSED: {"id":"gen-1782908033-5hL5OHK26tyK4QQsIA23","object":"chat.completion.chunk","created":1782908033,"model":"deepseek/deepseek-v4-flash-20260423","provider":"GMICloud","choices":[{"index":0,"delta":{"content":" ","role":"assistant"},"finish_reason":null,"native_finish_reason":null}]}
--- CHUNK 1782908037796 bytes=292 ---
data: {"id":"gen-1782908033-5hL5OHK26tyK4QQsIA23","object":"chat.completion.chunk","created":1782908033,"model":"deepseek/deepseek-v4-flash-20260423","provider":"GMICloud","choices":[{"index":0,"delta":{"content":" pa","role":"assistant"},"finish_reason":null,"native_finish_reason":null}]}


PARSED: {"id":"gen-1782908033-5hL5OHK26tyK4QQsIA23","object":"chat.completion.chunk","created":1782908033,"model":"deepseek/deepseek-v4-flash-20260423","provider":"GMICloud","choices":[{"index":0,"delta":{"content":" pa","role":"assistant"},"finish_reason":null,"native_finish_reason":null}]}
--- CHUNK 1782908037797 bytes=291 ---
data: {"id":"gen-1782908033-5hL5OHK26tyK4QQsIA23","object":"chat.completion.chunk","created":1782908033,"model":"deepseek/deepseek-v4-flash-20260423","provider":"GMICloud","choices":[{"index":0,"delta":{"content":"aw","role":"assistant"},"finish_reason":null,"native_finish_reason":null}]}


PARSED: {"id":"gen-1782908033-5hL5OHK26tyK4QQsIA23","object":"chat.completion.chunk","created":1782908033,"model":"deepseek/deepseek-v4-flash-20260423","provider":"GMICloud","choices":[{"index":0,"delta":{"content":"aw","role":"assistant"},"finish_reason":null,"native_finish_reason":null}]}
--- CHUNK 1782908037797 bytes=291 ---
data: {"id":"gen-1782908033-5hL5OHK26tyK4QQsIA23","object":"chat.completion.chunk","created":1782908033,"model":"deepseek/deepseek-v4-flash-20260423","provider":"GMICloud","choices":[{"index":0,"delta":{"content":"-b","role":"assistant"},"finish_reason":null,"native_finish_reason":null}]}


PARSED: {"id":"gen-1782908033-5hL5OHK26tyK4QQsIA23","object":"chat.completion.chunk","created":1782908033,"model":"deepseek/deepseek-v4-flash-20260423","provider":"GMICloud","choices":[{"index":0,"delta":{"content":"-b","role":"assistant"},"finish_reason":null,"native_finish_reason":null}]}
--- CHUNK 1782908037797 bytes=294 ---
data: {"id":"gen-1782908033-5hL5OHK26tyK4QQsIA23","object":"chat.completion.chunk","created":1782908033,"model":"deepseek/deepseek-v4-flash-20260423","provider":"GMICloud","choices":[{"index":0,"delta":{"content":"ridge","role":"assistant"},"finish_reason":null,"native_finish_reason":null}]}


PARSED: {"id":"gen-1782908033-5hL5OHK26tyK4QQsIA23","object":"chat.completion.chunk","created":1782908033,"model":"deepseek/deepseek-v4-flash-20260423","provider":"GMICloud","choices":[{"index":0,"delta":{"content":"ridge","role":"assistant"},"finish_reason":null,"native_finish_reason":null}]}
--- CHUNK 1782908037797 bytes=293 ---
data: {"id":"gen-1782908033-5hL5OHK26tyK4QQsIA23","object":"chat.completion.chunk","created":1782908033,"model":"deepseek/deepseek-v4-flash-20260423","provider":"GMICloud","choices":[{"index":0,"delta":{"content":" │","role":"assistant"},"finish_reason":null,"native_finish_reason":null}]}


PARSED: {"id":"gen-1782908033-5hL5OHK26tyK4QQsIA23","object":"chat.completion.chunk","created":1782908033,"model":"deepseek/deepseek-v4-flash-20260423","provider":"GMICloud","choices":[{"index":0,"delta":{"content":" │","role":"assistant"},"finish_reason":null,"native_finish_reason":null}]}
--- CHUNK 1782908037797 bytes=293 ---
data: {"id":"gen-1782908033-5hL5OHK26tyK4QQsIA23","object":"chat.completion.chunk","created":1782908033,"model":"deepseek/deepseek-v4-flash-20260423","provider":"GMICloud","choices":[{"index":0,"delta":{"content":" ←","role":"assistant"},"finish_reason":null,"native_finish_reason":null}]}


PARSED: {"id":"gen-1782908033-5hL5OHK26tyK4QQsIA23","object":"chat.completion.chunk","created":1782908033,"model":"deepseek/deepseek-v4-flash-20260423","provider":"GMICloud","choices":[{"index":0,"delta":{"content":" ←","role":"assistant"},"finish_reason":null,"native_finish_reason":null}]}
--- CHUNK 1782908037798 bytes=295 ---
data: {"id":"gen-1782908033-5hL5OHK26tyK4QQsIA23","object":"chat.completion.chunk","created":1782908033,"model":"deepseek/deepseek-v4-flash-20260423","provider":"GMICloud","choices":[{"index":0,"delta":{"content":"──","role":"assistant"},"finish_reason":null,"native_finish_reason":null}]}


PARSED: {"id":"gen-1782908033-5hL5OHK26tyK4QQsIA23","object":"chat.completion.chunk","created":1782908033,"model":"deepseek/deepseek-v4-flash-20260423","provider":"GMICloud","choices":[{"index":0,"delta":{"content":"──","role":"assistant"},"finish_reason":null,"native_finish_reason":null}]}
--- CHUNK 1782908037798 bytes=296 ---
data: {"id":"gen-1782908033-5hL5OHK26tyK4QQsIA23","object":"chat.completion.chunk","created":1782908033,"model":"deepseek/deepseek-v4-flash-20260423","provider":"GMICloud","choices":[{"index":0,"delta":{"content":" volume","role":"assistant"},"finish_reason":null,"native_finish_reason":null}]}


PARSED: {"id":"gen-1782908033-5hL5OHK26tyK4QQsIA23","object":"chat.completion.chunk","created":1782908033,"model":"deepseek/deepseek-v4-flash-20260423","provider":"GMICloud","choices":[{"index":0,"delta":{"content":" volume","role":"assistant"},"finish_reason":null,"native_finish_reason":null}]}
--- CHUNK 1782908037801 bytes=293 ---
data: {"id":"gen-1782908033-5hL5OHK26tyK4QQsIA23","object":"chat.completion.chunk","created":1782908033,"model":"deepseek/deepseek-v4-flash-20260423","provider":"GMICloud","choices":[{"index":0,"delta":{"content":" →","role":"assistant"},"finish_reason":null,"native_finish_reason":null}]}


PARSED: {"id":"gen-1782908033-5hL5OHK26tyK4QQsIA23","object":"chat.completion.chunk","created":1782908033,"model":"deepseek/deepseek-v4-flash-20260423","provider":"GMICloud","choices":[{"index":0,"delta":{"content":" →","role":"assistant"},"finish_reason":null,"native_finish_reason":null}]}
--- CHUNK 1782908037804 bytes=290 ---
data: {"id":"gen-1782908033-5hL5OHK26tyK4QQsIA23","object":"chat.completion.chunk","created":1782908033,"model":"deepseek/deepseek-v4-flash-20260423","provider":"GMICloud","choices":[{"index":0,"delta":{"content":" ","role":"assistant"},"finish_reason":null,"native_finish_reason":null}]}


PARSED: {"id":"gen-1782908033-5hL5OHK26tyK4QQsIA23","object":"chat.completion.chunk","created":1782908033,"model":"deepseek/deepseek-v4-flash-20260423","provider":"GMICloud","choices":[{"index":0,"delta":{"content":" ","role":"assistant"},"finish_reason":null,"native_finish_reason":null}]}
--- CHUNK 1782908037822 bytes=293 ---
data: {"id":"gen-1782908033-5hL5OHK26tyK4QQsIA23","object":"chat.completion.chunk","created":1782908033,"model":"deepseek/deepseek-v4-flash-20260423","provider":"GMICloud","choices":[{"index":0,"delta":{"content":" │","role":"assistant"},"finish_reason":null,"native_finish_reason":null}]}


PARSED: {"id":"gen-1782908033-5hL5OHK26tyK4QQsIA23","object":"chat.completion.chunk","created":1782908033,"model":"deepseek/deepseek-v4-flash-20260423","provider":"GMICloud","choices":[{"index":0,"delta":{"content":" │","role":"assistant"},"finish_reason":null,"native_finish_reason":null}]}
--- CHUNK 1782908037826 bytes=290 ---
data: {"id":"gen-1782908033-5hL5OHK26tyK4QQsIA23","object":"chat.completion.chunk","created":1782908033,"model":"deepseek/deepseek-v4-flash-20260423","provider":"GMICloud","choices":[{"index":0,"delta":{"content":" ","role":"assistant"},"finish_reason":null,"native_finish_reason":null}]}


PARSED: {"id":"gen-1782908033-5hL5OHK26tyK4QQsIA23","object":"chat.completion.chunk","created":1782908033,"model":"deepseek/deepseek-v4-flash-20260423","provider":"GMICloud","choices":[{"index":0,"delta":{"content":" ","role":"assistant"},"finish_reason":null,"native_finish_reason":null}]}
--- CHUNK 1782908037826 bytes=583 ---
data: {"id":"gen-1782908033-5hL5OHK26tyK4QQsIA23","object":"chat.completion.chunk","created":1782908033,"model":"deepseek/deepseek-v4-flash-20260423","provider":"GMICloud","choices":[{"index":0,"delta":{"content":" pa","role":"assistant"},"finish_reason":null,"native_finish_reason":null}]}

data: {"id":"gen-1782908033-5hL5OHK26tyK4QQsIA23","object":"chat.completion.chunk","created":1782908033,"model":"deepseek/deepseek-v4-flash-20260423","provider":"GMICloud","choices":[{"index":0,"delta":{"content":"aw","role":"assistant"},"finish_reason":null,"native_finish_reason":null}]}


PARSED: {"id":"gen-1782908033-5hL5OHK26tyK4QQsIA23","object":"chat.completion.chunk","created":1782908033,"model":"deepseek/deepseek-v4-flash-20260423","provider":"GMICloud","choices":[{"index":0,"delta":{"content":" pa","role":"assistant"},"finish_reason":null,"native_finish_reason":null}]}
PARSED: {"id":"gen-1782908033-5hL5OHK26tyK4QQsIA23","object":"chat.completion.chunk","created":1782908033,"model":"deepseek/deepseek-v4-flash-20260423","provider":"GMICloud","choices":[{"index":0,"delta":{"content":"aw","role":"assistant"},"finish_reason":null,"native_finish_reason":null}]}
--- CHUNK 1782908037847 bytes=296 ---
data: {"id":"gen-1782908033-5hL5OHK26tyK4QQsIA23","object":"chat.completion.chunk","created":1782908033,"model":"deepseek/deepseek-v4-flash-20260423","provider":"GMICloud","choices":[{"index":0,"delta":{"content":" server","role":"assistant"},"finish_reason":null,"native_finish_reason":null}]}


PARSED: {"id":"gen-1782908033-5hL5OHK26tyK4QQsIA23","object":"chat.completion.chunk","created":1782908033,"model":"deepseek/deepseek-v4-flash-20260423","provider":"GMICloud","choices":[{"index":0,"delta":{"content":" server","role":"assistant"},"finish_reason":null,"native_finish_reason":null}]}
--- CHUNK 1782908037848 bytes=290 ---
data: {"id":"gen-1782908033-5hL5OHK26tyK4QQsIA23","object":"chat.completion.chunk","created":1782908033,"model":"deepseek/deepseek-v4-flash-20260423","provider":"GMICloud","choices":[{"index":0,"delta":{"content":"+","role":"assistant"},"finish_reason":null,"native_finish_reason":null}]}


PARSED: {"id":"gen-1782908033-5hL5OHK26tyK4QQsIA23","object":"chat.completion.chunk","created":1782908033,"model":"deepseek/deepseek-v4-flash-20260423","provider":"GMICloud","choices":[{"index":0,"delta":{"content":"+","role":"assistant"},"finish_reason":null,"native_finish_reason":null}]}
--- CHUNK 1782908038015 bytes=291 ---
data: {"id":"gen-1782908033-5hL5OHK26tyK4QQsIA23","object":"chat.completion.chunk","created":1782908033,"model":"deepseek/deepseek-v4-flash-20260423","provider":"GMICloud","choices":[{"index":0,"delta":{"content":"CL","role":"assistant"},"finish_reason":null,"native_finish_reason":null}]}


PARSED: {"id":"gen-1782908033-5hL5OHK26tyK4QQsIA23","object":"chat.completion.chunk","created":1782908033,"model":"deepseek/deepseek-v4-flash-20260423","provider":"GMICloud","choices":[{"index":0,"delta":{"content":"CL","role":"assistant"},"finish_reason":null,"native_finish_reason":null}]}
--- CHUNK 1782908038016 bytes=290 ---
data: {"id":"gen-1782908033-5hL5OHK26tyK4QQsIA23","object":"chat.completion.chunk","created":1782908033,"model":"deepseek/deepseek-v4-flash-20260423","provider":"GMICloud","choices":[{"index":0,"delta":{"content":"I","role":"assistant"},"finish_reason":null,"native_finish_reason":null}]}


PARSED: {"id":"gen-1782908033-5hL5OHK26tyK4QQsIA23","object":"chat.completion.chunk","created":1782908033,"model":"deepseek/deepseek-v4-flash-20260423","provider":"GMICloud","choices":[{"index":0,"delta":{"content":"I","role":"assistant"},"finish_reason":null,"native_finish_reason":null}]}
--- CHUNK 1782908038018 bytes=290 ---
data: {"id":"gen-1782908033-5hL5OHK26tyK4QQsIA23","object":"chat.completion.chunk","created":1782908033,"model":"deepseek/deepseek-v4-flash-20260423","provider":"GMICloud","choices":[{"index":0,"delta":{"content":" ","role":"assistant"},"finish_reason":null,"native_finish_reason":null}]}


PARSED: {"id":"gen-1782908033-5hL5OHK26tyK4QQsIA23","object":"chat.completion.chunk","created":1782908033,"model":"deepseek/deepseek-v4-flash-20260423","provider":"GMICloud","choices":[{"index":0,"delta":{"content":" ","role":"assistant"},"finish_reason":null,"native_finish_reason":null}]}
--- CHUNK 1782908038018 bytes=293 ---
data: {"id":"gen-1782908033-5hL5OHK26tyK4QQsIA23","object":"chat.completion.chunk","created":1782908033,"model":"deepseek/deepseek-v4-flash-20260423","provider":"GMICloud","choices":[{"index":0,"delta":{"content":" │","role":"assistant"},"finish_reason":null,"native_finish_reason":null}]}


PARSED: {"id":"gen-1782908033-5hL5OHK26tyK4QQsIA23","object":"chat.completion.chunk","created":1782908033,"model":"deepseek/deepseek-v4-flash-20260423","provider":"GMICloud","choices":[{"index":0,"delta":{"content":" │","role":"assistant"},"finish_reason":null,"native_finish_reason":null}]}
--- CHUNK 1782908038021 bytes=291 ---
data: {"id":"gen-1782908033-5hL5OHK26tyK4QQsIA23","object":"chat.completion.chunk","created":1782908033,"model":"deepseek/deepseek-v4-flash-20260423","provider":"GMICloud","choices":[{"index":0,"delta":{"content":"\n","role":"assistant"},"finish_reason":null,"native_finish_reason":null}]}


PARSED: {"id":"gen-1782908033-5hL5OHK26tyK4QQsIA23","object":"chat.completion.chunk","created":1782908033,"model":"deepseek/deepseek-v4-flash-20260423","provider":"GMICloud","choices":[{"index":0,"delta":{"content":"\n","role":"assistant"},"finish_reason":null,"native_finish_reason":null}]}
--- CHUNK 1782908038022 bytes=292 ---
data: {"id":"gen-1782908033-5hL5OHK26tyK4QQsIA23","object":"chat.completion.chunk","created":1782908033,"model":"deepseek/deepseek-v4-flash-20260423","provider":"GMICloud","choices":[{"index":0,"delta":{"content":"│","role":"assistant"},"finish_reason":null,"native_finish_reason":null}]}


PARSED: {"id":"gen-1782908033-5hL5OHK26tyK4QQsIA23","object":"chat.completion.chunk","created":1782908033,"model":"deepseek/deepseek-v4-flash-20260423","provider":"GMICloud","choices":[{"index":0,"delta":{"content":"│","role":"assistant"},"finish_reason":null,"native_finish_reason":null}]}
--- CHUNK 1782908038025 bytes=290 ---
data: {"id":"gen-1782908033-5hL5OHK26tyK4QQsIA23","object":"chat.completion.chunk","created":1782908033,"model":"deepseek/deepseek-v4-flash-20260423","provider":"GMICloud","choices":[{"index":0,"delta":{"content":" ","role":"assistant"},"finish_reason":null,"native_finish_reason":null}]}


PARSED: {"id":"gen-1782908033-5hL5OHK26tyK4QQsIA23","object":"chat.completion.chunk","created":1782908033,"model":"deepseek/deepseek-v4-flash-20260423","provider":"GMICloud","choices":[{"index":0,"delta":{"content":" ","role":"assistant"},"finish_reason":null,"native_finish_reason":null}]}
--- CHUNK 1782908038026 bytes=292 ---
data: {"id":"gen-1782908033-5hL5OHK26tyK4QQsIA23","object":"chat.completion.chunk","created":1782908033,"model":"deepseek/deepseek-v4-flash-20260423","provider":"GMICloud","choices":[{"index":0,"delta":{"content":" (:","role":"assistant"},"finish_reason":null,"native_finish_reason":null}]}


PARSED: {"id":"gen-1782908033-5hL5OHK26tyK4QQsIA23","object":"chat.completion.chunk","created":1782908033,"model":"deepseek/deepseek-v4-flash-20260423","provider":"GMICloud","choices":[{"index":0,"delta":{"content":" (:","role":"assistant"},"finish_reason":null,"native_finish_reason":null}]}
--- CHUNK 1782908038028 bytes=292 ---
data: {"id":"gen-1782908033-5hL5OHK26tyK4QQsIA23","object":"chat.completion.chunk","created":1782908033,"model":"deepseek/deepseek-v4-flash-20260423","provider":"GMICloud","choices":[{"index":0,"delta":{"content":"410","role":"assistant"},"finish_reason":null,"native_finish_reason":null}]}


PARSED: {"id":"gen-1782908033-5hL5OHK26tyK4QQsIA23","object":"chat.completion.chunk","created":1782908033,"model":"deepseek/deepseek-v4-flash-20260423","provider":"GMICloud","choices":[{"index":0,"delta":{"content":"410","role":"assistant"},"finish_reason":null,"native_finish_reason":null}]}
--- CHUNK 1782908038028 bytes=290 ---
data: {"id":"gen-1782908033-5hL5OHK26tyK4QQsIA23","object":"chat.completion.chunk","created":1782908033,"model":"deepseek/deepseek-v4-flash-20260423","provider":"GMICloud","choices":[{"index":0,"delta":{"content":"0","role":"assistant"},"finish_reason":null,"native_finish_reason":null}]}


PARSED: {"id":"gen-1782908033-5hL5OHK26tyK4QQsIA23","object":"chat.completion.chunk","created":1782908033,"model":"deepseek/deepseek-v4-flash-20260423","provider":"GMICloud","choices":[{"index":0,"delta":{"content":"0","role":"assistant"},"finish_reason":null,"native_finish_reason":null}]}
--- CHUNK 1782908038031 bytes=290 ---
data: {"id":"gen-1782908033-5hL5OHK26tyK4QQsIA23","object":"chat.completion.chunk","created":1782908033,"model":"deepseek/deepseek-v4-flash-20260423","provider":"GMICloud","choices":[{"index":0,"delta":{"content":")","role":"assistant"},"finish_reason":null,"native_finish_reason":null}]}


PARSED: {"id":"gen-1782908033-5hL5OHK26tyK4QQsIA23","object":"chat.completion.chunk","created":1782908033,"model":"deepseek/deepseek-v4-flash-20260423","provider":"GMICloud","choices":[{"index":0,"delta":{"content":")","role":"assistant"},"finish_reason":null,"native_finish_reason":null}]}
--- CHUNK 1782908038032 bytes=293 ---
data: {"id":"gen-1782908033-5hL5OHK26tyK4QQsIA23","object":"chat.completion.chunk","created":1782908033,"model":"deepseek/deepseek-v4-flash-20260423","provider":"GMICloud","choices":[{"index":0,"delta":{"content":"    ","role":"assistant"},"finish_reason":null,"native_finish_reason":null}]}


PARSED: {"id":"gen-1782908033-5hL5OHK26tyK4QQsIA23","object":"chat.completion.chunk","created":1782908033,"model":"deepseek/deepseek-v4-flash-20260423","provider":"GMICloud","choices":[{"index":0,"delta":{"content":"    ","role":"assistant"},"finish_reason":null,"native_finish_reason":null}]}
--- CHUNK 1782908038033 bytes=596 ---
data: {"id":"gen-1782908033-5hL5OHK26tyK4QQsIA23","object":"chat.completion.chunk","created":1782908033,"model":"deepseek/deepseek-v4-flash-20260423","provider":"GMICloud","choices":[{"index":0,"delta":{"content":" │","role":"assistant"},"finish_reason":null,"native_finish_reason":null}]}

data: {"id":"gen-1782908033-5hL5OHK26tyK4QQsIA23","object":"chat.completion.chunk","created":1782908033,"model":"deepseek/deepseek-v4-flash-20260423","provider":"GMICloud","choices":[{"index":0,"delta":{"content":"              ","role":"assistant"},"finish_reason":null,"native_finish_reason":null}]}


PARSED: {"id":"gen-1782908033-5hL5OHK26tyK4QQsIA23","object":"chat.completion.chunk","created":1782908033,"model":"deepseek/deepseek-v4-flash-20260423","provider":"GMICloud","choices":[{"index":0,"delta":{"content":" │","role":"assistant"},"finish_reason":null,"native_finish_reason":null}]}
PARSED: {"id":"gen-1782908033-5hL5OHK26tyK4QQsIA23","object":"chat.completion.chunk","created":1782908033,"model":"deepseek/deepseek-v4-flash-20260423","provider":"GMICloud","choices":[{"index":0,"delta":{"content":"              ","role":"assistant"},"finish_reason":null,"native_finish_reason":null}]}
--- CHUNK 1782908038033 bytes=293 ---
data: {"id":"gen-1782908033-5hL5OHK26tyK4QQsIA23","object":"chat.completion.chunk","created":1782908033,"model":"deepseek/deepseek-v4-flash-20260423","provider":"GMICloud","choices":[{"index":0,"delta":{"content":" │","role":"assistant"},"finish_reason":null,"native_finish_reason":null}]}


PARSED: {"id":"gen-1782908033-5hL5OHK26tyK4QQsIA23","object":"chat.completion.chunk","created":1782908033,"model":"deepseek/deepseek-v4-flash-20260423","provider":"GMICloud","choices":[{"index":0,"delta":{"content":" │","role":"assistant"},"finish_reason":null,"native_finish_reason":null}]}
--- CHUNK 1782908038033 bytes=290 ---
data: {"id":"gen-1782908033-5hL5OHK26tyK4QQsIA23","object":"chat.completion.chunk","created":1782908033,"model":"deepseek/deepseek-v4-flash-20260423","provider":"GMICloud","choices":[{"index":0,"delta":{"content":" ","role":"assistant"},"finish_reason":null,"native_finish_reason":null}]}


PARSED: {"id":"gen-1782908033-5hL5OHK26tyK4QQsIA23","object":"chat.completion.chunk","created":1782908033,"model":"deepseek/deepseek-v4-flash-20260423","provider":"GMICloud","choices":[{"index":0,"delta":{"content":" ","role":"assistant"},"finish_reason":null,"native_finish_reason":null}]}
--- CHUNK 1782908038034 bytes=292 ---
data: {"id":"gen-1782908033-5hL5OHK26tyK4QQsIA23","object":"chat.completion.chunk","created":1782908033,"model":"deepseek/deepseek-v4-flash-20260423","provider":"GMICloud","choices":[{"index":0,"delta":{"content":" (:","role":"assistant"},"finish_reason":null,"native_finish_reason":null}]}


PARSED: {"id":"gen-1782908033-5hL5OHK26tyK4QQsIA23","object":"chat.completion.chunk","created":1782908033,"model":"deepseek/deepseek-v4-flash-20260423","provider":"GMICloud","choices":[{"index":0,"delta":{"content":" (:","role":"assistant"},"finish_reason":null,"native_finish_reason":null}]}
--- CHUNK 1782908038034 bytes=292 ---
data: {"id":"gen-1782908033-5hL5OHK26tyK4QQsIA23","object":"chat.completion.chunk","created":1782908033,"model":"deepseek/deepseek-v4-flash-20260423","provider":"GMICloud","choices":[{"index":0,"delta":{"content":"409","role":"assistant"},"finish_reason":null,"native_finish_reason":null}]}


PARSED: {"id":"gen-1782908033-5hL5OHK26tyK4QQsIA23","object":"chat.completion.chunk","created":1782908033,"model":"deepseek/deepseek-v4-flash-20260423","provider":"GMICloud","choices":[{"index":0,"delta":{"content":"409","role":"assistant"},"finish_reason":null,"native_finish_reason":null}]}
--- CHUNK 1782908038034 bytes=290 ---
data: {"id":"gen-1782908033-5hL5OHK26tyK4QQsIA23","object":"chat.completion.chunk","created":1782908033,"model":"deepseek/deepseek-v4-flash-20260423","provider":"GMICloud","choices":[{"index":0,"delta":{"content":"7","role":"assistant"},"finish_reason":null,"native_finish_reason":null}]}


PARSED: {"id":"gen-1782908033-5hL5OHK26tyK4QQsIA23","object":"chat.completion.chunk","created":1782908033,"model":"deepseek/deepseek-v4-flash-20260423","provider":"GMICloud","choices":[{"index":0,"delta":{"content":"7","role":"assistant"},"finish_reason":null,"native_finish_reason":null}]}
--- CHUNK 1782908038035 bytes=581 ---
data: {"id":"gen-1782908033-5hL5OHK26tyK4QQsIA23","object":"chat.completion.chunk","created":1782908033,"model":"deepseek/deepseek-v4-flash-20260423","provider":"GMICloud","choices":[{"index":0,"delta":{"content":",","role":"assistant"},"finish_reason":null,"native_finish_reason":null}]}

data: {"id":"gen-1782908033-5hL5OHK26tyK4QQsIA23","object":"chat.completion.chunk","created":1782908033,"model":"deepseek/deepseek-v4-flash-20260423","provider":"GMICloud","choices":[{"index":0,"delta":{"content":" :","role":"assistant"},"finish_reason":null,"native_finish_reason":null}]}


PARSED: {"id":"gen-1782908033-5hL5OHK26tyK4QQsIA23","object":"chat.completion.chunk","created":1782908033,"model":"deepseek/deepseek-v4-flash-20260423","provider":"GMICloud","choices":[{"index":0,"delta":{"content":",","role":"assistant"},"finish_reason":null,"native_finish_reason":null}]}
PARSED: {"id":"gen-1782908033-5hL5OHK26tyK4QQsIA23","object":"chat.completion.chunk","created":1782908033,"model":"deepseek/deepseek-v4-flash-20260423","provider":"GMICloud","choices":[{"index":0,"delta":{"content":" :","role":"assistant"},"finish_reason":null,"native_finish_reason":null}]}
--- CHUNK 1782908038037 bytes=292 ---
data: {"id":"gen-1782908033-5hL5OHK26tyK4QQsIA23","object":"chat.completion.chunk","created":1782908033,"model":"deepseek/deepseek-v4-flash-20260423","provider":"GMICloud","choices":[{"index":0,"delta":{"content":"409","role":"assistant"},"finish_reason":null,"native_finish_reason":null}]}


PARSED: {"id":"gen-1782908033-5hL5OHK26tyK4QQsIA23","object":"chat.completion.chunk","created":1782908033,"model":"deepseek/deepseek-v4-flash-20260423","provider":"GMICloud","choices":[{"index":0,"delta":{"content":"409","role":"assistant"},"finish_reason":null,"native_finish_reason":null}]}
--- CHUNK 1782908038049 bytes=580 ---
data: {"id":"gen-1782908033-5hL5OHK26tyK4QQsIA23","object":"chat.completion.chunk","created":1782908033,"model":"deepseek/deepseek-v4-flash-20260423","provider":"GMICloud","choices":[{"index":0,"delta":{"content":"8","role":"assistant"},"finish_reason":null,"native_finish_reason":null}]}

data: {"id":"gen-1782908033-5hL5OHK26tyK4QQsIA23","object":"chat.completion.chunk","created":1782908033,"model":"deepseek/deepseek-v4-flash-20260423","provider":"GMICloud","choices":[{"index":0,"delta":{"content":")","role":"assistant"},"finish_reason":null,"native_finish_reason":null}]}


PARSED: {"id":"gen-1782908033-5hL5OHK26tyK4QQsIA23","object":"chat.completion.chunk","created":1782908033,"model":"deepseek/deepseek-v4-flash-20260423","provider":"GMICloud","choices":[{"index":0,"delta":{"content":"8","role":"assistant"},"finish_reason":null,"native_finish_reason":null}]}
PARSED: {"id":"gen-1782908033-5hL5OHK26tyK4QQsIA23","object":"chat.completion.chunk","created":1782908033,"model":"deepseek/deepseek-v4-flash-20260423","provider":"GMICloud","choices":[{"index":0,"delta":{"content":")","role":"assistant"},"finish_reason":null,"native_finish_reason":null}]}
--- CHUNK 1782908038049 bytes=291 ---
data: {"id":"gen-1782908033-5hL5OHK26tyK4QQsIA23","object":"chat.completion.chunk","created":1782908033,"model":"deepseek/deepseek-v4-flash-20260423","provider":"GMICloud","choices":[{"index":0,"delta":{"content":"  ","role":"assistant"},"finish_reason":null,"native_finish_reason":null}]}


PARSED: {"id":"gen-1782908033-5hL5OHK26tyK4QQsIA23","object":"chat.completion.chunk","created":1782908033,"model":"deepseek/deepseek-v4-flash-20260423","provider":"GMICloud","choices":[{"index":0,"delta":{"content":"  ","role":"assistant"},"finish_reason":null,"native_finish_reason":null}]}
--- CHUNK 1782908038050 bytes=293 ---
data: {"id":"gen-1782908033-5hL5OHK26tyK4QQsIA23","object":"chat.completion.chunk","created":1782908033,"model":"deepseek/deepseek-v4-flash-20260423","provider":"GMICloud","choices":[{"index":0,"delta":{"content":" │","role":"assistant"},"finish_reason":null,"native_finish_reason":null}]}


PARSED: {"id":"gen-1782908033-5hL5OHK26tyK4QQsIA23","object":"chat.completion.chunk","created":1782908033,"model":"deepseek/deepseek-v4-flash-20260423","provider":"GMICloud","choices":[{"index":0,"delta":{"content":" │","role":"assistant"},"finish_reason":null,"native_finish_reason":null}]}
--- CHUNK 1782908038054 bytes=291 ---
data: {"id":"gen-1782908033-5hL5OHK26tyK4QQsIA23","object":"chat.completion.chunk","created":1782908033,"model":"deepseek/deepseek-v4-flash-20260423","provider":"GMICloud","choices":[{"index":0,"delta":{"content":"\n","role":"assistant"},"finish_reason":null,"native_finish_reason":null}]}


PARSED: {"id":"gen-1782908033-5hL5OHK26tyK4QQsIA23","object":"chat.completion.chunk","created":1782908033,"model":"deepseek/deepseek-v4-flash-20260423","provider":"GMICloud","choices":[{"index":0,"delta":{"content":"\n","role":"assistant"},"finish_reason":null,"native_finish_reason":null}]}
--- CHUNK 1782908038058 bytes=292 ---
data: {"id":"gen-1782908033-5hL5OHK26tyK4QQsIA23","object":"chat.completion.chunk","created":1782908033,"model":"deepseek/deepseek-v4-flash-20260423","provider":"GMICloud","choices":[{"index":0,"delta":{"content":"└","role":"assistant"},"finish_reason":null,"native_finish_reason":null}]}


PARSED: {"id":"gen-1782908033-5hL5OHK26tyK4QQsIA23","object":"chat.completion.chunk","created":1782908033,"model":"deepseek/deepseek-v4-flash-20260423","provider":"GMICloud","choices":[{"index":0,"delta":{"content":"└","role":"assistant"},"finish_reason":null,"native_finish_reason":null}]}
--- CHUNK 1782908038058 bytes=313 ---
data: {"id":"gen-1782908033-5hL5OHK26tyK4QQsIA23","object":"chat.completion.chunk","created":1782908033,"model":"deepseek/deepseek-v4-flash-20260423","provider":"GMICloud","choices":[{"index":0,"delta":{"content":"────────","role":"assistant"},"finish_reason":null,"native_finish_reason":null}]}


PARSED: {"id":"gen-1782908033-5hL5OHK26tyK4QQsIA23","object":"chat.completion.chunk","created":1782908033,"model":"deepseek/deepseek-v4-flash-20260423","provider":"GMICloud","choices":[{"index":0,"delta":{"content":"────────","role":"assistant"},"finish_reason":null,"native_finish_reason":null}]}
--- CHUNK 1782908038114 bytes=596 ---
data: {"id":"gen-1782908033-5hL5OHK26tyK4QQsIA23","object":"chat.completion.chunk","created":1782908033,"model":"deepseek/deepseek-v4-flash-20260423","provider":"GMICloud","choices":[{"index":0,"delta":{"content":"────","role":"assistant"},"finish_reason":null,"native_finish_reason":null}]}

data: {"id":"gen-1782908033-5hL5OHK26tyK4QQsIA23","object":"chat.completion.chunk","created":1782908033,"model":"deepseek/deepseek-v4-flash-20260423","provider":"GMICloud","choices":[{"index":0,"delta":{"content":"──","role":"assistant"},"finish_reason":null,"native_finish_reason":null}]}


PARSED: {"id":"gen-1782908033-5hL5OHK26tyK4QQsIA23","object":"chat.completion.chunk","created":1782908033,"model":"deepseek/deepseek-v4-flash-20260423","provider":"GMICloud","choices":[{"index":0,"delta":{"content":"────","role":"assistant"},"finish_reason":null,"native_finish_reason":null}]}
PARSED: {"id":"gen-1782908033-5hL5OHK26tyK4QQsIA23","object":"chat.completion.chunk","created":1782908033,"model":"deepseek/deepseek-v4-flash-20260423","provider":"GMICloud","choices":[{"index":0,"delta":{"content":"──","role":"assistant"},"finish_reason":null,"native_finish_reason":null}]}
--- CHUNK 1782908038119 bytes=595 ---
data: {"id":"gen-1782908033-5hL5OHK26tyK4QQsIA23","object":"chat.completion.chunk","created":1782908033,"model":"deepseek/deepseek-v4-flash-20260423","provider":"GMICloud","choices":[{"index":0,"delta":{"content":"┘","role":"assistant"},"finish_reason":null,"native_finish_reason":null}]}

data: {"id":"gen-1782908033-5hL5OHK26tyK4QQsIA23","object":"chat.completion.chunk","created":1782908033,"model":"deepseek/deepseek-v4-flash-20260423","provider":"GMICloud","choices":[{"index":0,"delta":{"content":"              ","role":"assistant"},"finish_reason":null,"native_finish_reason":null}]}


PARSED: {"id":"gen-1782908033-5hL5OHK26tyK4QQsIA23","object":"chat.completion.chunk","created":1782908033,"model":"deepseek/deepseek-v4-flash-20260423","provider":"GMICloud","choices":[{"index":0,"delta":{"content":"┘","role":"assistant"},"finish_reason":null,"native_finish_reason":null}]}
PARSED: {"id":"gen-1782908033-5hL5OHK26tyK4QQsIA23","object":"chat.completion.chunk","created":1782908033,"model":"deepseek/deepseek-v4-flash-20260423","provider":"GMICloud","choices":[{"index":0,"delta":{"content":"              ","role":"assistant"},"finish_reason":null,"native_finish_reason":null}]}
--- CHUNK 1782908038129 bytes=1217 ---
data: {"id":"gen-1782908033-5hL5OHK26tyK4QQsIA23","object":"chat.completion.chunk","created":1782908033,"model":"deepseek/deepseek-v4-flash-20260423","provider":"GMICloud","choices":[{"index":0,"delta":{"content":" └","role":"assistant"},"finish_reason":null,"native_finish_reason":null}]}

data: {"id":"gen-1782908033-5hL5OHK26tyK4QQsIA23","object":"chat.completion.chunk","created":1782908033,"model":"deepseek/deepseek-v4-flash-20260423","provider":"GMICloud","choices":[{"index":0,"delta":{"content":"────────────────","role":"assistant"},"finish_reason":null,"native_finish_reason":null}]}

data: {"id":"gen-1782908033-5hL5OHK26tyK4QQsIA23","object":"chat.completion.chunk","created":1782908033,"model":"deepseek/deepseek-v4-flash-20260423","provider":"GMICloud","choices":[{"index":0,"delta":{"content":"──","role":"assistant"},"finish_reason":null,"native_finish_reason":null}]}

data: {"id":"gen-1782908033-5hL5OHK26tyK4QQsIA23","object":"chat.completion.chunk","created":1782908033,"model":"deepseek/deepseek-v4-flash-20260423","provider":"GMICloud","choices":[{"index":0,"delta":{"content":"┘","role":"assistant"},"finish_reason":null,"native_finish_reason":null}]}


PARSED: {"id":"gen-1782908033-5hL5OHK26tyK4QQsIA23","object":"chat.completion.chunk","created":1782908033,"model":"deepseek/deepseek-v4-flash-20260423","provider":"GMICloud","choices":[{"index":0,"delta":{"content":" └","role":"assistant"},"finish_reason":null,"native_finish_reason":null}]}
PARSED: {"id":"gen-1782908033-5hL5OHK26tyK4QQsIA23","object":"chat.completion.chunk","created":1782908033,"model":"deepseek/deepseek-v4-flash-20260423","provider":"GMICloud","choices":[{"index":0,"delta":{"content":"────────────────","role":"assistant"},"finish_reason":null,"native_finish_reason":null}]}
PARSED: {"id":"gen-1782908033-5hL5OHK26tyK4QQsIA23","object":"chat.completion.chunk","created":1782908033,"model":"deepseek/deepseek-v4-flash-20260423","provider":"GMICloud","choices":[{"index":0,"delta":{"content":"──","role":"assistant"},"finish_reason":null,"native_finish_reason":null}]}
PARSED: {"id":"gen-1782908033-5hL5OHK26tyK4QQsIA23","object":"chat.completion.chunk","created":1782908033,"model":"deepseek/deepseek-v4-flash-20260423","provider":"GMICloud","choices":[{"index":0,"delta":{"content":"┘","role":"assistant"},"finish_reason":null,"native_finish_reason":null}]}
--- CHUNK 1782908038139 bytes=291 ---
data: {"id":"gen-1782908033-5hL5OHK26tyK4QQsIA23","object":"chat.completion.chunk","created":1782908033,"model":"deepseek/deepseek-v4-flash-20260423","provider":"GMICloud","choices":[{"index":0,"delta":{"content":"\n","role":"assistant"},"finish_reason":null,"native_finish_reason":null}]}


PARSED: {"id":"gen-1782908033-5hL5OHK26tyK4QQsIA23","object":"chat.completion.chunk","created":1782908033,"model":"deepseek/deepseek-v4-flash-20260423","provider":"GMICloud","choices":[{"index":0,"delta":{"content":"\n","role":"assistant"},"finish_reason":null,"native_finish_reason":null}]}
--- CHUNK 1782908038146 bytes=296 ---
data: {"id":"gen-1782908033-5hL5OHK26tyK4QQsIA23","object":"chat.completion.chunk","created":1782908033,"model":"deepseek/deepseek-v4-flash-20260423","provider":"GMICloud","choices":[{"index":0,"delta":{"content":"```\n\n","role":"assistant"},"finish_reason":null,"native_finish_reason":null}]}


PARSED: {"id":"gen-1782908033-5hL5OHK26tyK4QQsIA23","object":"chat.completion.chunk","created":1782908033,"model":"deepseek/deepseek-v4-flash-20260423","provider":"GMICloud","choices":[{"index":0,"delta":{"content":"```\n\n","role":"assistant"},"finish_reason":null,"native_finish_reason":null}]}
--- CHUNK 1782908038146 bytes=586 ---
data: {"id":"gen-1782908033-5hL5OHK26tyK4QQsIA23","object":"chat.completion.chunk","created":1782908033,"model":"deepseek/deepseek-v4-flash-20260423","provider":"GMICloud","choices":[{"index":0,"delta":{"content":"###","role":"assistant"},"finish_reason":null,"native_finish_reason":null}]}

data: {"id":"gen-1782908033-5hL5OHK26tyK4QQsIA23","object":"chat.completion.chunk","created":1782908033,"model":"deepseek/deepseek-v4-flash-20260423","provider":"GMICloud","choices":[{"index":0,"delta":{"content":" 🔒","role":"assistant"},"finish_reason":null,"native_finish_reason":null}]}


PARSED: {"id":"gen-1782908033-5hL5OHK26tyK4QQsIA23","object":"chat.completion.chunk","created":1782908033,"model":"deepseek/deepseek-v4-flash-20260423","provider":"GMICloud","choices":[{"index":0,"delta":{"content":"###","role":"assistant"},"finish_reason":null,"native_finish_reason":null}]}
PARSED: {"id":"gen-1782908033-5hL5OHK26tyK4QQsIA23","object":"chat.completion.chunk","created":1782908033,"model":"deepseek/deepseek-v4-flash-20260423","provider":"GMICloud","choices":[{"index":0,"delta":{"content":" 🔒","role":"assistant"},"finish_reason":null,"native_finish_reason":null}]}
--- CHUNK 1782908038228 bytes=290 ---
data: {"id":"gen-1782908033-5hL5OHK26tyK4QQsIA23","object":"chat.completion.chunk","created":1782908033,"model":"deepseek/deepseek-v4-flash-20260423","provider":"GMICloud","choices":[{"index":0,"delta":{"content":" ","role":"assistant"},"finish_reason":null,"native_finish_reason":null}]}


PARSED: {"id":"gen-1782908033-5hL5OHK26tyK4QQsIA23","object":"chat.completion.chunk","created":1782908033,"model":"deepseek/deepseek-v4-flash-20260423","provider":"GMICloud","choices":[{"index":0,"delta":{"content":" ","role":"assistant"},"finish_reason":null,"native_finish_reason":null}]}
--- CHUNK 1782908038237 bytes=292 ---
data: {"id":"gen-1782908033-5hL5OHK26tyK4QQsIA23","object":"chat.completion.chunk","created":1782908033,"model":"deepseek/deepseek-v4-flash-20260423","provider":"GMICloud","choices":[{"index":0,"delta":{"content":"三","role":"assistant"},"finish_reason":null,"native_finish_reason":null}]}


PARSED: {"id":"gen-1782908033-5hL5OHK26tyK4QQsIA23","object":"chat.completion.chunk","created":1782908033,"model":"deepseek/deepseek-v4-flash-20260423","provider":"GMICloud","choices":[{"index":0,"delta":{"content":"三","role":"assistant"},"finish_reason":null,"native_finish_reason":null}]}
--- CHUNK 1782908038290 bytes=292 ---
data: {"id":"gen-1782908033-5hL5OHK26tyK4QQsIA23","object":"chat.completion.chunk","created":1782908033,"model":"deepseek/deepseek-v4-flash-20260423","provider":"GMICloud","choices":[{"index":0,"delta":{"content":"層","role":"assistant"},"finish_reason":null,"native_finish_reason":null}]}


PARSED: {"id":"gen-1782908033-5hL5OHK26tyK4QQsIA23","object":"chat.completion.chunk","created":1782908033,"model":"deepseek/deepseek-v4-flash-20260423","provider":"GMICloud","choices":[{"index":0,"delta":{"content":"層","role":"assistant"},"finish_reason":null,"native_finish_reason":null}]}
--- CHUNK 1782908038310 bytes=587 ---
data: {"id":"gen-1782908033-5hL5OHK26tyK4QQsIA23","object":"chat.completion.chunk","created":1782908033,"model":"deepseek/deepseek-v4-flash-20260423","provider":"GMICloud","choices":[{"index":0,"delta":{"content":"安全","role":"assistant"},"finish_reason":null,"native_finish_reason":null}]}

data: {"id":"gen-1782908033-5hL5OHK26tyK4QQsIA23","object":"chat.completion.chunk","created":1782908033,"model":"deepseek/deepseek-v4-flash-20260423","provider":"GMICloud","choices":[{"index":0,"delta":{"content":"防","role":"assistant"},"finish_reason":null,"native_finish_reason":null}]}


PARSED: {"id":"gen-1782908033-5hL5OHK26tyK4QQsIA23","object":"chat.completion.chunk","created":1782908033,"model":"deepseek/deepseek-v4-flash-20260423","provider":"GMICloud","choices":[{"index":0,"delta":{"content":"安全","role":"assistant"},"finish_reason":null,"native_finish_reason":null}]}
PARSED: {"id":"gen-1782908033-5hL5OHK26tyK4QQsIA23","object":"chat.completion.chunk","created":1782908033,"model":"deepseek/deepseek-v4-flash-20260423","provider":"GMICloud","choices":[{"index":0,"delta":{"content":"防","role":"assistant"},"finish_reason":null,"native_finish_reason":null}]}
--- CHUNK 1782908038314 bytes=292 ---
data: {"id":"gen-1782908033-5hL5OHK26tyK4QQsIA23","object":"chat.completion.chunk","created":1782908033,"model":"deepseek/deepseek-v4-flash-20260423","provider":"GMICloud","choices":[{"index":0,"delta":{"content":"護","role":"assistant"},"finish_reason":null,"native_finish_reason":null}]}


PARSED: {"id":"gen-1782908033-5hL5OHK26tyK4QQsIA23","object":"chat.completion.chunk","created":1782908033,"model":"deepseek/deepseek-v4-flash-20260423","provider":"GMICloud","choices":[{"index":0,"delta":{"content":"護","role":"assistant"},"finish_reason":null,"native_finish_reason":null}]}
--- CHUNK 1782908038326 bytes=293 ---
data: {"id":"gen-1782908033-5hL5OHK26tyK4QQsIA23","object":"chat.completion.chunk","created":1782908033,"model":"deepseek/deepseek-v4-flash-20260423","provider":"GMICloud","choices":[{"index":0,"delta":{"content":"\n\n","role":"assistant"},"finish_reason":null,"native_finish_reason":null}]}


PARSED: {"id":"gen-1782908033-5hL5OHK26tyK4QQsIA23","object":"chat.completion.chunk","created":1782908033,"model":"deepseek/deepseek-v4-flash-20260423","provider":"GMICloud","choices":[{"index":0,"delta":{"content":"\n\n","role":"assistant"},"finish_reason":null,"native_finish_reason":null}]}
--- CHUNK 1782908038326 bytes=290 ---
data: {"id":"gen-1782908033-5hL5OHK26tyK4QQsIA23","object":"chat.completion.chunk","created":1782908033,"model":"deepseek/deepseek-v4-flash-20260423","provider":"GMICloud","choices":[{"index":0,"delta":{"content":"|","role":"assistant"},"finish_reason":null,"native_finish_reason":null}]}


PARSED: {"id":"gen-1782908033-5hL5OHK26tyK4QQsIA23","object":"chat.completion.chunk","created":1782908033,"model":"deepseek/deepseek-v4-flash-20260423","provider":"GMICloud","choices":[{"index":0,"delta":{"content":"|","role":"assistant"},"finish_reason":null,"native_finish_reason":null}]}
--- CHUNK 1782908038328 bytes=290 ---
data: {"id":"gen-1782908033-5hL5OHK26tyK4QQsIA23","object":"chat.completion.chunk","created":1782908033,"model":"deepseek/deepseek-v4-flash-20260423","provider":"GMICloud","choices":[{"index":0,"delta":{"content":" ","role":"assistant"},"finish_reason":null,"native_finish_reason":null}]}


PARSED: {"id":"gen-1782908033-5hL5OHK26tyK4QQsIA23","object":"chat.completion.chunk","created":1782908033,"model":"deepseek/deepseek-v4-flash-20260423","provider":"GMICloud","choices":[{"index":0,"delta":{"content":" ","role":"assistant"},"finish_reason":null,"native_finish_reason":null}]}
--- CHUNK 1782908038328 bytes=292 ---
data: {"id":"gen-1782908033-5hL5OHK26tyK4QQsIA23","object":"chat.completion.chunk","created":1782908033,"model":"deepseek/deepseek-v4-flash-20260423","provider":"GMICloud","choices":[{"index":0,"delta":{"content":"層","role":"assistant"},"finish_reason":null,"native_finish_reason":null}]}


PARSED: {"id":"gen-1782908033-5hL5OHK26tyK4QQsIA23","object":"chat.completion.chunk","created":1782908033,"model":"deepseek/deepseek-v4-flash-20260423","provider":"GMICloud","choices":[{"index":0,"delta":{"content":"層","role":"assistant"},"finish_reason":null,"native_finish_reason":null}]}
--- CHUNK 1782908038328 bytes=292 ---
data: {"id":"gen-1782908033-5hL5OHK26tyK4QQsIA23","object":"chat.completion.chunk","created":1782908033,"model":"deepseek/deepseek-v4-flash-20260423","provider":"GMICloud","choices":[{"index":0,"delta":{"content":"級","role":"assistant"},"finish_reason":null,"native_finish_reason":null}]}


PARSED: {"id":"gen-1782908033-5hL5OHK26tyK4QQsIA23","object":"chat.completion.chunk","created":1782908033,"model":"deepseek/deepseek-v4-flash-20260423","provider":"GMICloud","choices":[{"index":0,"delta":{"content":"級","role":"assistant"},"finish_reason":null,"native_finish_reason":null}]}
--- CHUNK 1782908038334 bytes=291 ---
data: {"id":"gen-1782908033-5hL5OHK26tyK4QQsIA23","object":"chat.completion.chunk","created":1782908033,"model":"deepseek/deepseek-v4-flash-20260423","provider":"GMICloud","choices":[{"index":0,"delta":{"content":" |","role":"assistant"},"finish_reason":null,"native_finish_reason":null}]}


PARSED: {"id":"gen-1782908033-5hL5OHK26tyK4QQsIA23","object":"chat.completion.chunk","created":1782908033,"model":"deepseek/deepseek-v4-flash-20260423","provider":"GMICloud","choices":[{"index":0,"delta":{"content":" |","role":"assistant"},"finish_reason":null,"native_finish_reason":null}]}
--- CHUNK 1782908038336 bytes=290 ---
data: {"id":"gen-1782908033-5hL5OHK26tyK4QQsIA23","object":"chat.completion.chunk","created":1782908033,"model":"deepseek/deepseek-v4-flash-20260423","provider":"GMICloud","choices":[{"index":0,"delta":{"content":" ","role":"assistant"},"finish_reason":null,"native_finish_reason":null}]}


PARSED: {"id":"gen-1782908033-5hL5OHK26tyK4QQsIA23","object":"chat.completion.chunk","created":1782908033,"model":"deepseek/deepseek-v4-flash-20260423","provider":"GMICloud","choices":[{"index":0,"delta":{"content":" ","role":"assistant"},"finish_reason":null,"native_finish_reason":null}]}
--- CHUNK 1782908038336 bytes=295 ---
data: {"id":"gen-1782908033-5hL5OHK26tyK4QQsIA23","object":"chat.completion.chunk","created":1782908033,"model":"deepseek/deepseek-v4-flash-20260423","provider":"GMICloud","choices":[{"index":0,"delta":{"content":"元件","role":"assistant"},"finish_reason":null,"native_finish_reason":null}]}


PARSED: {"id":"gen-1782908033-5hL5OHK26tyK4QQsIA23","object":"chat.completion.chunk","created":1782908033,"model":"deepseek/deepseek-v4-flash-20260423","provider":"GMICloud","choices":[{"index":0,"delta":{"content":"元件","role":"assistant"},"finish_reason":null,"native_finish_reason":null}]}
--- CHUNK 1782908038355 bytes=291 ---
data: {"id":"gen-1782908033-5hL5OHK26tyK4QQsIA23","object":"chat.completion.chunk","created":1782908033,"model":"deepseek/deepseek-v4-flash-20260423","provider":"GMICloud","choices":[{"index":0,"delta":{"content":" |","role":"assistant"},"finish_reason":null,"native_finish_reason":null}]}


PARSED: {"id":"gen-1782908033-5hL5OHK26tyK4QQsIA23","object":"chat.completion.chunk","created":1782908033,"model":"deepseek/deepseek-v4-flash-20260423","provider":"GMICloud","choices":[{"index":0,"delta":{"content":" |","role":"assistant"},"finish_reason":null,"native_finish_reason":null}]}
--- CHUNK 1782908038355 bytes=290 ---
data: {"id":"gen-1782908033-5hL5OHK26tyK4QQsIA23","object":"chat.completion.chunk","created":1782908033,"model":"deepseek/deepseek-v4-flash-20260423","provider":"GMICloud","choices":[{"index":0,"delta":{"content":" ","role":"assistant"},"finish_reason":null,"native_finish_reason":null}]}


PARSED: {"id":"gen-1782908033-5hL5OHK26tyK4QQsIA23","object":"chat.completion.chunk","created":1782908033,"model":"deepseek/deepseek-v4-flash-20260423","provider":"GMICloud","choices":[{"index":0,"delta":{"content":" ","role":"assistant"},"finish_reason":null,"native_finish_reason":null}]}
--- CHUNK 1782908038356 bytes=295 ---
data: {"id":"gen-1782908033-5hL5OHK26tyK4QQsIA23","object":"chat.completion.chunk","created":1782908033,"model":"deepseek/deepseek-v4-flash-20260423","provider":"GMICloud","choices":[{"index":0,"delta":{"content":"功能","role":"assistant"},"finish_reason":null,"native_finish_reason":null}]}


PARSED: {"id":"gen-1782908033-5hL5OHK26tyK4QQsIA23","object":"chat.completion.chunk","created":1782908033,"model":"deepseek/deepseek-v4-flash-20260423","provider":"GMICloud","choices":[{"index":0,"delta":{"content":"功能","role":"assistant"},"finish_reason":null,"native_finish_reason":null}]}
--- CHUNK 1782908038372 bytes=293 ---
data: {"id":"gen-1782908033-5hL5OHK26tyK4QQsIA23","object":"chat.completion.chunk","created":1782908033,"model":"deepseek/deepseek-v4-flash-20260423","provider":"GMICloud","choices":[{"index":0,"delta":{"content":" |\n","role":"assistant"},"finish_reason":null,"native_finish_reason":null}]}


PARSED: {"id":"gen-1782908033-5hL5OHK26tyK4QQsIA23","object":"chat.completion.chunk","created":1782908033,"model":"deepseek/deepseek-v4-flash-20260423","provider":"GMICloud","choices":[{"index":0,"delta":{"content":" |\n","role":"assistant"},"finish_reason":null,"native_finish_reason":null}]}
--- CHUNK 1782908038378 bytes=297 ---
data: {"id":"gen-1782908033-5hL5OHK26tyK4QQsIA23","object":"chat.completion.chunk","created":1782908033,"model":"deepseek/deepseek-v4-flash-20260423","provider":"GMICloud","choices":[{"index":0,"delta":{"content":"|---|---","role":"assistant"},"finish_reason":null,"native_finish_reason":null}]}


PARSED: {"id":"gen-1782908033-5hL5OHK26tyK4QQsIA23","object":"chat.completion.chunk","created":1782908033,"model":"deepseek/deepseek-v4-flash-20260423","provider":"GMICloud","choices":[{"index":0,"delta":{"content":"|---|---","role":"assistant"},"finish_reason":null,"native_finish_reason":null}]}
--- CHUNK 1782908038378 bytes=293 ---
data: {"id":"gen-1782908033-5hL5OHK26tyK4QQsIA23","object":"chat.completion.chunk","created":1782908033,"model":"deepseek/deepseek-v4-flash-20260423","provider":"GMICloud","choices":[{"index":0,"delta":{"content":"|---","role":"assistant"},"finish_reason":null,"native_finish_reason":null}]}


PARSED: {"id":"gen-1782908033-5hL5OHK26tyK4QQsIA23","object":"chat.completion.chunk","created":1782908033,"model":"deepseek/deepseek-v4-flash-20260423","provider":"GMICloud","choices":[{"index":0,"delta":{"content":"|---","role":"assistant"},"finish_reason":null,"native_finish_reason":null}]}
--- CHUNK 1782908038378 bytes=292 ---
data: {"id":"gen-1782908033-5hL5OHK26tyK4QQsIA23","object":"chat.completion.chunk","created":1782908033,"model":"deepseek/deepseek-v4-flash-20260423","provider":"GMICloud","choices":[{"index":0,"delta":{"content":"|\n","role":"assistant"},"finish_reason":null,"native_finish_reason":null}]}


PARSED: {"id":"gen-1782908033-5hL5OHK26tyK4QQsIA23","object":"chat.completion.chunk","created":1782908033,"model":"deepseek/deepseek-v4-flash-20260423","provider":"GMICloud","choices":[{"index":0,"delta":{"content":"|\n","role":"assistant"},"finish_reason":null,"native_finish_reason":null}]}
--- CHUNK 1782908038379 bytes=290 ---
data: {"id":"gen-1782908033-5hL5OHK26tyK4QQsIA23","object":"chat.completion.chunk","created":1782908033,"model":"deepseek/deepseek-v4-flash-20260423","provider":"GMICloud","choices":[{"index":0,"delta":{"content":"|","role":"assistant"},"finish_reason":null,"native_finish_reason":null}]}


PARSED: {"id":"gen-1782908033-5hL5OHK26tyK4QQsIA23","object":"chat.completion.chunk","created":1782908033,"model":"deepseek/deepseek-v4-flash-20260423","provider":"GMICloud","choices":[{"index":0,"delta":{"content":"|","role":"assistant"},"finish_reason":null,"native_finish_reason":null}]}
--- CHUNK 1782908038380 bytes=292 ---
data: {"id":"gen-1782908033-5hL5OHK26tyK4QQsIA23","object":"chat.completion.chunk","created":1782908033,"model":"deepseek/deepseek-v4-flash-20260423","provider":"GMICloud","choices":[{"index":0,"delta":{"content":" **","role":"assistant"},"finish_reason":null,"native_finish_reason":null}]}


PARSED: {"id":"gen-1782908033-5hL5OHK26tyK4QQsIA23","object":"chat.completion.chunk","created":1782908033,"model":"deepseek/deepseek-v4-flash-20260423","provider":"GMICloud","choices":[{"index":0,"delta":{"content":" **","role":"assistant"},"finish_reason":null,"native_finish_reason":null}]}
--- CHUNK 1782908038472 bytes=290 ---
data: {"id":"gen-1782908033-5hL5OHK26tyK4QQsIA23","object":"chat.completion.chunk","created":1782908033,"model":"deepseek/deepseek-v4-flash-20260423","provider":"GMICloud","choices":[{"index":0,"delta":{"content":"1","role":"assistant"},"finish_reason":null,"native_finish_reason":null}]}


PARSED: {"id":"gen-1782908033-5hL5OHK26tyK4QQsIA23","object":"chat.completion.chunk","created":1782908033,"model":"deepseek/deepseek-v4-flash-20260423","provider":"GMICloud","choices":[{"index":0,"delta":{"content":"1","role":"assistant"},"finish_reason":null,"native_finish_reason":null}]}
--- CHUNK 1782908038494 bytes=290 ---
data: {"id":"gen-1782908033-5hL5OHK26tyK4QQsIA23","object":"chat.completion.chunk","created":1782908033,"model":"deepseek/deepseek-v4-flash-20260423","provider":"GMICloud","choices":[{"index":0,"delta":{"content":".","role":"assistant"},"finish_reason":null,"native_finish_reason":null}]}


PARSED: {"id":"gen-1782908033-5hL5OHK26tyK4QQsIA23","object":"chat.completion.chunk","created":1782908033,"model":"deepseek/deepseek-v4-flash-20260423","provider":"GMICloud","choices":[{"index":0,"delta":{"content":".","role":"assistant"},"finish_reason":null,"native_finish_reason":null}]}
--- CHUNK 1782908038494 bytes=290 ---
data: {"id":"gen-1782908033-5hL5OHK26tyK4QQsIA23","object":"chat.completion.chunk","created":1782908033,"model":"deepseek/deepseek-v4-flash-20260423","provider":"GMICloud","choices":[{"index":0,"delta":{"content":" ","role":"assistant"},"finish_reason":null,"native_finish_reason":null}]}


PARSED: {"id":"gen-1782908033-5hL5OHK26tyK4QQsIA23","object":"chat.completion.chunk","created":1782908033,"model":"deepseek/deepseek-v4-flash-20260423","provider":"GMICloud","choices":[{"index":0,"delta":{"content":" ","role":"assistant"},"finish_reason":null,"native_finish_reason":null}]}
--- CHUNK 1782908038495 bytes=292 ---
data: {"id":"gen-1782908033-5hL5OHK26tyK4QQsIA23","object":"chat.completion.chunk","created":1782908033,"model":"deepseek/deepseek-v4-flash-20260423","provider":"GMICloud","choices":[{"index":0,"delta":{"content":"沙","role":"assistant"},"finish_reason":null,"native_finish_reason":null}]}


PARSED: {"id":"gen-1782908033-5hL5OHK26tyK4QQsIA23","object":"chat.completion.chunk","created":1782908033,"model":"deepseek/deepseek-v4-flash-20260423","provider":"GMICloud","choices":[{"index":0,"delta":{"content":"沙","role":"assistant"},"finish_reason":null,"native_finish_reason":null}]}
--- CHUNK 1782908038495 bytes=292 ---
data: {"id":"gen-1782908033-5hL5OHK26tyK4QQsIA23","object":"chat.completion.chunk","created":1782908033,"model":"deepseek/deepseek-v4-flash-20260423","provider":"GMICloud","choices":[{"index":0,"delta":{"content":"箱","role":"assistant"},"finish_reason":null,"native_finish_reason":null}]}


PARSED: {"id":"gen-1782908033-5hL5OHK26tyK4QQsIA23","object":"chat.completion.chunk","created":1782908033,"model":"deepseek/deepseek-v4-flash-20260423","provider":"GMICloud","choices":[{"index":0,"delta":{"content":"箱","role":"assistant"},"finish_reason":null,"native_finish_reason":null}]}
--- CHUNK 1782908038495 bytes=292 ---
data: {"id":"gen-1782908033-5hL5OHK26tyK4QQsIA23","object":"chat.completion.chunk","created":1782908033,"model":"deepseek/deepseek-v4-flash-20260423","provider":"GMICloud","choices":[{"index":0,"delta":{"content":"隔","role":"assistant"},"finish_reason":null,"native_finish_reason":null}]}


PARSED: {"id":"gen-1782908033-5hL5OHK26tyK4QQsIA23","object":"chat.completion.chunk","created":1782908033,"model":"deepseek/deepseek-v4-flash-20260423","provider":"GMICloud","choices":[{"index":0,"delta":{"content":"隔","role":"assistant"},"finish_reason":null,"native_finish_reason":null}]}
--- CHUNK 1782908038501 bytes=292 ---
data: {"id":"gen-1782908033-5hL5OHK26tyK4QQsIA23","object":"chat.completion.chunk","created":1782908033,"model":"deepseek/deepseek-v4-flash-20260423","provider":"GMICloud","choices":[{"index":0,"delta":{"content":"離","role":"assistant"},"finish_reason":null,"native_finish_reason":null}]}


PARSED: {"id":"gen-1782908033-5hL5OHK26tyK4QQsIA23","object":"chat.completion.chunk","created":1782908033,"model":"deepseek/deepseek-v4-flash-20260423","provider":"GMICloud","choices":[{"index":0,"delta":{"content":"離","role":"assistant"},"finish_reason":null,"native_finish_reason":null}]}
--- CHUNK 1782908038501 bytes=291 ---
data: {"id":"gen-1782908033-5hL5OHK26tyK4QQsIA23","object":"chat.completion.chunk","created":1782908033,"model":"deepseek/deepseek-v4-flash-20260423","provider":"GMICloud","choices":[{"index":0,"delta":{"content":"**","role":"assistant"},"finish_reason":null,"native_finish_reason":null}]}


PARSED: {"id":"gen-1782908033-5hL5OHK26tyK4QQsIA23","object":"chat.completion.chunk","created":1782908033,"model":"deepseek/deepseek-v4-flash-20260423","provider":"GMICloud","choices":[{"index":0,"delta":{"content":"**","role":"assistant"},"finish_reason":null,"native_finish_reason":null}]}
--- CHUNK 1782908038502 bytes=291 ---
data: {"id":"gen-1782908033-5hL5OHK26tyK4QQsIA23","object":"chat.completion.chunk","created":1782908033,"model":"deepseek/deepseek-v4-flash-20260423","provider":"GMICloud","choices":[{"index":0,"delta":{"content":" |","role":"assistant"},"finish_reason":null,"native_finish_reason":null}]}


PARSED: {"id":"gen-1782908033-5hL5OHK26tyK4QQsIA23","object":"chat.completion.chunk","created":1782908033,"model":"deepseek/deepseek-v4-flash-20260423","provider":"GMICloud","choices":[{"index":0,"delta":{"content":" |","role":"assistant"},"finish_reason":null,"native_finish_reason":null}]}
--- CHUNK 1782908038502 bytes=296 ---
data: {"id":"gen-1782908033-5hL5OHK26tyK4QQsIA23","object":"chat.completion.chunk","created":1782908033,"model":"deepseek/deepseek-v4-flash-20260423","provider":"GMICloud","choices":[{"index":0,"delta":{"content":" Docker","role":"assistant"},"finish_reason":null,"native_finish_reason":null}]}


PARSED: {"id":"gen-1782908033-5hL5OHK26tyK4QQsIA23","object":"chat.completion.chunk","created":1782908033,"model":"deepseek/deepseek-v4-flash-20260423","provider":"GMICloud","choices":[{"index":0,"delta":{"content":" Docker","role":"assistant"},"finish_reason":null,"native_finish_reason":null}]}
--- CHUNK 1782908038515 bytes=299 ---
data: {"id":"gen-1782908033-5hL5OHK26tyK4QQsIA23","object":"chat.completion.chunk","created":1782908033,"model":"deepseek/deepseek-v4-flash-20260423","provider":"GMICloud","choices":[{"index":0,"delta":{"content":" Container","role":"assistant"},"finish_reason":null,"native_finish_reason":null}]}


PARSED: {"id":"gen-1782908033-5hL5OHK26tyK4QQsIA23","object":"chat.completion.chunk","created":1782908033,"model":"deepseek/deepseek-v4-flash-20260423","provider":"GMICloud","choices":[{"index":0,"delta":{"content":" Container","role":"assistant"},"finish_reason":null,"native_finish_reason":null}]}
--- CHUNK 1782908038547 bytes=291 ---
data: {"id":"gen-1782908033-5hL5OHK26tyK4QQsIA23","object":"chat.completion.chunk","created":1782908033,"model":"deepseek/deepseek-v4-flash-20260423","provider":"GMICloud","choices":[{"index":0,"delta":{"content":" |","role":"assistant"},"finish_reason":null,"native_finish_reason":null}]}


PARSED: {"id":"gen-1782908033-5hL5OHK26tyK4QQsIA23","object":"chat.completion.chunk","created":1782908033,"model":"deepseek/deepseek-v4-flash-20260423","provider":"GMICloud","choices":[{"index":0,"delta":{"content":" |","role":"assistant"},"finish_reason":null,"native_finish_reason":null}]}
--- CHUNK 1782908038549 bytes=293 ---
data: {"id":"gen-1782908033-5hL5OHK26tyK4QQsIA23","object":"chat.completion.chunk","created":1782908033,"model":"deepseek/deepseek-v4-flash-20260423","provider":"GMICloud","choices":[{"index":0,"delta":{"content":" CLI","role":"assistant"},"finish_reason":null,"native_finish_reason":null}]}


PARSED: {"id":"gen-1782908033-5hL5OHK26tyK4QQsIA23","object":"chat.completion.chunk","created":1782908033,"model":"deepseek/deepseek-v4-flash-20260423","provider":"GMICloud","choices":[{"index":0,"delta":{"content":" CLI","role":"assistant"},"finish_reason":null,"native_finish_reason":null}]}
--- CHUNK 1782908038549 bytes=290 ---
data: {"id":"gen-1782908033-5hL5OHK26tyK4QQsIA23","object":"chat.completion.chunk","created":1782908033,"model":"deepseek/deepseek-v4-flash-20260423","provider":"GMICloud","choices":[{"index":0,"delta":{"content":" ","role":"assistant"},"finish_reason":null,"native_finish_reason":null}]}


PARSED: {"id":"gen-1782908033-5hL5OHK26tyK4QQsIA23","object":"chat.completion.chunk","created":1782908033,"model":"deepseek/deepseek-v4-flash-20260423","provider":"GMICloud","choices":[{"index":0,"delta":{"content":" ","role":"assistant"},"finish_reason":null,"native_finish_reason":null}]}
--- CHUNK 1782908038572 bytes=298 ---
data: {"id":"gen-1782908033-5hL5OHK26tyK4QQsIA23","object":"chat.completion.chunk","created":1782908033,"model":"deepseek/deepseek-v4-flash-20260423","provider":"GMICloud","choices":[{"index":0,"delta":{"content":"只能在","role":"assistant"},"finish_reason":null,"native_finish_reason":null}]}


PARSED: {"id":"gen-1782908033-5hL5OHK26tyK4QQsIA23","object":"chat.completion.chunk","created":1782908033,"model":"deepseek/deepseek-v4-flash-20260423","provider":"GMICloud","choices":[{"index":0,"delta":{"content":"只能在","role":"assistant"},"finish_reason":null,"native_finish_reason":null}]}
--- CHUNK 1782908038616 bytes=292 ---
data: {"id":"gen-1782908033-5hL5OHK26tyK4QQsIA23","object":"chat.completion.chunk","created":1782908033,"model":"deepseek/deepseek-v4-flash-20260423","provider":"GMICloud","choices":[{"index":0,"delta":{"content":"沙","role":"assistant"},"finish_reason":null,"native_finish_reason":null}]}


PARSED: {"id":"gen-1782908033-5hL5OHK26tyK4QQsIA23","object":"chat.completion.chunk","created":1782908033,"model":"deepseek/deepseek-v4-flash-20260423","provider":"GMICloud","choices":[{"index":0,"delta":{"content":"沙","role":"assistant"},"finish_reason":null,"native_finish_reason":null}]}
--- CHUNK 1782908038616 bytes=584 ---
data: {"id":"gen-1782908033-5hL5OHK26tyK4QQsIA23","object":"chat.completion.chunk","created":1782908033,"model":"deepseek/deepseek-v4-flash-20260423","provider":"GMICloud","choices":[{"index":0,"delta":{"content":"箱","role":"assistant"},"finish_reason":null,"native_finish_reason":null}]}

data: {"id":"gen-1782908033-5hL5OHK26tyK4QQsIA23","object":"chat.completion.chunk","created":1782908033,"model":"deepseek/deepseek-v4-flash-20260423","provider":"GMICloud","choices":[{"index":0,"delta":{"content":"內","role":"assistant"},"finish_reason":null,"native_finish_reason":null}]}


PARSED: {"id":"gen-1782908033-5hL5OHK26tyK4QQsIA23","object":"chat.completion.chunk","created":1782908033,"model":"deepseek/deepseek-v4-flash-20260423","provider":"GMICloud","choices":[{"index":0,"delta":{"content":"箱","role":"assistant"},"finish_reason":null,"native_finish_reason":null}]}
PARSED: {"id":"gen-1782908033-5hL5OHK26tyK4QQsIA23","object":"chat.completion.chunk","created":1782908033,"model":"deepseek/deepseek-v4-flash-20260423","provider":"GMICloud","choices":[{"index":0,"delta":{"content":"內","role":"assistant"},"finish_reason":null,"native_finish_reason":null}]}
--- CHUNK 1782908038638 bytes=292 ---
data: {"id":"gen-1782908033-5hL5OHK26tyK4QQsIA23","object":"chat.completion.chunk","created":1782908033,"model":"deepseek/deepseek-v4-flash-20260423","provider":"GMICloud","choices":[{"index":0,"delta":{"content":"搞","role":"assistant"},"finish_reason":null,"native_finish_reason":null}]}


PARSED: {"id":"gen-1782908033-5hL5OHK26tyK4QQsIA23","object":"chat.completion.chunk","created":1782908033,"model":"deepseek/deepseek-v4-flash-20260423","provider":"GMICloud","choices":[{"index":0,"delta":{"content":"搞","role":"assistant"},"finish_reason":null,"native_finish_reason":null}]}
--- CHUNK 1782908038668 bytes=295 ---
data: {"id":"gen-1782908033-5hL5OHK26tyK4QQsIA23","object":"chat.completion.chunk","created":1782908033,"model":"deepseek/deepseek-v4-flash-20260423","provider":"GMICloud","choices":[{"index":0,"delta":{"content":"破壞","role":"assistant"},"finish_reason":null,"native_finish_reason":null}]}


PARSED: {"id":"gen-1782908033-5hL5OHK26tyK4QQsIA23","object":"chat.completion.chunk","created":1782908033,"model":"deepseek/deepseek-v4-flash-20260423","provider":"GMICloud","choices":[{"index":0,"delta":{"content":"破壞","role":"assistant"},"finish_reason":null,"native_finish_reason":null}]}
--- CHUNK 1782908038675 bytes=292 ---
data: {"id":"gen-1782908033-5hL5OHK26tyK4QQsIA23","object":"chat.completion.chunk","created":1782908033,"model":"deepseek/deepseek-v4-flash-20260423","provider":"GMICloud","choices":[{"index":0,"delta":{"content":"，","role":"assistant"},"finish_reason":null,"native_finish_reason":null}]}


PARSED: {"id":"gen-1782908033-5hL5OHK26tyK4QQsIA23","object":"chat.completion.chunk","created":1782908033,"model":"deepseek/deepseek-v4-flash-20260423","provider":"GMICloud","choices":[{"index":0,"delta":{"content":"，","role":"assistant"},"finish_reason":null,"native_finish_reason":null}]}
--- CHUNK 1782908038675 bytes=292 ---
data: {"id":"gen-1782908033-5hL5OHK26tyK4QQsIA23","object":"chat.completion.chunk","created":1782908033,"model":"deepseek/deepseek-v4-flash-20260423","provider":"GMICloud","choices":[{"index":0,"delta":{"content":"主","role":"assistant"},"finish_reason":null,"native_finish_reason":null}]}


PARSED: {"id":"gen-1782908033-5hL5OHK26tyK4QQsIA23","object":"chat.completion.chunk","created":1782908033,"model":"deepseek/deepseek-v4-flash-20260423","provider":"GMICloud","choices":[{"index":0,"delta":{"content":"主","role":"assistant"},"finish_reason":null,"native_finish_reason":null}]}
--- CHUNK 1782908038702 bytes=292 ---
data: {"id":"gen-1782908033-5hL5OHK26tyK4QQsIA23","object":"chat.completion.chunk","created":1782908033,"model":"deepseek/deepseek-v4-flash-20260423","provider":"GMICloud","choices":[{"index":0,"delta":{"content":"機","role":"assistant"},"finish_reason":null,"native_finish_reason":null}]}


PARSED: {"id":"gen-1782908033-5hL5OHK26tyK4QQsIA23","object":"chat.completion.chunk","created":1782908033,"model":"deepseek/deepseek-v4-flash-20260423","provider":"GMICloud","choices":[{"index":0,"delta":{"content":"機","role":"assistant"},"finish_reason":null,"native_finish_reason":null}]}
--- CHUNK 1782908038706 bytes=295 ---
data: {"id":"gen-1782908033-5hL5OHK26tyK4QQsIA23","object":"chat.completion.chunk","created":1782908033,"model":"deepseek/deepseek-v4-flash-20260423","provider":"GMICloud","choices":[{"index":0,"delta":{"content":"不受","role":"assistant"},"finish_reason":null,"native_finish_reason":null}]}


PARSED: {"id":"gen-1782908033-5hL5OHK26tyK4QQsIA23","object":"chat.completion.chunk","created":1782908033,"model":"deepseek/deepseek-v4-flash-20260423","provider":"GMICloud","choices":[{"index":0,"delta":{"content":"不受","role":"assistant"},"finish_reason":null,"native_finish_reason":null}]}
--- CHUNK 1782908038725 bytes=295 ---
data: {"id":"gen-1782908033-5hL5OHK26tyK4QQsIA23","object":"chat.completion.chunk","created":1782908033,"model":"deepseek/deepseek-v4-flash-20260423","provider":"GMICloud","choices":[{"index":0,"delta":{"content":"影響","role":"assistant"},"finish_reason":null,"native_finish_reason":null}]}


PARSED: {"id":"gen-1782908033-5hL5OHK26tyK4QQsIA23","object":"chat.completion.chunk","created":1782908033,"model":"deepseek/deepseek-v4-flash-20260423","provider":"GMICloud","choices":[{"index":0,"delta":{"content":"影響","role":"assistant"},"finish_reason":null,"native_finish_reason":null}]}
--- CHUNK 1782908038728 bytes=293 ---
data: {"id":"gen-1782908033-5hL5OHK26tyK4QQsIA23","object":"chat.completion.chunk","created":1782908033,"model":"deepseek/deepseek-v4-flash-20260423","provider":"GMICloud","choices":[{"index":0,"delta":{"content":" |\n","role":"assistant"},"finish_reason":null,"native_finish_reason":null}]}


PARSED: {"id":"gen-1782908033-5hL5OHK26tyK4QQsIA23","object":"chat.completion.chunk","created":1782908033,"model":"deepseek/deepseek-v4-flash-20260423","provider":"GMICloud","choices":[{"index":0,"delta":{"content":" |\n","role":"assistant"},"finish_reason":null,"native_finish_reason":null}]}
--- CHUNK 1782908038737 bytes=290 ---
data: {"id":"gen-1782908033-5hL5OHK26tyK4QQsIA23","object":"chat.completion.chunk","created":1782908033,"model":"deepseek/deepseek-v4-flash-20260423","provider":"GMICloud","choices":[{"index":0,"delta":{"content":"|","role":"assistant"},"finish_reason":null,"native_finish_reason":null}]}


PARSED: {"id":"gen-1782908033-5hL5OHK26tyK4QQsIA23","object":"chat.completion.chunk","created":1782908033,"model":"deepseek/deepseek-v4-flash-20260423","provider":"GMICloud","choices":[{"index":0,"delta":{"content":"|","role":"assistant"},"finish_reason":null,"native_finish_reason":null}]}
--- CHUNK 1782908038737 bytes=292 ---
data: {"id":"gen-1782908033-5hL5OHK26tyK4QQsIA23","object":"chat.completion.chunk","created":1782908033,"model":"deepseek/deepseek-v4-flash-20260423","provider":"GMICloud","choices":[{"index":0,"delta":{"content":" **","role":"assistant"},"finish_reason":null,"native_finish_reason":null}]}


PARSED: {"id":"gen-1782908033-5hL5OHK26tyK4QQsIA23","object":"chat.completion.chunk","created":1782908033,"model":"deepseek/deepseek-v4-flash-20260423","provider":"GMICloud","choices":[{"index":0,"delta":{"content":" **","role":"assistant"},"finish_reason":null,"native_finish_reason":null}]}
--- CHUNK 1782908038737 bytes=290 ---
data: {"id":"gen-1782908033-5hL5OHK26tyK4QQsIA23","object":"chat.completion.chunk","created":1782908033,"model":"deepseek/deepseek-v4-flash-20260423","provider":"GMICloud","choices":[{"index":0,"delta":{"content":"2","role":"assistant"},"finish_reason":null,"native_finish_reason":null}]}


PARSED: {"id":"gen-1782908033-5hL5OHK26tyK4QQsIA23","object":"chat.completion.chunk","created":1782908033,"model":"deepseek/deepseek-v4-flash-20260423","provider":"GMICloud","choices":[{"index":0,"delta":{"content":"2","role":"assistant"},"finish_reason":null,"native_finish_reason":null}]}
--- CHUNK 1782908038737 bytes=290 ---
data: {"id":"gen-1782908033-5hL5OHK26tyK4QQsIA23","object":"chat.completion.chunk","created":1782908033,"model":"deepseek/deepseek-v4-flash-20260423","provider":"GMICloud","choices":[{"index":0,"delta":{"content":".","role":"assistant"},"finish_reason":null,"native_finish_reason":null}]}


PARSED: {"id":"gen-1782908033-5hL5OHK26tyK4QQsIA23","object":"chat.completion.chunk","created":1782908033,"model":"deepseek/deepseek-v4-flash-20260423","provider":"GMICloud","choices":[{"index":0,"delta":{"content":".","role":"assistant"},"finish_reason":null,"native_finish_reason":null}]}
--- CHUNK 1782908038759 bytes=296 ---
data: {"id":"gen-1782908033-5hL5OHK26tyK4QQsIA23","object":"chat.completion.chunk","created":1782908033,"model":"deepseek/deepseek-v4-flash-20260423","provider":"GMICloud","choices":[{"index":0,"delta":{"content":" Bridge","role":"assistant"},"finish_reason":null,"native_finish_reason":null}]}


PARSED: {"id":"gen-1782908033-5hL5OHK26tyK4QQsIA23","object":"chat.completion.chunk","created":1782908033,"model":"deepseek/deepseek-v4-flash-20260423","provider":"GMICloud","choices":[{"index":0,"delta":{"content":" Bridge","role":"assistant"},"finish_reason":null,"native_finish_reason":null}]}
--- CHUNK 1782908038761 bytes=290 ---
data: {"id":"gen-1782908033-5hL5OHK26tyK4QQsIA23","object":"chat.completion.chunk","created":1782908033,"model":"deepseek/deepseek-v4-flash-20260423","provider":"GMICloud","choices":[{"index":0,"delta":{"content":" ","role":"assistant"},"finish_reason":null,"native_finish_reason":null}]}


PARSED: {"id":"gen-1782908033-5hL5OHK26tyK4QQsIA23","object":"chat.completion.chunk","created":1782908033,"model":"deepseek/deepseek-v4-flash-20260423","provider":"GMICloud","choices":[{"index":0,"delta":{"content":" ","role":"assistant"},"finish_reason":null,"native_finish_reason":null}]}
--- CHUNK 1782908038805 bytes=292 ---
data: {"id":"gen-1782908033-5hL5OHK26tyK4QQsIA23","object":"chat.completion.chunk","created":1782908033,"model":"deepseek/deepseek-v4-flash-20260423","provider":"GMICloud","choices":[{"index":0,"delta":{"content":"閘","role":"assistant"},"finish_reason":null,"native_finish_reason":null}]}


PARSED: {"id":"gen-1782908033-5hL5OHK26tyK4QQsIA23","object":"chat.completion.chunk","created":1782908033,"model":"deepseek/deepseek-v4-flash-20260423","provider":"GMICloud","choices":[{"index":0,"delta":{"content":"閘","role":"assistant"},"finish_reason":null,"native_finish_reason":null}]}
--- CHUNK 1782908038811 bytes=292 ---
data: {"id":"gen-1782908033-5hL5OHK26tyK4QQsIA23","object":"chat.completion.chunk","created":1782908033,"model":"deepseek/deepseek-v4-flash-20260423","provider":"GMICloud","choices":[{"index":0,"delta":{"content":"道","role":"assistant"},"finish_reason":null,"native_finish_reason":null}]}


PARSED: {"id":"gen-1782908033-5hL5OHK26tyK4QQsIA23","object":"chat.completion.chunk","created":1782908033,"model":"deepseek/deepseek-v4-flash-20260423","provider":"GMICloud","choices":[{"index":0,"delta":{"content":"道","role":"assistant"},"finish_reason":null,"native_finish_reason":null}]}
--- CHUNK 1782908038811 bytes=291 ---
data: {"id":"gen-1782908033-5hL5OHK26tyK4QQsIA23","object":"chat.completion.chunk","created":1782908033,"model":"deepseek/deepseek-v4-flash-20260423","provider":"GMICloud","choices":[{"index":0,"delta":{"content":"**","role":"assistant"},"finish_reason":null,"native_finish_reason":null}]}


PARSED: {"id":"gen-1782908033-5hL5OHK26tyK4QQsIA23","object":"chat.completion.chunk","created":1782908033,"model":"deepseek/deepseek-v4-flash-20260423","provider":"GMICloud","choices":[{"index":0,"delta":{"content":"**","role":"assistant"},"finish_reason":null,"native_finish_reason":null}]}
--- CHUNK 1782908038818 bytes=291 ---
data: {"id":"gen-1782908033-5hL5OHK26tyK4QQsIA23","object":"chat.completion.chunk","created":1782908033,"model":"deepseek/deepseek-v4-flash-20260423","provider":"GMICloud","choices":[{"index":0,"delta":{"content":" |","role":"assistant"},"finish_reason":null,"native_finish_reason":null}]}


PARSED: {"id":"gen-1782908033-5hL5OHK26tyK4QQsIA23","object":"chat.completion.chunk","created":1782908033,"model":"deepseek/deepseek-v4-flash-20260423","provider":"GMICloud","choices":[{"index":0,"delta":{"content":" |","role":"assistant"},"finish_reason":null,"native_finish_reason":null}]}
--- CHUNK 1782908038818 bytes=292 ---
data: {"id":"gen-1782908033-5hL5OHK26tyK4QQsIA23","object":"chat.completion.chunk","created":1782908033,"model":"deepseek/deepseek-v4-flash-20260423","provider":"GMICloud","choices":[{"index":0,"delta":{"content":" pa","role":"assistant"},"finish_reason":null,"native_finish_reason":null}]}


PARSED: {"id":"gen-1782908033-5hL5OHK26tyK4QQsIA23","object":"chat.completion.chunk","created":1782908033,"model":"deepseek/deepseek-v4-flash-20260423","provider":"GMICloud","choices":[{"index":0,"delta":{"content":" pa","role":"assistant"},"finish_reason":null,"native_finish_reason":null}]}
--- CHUNK 1782908038859 bytes=291 ---
data: {"id":"gen-1782908033-5hL5OHK26tyK4QQsIA23","object":"chat.completion.chunk","created":1782908033,"model":"deepseek/deepseek-v4-flash-20260423","provider":"GMICloud","choices":[{"index":0,"delta":{"content":"aw","role":"assistant"},"finish_reason":null,"native_finish_reason":null}]}


PARSED: {"id":"gen-1782908033-5hL5OHK26tyK4QQsIA23","object":"chat.completion.chunk","created":1782908033,"model":"deepseek/deepseek-v4-flash-20260423","provider":"GMICloud","choices":[{"index":0,"delta":{"content":"aw","role":"assistant"},"finish_reason":null,"native_finish_reason":null}]}
--- CHUNK 1782908038881 bytes=585 ---
data: {"id":"gen-1782908033-5hL5OHK26tyK4QQsIA23","object":"chat.completion.chunk","created":1782908033,"model":"deepseek/deepseek-v4-flash-20260423","provider":"GMICloud","choices":[{"index":0,"delta":{"content":"-b","role":"assistant"},"finish_reason":null,"native_finish_reason":null}]}

data: {"id":"gen-1782908033-5hL5OHK26tyK4QQsIA23","object":"chat.completion.chunk","created":1782908033,"model":"deepseek/deepseek-v4-flash-20260423","provider":"GMICloud","choices":[{"index":0,"delta":{"content":"ridge","role":"assistant"},"finish_reason":null,"native_finish_reason":null}]}


PARSED: {"id":"gen-1782908033-5hL5OHK26tyK4QQsIA23","object":"chat.completion.chunk","created":1782908033,"model":"deepseek/deepseek-v4-flash-20260423","provider":"GMICloud","choices":[{"index":0,"delta":{"content":"-b","role":"assistant"},"finish_reason":null,"native_finish_reason":null}]}
PARSED: {"id":"gen-1782908033-5hL5OHK26tyK4QQsIA23","object":"chat.completion.chunk","created":1782908033,"model":"deepseek/deepseek-v4-flash-20260423","provider":"GMICloud","choices":[{"index":0,"delta":{"content":"ridge","role":"assistant"},"finish_reason":null,"native_finish_reason":null}]}
--- CHUNK 1782908038881 bytes=292 ---
data: {"id":"gen-1782908033-5hL5OHK26tyK4QQsIA23","object":"chat.completion.chunk","created":1782908033,"model":"deepseek/deepseek-v4-flash-20260423","provider":"GMICloud","choices":[{"index":0,"delta":{"content":" (:","role":"assistant"},"finish_reason":null,"native_finish_reason":null}]}


PARSED: {"id":"gen-1782908033-5hL5OHK26tyK4QQsIA23","object":"chat.completion.chunk","created":1782908033,"model":"deepseek/deepseek-v4-flash-20260423","provider":"GMICloud","choices":[{"index":0,"delta":{"content":" (:","role":"assistant"},"finish_reason":null,"native_finish_reason":null}]}
--- CHUNK 1782908038885 bytes=292 ---
data: {"id":"gen-1782908033-5hL5OHK26tyK4QQsIA23","object":"chat.completion.chunk","created":1782908033,"model":"deepseek/deepseek-v4-flash-20260423","provider":"GMICloud","choices":[{"index":0,"delta":{"content":"410","role":"assistant"},"finish_reason":null,"native_finish_reason":null}]}


PARSED: {"id":"gen-1782908033-5hL5OHK26tyK4QQsIA23","object":"chat.completion.chunk","created":1782908033,"model":"deepseek/deepseek-v4-flash-20260423","provider":"GMICloud","choices":[{"index":0,"delta":{"content":"410","role":"assistant"},"finish_reason":null,"native_finish_reason":null}]}
--- CHUNK 1782908038885 bytes=290 ---
data: {"id":"gen-1782908033-5hL5OHK26tyK4QQsIA23","object":"chat.completion.chunk","created":1782908033,"model":"deepseek/deepseek-v4-flash-20260423","provider":"GMICloud","choices":[{"index":0,"delta":{"content":"0","role":"assistant"},"finish_reason":null,"native_finish_reason":null}]}


PARSED: {"id":"gen-1782908033-5hL5OHK26tyK4QQsIA23","object":"chat.completion.chunk","created":1782908033,"model":"deepseek/deepseek-v4-flash-20260423","provider":"GMICloud","choices":[{"index":0,"delta":{"content":"0","role":"assistant"},"finish_reason":null,"native_finish_reason":null}]}
--- CHUNK 1782908038885 bytes=290 ---
data: {"id":"gen-1782908033-5hL5OHK26tyK4QQsIA23","object":"chat.completion.chunk","created":1782908033,"model":"deepseek/deepseek-v4-flash-20260423","provider":"GMICloud","choices":[{"index":0,"delta":{"content":")","role":"assistant"},"finish_reason":null,"native_finish_reason":null}]}


PARSED: {"id":"gen-1782908033-5hL5OHK26tyK4QQsIA23","object":"chat.completion.chunk","created":1782908033,"model":"deepseek/deepseek-v4-flash-20260423","provider":"GMICloud","choices":[{"index":0,"delta":{"content":")","role":"assistant"},"finish_reason":null,"native_finish_reason":null}]}
--- CHUNK 1782908038885 bytes=291 ---
data: {"id":"gen-1782908033-5hL5OHK26tyK4QQsIA23","object":"chat.completion.chunk","created":1782908033,"model":"deepseek/deepseek-v4-flash-20260423","provider":"GMICloud","choices":[{"index":0,"delta":{"content":" |","role":"assistant"},"finish_reason":null,"native_finish_reason":null}]}


PARSED: {"id":"gen-1782908033-5hL5OHK26tyK4QQsIA23","object":"chat.completion.chunk","created":1782908033,"model":"deepseek/deepseek-v4-flash-20260423","provider":"GMICloud","choices":[{"index":0,"delta":{"content":" |","role":"assistant"},"finish_reason":null,"native_finish_reason":null}]}
--- CHUNK 1782908038885 bytes=293 ---
data: {"id":"gen-1782908033-5hL5OHK26tyK4QQsIA23","object":"chat.completion.chunk","created":1782908033,"model":"deepseek/deepseek-v4-flash-20260423","provider":"GMICloud","choices":[{"index":0,"delta":{"content":" API","role":"assistant"},"finish_reason":null,"native_finish_reason":null}]}


PARSED: {"id":"gen-1782908033-5hL5OHK26tyK4QQsIA23","object":"chat.completion.chunk","created":1782908033,"model":"deepseek/deepseek-v4-flash-20260423","provider":"GMICloud","choices":[{"index":0,"delta":{"content":" API","role":"assistant"},"finish_reason":null,"native_finish_reason":null}]}
--- CHUNK 1782908038885 bytes=294 ---
data: {"id":"gen-1782908033-5hL5OHK26tyK4QQsIA23","object":"chat.completion.chunk","created":1782908033,"model":"deepseek/deepseek-v4-flash-20260423","provider":"GMICloud","choices":[{"index":0,"delta":{"content":" Keys","role":"assistant"},"finish_reason":null,"native_finish_reason":null}]}


PARSED: {"id":"gen-1782908033-5hL5OHK26tyK4QQsIA23","object":"chat.completion.chunk","created":1782908033,"model":"deepseek/deepseek-v4-flash-20260423","provider":"GMICloud","choices":[{"index":0,"delta":{"content":" Keys","role":"assistant"},"finish_reason":null,"native_finish_reason":null}]}
--- CHUNK 1782908038886 bytes=290 ---
data: {"id":"gen-1782908033-5hL5OHK26tyK4QQsIA23","object":"chat.completion.chunk","created":1782908033,"model":"deepseek/deepseek-v4-flash-20260423","provider":"GMICloud","choices":[{"index":0,"delta":{"content":" ","role":"assistant"},"finish_reason":null,"native_finish_reason":null}]}


PARSED: {"id":"gen-1782908033-5hL5OHK26tyK4QQsIA23","object":"chat.completion.chunk","created":1782908033,"model":"deepseek/deepseek-v4-flash-20260423","provider":"GMICloud","choices":[{"index":0,"delta":{"content":" ","role":"assistant"},"finish_reason":null,"native_finish_reason":null}]}
--- CHUNK 1782908038886 bytes=295 ---
data: {"id":"gen-1782908033-5hL5OHK26tyK4QQsIA23","object":"chat.completion.chunk","created":1782908033,"model":"deepseek/deepseek-v4-flash-20260423","provider":"GMICloud","choices":[{"index":0,"delta":{"content":"永不","role":"assistant"},"finish_reason":null,"native_finish_reason":null}]}


PARSED: {"id":"gen-1782908033-5hL5OHK26tyK4QQsIA23","object":"chat.completion.chunk","created":1782908033,"model":"deepseek/deepseek-v4-flash-20260423","provider":"GMICloud","choices":[{"index":0,"delta":{"content":"永不","role":"assistant"},"finish_reason":null,"native_finish_reason":null}]}
--- CHUNK 1782908038914 bytes=292 ---
data: {"id":"gen-1782908033-5hL5OHK26tyK4QQsIA23","object":"chat.completion.chunk","created":1782908033,"model":"deepseek/deepseek-v4-flash-20260423","provider":"GMICloud","choices":[{"index":0,"delta":{"content":"進","role":"assistant"},"finish_reason":null,"native_finish_reason":null}]}


PARSED: {"id":"gen-1782908033-5hL5OHK26tyK4QQsIA23","object":"chat.completion.chunk","created":1782908033,"model":"deepseek/deepseek-v4-flash-20260423","provider":"GMICloud","choices":[{"index":0,"delta":{"content":"進","role":"assistant"},"finish_reason":null,"native_finish_reason":null}]}
--- CHUNK 1782908038920 bytes=584 ---
data: {"id":"gen-1782908033-5hL5OHK26tyK4QQsIA23","object":"chat.completion.chunk","created":1782908033,"model":"deepseek/deepseek-v4-flash-20260423","provider":"GMICloud","choices":[{"index":0,"delta":{"content":"沙","role":"assistant"},"finish_reason":null,"native_finish_reason":null}]}

data: {"id":"gen-1782908033-5hL5OHK26tyK4QQsIA23","object":"chat.completion.chunk","created":1782908033,"model":"deepseek/deepseek-v4-flash-20260423","provider":"GMICloud","choices":[{"index":0,"delta":{"content":"箱","role":"assistant"},"finish_reason":null,"native_finish_reason":null}]}


PARSED: {"id":"gen-1782908033-5hL5OHK26tyK4QQsIA23","object":"chat.completion.chunk","created":1782908033,"model":"deepseek/deepseek-v4-flash-20260423","provider":"GMICloud","choices":[{"index":0,"delta":{"content":"沙","role":"assistant"},"finish_reason":null,"native_finish_reason":null}]}
PARSED: {"id":"gen-1782908033-5hL5OHK26tyK4QQsIA23","object":"chat.completion.chunk","created":1782908033,"model":"deepseek/deepseek-v4-flash-20260423","provider":"GMICloud","choices":[{"index":0,"delta":{"content":"箱","role":"assistant"},"finish_reason":null,"native_finish_reason":null}]}
--- CHUNK 1782908038921 bytes=292 ---
data: {"id":"gen-1782908033-5hL5OHK26tyK4QQsIA23","object":"chat.completion.chunk","created":1782908033,"model":"deepseek/deepseek-v4-flash-20260423","provider":"GMICloud","choices":[{"index":0,"delta":{"content":"、","role":"assistant"},"finish_reason":null,"native_finish_reason":null}]}


PARSED: {"id":"gen-1782908033-5hL5OHK26tyK4QQsIA23","object":"chat.completion.chunk","created":1782908033,"model":"deepseek/deepseek-v4-flash-20260423","provider":"GMICloud","choices":[{"index":0,"delta":{"content":"、","role":"assistant"},"finish_reason":null,"native_finish_reason":null}]}
--- CHUNK 1782908038922 bytes=292 ---
data: {"id":"gen-1782908033-5hL5OHK26tyK4QQsIA23","object":"chat.completion.chunk","created":1782908033,"model":"deepseek/deepseek-v4-flash-20260423","provider":"GMICloud","choices":[{"index":0,"delta":{"content":"備","role":"assistant"},"finish_reason":null,"native_finish_reason":null}]}


PARSED: {"id":"gen-1782908033-5hL5OHK26tyK4QQsIA23","object":"chat.completion.chunk","created":1782908033,"model":"deepseek/deepseek-v4-flash-20260423","provider":"GMICloud","choices":[{"index":0,"delta":{"content":"備","role":"assistant"},"finish_reason":null,"native_finish_reason":null}]}
--- CHUNK 1782908038971 bytes=292 ---
data: {"id":"gen-1782908033-5hL5OHK26tyK4QQsIA23","object":"chat.completion.chunk","created":1782908033,"model":"deepseek/deepseek-v4-flash-20260423","provider":"GMICloud","choices":[{"index":0,"delta":{"content":"份","role":"assistant"},"finish_reason":null,"native_finish_reason":null}]}


PARSED: {"id":"gen-1782908033-5hL5OHK26tyK4QQsIA23","object":"chat.completion.chunk","created":1782908033,"model":"deepseek/deepseek-v4-flash-20260423","provider":"GMICloud","choices":[{"index":0,"delta":{"content":"份","role":"assistant"},"finish_reason":null,"native_finish_reason":null}]}
--- CHUNK 1782908038980 bytes=292 ---
data: {"id":"gen-1782908033-5hL5OHK26tyK4QQsIA23","object":"chat.completion.chunk","created":1782908033,"model":"deepseek/deepseek-v4-flash-20260423","provider":"GMICloud","choices":[{"index":0,"delta":{"content":"定","role":"assistant"},"finish_reason":null,"native_finish_reason":null}]}


PARSED: {"id":"gen-1782908033-5hL5OHK26tyK4QQsIA23","object":"chat.completion.chunk","created":1782908033,"model":"deepseek/deepseek-v4-flash-20260423","provider":"GMICloud","choices":[{"index":0,"delta":{"content":"定","role":"assistant"},"finish_reason":null,"native_finish_reason":null}]}
--- CHUNK 1782908039145 bytes=292 ---
data: {"id":"gen-1782908033-5hL5OHK26tyK4QQsIA23","object":"chat.completion.chunk","created":1782908033,"model":"deepseek/deepseek-v4-flash-20260423","provider":"GMICloud","choices":[{"index":0,"delta":{"content":"時","role":"assistant"},"finish_reason":null,"native_finish_reason":null}]}


PARSED: {"id":"gen-1782908033-5hL5OHK26tyK4QQsIA23","object":"chat.completion.chunk","created":1782908033,"model":"deepseek/deepseek-v4-flash-20260423","provider":"GMICloud","choices":[{"index":0,"delta":{"content":"時","role":"assistant"},"finish_reason":null,"native_finish_reason":null}]}
--- CHUNK 1782908039147 bytes=295 ---
data: {"id":"gen-1782908033-5hL5OHK26tyK4QQsIA23","object":"chat.completion.chunk","created":1782908033,"model":"deepseek/deepseek-v4-flash-20260423","provider":"GMICloud","choices":[{"index":0,"delta":{"content":"自動","role":"assistant"},"finish_reason":null,"native_finish_reason":null}]}


PARSED: {"id":"gen-1782908033-5hL5OHK26tyK4QQsIA23","object":"chat.completion.chunk","created":1782908033,"model":"deepseek/deepseek-v4-flash-20260423","provider":"GMICloud","choices":[{"index":0,"delta":{"content":"自動","role":"assistant"},"finish_reason":null,"native_finish_reason":null}]}
--- CHUNK 1782908039158 bytes=292 ---
data: {"id":"gen-1782908033-5hL5OHK26tyK4QQsIA23","object":"chat.completion.chunk","created":1782908033,"model":"deepseek/deepseek-v4-flash-20260423","provider":"GMICloud","choices":[{"index":0,"delta":{"content":"做","role":"assistant"},"finish_reason":null,"native_finish_reason":null}]}


PARSED: {"id":"gen-1782908033-5hL5OHK26tyK4QQsIA23","object":"chat.completion.chunk","created":1782908033,"model":"deepseek/deepseek-v4-flash-20260423","provider":"GMICloud","choices":[{"index":0,"delta":{"content":"做","role":"assistant"},"finish_reason":null,"native_finish_reason":null}]}
--- CHUNK 1782908039173 bytes=293 ---
data: {"id":"gen-1782908033-5hL5OHK26tyK4QQsIA23","object":"chat.completion.chunk","created":1782908033,"model":"deepseek/deepseek-v4-flash-20260423","provider":"GMICloud","choices":[{"index":0,"delta":{"content":" |\n","role":"assistant"},"finish_reason":null,"native_finish_reason":null}]}


PARSED: {"id":"gen-1782908033-5hL5OHK26tyK4QQsIA23","object":"chat.completion.chunk","created":1782908033,"model":"deepseek/deepseek-v4-flash-20260423","provider":"GMICloud","choices":[{"index":0,"delta":{"content":" |\n","role":"assistant"},"finish_reason":null,"native_finish_reason":null}]}
--- CHUNK 1782908039173 bytes=290 ---
data: {"id":"gen-1782908033-5hL5OHK26tyK4QQsIA23","object":"chat.completion.chunk","created":1782908033,"model":"deepseek/deepseek-v4-flash-20260423","provider":"GMICloud","choices":[{"index":0,"delta":{"content":"|","role":"assistant"},"finish_reason":null,"native_finish_reason":null}]}


PARSED: {"id":"gen-1782908033-5hL5OHK26tyK4QQsIA23","object":"chat.completion.chunk","created":1782908033,"model":"deepseek/deepseek-v4-flash-20260423","provider":"GMICloud","choices":[{"index":0,"delta":{"content":"|","role":"assistant"},"finish_reason":null,"native_finish_reason":null}]}
--- CHUNK 1782908039174 bytes=292 ---
data: {"id":"gen-1782908033-5hL5OHK26tyK4QQsIA23","object":"chat.completion.chunk","created":1782908033,"model":"deepseek/deepseek-v4-flash-20260423","provider":"GMICloud","choices":[{"index":0,"delta":{"content":" **","role":"assistant"},"finish_reason":null,"native_finish_reason":null}]}


PARSED: {"id":"gen-1782908033-5hL5OHK26tyK4QQsIA23","object":"chat.completion.chunk","created":1782908033,"model":"deepseek/deepseek-v4-flash-20260423","provider":"GMICloud","choices":[{"index":0,"delta":{"content":" **","role":"assistant"},"finish_reason":null,"native_finish_reason":null}]}
--- CHUNK 1782908039174 bytes=290 ---
data: {"id":"gen-1782908033-5hL5OHK26tyK4QQsIA23","object":"chat.completion.chunk","created":1782908033,"model":"deepseek/deepseek-v4-flash-20260423","provider":"GMICloud","choices":[{"index":0,"delta":{"content":"3","role":"assistant"},"finish_reason":null,"native_finish_reason":null}]}


PARSED: {"id":"gen-1782908033-5hL5OHK26tyK4QQsIA23","object":"chat.completion.chunk","created":1782908033,"model":"deepseek/deepseek-v4-flash-20260423","provider":"GMICloud","choices":[{"index":0,"delta":{"content":"3","role":"assistant"},"finish_reason":null,"native_finish_reason":null}]}
--- CHUNK 1782908039181 bytes=290 ---
data: {"id":"gen-1782908033-5hL5OHK26tyK4QQsIA23","object":"chat.completion.chunk","created":1782908033,"model":"deepseek/deepseek-v4-flash-20260423","provider":"GMICloud","choices":[{"index":0,"delta":{"content":".","role":"assistant"},"finish_reason":null,"native_finish_reason":null}]}


PARSED: {"id":"gen-1782908033-5hL5OHK26tyK4QQsIA23","object":"chat.completion.chunk","created":1782908033,"model":"deepseek/deepseek-v4-flash-20260423","provider":"GMICloud","choices":[{"index":0,"delta":{"content":".","role":"assistant"},"finish_reason":null,"native_finish_reason":null}]}
--- CHUNK 1782908039184 bytes=294 ---
data: {"id":"gen-1782908033-5hL5OHK26tyK4QQsIA23","object":"chat.completion.chunk","created":1782908033,"model":"deepseek/deepseek-v4-flash-20260423","provider":"GMICloud","choices":[{"index":0,"delta":{"content":" Sync","role":"assistant"},"finish_reason":null,"native_finish_reason":null}]}


PARSED: {"id":"gen-1782908033-5hL5OHK26tyK4QQsIA23","object":"chat.completion.chunk","created":1782908033,"model":"deepseek/deepseek-v4-flash-20260423","provider":"GMICloud","choices":[{"index":0,"delta":{"content":" Sync","role":"assistant"},"finish_reason":null,"native_finish_reason":null}]}
--- CHUNK 1782908039190 bytes=296 ---
data: {"id":"gen-1782908033-5hL5OHK26tyK4QQsIA23","object":"chat.completion.chunk","created":1782908033,"model":"deepseek/deepseek-v4-flash-20260423","provider":"GMICloud","choices":[{"index":0,"delta":{"content":" Review","role":"assistant"},"finish_reason":null,"native_finish_reason":null}]}


PARSED: {"id":"gen-1782908033-5hL5OHK26tyK4QQsIA23","object":"chat.completion.chunk","created":1782908033,"model":"deepseek/deepseek-v4-flash-20260423","provider":"GMICloud","choices":[{"index":0,"delta":{"content":" Review","role":"assistant"},"finish_reason":null,"native_finish_reason":null}]}
--- CHUNK 1782908039191 bytes=294 ---
data: {"id":"gen-1782908033-5hL5OHK26tyK4QQsIA23","object":"chat.completion.chunk","created":1782908033,"model":"deepseek/deepseek-v4-flash-20260423","provider":"GMICloud","choices":[{"index":0,"delta":{"content":" Gate","role":"assistant"},"finish_reason":null,"native_finish_reason":null}]}


PARSED: {"id":"gen-1782908033-5hL5OHK26tyK4QQsIA23","object":"chat.completion.chunk","created":1782908033,"model":"deepseek/deepseek-v4-flash-20260423","provider":"GMICloud","choices":[{"index":0,"delta":{"content":" Gate","role":"assistant"},"finish_reason":null,"native_finish_reason":null}]}
--- CHUNK 1782908039192 bytes=291 ---
data: {"id":"gen-1782908033-5hL5OHK26tyK4QQsIA23","object":"chat.completion.chunk","created":1782908033,"model":"deepseek/deepseek-v4-flash-20260423","provider":"GMICloud","choices":[{"index":0,"delta":{"content":"**","role":"assistant"},"finish_reason":null,"native_finish_reason":null}]}


PARSED: {"id":"gen-1782908033-5hL5OHK26tyK4QQsIA23","object":"chat.completion.chunk","created":1782908033,"model":"deepseek/deepseek-v4-flash-20260423","provider":"GMICloud","choices":[{"index":0,"delta":{"content":"**","role":"assistant"},"finish_reason":null,"native_finish_reason":null}]}
--- CHUNK 1782908039193 bytes=291 ---
data: {"id":"gen-1782908033-5hL5OHK26tyK4QQsIA23","object":"chat.completion.chunk","created":1782908033,"model":"deepseek/deepseek-v4-flash-20260423","provider":"GMICloud","choices":[{"index":0,"delta":{"content":" |","role":"assistant"},"finish_reason":null,"native_finish_reason":null}]}


PARSED: {"id":"gen-1782908033-5hL5OHK26tyK4QQsIA23","object":"chat.completion.chunk","created":1782908033,"model":"deepseek/deepseek-v4-flash-20260423","provider":"GMICloud","choices":[{"index":0,"delta":{"content":" |","role":"assistant"},"finish_reason":null,"native_finish_reason":null}]}
--- CHUNK 1782908039195 bytes=290 ---
data: {"id":"gen-1782908033-5hL5OHK26tyK4QQsIA23","object":"chat.completion.chunk","created":1782908033,"model":"deepseek/deepseek-v4-flash-20260423","provider":"GMICloud","choices":[{"index":0,"delta":{"content":" ","role":"assistant"},"finish_reason":null,"native_finish_reason":null}]}


PARSED: {"id":"gen-1782908033-5hL5OHK26tyK4QQsIA23","object":"chat.completion.chunk","created":1782908033,"model":"deepseek/deepseek-v4-flash-20260423","provider":"GMICloud","choices":[{"index":0,"delta":{"content":" ","role":"assistant"},"finish_reason":null,"native_finish_reason":null}]}
--- CHUNK 1782908039200 bytes=295 ---
data: {"id":"gen-1782908033-5hL5OHK26tyK4QQsIA23","object":"chat.completion.chunk","created":1782908033,"model":"deepseek/deepseek-v4-flash-20260423","provider":"GMICloud","choices":[{"index":0,"delta":{"content":"人工","role":"assistant"},"finish_reason":null,"native_finish_reason":null}]}


PARSED: {"id":"gen-1782908033-5hL5OHK26tyK4QQsIA23","object":"chat.completion.chunk","created":1782908033,"model":"deepseek/deepseek-v4-flash-20260423","provider":"GMICloud","choices":[{"index":0,"delta":{"content":"人工","role":"assistant"},"finish_reason":null,"native_finish_reason":null}]}
--- CHUNK 1782908039203 bytes=292 ---
data: {"id":"gen-1782908033-5hL5OHK26tyK4QQsIA23","object":"chat.completion.chunk","created":1782908033,"model":"deepseek/deepseek-v4-flash-20260423","provider":"GMICloud","choices":[{"index":0,"delta":{"content":"審","role":"assistant"},"finish_reason":null,"native_finish_reason":null}]}


PARSED: {"id":"gen-1782908033-5hL5OHK26tyK4QQsIA23","object":"chat.completion.chunk","created":1782908033,"model":"deepseek/deepseek-v4-flash-20260423","provider":"GMICloud","choices":[{"index":0,"delta":{"content":"審","role":"assistant"},"finish_reason":null,"native_finish_reason":null}]}
--- CHUNK 1782908039204 bytes=292 ---
data: {"id":"gen-1782908033-5hL5OHK26tyK4QQsIA23","object":"chat.completion.chunk","created":1782908033,"model":"deepseek/deepseek-v4-flash-20260423","provider":"GMICloud","choices":[{"index":0,"delta":{"content":"核","role":"assistant"},"finish_reason":null,"native_finish_reason":null}]}


PARSED: {"id":"gen-1782908033-5hL5OHK26tyK4QQsIA23","object":"chat.completion.chunk","created":1782908033,"model":"deepseek/deepseek-v4-flash-20260423","provider":"GMICloud","choices":[{"index":0,"delta":{"content":"核","role":"assistant"},"finish_reason":null,"native_finish_reason":null}]}
--- CHUNK 1782908039293 bytes=291 ---
data: {"id":"gen-1782908033-5hL5OHK26tyK4QQsIA23","object":"chat.completion.chunk","created":1782908033,"model":"deepseek/deepseek-v4-flash-20260423","provider":"GMICloud","choices":[{"index":0,"delta":{"content":" |","role":"assistant"},"finish_reason":null,"native_finish_reason":null}]}


PARSED: {"id":"gen-1782908033-5hL5OHK26tyK4QQsIA23","object":"chat.completion.chunk","created":1782908033,"model":"deepseek/deepseek-v4-flash-20260423","provider":"GMICloud","choices":[{"index":0,"delta":{"content":" |","role":"assistant"},"finish_reason":null,"native_finish_reason":null}]}
--- CHUNK 1782908039294 bytes=290 ---
data: {"id":"gen-1782908033-5hL5OHK26tyK4QQsIA23","object":"chat.completion.chunk","created":1782908033,"model":"deepseek/deepseek-v4-flash-20260423","provider":"GMICloud","choices":[{"index":0,"delta":{"content":" ","role":"assistant"},"finish_reason":null,"native_finish_reason":null}]}


PARSED: {"id":"gen-1782908033-5hL5OHK26tyK4QQsIA23","object":"chat.completion.chunk","created":1782908033,"model":"deepseek/deepseek-v4-flash-20260423","provider":"GMICloud","choices":[{"index":0,"delta":{"content":" ","role":"assistant"},"finish_reason":null,"native_finish_reason":null}]}
--- CHUNK 1782908039294 bytes=292 ---
data: {"id":"gen-1782908033-5hL5OHK26tyK4QQsIA23","object":"chat.completion.chunk","created":1782908033,"model":"deepseek/deepseek-v4-flash-20260423","provider":"GMICloud","choices":[{"index":0,"delta":{"content":"從","role":"assistant"},"finish_reason":null,"native_finish_reason":null}]}


PARSED: {"id":"gen-1782908033-5hL5OHK26tyK4QQsIA23","object":"chat.completion.chunk","created":1782908033,"model":"deepseek/deepseek-v4-flash-20260423","provider":"GMICloud","choices":[{"index":0,"delta":{"content":"從","role":"assistant"},"finish_reason":null,"native_finish_reason":null}]}
--- CHUNK 1782908039295 bytes=292 ---
data: {"id":"gen-1782908033-5hL5OHK26tyK4QQsIA23","object":"chat.completion.chunk","created":1782908033,"model":"deepseek/deepseek-v4-flash-20260423","provider":"GMICloud","choices":[{"index":0,"delta":{"content":"沙","role":"assistant"},"finish_reason":null,"native_finish_reason":null}]}


PARSED: {"id":"gen-1782908033-5hL5OHK26tyK4QQsIA23","object":"chat.completion.chunk","created":1782908033,"model":"deepseek/deepseek-v4-flash-20260423","provider":"GMICloud","choices":[{"index":0,"delta":{"content":"沙","role":"assistant"},"finish_reason":null,"native_finish_reason":null}]}
--- CHUNK 1782908039297 bytes=292 ---
data: {"id":"gen-1782908033-5hL5OHK26tyK4QQsIA23","object":"chat.completion.chunk","created":1782908033,"model":"deepseek/deepseek-v4-flash-20260423","provider":"GMICloud","choices":[{"index":0,"delta":{"content":"箱","role":"assistant"},"finish_reason":null,"native_finish_reason":null}]}


PARSED: {"id":"gen-1782908033-5hL5OHK26tyK4QQsIA23","object":"chat.completion.chunk","created":1782908033,"model":"deepseek/deepseek-v4-flash-20260423","provider":"GMICloud","choices":[{"index":0,"delta":{"content":"箱","role":"assistant"},"finish_reason":null,"native_finish_reason":null}]}
--- CHUNK 1782908039300 bytes=295 ---
data: {"id":"gen-1782908033-5hL5OHK26tyK4QQsIA23","object":"chat.completion.chunk","created":1782908033,"model":"deepseek/deepseek-v4-flash-20260423","provider":"GMICloud","choices":[{"index":0,"delta":{"content":"同步","role":"assistant"},"finish_reason":null,"native_finish_reason":null}]}


PARSED: {"id":"gen-1782908033-5hL5OHK26tyK4QQsIA23","object":"chat.completion.chunk","created":1782908033,"model":"deepseek/deepseek-v4-flash-20260423","provider":"GMICloud","choices":[{"index":0,"delta":{"content":"同步","role":"assistant"},"finish_reason":null,"native_finish_reason":null}]}
--- CHUNK 1782908039308 bytes=292 ---
data: {"id":"gen-1782908033-5hL5OHK26tyK4QQsIA23","object":"chat.completion.chunk","created":1782908033,"model":"deepseek/deepseek-v4-flash-20260423","provider":"GMICloud","choices":[{"index":0,"delta":{"content":"到","role":"assistant"},"finish_reason":null,"native_finish_reason":null}]}


PARSED: {"id":"gen-1782908033-5hL5OHK26tyK4QQsIA23","object":"chat.completion.chunk","created":1782908033,"model":"deepseek/deepseek-v4-flash-20260423","provider":"GMICloud","choices":[{"index":0,"delta":{"content":"到","role":"assistant"},"finish_reason":null,"native_finish_reason":null}]}
--- CHUNK 1782908039308 bytes=292 ---
data: {"id":"gen-1782908033-5hL5OHK26tyK4QQsIA23","object":"chat.completion.chunk","created":1782908033,"model":"deepseek/deepseek-v4-flash-20260423","provider":"GMICloud","choices":[{"index":0,"delta":{"content":"主","role":"assistant"},"finish_reason":null,"native_finish_reason":null}]}


PARSED: {"id":"gen-1782908033-5hL5OHK26tyK4QQsIA23","object":"chat.completion.chunk","created":1782908033,"model":"deepseek/deepseek-v4-flash-20260423","provider":"GMICloud","choices":[{"index":0,"delta":{"content":"主","role":"assistant"},"finish_reason":null,"native_finish_reason":null}]}
--- CHUNK 1782908039308 bytes=292 ---
data: {"id":"gen-1782908033-5hL5OHK26tyK4QQsIA23","object":"chat.completion.chunk","created":1782908033,"model":"deepseek/deepseek-v4-flash-20260423","provider":"GMICloud","choices":[{"index":0,"delta":{"content":"機","role":"assistant"},"finish_reason":null,"native_finish_reason":null}]}


PARSED: {"id":"gen-1782908033-5hL5OHK26tyK4QQsIA23","object":"chat.completion.chunk","created":1782908033,"model":"deepseek/deepseek-v4-flash-20260423","provider":"GMICloud","choices":[{"index":0,"delta":{"content":"機","role":"assistant"},"finish_reason":null,"native_finish_reason":null}]}
--- CHUNK 1782908040067 bytes=292 ---
data: {"id":"gen-1782908033-5hL5OHK26tyK4QQsIA23","object":"chat.completion.chunk","created":1782908033,"model":"deepseek/deepseek-v4-flash-20260423","provider":"GMICloud","choices":[{"index":0,"delta":{"content":"前","role":"assistant"},"finish_reason":null,"native_finish_reason":null}]}


PARSED: {"id":"gen-1782908033-5hL5OHK26tyK4QQsIA23","object":"chat.completion.chunk","created":1782908033,"model":"deepseek/deepseek-v4-flash-20260423","provider":"GMICloud","choices":[{"index":0,"delta":{"content":"前","role":"assistant"},"finish_reason":null,"native_finish_reason":null}]}
--- CHUNK 1782908040073 bytes=292 ---
data: {"id":"gen-1782908033-5hL5OHK26tyK4QQsIA23","object":"chat.completion.chunk","created":1782908033,"model":"deepseek/deepseek-v4-flash-20260423","provider":"GMICloud","choices":[{"index":0,"delta":{"content":"，","role":"assistant"},"finish_reason":null,"native_finish_reason":null}]}


PARSED: {"id":"gen-1782908033-5hL5OHK26tyK4QQsIA23","object":"chat.completion.chunk","created":1782908033,"model":"deepseek/deepseek-v4-flash-20260423","provider":"GMICloud","choices":[{"index":0,"delta":{"content":"，","role":"assistant"},"finish_reason":null,"native_finish_reason":null}]}
--- CHUNK 1782908040073 bytes=292 ---
data: {"id":"gen-1782908033-5hL5OHK26tyK4QQsIA23","object":"chat.completion.chunk","created":1782908033,"model":"deepseek/deepseek-v4-flash-20260423","provider":"GMICloud","choices":[{"index":0,"delta":{"content":"先","role":"assistant"},"finish_reason":null,"native_finish_reason":null}]}


PARSED: {"id":"gen-1782908033-5hL5OHK26tyK4QQsIA23","object":"chat.completion.chunk","created":1782908033,"model":"deepseek/deepseek-v4-flash-20260423","provider":"GMICloud","choices":[{"index":0,"delta":{"content":"先","role":"assistant"},"finish_reason":null,"native_finish_reason":null}]}
--- CHUNK 1782908040073 bytes=294 ---
data: {"id":"gen-1782908033-5hL5OHK26tyK4QQsIA23","object":"chat.completion.chunk","created":1782908033,"model":"deepseek/deepseek-v4-flash-20260423","provider":"GMICloud","choices":[{"index":0,"delta":{"content":" diff","role":"assistant"},"finish_reason":null,"native_finish_reason":null}]}


PARSED: {"id":"gen-1782908033-5hL5OHK26tyK4QQsIA23","object":"chat.completion.chunk","created":1782908033,"model":"deepseek/deepseek-v4-flash-20260423","provider":"GMICloud","choices":[{"index":0,"delta":{"content":" diff","role":"assistant"},"finish_reason":null,"native_finish_reason":null}]}
--- CHUNK 1782908040078 bytes=293 ---
data: {"id":"gen-1782908033-5hL5OHK26tyK4QQsIA23","object":"chat.completion.chunk","created":1782908033,"model":"deepseek/deepseek-v4-flash-20260423","provider":"GMICloud","choices":[{"index":0,"delta":{"content":" →","role":"assistant"},"finish_reason":null,"native_finish_reason":null}]}


PARSED: {"id":"gen-1782908033-5hL5OHK26tyK4QQsIA23","object":"chat.completion.chunk","created":1782908033,"model":"deepseek/deepseek-v4-flash-20260423","provider":"GMICloud","choices":[{"index":0,"delta":{"content":" →","role":"assistant"},"finish_reason":null,"native_finish_reason":null}]}
--- CHUNK 1782908040078 bytes=290 ---
data: {"id":"gen-1782908033-5hL5OHK26tyK4QQsIA23","object":"chat.completion.chunk","created":1782908033,"model":"deepseek/deepseek-v4-flash-20260423","provider":"GMICloud","choices":[{"index":0,"delta":{"content":" ","role":"assistant"},"finish_reason":null,"native_finish_reason":null}]}


PARSED: {"id":"gen-1782908033-5hL5OHK26tyK4QQsIA23","object":"chat.completion.chunk","created":1782908033,"model":"deepseek/deepseek-v4-flash-20260423","provider":"GMICloud","choices":[{"index":0,"delta":{"content":" ","role":"assistant"},"finish_reason":null,"native_finish_reason":null}]}
--- CHUNK 1782908040079 bytes=292 ---
data: {"id":"gen-1782908033-5hL5OHK26tyK4QQsIA23","object":"chat.completion.chunk","created":1782908033,"model":"deepseek/deepseek-v4-flash-20260423","provider":"GMICloud","choices":[{"index":0,"delta":{"content":"審","role":"assistant"},"finish_reason":null,"native_finish_reason":null}]}


PARSED: {"id":"gen-1782908033-5hL5OHK26tyK4QQsIA23","object":"chat.completion.chunk","created":1782908033,"model":"deepseek/deepseek-v4-flash-20260423","provider":"GMICloud","choices":[{"index":0,"delta":{"content":"審","role":"assistant"},"finish_reason":null,"native_finish_reason":null}]}
--- CHUNK 1782908040081 bytes=292 ---
data: {"id":"gen-1782908033-5hL5OHK26tyK4QQsIA23","object":"chat.completion.chunk","created":1782908033,"model":"deepseek/deepseek-v4-flash-20260423","provider":"GMICloud","choices":[{"index":0,"delta":{"content":"核","role":"assistant"},"finish_reason":null,"native_finish_reason":null}]}


PARSED: {"id":"gen-1782908033-5hL5OHK26tyK4QQsIA23","object":"chat.completion.chunk","created":1782908033,"model":"deepseek/deepseek-v4-flash-20260423","provider":"GMICloud","choices":[{"index":0,"delta":{"content":"核","role":"assistant"},"finish_reason":null,"native_finish_reason":null}]}
--- CHUNK 1782908040083 bytes=293 ---
data: {"id":"gen-1782908033-5hL5OHK26tyK4QQsIA23","object":"chat.completion.chunk","created":1782908033,"model":"deepseek/deepseek-v4-flash-20260423","provider":"GMICloud","choices":[{"index":0,"delta":{"content":" →","role":"assistant"},"finish_reason":null,"native_finish_reason":null}]}


PARSED: {"id":"gen-1782908033-5hL5OHK26tyK4QQsIA23","object":"chat.completion.chunk","created":1782908033,"model":"deepseek/deepseek-v4-flash-20260423","provider":"GMICloud","choices":[{"index":0,"delta":{"content":" →","role":"assistant"},"finish_reason":null,"native_finish_reason":null}]}
--- CHUNK 1782908040087 bytes=582 ---
data: {"id":"gen-1782908033-5hL5OHK26tyK4QQsIA23","object":"chat.completion.chunk","created":1782908033,"model":"deepseek/deepseek-v4-flash-20260423","provider":"GMICloud","choices":[{"index":0,"delta":{"content":" ","role":"assistant"},"finish_reason":null,"native_finish_reason":null}]}

data: {"id":"gen-1782908033-5hL5OHK26tyK4QQsIA23","object":"chat.completion.chunk","created":1782908033,"model":"deepseek/deepseek-v4-flash-20260423","provider":"GMICloud","choices":[{"index":0,"delta":{"content":"才","role":"assistant"},"finish_reason":null,"native_finish_reason":null}]}


PARSED: {"id":"gen-1782908033-5hL5OHK26tyK4QQsIA23","object":"chat.completion.chunk","created":1782908033,"model":"deepseek/deepseek-v4-flash-20260423","provider":"GMICloud","choices":[{"index":0,"delta":{"content":" ","role":"assistant"},"finish_reason":null,"native_finish_reason":null}]}
PARSED: {"id":"gen-1782908033-5hL5OHK26tyK4QQsIA23","object":"chat.completion.chunk","created":1782908033,"model":"deepseek/deepseek-v4-flash-20260423","provider":"GMICloud","choices":[{"index":0,"delta":{"content":"才","role":"assistant"},"finish_reason":null,"native_finish_reason":null}]}
--- CHUNK 1782908040089 bytes=292 ---
data: {"id":"gen-1782908033-5hL5OHK26tyK4QQsIA23","object":"chat.completion.chunk","created":1782908033,"model":"deepseek/deepseek-v4-flash-20260423","provider":"GMICloud","choices":[{"index":0,"delta":{"content":"存","role":"assistant"},"finish_reason":null,"native_finish_reason":null}]}


PARSED: {"id":"gen-1782908033-5hL5OHK26tyK4QQsIA23","object":"chat.completion.chunk","created":1782908033,"model":"deepseek/deepseek-v4-flash-20260423","provider":"GMICloud","choices":[{"index":0,"delta":{"content":"存","role":"assistant"},"finish_reason":null,"native_finish_reason":null}]}
--- CHUNK 1782908040092 bytes=292 ---
data: {"id":"gen-1782908033-5hL5OHK26tyK4QQsIA23","object":"chat.completion.chunk","created":1782908033,"model":"deepseek/deepseek-v4-flash-20260423","provider":"GMICloud","choices":[{"index":0,"delta":{"content":"檔","role":"assistant"},"finish_reason":null,"native_finish_reason":null}]}


PARSED: {"id":"gen-1782908033-5hL5OHK26tyK4QQsIA23","object":"chat.completion.chunk","created":1782908033,"model":"deepseek/deepseek-v4-flash-20260423","provider":"GMICloud","choices":[{"index":0,"delta":{"content":"檔","role":"assistant"},"finish_reason":null,"native_finish_reason":null}]}
--- CHUNK 1782908040093 bytes=295 ---
data: {"id":"gen-1782908033-5hL5OHK26tyK4QQsIA23","object":"chat.completion.chunk","created":1782908033,"model":"deepseek/deepseek-v4-flash-20260423","provider":"GMICloud","choices":[{"index":0,"delta":{"content":" |\n\n","role":"assistant"},"finish_reason":null,"native_finish_reason":null}]}


PARSED: {"id":"gen-1782908033-5hL5OHK26tyK4QQsIA23","object":"chat.completion.chunk","created":1782908033,"model":"deepseek/deepseek-v4-flash-20260423","provider":"GMICloud","choices":[{"index":0,"delta":{"content":" |\n\n","role":"assistant"},"finish_reason":null,"native_finish_reason":null}]}
--- CHUNK 1782908040093 bytes=292 ---
data: {"id":"gen-1782908033-5hL5OHK26tyK4QQsIA23","object":"chat.completion.chunk","created":1782908033,"model":"deepseek/deepseek-v4-flash-20260423","provider":"GMICloud","choices":[{"index":0,"delta":{"content":"###","role":"assistant"},"finish_reason":null,"native_finish_reason":null}]}


PARSED: {"id":"gen-1782908033-5hL5OHK26tyK4QQsIA23","object":"chat.completion.chunk","created":1782908033,"model":"deepseek/deepseek-v4-flash-20260423","provider":"GMICloud","choices":[{"index":0,"delta":{"content":"###","role":"assistant"},"finish_reason":null,"native_finish_reason":null}]}
--- CHUNK 1782908040094 bytes=294 ---
data: {"id":"gen-1782908033-5hL5OHK26tyK4QQsIA23","object":"chat.completion.chunk","created":1782908033,"model":"deepseek/deepseek-v4-flash-20260423","provider":"GMICloud","choices":[{"index":0,"delta":{"content":" 🔑","role":"assistant"},"finish_reason":null,"native_finish_reason":null}]}


PARSED: {"id":"gen-1782908033-5hL5OHK26tyK4QQsIA23","object":"chat.completion.chunk","created":1782908033,"model":"deepseek/deepseek-v4-flash-20260423","provider":"GMICloud","choices":[{"index":0,"delta":{"content":" 🔑","role":"assistant"},"finish_reason":null,"native_finish_reason":null}]}
--- CHUNK 1782908040095 bytes=296 ---
data: {"id":"gen-1782908033-5hL5OHK26tyK4QQsIA23","object":"chat.completion.chunk","created":1782908033,"model":"deepseek/deepseek-v4-flash-20260423","provider":"GMICloud","choices":[{"index":0,"delta":{"content":" Bridge","role":"assistant"},"finish_reason":null,"native_finish_reason":null}]}


PARSED: {"id":"gen-1782908033-5hL5OHK26tyK4QQsIA23","object":"chat.completion.chunk","created":1782908033,"model":"deepseek/deepseek-v4-flash-20260423","provider":"GMICloud","choices":[{"index":0,"delta":{"content":" Bridge","role":"assistant"},"finish_reason":null,"native_finish_reason":null}]}
--- CHUNK 1782908040097 bytes=290 ---
data: {"id":"gen-1782908033-5hL5OHK26tyK4QQsIA23","object":"chat.completion.chunk","created":1782908033,"model":"deepseek/deepseek-v4-flash-20260423","provider":"GMICloud","choices":[{"index":0,"delta":{"content":" ","role":"assistant"},"finish_reason":null,"native_finish_reason":null}]}


PARSED: {"id":"gen-1782908033-5hL5OHK26tyK4QQsIA23","object":"chat.completion.chunk","created":1782908033,"model":"deepseek/deepseek-v4-flash-20260423","provider":"GMICloud","choices":[{"index":0,"delta":{"content":" ","role":"assistant"},"finish_reason":null,"native_finish_reason":null}]}
--- CHUNK 1782908040098 bytes=295 ---
data: {"id":"gen-1782908033-5hL5OHK26tyK4QQsIA23","object":"chat.completion.chunk","created":1782908033,"model":"deepseek/deepseek-v4-flash-20260423","provider":"GMICloud","choices":[{"index":0,"delta":{"content":"主要","role":"assistant"},"finish_reason":null,"native_finish_reason":null}]}


PARSED: {"id":"gen-1782908033-5hL5OHK26tyK4QQsIA23","object":"chat.completion.chunk","created":1782908033,"model":"deepseek/deepseek-v4-flash-20260423","provider":"GMICloud","choices":[{"index":0,"delta":{"content":"主要","role":"assistant"},"finish_reason":null,"native_finish_reason":null}]}
--- CHUNK 1782908040099 bytes=292 ---
data: {"id":"gen-1782908033-5hL5OHK26tyK4QQsIA23","object":"chat.completion.chunk","created":1782908033,"model":"deepseek/deepseek-v4-flash-20260423","provider":"GMICloud","choices":[{"index":0,"delta":{"content":"職","role":"assistant"},"finish_reason":null,"native_finish_reason":null}]}


PARSED: {"id":"gen-1782908033-5hL5OHK26tyK4QQsIA23","object":"chat.completion.chunk","created":1782908033,"model":"deepseek/deepseek-v4-flash-20260423","provider":"GMICloud","choices":[{"index":0,"delta":{"content":"職","role":"assistant"},"finish_reason":null,"native_finish_reason":null}]}
--- CHUNK 1782908040100 bytes=292 ---
data: {"id":"gen-1782908033-5hL5OHK26tyK4QQsIA23","object":"chat.completion.chunk","created":1782908033,"model":"deepseek/deepseek-v4-flash-20260423","provider":"GMICloud","choices":[{"index":0,"delta":{"content":"責","role":"assistant"},"finish_reason":null,"native_finish_reason":null}]}


PARSED: {"id":"gen-1782908033-5hL5OHK26tyK4QQsIA23","object":"chat.completion.chunk","created":1782908033,"model":"deepseek/deepseek-v4-flash-20260423","provider":"GMICloud","choices":[{"index":0,"delta":{"content":"責","role":"assistant"},"finish_reason":null,"native_finish_reason":null}]}
--- CHUNK 1782908040103 bytes=293 ---
data: {"id":"gen-1782908033-5hL5OHK26tyK4QQsIA23","object":"chat.completion.chunk","created":1782908033,"model":"deepseek/deepseek-v4-flash-20260423","provider":"GMICloud","choices":[{"index":0,"delta":{"content":"\n\n","role":"assistant"},"finish_reason":null,"native_finish_reason":null}]}


PARSED: {"id":"gen-1782908033-5hL5OHK26tyK4QQsIA23","object":"chat.completion.chunk","created":1782908033,"model":"deepseek/deepseek-v4-flash-20260423","provider":"GMICloud","choices":[{"index":0,"delta":{"content":"\n\n","role":"assistant"},"finish_reason":null,"native_finish_reason":null}]}
--- CHUNK 1782908040103 bytes=290 ---
data: {"id":"gen-1782908033-5hL5OHK26tyK4QQsIA23","object":"chat.completion.chunk","created":1782908033,"model":"deepseek/deepseek-v4-flash-20260423","provider":"GMICloud","choices":[{"index":0,"delta":{"content":"-","role":"assistant"},"finish_reason":null,"native_finish_reason":null}]}


PARSED: {"id":"gen-1782908033-5hL5OHK26tyK4QQsIA23","object":"chat.completion.chunk","created":1782908033,"model":"deepseek/deepseek-v4-flash-20260423","provider":"GMICloud","choices":[{"index":0,"delta":{"content":"-","role":"assistant"},"finish_reason":null,"native_finish_reason":null}]}
--- CHUNK 1782908040103 bytes=292 ---
data: {"id":"gen-1782908033-5hL5OHK26tyK4QQsIA23","object":"chat.completion.chunk","created":1782908033,"model":"deepseek/deepseek-v4-flash-20260423","provider":"GMICloud","choices":[{"index":0,"delta":{"content":" **","role":"assistant"},"finish_reason":null,"native_finish_reason":null}]}


PARSED: {"id":"gen-1782908033-5hL5OHK26tyK4QQsIA23","object":"chat.completion.chunk","created":1782908033,"model":"deepseek/deepseek-v4-flash-20260423","provider":"GMICloud","choices":[{"index":0,"delta":{"content":" **","role":"assistant"},"finish_reason":null,"native_finish_reason":null}]}
--- CHUNK 1782908040105 bytes=295 ---
data: {"id":"gen-1782908033-5hL5OHK26tyK4QQsIA23","object":"chat.completion.chunk","created":1782908033,"model":"deepseek/deepseek-v4-flash-20260423","provider":"GMICloud","choices":[{"index":0,"delta":{"content":"自動","role":"assistant"},"finish_reason":null,"native_finish_reason":null}]}


PARSED: {"id":"gen-1782908033-5hL5OHK26tyK4QQsIA23","object":"chat.completion.chunk","created":1782908033,"model":"deepseek/deepseek-v4-flash-20260423","provider":"GMICloud","choices":[{"index":0,"delta":{"content":"自動","role":"assistant"},"finish_reason":null,"native_finish_reason":null}]}
--- CHUNK 1782908040109 bytes=292 ---
data: {"id":"gen-1782908033-5hL5OHK26tyK4QQsIA23","object":"chat.completion.chunk","created":1782908033,"model":"deepseek/deepseek-v4-flash-20260423","provider":"GMICloud","choices":[{"index":0,"delta":{"content":"備","role":"assistant"},"finish_reason":null,"native_finish_reason":null}]}


PARSED: {"id":"gen-1782908033-5hL5OHK26tyK4QQsIA23","object":"chat.completion.chunk","created":1782908033,"model":"deepseek/deepseek-v4-flash-20260423","provider":"GMICloud","choices":[{"index":0,"delta":{"content":"備","role":"assistant"},"finish_reason":null,"native_finish_reason":null}]}
--- CHUNK 1782908040110 bytes=292 ---
data: {"id":"gen-1782908033-5hL5OHK26tyK4QQsIA23","object":"chat.completion.chunk","created":1782908033,"model":"deepseek/deepseek-v4-flash-20260423","provider":"GMICloud","choices":[{"index":0,"delta":{"content":"份","role":"assistant"},"finish_reason":null,"native_finish_reason":null}]}


PARSED: {"id":"gen-1782908033-5hL5OHK26tyK4QQsIA23","object":"chat.completion.chunk","created":1782908033,"model":"deepseek/deepseek-v4-flash-20260423","provider":"GMICloud","choices":[{"index":0,"delta":{"content":"份","role":"assistant"},"finish_reason":null,"native_finish_reason":null}]}
--- CHUNK 1782908040115 bytes=291 ---
data: {"id":"gen-1782908033-5hL5OHK26tyK4QQsIA23","object":"chat.completion.chunk","created":1782908033,"model":"deepseek/deepseek-v4-flash-20260423","provider":"GMICloud","choices":[{"index":0,"delta":{"content":"**","role":"assistant"},"finish_reason":null,"native_finish_reason":null}]}


PARSED: {"id":"gen-1782908033-5hL5OHK26tyK4QQsIA23","object":"chat.completion.chunk","created":1782908033,"model":"deepseek/deepseek-v4-flash-20260423","provider":"GMICloud","choices":[{"index":0,"delta":{"content":"**","role":"assistant"},"finish_reason":null,"native_finish_reason":null}]}
--- CHUNK 1782908040115 bytes=293 ---
data: {"id":"gen-1782908033-5hL5OHK26tyK4QQsIA23","object":"chat.completion.chunk","created":1782908033,"model":"deepseek/deepseek-v4-flash-20260423","provider":"GMICloud","choices":[{"index":0,"delta":{"content":" —","role":"assistant"},"finish_reason":null,"native_finish_reason":null}]}


PARSED: {"id":"gen-1782908033-5hL5OHK26tyK4QQsIA23","object":"chat.completion.chunk","created":1782908033,"model":"deepseek/deepseek-v4-flash-20260423","provider":"GMICloud","choices":[{"index":0,"delta":{"content":" —","role":"assistant"},"finish_reason":null,"native_finish_reason":null}]}
--- CHUNK 1782908040115 bytes=290 ---
data: {"id":"gen-1782908033-5hL5OHK26tyK4QQsIA23","object":"chat.completion.chunk","created":1782908033,"model":"deepseek/deepseek-v4-flash-20260423","provider":"GMICloud","choices":[{"index":0,"delta":{"content":" ","role":"assistant"},"finish_reason":null,"native_finish_reason":null}]}


PARSED: {"id":"gen-1782908033-5hL5OHK26tyK4QQsIA23","object":"chat.completion.chunk","created":1782908033,"model":"deepseek/deepseek-v4-flash-20260423","provider":"GMICloud","choices":[{"index":0,"delta":{"content":" ","role":"assistant"},"finish_reason":null,"native_finish_reason":null}]}
--- CHUNK 1782908040117 bytes=292 ---
data: {"id":"gen-1782908033-5hL5OHK26tyK4QQsIA23","object":"chat.completion.chunk","created":1782908033,"model":"deepseek/deepseek-v4-flash-20260423","provider":"GMICloud","choices":[{"index":0,"delta":{"content":"每","role":"assistant"},"finish_reason":null,"native_finish_reason":null}]}


PARSED: {"id":"gen-1782908033-5hL5OHK26tyK4QQsIA23","object":"chat.completion.chunk","created":1782908033,"model":"deepseek/deepseek-v4-flash-20260423","provider":"GMICloud","choices":[{"index":0,"delta":{"content":"每","role":"assistant"},"finish_reason":null,"native_finish_reason":null}]}
--- CHUNK 1782908040117 bytes=290 ---
data: {"id":"gen-1782908033-5hL5OHK26tyK4QQsIA23","object":"chat.completion.chunk","created":1782908033,"model":"deepseek/deepseek-v4-flash-20260423","provider":"GMICloud","choices":[{"index":0,"delta":{"content":" ","role":"assistant"},"finish_reason":null,"native_finish_reason":null}]}


PARSED: {"id":"gen-1782908033-5hL5OHK26tyK4QQsIA23","object":"chat.completion.chunk","created":1782908033,"model":"deepseek/deepseek-v4-flash-20260423","provider":"GMICloud","choices":[{"index":0,"delta":{"content":" ","role":"assistant"},"finish_reason":null,"native_finish_reason":null}]}
--- CHUNK 1782908040122 bytes=291 ---
data: {"id":"gen-1782908033-5hL5OHK26tyK4QQsIA23","object":"chat.completion.chunk","created":1782908033,"model":"deepseek/deepseek-v4-flash-20260423","provider":"GMICloud","choices":[{"index":0,"delta":{"content":"30","role":"assistant"},"finish_reason":null,"native_finish_reason":null}]}


PARSED: {"id":"gen-1782908033-5hL5OHK26tyK4QQsIA23","object":"chat.completion.chunk","created":1782908033,"model":"deepseek/deepseek-v4-flash-20260423","provider":"GMICloud","choices":[{"index":0,"delta":{"content":"30","role":"assistant"},"finish_reason":null,"native_finish_reason":null}]}
--- CHUNK 1782908040123 bytes=290 ---
data: {"id":"gen-1782908033-5hL5OHK26tyK4QQsIA23","object":"chat.completion.chunk","created":1782908033,"model":"deepseek/deepseek-v4-flash-20260423","provider":"GMICloud","choices":[{"index":0,"delta":{"content":" ","role":"assistant"},"finish_reason":null,"native_finish_reason":null}]}


PARSED: {"id":"gen-1782908033-5hL5OHK26tyK4QQsIA23","object":"chat.completion.chunk","created":1782908033,"model":"deepseek/deepseek-v4-flash-20260423","provider":"GMICloud","choices":[{"index":0,"delta":{"content":" ","role":"assistant"},"finish_reason":null,"native_finish_reason":null}]}
--- CHUNK 1782908040123 bytes=295 ---
data: {"id":"gen-1782908033-5hL5OHK26tyK4QQsIA23","object":"chat.completion.chunk","created":1782908033,"model":"deepseek/deepseek-v4-flash-20260423","provider":"GMICloud","choices":[{"index":0,"delta":{"content":"分鐘","role":"assistant"},"finish_reason":null,"native_finish_reason":null}]}


PARSED: {"id":"gen-1782908033-5hL5OHK26tyK4QQsIA23","object":"chat.completion.chunk","created":1782908033,"model":"deepseek/deepseek-v4-flash-20260423","provider":"GMICloud","choices":[{"index":0,"delta":{"content":"分鐘","role":"assistant"},"finish_reason":null,"native_finish_reason":null}]}
--- CHUNK 1782908040123 bytes=295 ---
data: {"id":"gen-1782908033-5hL5OHK26tyK4QQsIA23","object":"chat.completion.chunk","created":1782908033,"model":"deepseek/deepseek-v4-flash-20260423","provider":"GMICloud","choices":[{"index":0,"delta":{"content":"自動","role":"assistant"},"finish_reason":null,"native_finish_reason":null}]}


PARSED: {"id":"gen-1782908033-5hL5OHK26tyK4QQsIA23","object":"chat.completion.chunk","created":1782908033,"model":"deepseek/deepseek-v4-flash-20260423","provider":"GMICloud","choices":[{"index":0,"delta":{"content":"自動","role":"assistant"},"finish_reason":null,"native_finish_reason":null}]}
--- CHUNK 1782908040125 bytes=292 ---
data: {"id":"gen-1782908033-5hL5OHK26tyK4QQsIA23","object":"chat.completion.chunk","created":1782908033,"model":"deepseek/deepseek-v4-flash-20260423","provider":"GMICloud","choices":[{"index":0,"delta":{"content":"備","role":"assistant"},"finish_reason":null,"native_finish_reason":null}]}


PARSED: {"id":"gen-1782908033-5hL5OHK26tyK4QQsIA23","object":"chat.completion.chunk","created":1782908033,"model":"deepseek/deepseek-v4-flash-20260423","provider":"GMICloud","choices":[{"index":0,"delta":{"content":"備","role":"assistant"},"finish_reason":null,"native_finish_reason":null}]}
--- CHUNK 1782908040130 bytes=292 ---
data: {"id":"gen-1782908033-5hL5OHK26tyK4QQsIA23","object":"chat.completion.chunk","created":1782908033,"model":"deepseek/deepseek-v4-flash-20260423","provider":"GMICloud","choices":[{"index":0,"delta":{"content":"份","role":"assistant"},"finish_reason":null,"native_finish_reason":null}]}


PARSED: {"id":"gen-1782908033-5hL5OHK26tyK4QQsIA23","object":"chat.completion.chunk","created":1782908033,"model":"deepseek/deepseek-v4-flash-20260423","provider":"GMICloud","choices":[{"index":0,"delta":{"content":"份","role":"assistant"},"finish_reason":null,"native_finish_reason":null}]}
--- CHUNK 1782908040130 bytes=296 ---
data: {"id":"gen-1782908033-5hL5OHK26tyK4QQsIA23","object":"chat.completion.chunk","created":1782908033,"model":"deepseek/deepseek-v4-flash-20260423","provider":"GMICloud","choices":[{"index":0,"delta":{"content":" skills","role":"assistant"},"finish_reason":null,"native_finish_reason":null}]}


PARSED: {"id":"gen-1782908033-5hL5OHK26tyK4QQsIA23","object":"chat.completion.chunk","created":1782908033,"model":"deepseek/deepseek-v4-flash-20260423","provider":"GMICloud","choices":[{"index":0,"delta":{"content":" skills","role":"assistant"},"finish_reason":null,"native_finish_reason":null}]}
--- CHUNK 1782908040130 bytes=293 ---
data: {"id":"gen-1782908033-5hL5OHK26tyK4QQsIA23","object":"chat.completion.chunk","created":1782908033,"model":"deepseek/deepseek-v4-flash-20260423","provider":"GMICloud","choices":[{"index":0,"delta":{"content":"/app","role":"assistant"},"finish_reason":null,"native_finish_reason":null}]}


PARSED: {"id":"gen-1782908033-5hL5OHK26tyK4QQsIA23","object":"chat.completion.chunk","created":1782908033,"model":"deepseek/deepseek-v4-flash-20260423","provider":"GMICloud","choices":[{"index":0,"delta":{"content":"/app","role":"assistant"},"finish_reason":null,"native_finish_reason":null}]}
--- CHUNK 1782908040133 bytes=290 ---
data: {"id":"gen-1782908033-5hL5OHK26tyK4QQsIA23","object":"chat.completion.chunk","created":1782908033,"model":"deepseek/deepseek-v4-flash-20260423","provider":"GMICloud","choices":[{"index":0,"delta":{"content":"s","role":"assistant"},"finish_reason":null,"native_finish_reason":null}]}


PARSED: {"id":"gen-1782908033-5hL5OHK26tyK4QQsIA23","object":"chat.completion.chunk","created":1782908033,"model":"deepseek/deepseek-v4-flash-20260423","provider":"GMICloud","choices":[{"index":0,"delta":{"content":"s","role":"assistant"},"finish_reason":null,"native_finish_reason":null}]}
--- CHUNK 1782908040133 bytes=294 ---
data: {"id":"gen-1782908033-5hL5OHK26tyK4QQsIA23","object":"chat.completion.chunk","created":1782908033,"model":"deepseek/deepseek-v4-flash-20260423","provider":"GMICloud","choices":[{"index":0,"delta":{"content":"/work","role":"assistant"},"finish_reason":null,"native_finish_reason":null}]}


PARSED: {"id":"gen-1782908033-5hL5OHK26tyK4QQsIA23","object":"chat.completion.chunk","created":1782908033,"model":"deepseek/deepseek-v4-flash-20260423","provider":"GMICloud","choices":[{"index":0,"delta":{"content":"/work","role":"assistant"},"finish_reason":null,"native_finish_reason":null}]}
--- CHUNK 1782908040135 bytes=294 ---
data: {"id":"gen-1782908033-5hL5OHK26tyK4QQsIA23","object":"chat.completion.chunk","created":1782908033,"model":"deepseek/deepseek-v4-flash-20260423","provider":"GMICloud","choices":[{"index":0,"delta":{"content":"flows","role":"assistant"},"finish_reason":null,"native_finish_reason":null}]}


PARSED: {"id":"gen-1782908033-5hL5OHK26tyK4QQsIA23","object":"chat.completion.chunk","created":1782908033,"model":"deepseek/deepseek-v4-flash-20260423","provider":"GMICloud","choices":[{"index":0,"delta":{"content":"flows","role":"assistant"},"finish_reason":null,"native_finish_reason":null}]}
--- CHUNK 1782908040137 bytes=290 ---
data: {"id":"gen-1782908033-5hL5OHK26tyK4QQsIA23","object":"chat.completion.chunk","created":1782908033,"model":"deepseek/deepseek-v4-flash-20260423","provider":"GMICloud","choices":[{"index":0,"delta":{"content":" ","role":"assistant"},"finish_reason":null,"native_finish_reason":null}]}


PARSED: {"id":"gen-1782908033-5hL5OHK26tyK4QQsIA23","object":"chat.completion.chunk","created":1782908033,"model":"deepseek/deepseek-v4-flash-20260423","provider":"GMICloud","choices":[{"index":0,"delta":{"content":" ","role":"assistant"},"finish_reason":null,"native_finish_reason":null}]}
--- CHUNK 1782908040143 bytes=292 ---
data: {"id":"gen-1782908033-5hL5OHK26tyK4QQsIA23","object":"chat.completion.chunk","created":1782908033,"model":"deepseek/deepseek-v4-flash-20260423","provider":"GMICloud","choices":[{"index":0,"delta":{"content":"等","role":"assistant"},"finish_reason":null,"native_finish_reason":null}]}


PARSED: {"id":"gen-1782908033-5hL5OHK26tyK4QQsIA23","object":"chat.completion.chunk","created":1782908033,"model":"deepseek/deepseek-v4-flash-20260423","provider":"GMICloud","choices":[{"index":0,"delta":{"content":"等","role":"assistant"},"finish_reason":null,"native_finish_reason":null}]}
--- CHUNK 1782908040143 bytes=295 ---
data: {"id":"gen-1782908033-5hL5OHK26tyK4QQsIA23","object":"chat.completion.chunk","created":1782908033,"model":"deepseek/deepseek-v4-flash-20260423","provider":"GMICloud","choices":[{"index":0,"delta":{"content":"資料","role":"assistant"},"finish_reason":null,"native_finish_reason":null}]}


PARSED: {"id":"gen-1782908033-5hL5OHK26tyK4QQsIA23","object":"chat.completion.chunk","created":1782908033,"model":"deepseek/deepseek-v4-flash-20260423","provider":"GMICloud","choices":[{"index":0,"delta":{"content":"資料","role":"assistant"},"finish_reason":null,"native_finish_reason":null}]}
--- CHUNK 1782908040143 bytes=292 ---
data: {"id":"gen-1782908033-5hL5OHK26tyK4QQsIA23","object":"chat.completion.chunk","created":1782908033,"model":"deepseek/deepseek-v4-flash-20260423","provider":"GMICloud","choices":[{"index":0,"delta":{"content":"，","role":"assistant"},"finish_reason":null,"native_finish_reason":null}]}


PARSED: {"id":"gen-1782908033-5hL5OHK26tyK4QQsIA23","object":"chat.completion.chunk","created":1782908033,"model":"deepseek/deepseek-v4-flash-20260423","provider":"GMICloud","choices":[{"index":0,"delta":{"content":"，","role":"assistant"},"finish_reason":null,"native_finish_reason":null}]}
--- CHUNK 1782908040144 bytes=295 ---
data: {"id":"gen-1782908033-5hL5OHK26tyK4QQsIA23","object":"chat.completion.chunk","created":1782908033,"model":"deepseek/deepseek-v4-flash-20260423","provider":"GMICloud","choices":[{"index":0,"delta":{"content":"保留","role":"assistant"},"finish_reason":null,"native_finish_reason":null}]}


PARSED: {"id":"gen-1782908033-5hL5OHK26tyK4QQsIA23","object":"chat.completion.chunk","created":1782908033,"model":"deepseek/deepseek-v4-flash-20260423","provider":"GMICloud","choices":[{"index":0,"delta":{"content":"保留","role":"assistant"},"finish_reason":null,"native_finish_reason":null}]}
--- CHUNK 1782908040150 bytes=295 ---
data: {"id":"gen-1782908033-5hL5OHK26tyK4QQsIA23","object":"chat.completion.chunk","created":1782908033,"model":"deepseek/deepseek-v4-flash-20260423","provider":"GMICloud","choices":[{"index":0,"delta":{"content":"最近","role":"assistant"},"finish_reason":null,"native_finish_reason":null}]}


PARSED: {"id":"gen-1782908033-5hL5OHK26tyK4QQsIA23","object":"chat.completion.chunk","created":1782908033,"model":"deepseek/deepseek-v4-flash-20260423","provider":"GMICloud","choices":[{"index":0,"delta":{"content":"最近","role":"assistant"},"finish_reason":null,"native_finish_reason":null}]}
--- CHUNK 1782908040151 bytes=290 ---
data: {"id":"gen-1782908033-5hL5OHK26tyK4QQsIA23","object":"chat.completion.chunk","created":1782908033,"model":"deepseek/deepseek-v4-flash-20260423","provider":"GMICloud","choices":[{"index":0,"delta":{"content":" ","role":"assistant"},"finish_reason":null,"native_finish_reason":null}]}


PARSED: {"id":"gen-1782908033-5hL5OHK26tyK4QQsIA23","object":"chat.completion.chunk","created":1782908033,"model":"deepseek/deepseek-v4-flash-20260423","provider":"GMICloud","choices":[{"index":0,"delta":{"content":" ","role":"assistant"},"finish_reason":null,"native_finish_reason":null}]}
--- CHUNK 1782908040151 bytes=291 ---
data: {"id":"gen-1782908033-5hL5OHK26tyK4QQsIA23","object":"chat.completion.chunk","created":1782908033,"model":"deepseek/deepseek-v4-flash-20260423","provider":"GMICloud","choices":[{"index":0,"delta":{"content":"20","role":"assistant"},"finish_reason":null,"native_finish_reason":null}]}


PARSED: {"id":"gen-1782908033-5hL5OHK26tyK4QQsIA23","object":"chat.completion.chunk","created":1782908033,"model":"deepseek/deepseek-v4-flash-20260423","provider":"GMICloud","choices":[{"index":0,"delta":{"content":"20","role":"assistant"},"finish_reason":null,"native_finish_reason":null}]}
--- CHUNK 1782908040158 bytes=290 ---
data: {"id":"gen-1782908033-5hL5OHK26tyK4QQsIA23","object":"chat.completion.chunk","created":1782908033,"model":"deepseek/deepseek-v4-flash-20260423","provider":"GMICloud","choices":[{"index":0,"delta":{"content":" ","role":"assistant"},"finish_reason":null,"native_finish_reason":null}]}


PARSED: {"id":"gen-1782908033-5hL5OHK26tyK4QQsIA23","object":"chat.completion.chunk","created":1782908033,"model":"deepseek/deepseek-v4-flash-20260423","provider":"GMICloud","choices":[{"index":0,"delta":{"content":" ","role":"assistant"},"finish_reason":null,"native_finish_reason":null}]}
--- CHUNK 1782908040158 bytes=292 ---
data: {"id":"gen-1782908033-5hL5OHK26tyK4QQsIA23","object":"chat.completion.chunk","created":1782908033,"model":"deepseek/deepseek-v4-flash-20260423","provider":"GMICloud","choices":[{"index":0,"delta":{"content":"份","role":"assistant"},"finish_reason":null,"native_finish_reason":null}]}


PARSED: {"id":"gen-1782908033-5hL5OHK26tyK4QQsIA23","object":"chat.completion.chunk","created":1782908033,"model":"deepseek/deepseek-v4-flash-20260423","provider":"GMICloud","choices":[{"index":0,"delta":{"content":"份","role":"assistant"},"finish_reason":null,"native_finish_reason":null}]}
--- CHUNK 1782908040158 bytes=291 ---
data: {"id":"gen-1782908033-5hL5OHK26tyK4QQsIA23","object":"chat.completion.chunk","created":1782908033,"model":"deepseek/deepseek-v4-flash-20260423","provider":"GMICloud","choices":[{"index":0,"delta":{"content":"\n","role":"assistant"},"finish_reason":null,"native_finish_reason":null}]}


PARSED: {"id":"gen-1782908033-5hL5OHK26tyK4QQsIA23","object":"chat.completion.chunk","created":1782908033,"model":"deepseek/deepseek-v4-flash-20260423","provider":"GMICloud","choices":[{"index":0,"delta":{"content":"\n","role":"assistant"},"finish_reason":null,"native_finish_reason":null}]}
--- CHUNK 1782908040167 bytes=290 ---
data: {"id":"gen-1782908033-5hL5OHK26tyK4QQsIA23","object":"chat.completion.chunk","created":1782908033,"model":"deepseek/deepseek-v4-flash-20260423","provider":"GMICloud","choices":[{"index":0,"delta":{"content":"-","role":"assistant"},"finish_reason":null,"native_finish_reason":null}]}


PARSED: {"id":"gen-1782908033-5hL5OHK26tyK4QQsIA23","object":"chat.completion.chunk","created":1782908033,"model":"deepseek/deepseek-v4-flash-20260423","provider":"GMICloud","choices":[{"index":0,"delta":{"content":"-","role":"assistant"},"finish_reason":null,"native_finish_reason":null}]}
--- CHUNK 1782908040167 bytes=292 ---
data: {"id":"gen-1782908033-5hL5OHK26tyK4QQsIA23","object":"chat.completion.chunk","created":1782908033,"model":"deepseek/deepseek-v4-flash-20260423","provider":"GMICloud","choices":[{"index":0,"delta":{"content":" **","role":"assistant"},"finish_reason":null,"native_finish_reason":null}]}


PARSED: {"id":"gen-1782908033-5hL5OHK26tyK4QQsIA23","object":"chat.completion.chunk","created":1782908033,"model":"deepseek/deepseek-v4-flash-20260423","provider":"GMICloud","choices":[{"index":0,"delta":{"content":" **","role":"assistant"},"finish_reason":null,"native_finish_reason":null}]}
--- CHUNK 1782908040171 bytes=295 ---
data: {"id":"gen-1782908033-5hL5OHK26tyK4QQsIA23","object":"chat.completion.chunk","created":1782908033,"model":"deepseek/deepseek-v4-flash-20260423","provider":"GMICloud","choices":[{"index":0,"delta":{"content":"同步","role":"assistant"},"finish_reason":null,"native_finish_reason":null}]}


PARSED: {"id":"gen-1782908033-5hL5OHK26tyK4QQsIA23","object":"chat.completion.chunk","created":1782908033,"model":"deepseek/deepseek-v4-flash-20260423","provider":"GMICloud","choices":[{"index":0,"delta":{"content":"同步","role":"assistant"},"finish_reason":null,"native_finish_reason":null}]}
--- CHUNK 1782908040172 bytes=292 ---
data: {"id":"gen-1782908033-5hL5OHK26tyK4QQsIA23","object":"chat.completion.chunk","created":1782908033,"model":"deepseek/deepseek-v4-flash-20260423","provider":"GMICloud","choices":[{"index":0,"delta":{"content":"閘","role":"assistant"},"finish_reason":null,"native_finish_reason":null}]}


PARSED: {"id":"gen-1782908033-5hL5OHK26tyK4QQsIA23","object":"chat.completion.chunk","created":1782908033,"model":"deepseek/deepseek-v4-flash-20260423","provider":"GMICloud","choices":[{"index":0,"delta":{"content":"閘","role":"assistant"},"finish_reason":null,"native_finish_reason":null}]}
--- CHUNK 1782908040173 bytes=292 ---
data: {"id":"gen-1782908033-5hL5OHK26tyK4QQsIA23","object":"chat.completion.chunk","created":1782908033,"model":"deepseek/deepseek-v4-flash-20260423","provider":"GMICloud","choices":[{"index":0,"delta":{"content":"道","role":"assistant"},"finish_reason":null,"native_finish_reason":null}]}


PARSED: {"id":"gen-1782908033-5hL5OHK26tyK4QQsIA23","object":"chat.completion.chunk","created":1782908033,"model":"deepseek/deepseek-v4-flash-20260423","provider":"GMICloud","choices":[{"index":0,"delta":{"content":"道","role":"assistant"},"finish_reason":null,"native_finish_reason":null}]}
--- CHUNK 1782908040173 bytes=291 ---
data: {"id":"gen-1782908033-5hL5OHK26tyK4QQsIA23","object":"chat.completion.chunk","created":1782908033,"model":"deepseek/deepseek-v4-flash-20260423","provider":"GMICloud","choices":[{"index":0,"delta":{"content":"**","role":"assistant"},"finish_reason":null,"native_finish_reason":null}]}


PARSED: {"id":"gen-1782908033-5hL5OHK26tyK4QQsIA23","object":"chat.completion.chunk","created":1782908033,"model":"deepseek/deepseek-v4-flash-20260423","provider":"GMICloud","choices":[{"index":0,"delta":{"content":"**","role":"assistant"},"finish_reason":null,"native_finish_reason":null}]}
--- CHUNK 1782908040174 bytes=293 ---
data: {"id":"gen-1782908033-5hL5OHK26tyK4QQsIA23","object":"chat.completion.chunk","created":1782908033,"model":"deepseek/deepseek-v4-flash-20260423","provider":"GMICloud","choices":[{"index":0,"delta":{"content":" —","role":"assistant"},"finish_reason":null,"native_finish_reason":null}]}


PARSED: {"id":"gen-1782908033-5hL5OHK26tyK4QQsIA23","object":"chat.completion.chunk","created":1782908033,"model":"deepseek/deepseek-v4-flash-20260423","provider":"GMICloud","choices":[{"index":0,"delta":{"content":" —","role":"assistant"},"finish_reason":null,"native_finish_reason":null}]}
--- CHUNK 1782908040175 bytes=290 ---
data: {"id":"gen-1782908033-5hL5OHK26tyK4QQsIA23","object":"chat.completion.chunk","created":1782908033,"model":"deepseek/deepseek-v4-flash-20260423","provider":"GMICloud","choices":[{"index":0,"delta":{"content":" ","role":"assistant"},"finish_reason":null,"native_finish_reason":null}]}


PARSED: {"id":"gen-1782908033-5hL5OHK26tyK4QQsIA23","object":"chat.completion.chunk","created":1782908033,"model":"deepseek/deepseek-v4-flash-20260423","provider":"GMICloud","choices":[{"index":0,"delta":{"content":" ","role":"assistant"},"finish_reason":null,"native_finish_reason":null}]}
--- CHUNK 1782908040181 bytes=292 ---
data: {"id":"gen-1782908033-5hL5OHK26tyK4QQsIA23","object":"chat.completion.chunk","created":1782908033,"model":"deepseek/deepseek-v4-flash-20260423","provider":"GMICloud","choices":[{"index":0,"delta":{"content":"沙","role":"assistant"},"finish_reason":null,"native_finish_reason":null}]}


PARSED: {"id":"gen-1782908033-5hL5OHK26tyK4QQsIA23","object":"chat.completion.chunk","created":1782908033,"model":"deepseek/deepseek-v4-flash-20260423","provider":"GMICloud","choices":[{"index":0,"delta":{"content":"沙","role":"assistant"},"finish_reason":null,"native_finish_reason":null}]}
--- CHUNK 1782908040181 bytes=292 ---
data: {"id":"gen-1782908033-5hL5OHK26tyK4QQsIA23","object":"chat.completion.chunk","created":1782908033,"model":"deepseek/deepseek-v4-flash-20260423","provider":"GMICloud","choices":[{"index":0,"delta":{"content":"箱","role":"assistant"},"finish_reason":null,"native_finish_reason":null}]}


PARSED: {"id":"gen-1782908033-5hL5OHK26tyK4QQsIA23","object":"chat.completion.chunk","created":1782908033,"model":"deepseek/deepseek-v4-flash-20260423","provider":"GMICloud","choices":[{"index":0,"delta":{"content":"箱","role":"assistant"},"finish_reason":null,"native_finish_reason":null}]}
--- CHUNK 1782908040182 bytes=293 ---
data: {"id":"gen-1782908033-5hL5OHK26tyK4QQsIA23","object":"chat.completion.chunk","created":1782908033,"model":"deepseek/deepseek-v4-flash-20260423","provider":"GMICloud","choices":[{"index":0,"delta":{"content":" →","role":"assistant"},"finish_reason":null,"native_finish_reason":null}]}


PARSED: {"id":"gen-1782908033-5hL5OHK26tyK4QQsIA23","object":"chat.completion.chunk","created":1782908033,"model":"deepseek/deepseek-v4-flash-20260423","provider":"GMICloud","choices":[{"index":0,"delta":{"content":" →","role":"assistant"},"finish_reason":null,"native_finish_reason":null}]}
--- CHUNK 1782908040183 bytes=290 ---
data: {"id":"gen-1782908033-5hL5OHK26tyK4QQsIA23","object":"chat.completion.chunk","created":1782908033,"model":"deepseek/deepseek-v4-flash-20260423","provider":"GMICloud","choices":[{"index":0,"delta":{"content":" ","role":"assistant"},"finish_reason":null,"native_finish_reason":null}]}


PARSED: {"id":"gen-1782908033-5hL5OHK26tyK4QQsIA23","object":"chat.completion.chunk","created":1782908033,"model":"deepseek/deepseek-v4-flash-20260423","provider":"GMICloud","choices":[{"index":0,"delta":{"content":" ","role":"assistant"},"finish_reason":null,"native_finish_reason":null}]}
--- CHUNK 1782908040186 bytes=584 ---
data: {"id":"gen-1782908033-5hL5OHK26tyK4QQsIA23","object":"chat.completion.chunk","created":1782908033,"model":"deepseek/deepseek-v4-flash-20260423","provider":"GMICloud","choices":[{"index":0,"delta":{"content":"主","role":"assistant"},"finish_reason":null,"native_finish_reason":null}]}

data: {"id":"gen-1782908033-5hL5OHK26tyK4QQsIA23","object":"chat.completion.chunk","created":1782908033,"model":"deepseek/deepseek-v4-flash-20260423","provider":"GMICloud","choices":[{"index":0,"delta":{"content":"機","role":"assistant"},"finish_reason":null,"native_finish_reason":null}]}


PARSED: {"id":"gen-1782908033-5hL5OHK26tyK4QQsIA23","object":"chat.completion.chunk","created":1782908033,"model":"deepseek/deepseek-v4-flash-20260423","provider":"GMICloud","choices":[{"index":0,"delta":{"content":"主","role":"assistant"},"finish_reason":null,"native_finish_reason":null}]}
PARSED: {"id":"gen-1782908033-5hL5OHK26tyK4QQsIA23","object":"chat.completion.chunk","created":1782908033,"model":"deepseek/deepseek-v4-flash-20260423","provider":"GMICloud","choices":[{"index":0,"delta":{"content":"機","role":"assistant"},"finish_reason":null,"native_finish_reason":null}]}
--- CHUNK 1782908040191 bytes=587 ---
data: {"id":"gen-1782908033-5hL5OHK26tyK4QQsIA23","object":"chat.completion.chunk","created":1782908033,"model":"deepseek/deepseek-v4-flash-20260423","provider":"GMICloud","choices":[{"index":0,"delta":{"content":"的","role":"assistant"},"finish_reason":null,"native_finish_reason":null}]}

data: {"id":"gen-1782908033-5hL5OHK26tyK4QQsIA23","object":"chat.completion.chunk","created":1782908033,"model":"deepseek/deepseek-v4-flash-20260423","provider":"GMICloud","choices":[{"index":0,"delta":{"content":"資料","role":"assistant"},"finish_reason":null,"native_finish_reason":null}]}


PARSED: {"id":"gen-1782908033-5hL5OHK26tyK4QQsIA23","object":"chat.completion.chunk","created":1782908033,"model":"deepseek/deepseek-v4-flash-20260423","provider":"GMICloud","choices":[{"index":0,"delta":{"content":"的","role":"assistant"},"finish_reason":null,"native_finish_reason":null}]}
PARSED: {"id":"gen-1782908033-5hL5OHK26tyK4QQsIA23","object":"chat.completion.chunk","created":1782908033,"model":"deepseek/deepseek-v4-flash-20260423","provider":"GMICloud","choices":[{"index":0,"delta":{"content":"資料","role":"assistant"},"finish_reason":null,"native_finish_reason":null}]}
--- CHUNK 1782908040191 bytes=292 ---
data: {"id":"gen-1782908033-5hL5OHK26tyK4QQsIA23","object":"chat.completion.chunk","created":1782908033,"model":"deepseek/deepseek-v4-flash-20260423","provider":"GMICloud","choices":[{"index":0,"delta":{"content":"變","role":"assistant"},"finish_reason":null,"native_finish_reason":null}]}


PARSED: {"id":"gen-1782908033-5hL5OHK26tyK4QQsIA23","object":"chat.completion.chunk","created":1782908033,"model":"deepseek/deepseek-v4-flash-20260423","provider":"GMICloud","choices":[{"index":0,"delta":{"content":"變","role":"assistant"},"finish_reason":null,"native_finish_reason":null}]}
--- CHUNK 1782908040194 bytes=298 ---
data: {"id":"gen-1782908033-5hL5OHK26tyK4QQsIA23","object":"chat.completion.chunk","created":1782908033,"model":"deepseek/deepseek-v4-flash-20260423","provider":"GMICloud","choices":[{"index":0,"delta":{"content":"更需要","role":"assistant"},"finish_reason":null,"native_finish_reason":null}]}


PARSED: {"id":"gen-1782908033-5hL5OHK26tyK4QQsIA23","object":"chat.completion.chunk","created":1782908033,"model":"deepseek/deepseek-v4-flash-20260423","provider":"GMICloud","choices":[{"index":0,"delta":{"content":"更需要","role":"assistant"},"finish_reason":null,"native_finish_reason":null}]}
--- CHUNK 1782908040197 bytes=295 ---
data: {"id":"gen-1782908033-5hL5OHK26tyK4QQsIA23","object":"chat.completion.chunk","created":1782908033,"model":"deepseek/deepseek-v4-flash-20260423","provider":"GMICloud","choices":[{"index":0,"delta":{"content":"人工","role":"assistant"},"finish_reason":null,"native_finish_reason":null}]}


PARSED: {"id":"gen-1782908033-5hL5OHK26tyK4QQsIA23","object":"chat.completion.chunk","created":1782908033,"model":"deepseek/deepseek-v4-flash-20260423","provider":"GMICloud","choices":[{"index":0,"delta":{"content":"人工","role":"assistant"},"finish_reason":null,"native_finish_reason":null}]}
--- CHUNK 1782908040199 bytes=294 ---
data: {"id":"gen-1782908033-5hL5OHK26tyK4QQsIA23","object":"chat.completion.chunk","created":1782908033,"model":"deepseek/deepseek-v4-flash-20260423","provider":"GMICloud","choices":[{"index":0,"delta":{"content":" diff","role":"assistant"},"finish_reason":null,"native_finish_reason":null}]}


PARSED: {"id":"gen-1782908033-5hL5OHK26tyK4QQsIA23","object":"chat.completion.chunk","created":1782908033,"model":"deepseek/deepseek-v4-flash-20260423","provider":"GMICloud","choices":[{"index":0,"delta":{"content":" diff","role":"assistant"},"finish_reason":null,"native_finish_reason":null}]}
--- CHUNK 1782908040203 bytes=290 ---
data: {"id":"gen-1782908033-5hL5OHK26tyK4QQsIA23","object":"chat.completion.chunk","created":1782908033,"model":"deepseek/deepseek-v4-flash-20260423","provider":"GMICloud","choices":[{"index":0,"delta":{"content":" ","role":"assistant"},"finish_reason":null,"native_finish_reason":null}]}


PARSED: {"id":"gen-1782908033-5hL5OHK26tyK4QQsIA23","object":"chat.completion.chunk","created":1782908033,"model":"deepseek/deepseek-v4-flash-20260423","provider":"GMICloud","choices":[{"index":0,"delta":{"content":" ","role":"assistant"},"finish_reason":null,"native_finish_reason":null}]}
--- CHUNK 1782908040203 bytes=292 ---
data: {"id":"gen-1782908033-5hL5OHK26tyK4QQsIA23","object":"chat.completion.chunk","created":1782908033,"model":"deepseek/deepseek-v4-flash-20260423","provider":"GMICloud","choices":[{"index":0,"delta":{"content":"審","role":"assistant"},"finish_reason":null,"native_finish_reason":null}]}


PARSED: {"id":"gen-1782908033-5hL5OHK26tyK4QQsIA23","object":"chat.completion.chunk","created":1782908033,"model":"deepseek/deepseek-v4-flash-20260423","provider":"GMICloud","choices":[{"index":0,"delta":{"content":"審","role":"assistant"},"finish_reason":null,"native_finish_reason":null}]}
--- CHUNK 1782908040205 bytes=292 ---
data: {"id":"gen-1782908033-5hL5OHK26tyK4QQsIA23","object":"chat.completion.chunk","created":1782908033,"model":"deepseek/deepseek-v4-flash-20260423","provider":"GMICloud","choices":[{"index":0,"delta":{"content":"核","role":"assistant"},"finish_reason":null,"native_finish_reason":null}]}


PARSED: {"id":"gen-1782908033-5hL5OHK26tyK4QQsIA23","object":"chat.completion.chunk","created":1782908033,"model":"deepseek/deepseek-v4-flash-20260423","provider":"GMICloud","choices":[{"index":0,"delta":{"content":"核","role":"assistant"},"finish_reason":null,"native_finish_reason":null}]}
--- CHUNK 1782908040207 bytes=295 ---
data: {"id":"gen-1782908033-5hL5OHK26tyK4QQsIA23","object":"chat.completion.chunk","created":1782908033,"model":"deepseek/deepseek-v4-flash-20260423","provider":"GMICloud","choices":[{"index":0,"delta":{"content":"才能","role":"assistant"},"finish_reason":null,"native_finish_reason":null}]}


PARSED: {"id":"gen-1782908033-5hL5OHK26tyK4QQsIA23","object":"chat.completion.chunk","created":1782908033,"model":"deepseek/deepseek-v4-flash-20260423","provider":"GMICloud","choices":[{"index":0,"delta":{"content":"才能","role":"assistant"},"finish_reason":null,"native_finish_reason":null}]}
--- CHUNK 1782908040209 bytes=295 ---
data: {"id":"gen-1782908033-5hL5OHK26tyK4QQsIA23","object":"chat.completion.chunk","created":1782908033,"model":"deepseek/deepseek-v4-flash-20260423","provider":"GMICloud","choices":[{"index":0,"delta":{"content":"通過","role":"assistant"},"finish_reason":null,"native_finish_reason":null}]}


PARSED: {"id":"gen-1782908033-5hL5OHK26tyK4QQsIA23","object":"chat.completion.chunk","created":1782908033,"model":"deepseek/deepseek-v4-flash-20260423","provider":"GMICloud","choices":[{"index":0,"delta":{"content":"通過","role":"assistant"},"finish_reason":null,"native_finish_reason":null}]}
--- CHUNK 1782908040210 bytes=291 ---
data: {"id":"gen-1782908033-5hL5OHK26tyK4QQsIA23","object":"chat.completion.chunk","created":1782908033,"model":"deepseek/deepseek-v4-flash-20260423","provider":"GMICloud","choices":[{"index":0,"delta":{"content":"\n","role":"assistant"},"finish_reason":null,"native_finish_reason":null}]}


PARSED: {"id":"gen-1782908033-5hL5OHK26tyK4QQsIA23","object":"chat.completion.chunk","created":1782908033,"model":"deepseek/deepseek-v4-flash-20260423","provider":"GMICloud","choices":[{"index":0,"delta":{"content":"\n","role":"assistant"},"finish_reason":null,"native_finish_reason":null}]}
--- CHUNK 1782908040227 bytes=582 ---
data: {"id":"gen-1782908033-5hL5OHK26tyK4QQsIA23","object":"chat.completion.chunk","created":1782908033,"model":"deepseek/deepseek-v4-flash-20260423","provider":"GMICloud","choices":[{"index":0,"delta":{"content":"-","role":"assistant"},"finish_reason":null,"native_finish_reason":null}]}

data: {"id":"gen-1782908033-5hL5OHK26tyK4QQsIA23","object":"chat.completion.chunk","created":1782908033,"model":"deepseek/deepseek-v4-flash-20260423","provider":"GMICloud","choices":[{"index":0,"delta":{"content":" **","role":"assistant"},"finish_reason":null,"native_finish_reason":null}]}


PARSED: {"id":"gen-1782908033-5hL5OHK26tyK4QQsIA23","object":"chat.completion.chunk","created":1782908033,"model":"deepseek/deepseek-v4-flash-20260423","provider":"GMICloud","choices":[{"index":0,"delta":{"content":"-","role":"assistant"},"finish_reason":null,"native_finish_reason":null}]}
PARSED: {"id":"gen-1782908033-5hL5OHK26tyK4QQsIA23","object":"chat.completion.chunk","created":1782908033,"model":"deepseek/deepseek-v4-flash-20260423","provider":"GMICloud","choices":[{"index":0,"delta":{"content":" **","role":"assistant"},"finish_reason":null,"native_finish_reason":null}]}
--- CHUNK 1782908040227 bytes=293 ---
data: {"id":"gen-1782908033-5hL5OHK26tyK4QQsIA23","object":"chat.completion.chunk","created":1782908033,"model":"deepseek/deepseek-v4-flash-20260423","provider":"GMICloud","choices":[{"index":0,"delta":{"content":"Tool","role":"assistant"},"finish_reason":null,"native_finish_reason":null}]}


PARSED: {"id":"gen-1782908033-5hL5OHK26tyK4QQsIA23","object":"chat.completion.chunk","created":1782908033,"model":"deepseek/deepseek-v4-flash-20260423","provider":"GMICloud","choices":[{"index":0,"delta":{"content":"Tool","role":"assistant"},"finish_reason":null,"native_finish_reason":null}]}
--- CHUNK 1782908040227 bytes=295 ---
data: {"id":"gen-1782908033-5hL5OHK26tyK4QQsIA23","object":"chat.completion.chunk","created":1782908033,"model":"deepseek/deepseek-v4-flash-20260423","provider":"GMICloud","choices":[{"index":0,"delta":{"content":" Proxy","role":"assistant"},"finish_reason":null,"native_finish_reason":null}]}


PARSED: {"id":"gen-1782908033-5hL5OHK26tyK4QQsIA23","object":"chat.completion.chunk","created":1782908033,"model":"deepseek/deepseek-v4-flash-20260423","provider":"GMICloud","choices":[{"index":0,"delta":{"content":" Proxy","role":"assistant"},"finish_reason":null,"native_finish_reason":null}]}
--- CHUNK 1782908040232 bytes=291 ---
data: {"id":"gen-1782908033-5hL5OHK26tyK4QQsIA23","object":"chat.completion.chunk","created":1782908033,"model":"deepseek/deepseek-v4-flash-20260423","provider":"GMICloud","choices":[{"index":0,"delta":{"content":"**","role":"assistant"},"finish_reason":null,"native_finish_reason":null}]}


PARSED: {"id":"gen-1782908033-5hL5OHK26tyK4QQsIA23","object":"chat.completion.chunk","created":1782908033,"model":"deepseek/deepseek-v4-flash-20260423","provider":"GMICloud","choices":[{"index":0,"delta":{"content":"**","role":"assistant"},"finish_reason":null,"native_finish_reason":null}]}
--- CHUNK 1782908040232 bytes=293 ---
data: {"id":"gen-1782908033-5hL5OHK26tyK4QQsIA23","object":"chat.completion.chunk","created":1782908033,"model":"deepseek/deepseek-v4-flash-20260423","provider":"GMICloud","choices":[{"index":0,"delta":{"content":" —","role":"assistant"},"finish_reason":null,"native_finish_reason":null}]}


PARSED: {"id":"gen-1782908033-5hL5OHK26tyK4QQsIA23","object":"chat.completion.chunk","created":1782908033,"model":"deepseek/deepseek-v4-flash-20260423","provider":"GMICloud","choices":[{"index":0,"delta":{"content":" —","role":"assistant"},"finish_reason":null,"native_finish_reason":null}]}
--- CHUNK 1782908040232 bytes=585 ---
data: {"id":"gen-1782908033-5hL5OHK26tyK4QQsIA23","object":"chat.completion.chunk","created":1782908033,"model":"deepseek/deepseek-v4-flash-20260423","provider":"GMICloud","choices":[{"index":0,"delta":{"content":" ","role":"assistant"},"finish_reason":null,"native_finish_reason":null}]}

data: {"id":"gen-1782908033-5hL5OHK26tyK4QQsIA23","object":"chat.completion.chunk","created":1782908033,"model":"deepseek/deepseek-v4-flash-20260423","provider":"GMICloud","choices":[{"index":0,"delta":{"content":"外部","role":"assistant"},"finish_reason":null,"native_finish_reason":null}]}


PARSED: {"id":"gen-1782908033-5hL5OHK26tyK4QQsIA23","object":"chat.completion.chunk","created":1782908033,"model":"deepseek/deepseek-v4-flash-20260423","provider":"GMICloud","choices":[{"index":0,"delta":{"content":" ","role":"assistant"},"finish_reason":null,"native_finish_reason":null}]}
PARSED: {"id":"gen-1782908033-5hL5OHK26tyK4QQsIA23","object":"chat.completion.chunk","created":1782908033,"model":"deepseek/deepseek-v4-flash-20260423","provider":"GMICloud","choices":[{"index":0,"delta":{"content":"外部","role":"assistant"},"finish_reason":null,"native_finish_reason":null}]}
--- CHUNK 1782908040241 bytes=293 ---
data: {"id":"gen-1782908033-5hL5OHK26tyK4QQsIA23","object":"chat.completion.chunk","created":1782908033,"model":"deepseek/deepseek-v4-flash-20260423","provider":"GMICloud","choices":[{"index":0,"delta":{"content":" API","role":"assistant"},"finish_reason":null,"native_finish_reason":null}]}


PARSED: {"id":"gen-1782908033-5hL5OHK26tyK4QQsIA23","object":"chat.completion.chunk","created":1782908033,"model":"deepseek/deepseek-v4-flash-20260423","provider":"GMICloud","choices":[{"index":0,"delta":{"content":" API","role":"assistant"},"finish_reason":null,"native_finish_reason":null}]}
--- CHUNK 1782908040253 bytes=290 ---
data: {"id":"gen-1782908033-5hL5OHK26tyK4QQsIA23","object":"chat.completion.chunk","created":1782908033,"model":"deepseek/deepseek-v4-flash-20260423","provider":"GMICloud","choices":[{"index":0,"delta":{"content":" ","role":"assistant"},"finish_reason":null,"native_finish_reason":null}]}


PARSED: {"id":"gen-1782908033-5hL5OHK26tyK4QQsIA23","object":"chat.completion.chunk","created":1782908033,"model":"deepseek/deepseek-v4-flash-20260423","provider":"GMICloud","choices":[{"index":0,"delta":{"content":" ","role":"assistant"},"finish_reason":null,"native_finish_reason":null}]}
--- CHUNK 1782908040287 bytes=295 ---
data: {"id":"gen-1782908033-5hL5OHK26tyK4QQsIA23","object":"chat.completion.chunk","created":1782908033,"model":"deepseek/deepseek-v4-flash-20260423","provider":"GMICloud","choices":[{"index":0,"delta":{"content":"的金","role":"assistant"},"finish_reason":null,"native_finish_reason":null}]}


PARSED: {"id":"gen-1782908033-5hL5OHK26tyK4QQsIA23","object":"chat.completion.chunk","created":1782908033,"model":"deepseek/deepseek-v4-flash-20260423","provider":"GMICloud","choices":[{"index":0,"delta":{"content":"的金","role":"assistant"},"finish_reason":null,"native_finish_reason":null}]}
--- CHUNK 1782908040334 bytes=292 ---
data: {"id":"gen-1782908033-5hL5OHK26tyK4QQsIA23","object":"chat.completion.chunk","created":1782908033,"model":"deepseek/deepseek-v4-flash-20260423","provider":"GMICloud","choices":[{"index":0,"delta":{"content":"鑰","role":"assistant"},"finish_reason":null,"native_finish_reason":null}]}


PARSED: {"id":"gen-1782908033-5hL5OHK26tyK4QQsIA23","object":"chat.completion.chunk","created":1782908033,"model":"deepseek/deepseek-v4-flash-20260423","provider":"GMICloud","choices":[{"index":0,"delta":{"content":"鑰","role":"assistant"},"finish_reason":null,"native_finish_reason":null}]}
--- CHUNK 1782908040336 bytes=292 ---
data: {"id":"gen-1782908033-5hL5OHK26tyK4QQsIA23","object":"chat.completion.chunk","created":1782908033,"model":"deepseek/deepseek-v4-flash-20260423","provider":"GMICloud","choices":[{"index":0,"delta":{"content":"由","role":"assistant"},"finish_reason":null,"native_finish_reason":null}]}


PARSED: {"id":"gen-1782908033-5hL5OHK26tyK4QQsIA23","object":"chat.completion.chunk","created":1782908033,"model":"deepseek/deepseek-v4-flash-20260423","provider":"GMICloud","choices":[{"index":0,"delta":{"content":"由","role":"assistant"},"finish_reason":null,"native_finish_reason":null}]}
--- CHUNK 1782908040344 bytes=296 ---
data: {"id":"gen-1782908033-5hL5OHK26tyK4QQsIA23","object":"chat.completion.chunk","created":1782908033,"model":"deepseek/deepseek-v4-flash-20260423","provider":"GMICloud","choices":[{"index":0,"delta":{"content":" Bridge","role":"assistant"},"finish_reason":null,"native_finish_reason":null}]}


PARSED: {"id":"gen-1782908033-5hL5OHK26tyK4QQsIA23","object":"chat.completion.chunk","created":1782908033,"model":"deepseek/deepseek-v4-flash-20260423","provider":"GMICloud","choices":[{"index":0,"delta":{"content":" Bridge","role":"assistant"},"finish_reason":null,"native_finish_reason":null}]}
--- CHUNK 1782908040376 bytes=290 ---
data: {"id":"gen-1782908033-5hL5OHK26tyK4QQsIA23","object":"chat.completion.chunk","created":1782908033,"model":"deepseek/deepseek-v4-flash-20260423","provider":"GMICloud","choices":[{"index":0,"delta":{"content":" ","role":"assistant"},"finish_reason":null,"native_finish_reason":null}]}


PARSED: {"id":"gen-1782908033-5hL5OHK26tyK4QQsIA23","object":"chat.completion.chunk","created":1782908033,"model":"deepseek/deepseek-v4-flash-20260423","provider":"GMICloud","choices":[{"index":0,"delta":{"content":" ","role":"assistant"},"finish_reason":null,"native_finish_reason":null}]}
--- CHUNK 1782908040376 bytes=292 ---
data: {"id":"gen-1782908033-5hL5OHK26tyK4QQsIA23","object":"chat.completion.chunk","created":1782908033,"model":"deepseek/deepseek-v4-flash-20260423","provider":"GMICloud","choices":[{"index":0,"delta":{"content":"代","role":"assistant"},"finish_reason":null,"native_finish_reason":null}]}


PARSED: {"id":"gen-1782908033-5hL5OHK26tyK4QQsIA23","object":"chat.completion.chunk","created":1782908033,"model":"deepseek/deepseek-v4-flash-20260423","provider":"GMICloud","choices":[{"index":0,"delta":{"content":"代","role":"assistant"},"finish_reason":null,"native_finish_reason":null}]}
--- CHUNK 1782908040431 bytes=292 ---
data: {"id":"gen-1782908033-5hL5OHK26tyK4QQsIA23","object":"chat.completion.chunk","created":1782908033,"model":"deepseek/deepseek-v4-flash-20260423","provider":"GMICloud","choices":[{"index":0,"delta":{"content":"管","role":"assistant"},"finish_reason":null,"native_finish_reason":null}]}


PARSED: {"id":"gen-1782908033-5hL5OHK26tyK4QQsIA23","object":"chat.completion.chunk","created":1782908033,"model":"deepseek/deepseek-v4-flash-20260423","provider":"GMICloud","choices":[{"index":0,"delta":{"content":"管","role":"assistant"},"finish_reason":null,"native_finish_reason":null}]}
--- CHUNK 1782908040432 bytes=292 ---
data: {"id":"gen-1782908033-5hL5OHK26tyK4QQsIA23","object":"chat.completion.chunk","created":1782908033,"model":"deepseek/deepseek-v4-flash-20260423","provider":"GMICloud","choices":[{"index":0,"delta":{"content":"，","role":"assistant"},"finish_reason":null,"native_finish_reason":null}]}


PARSED: {"id":"gen-1782908033-5hL5OHK26tyK4QQsIA23","object":"chat.completion.chunk","created":1782908033,"model":"deepseek/deepseek-v4-flash-20260423","provider":"GMICloud","choices":[{"index":0,"delta":{"content":"，","role":"assistant"},"finish_reason":null,"native_finish_reason":null}]}
--- CHUNK 1782908040446 bytes=292 ---
data: {"id":"gen-1782908033-5hL5OHK26tyK4QQsIA23","object":"chat.completion.chunk","created":1782908033,"model":"deepseek/deepseek-v4-flash-20260423","provider":"GMICloud","choices":[{"index":0,"delta":{"content":"不","role":"assistant"},"finish_reason":null,"native_finish_reason":null}]}


PARSED: {"id":"gen-1782908033-5hL5OHK26tyK4QQsIA23","object":"chat.completion.chunk","created":1782908033,"model":"deepseek/deepseek-v4-flash-20260423","provider":"GMICloud","choices":[{"index":0,"delta":{"content":"不","role":"assistant"},"finish_reason":null,"native_finish_reason":null}]}
--- CHUNK 1782908040472 bytes=295 ---
data: {"id":"gen-1782908033-5hL5OHK26tyK4QQsIA23","object":"chat.completion.chunk","created":1782908033,"model":"deepseek/deepseek-v4-flash-20260423","provider":"GMICloud","choices":[{"index":0,"delta":{"content":"進入","role":"assistant"},"finish_reason":null,"native_finish_reason":null}]}


PARSED: {"id":"gen-1782908033-5hL5OHK26tyK4QQsIA23","object":"chat.completion.chunk","created":1782908033,"model":"deepseek/deepseek-v4-flash-20260423","provider":"GMICloud","choices":[{"index":0,"delta":{"content":"進入","role":"assistant"},"finish_reason":null,"native_finish_reason":null}]}
--- CHUNK 1782908040474 bytes=292 ---
data: {"id":"gen-1782908033-5hL5OHK26tyK4QQsIA23","object":"chat.completion.chunk","created":1782908033,"model":"deepseek/deepseek-v4-flash-20260423","provider":"GMICloud","choices":[{"index":0,"delta":{"content":"沙","role":"assistant"},"finish_reason":null,"native_finish_reason":null}]}


PARSED: {"id":"gen-1782908033-5hL5OHK26tyK4QQsIA23","object":"chat.completion.chunk","created":1782908033,"model":"deepseek/deepseek-v4-flash-20260423","provider":"GMICloud","choices":[{"index":0,"delta":{"content":"沙","role":"assistant"},"finish_reason":null,"native_finish_reason":null}]}
--- CHUNK 1782908040557 bytes=292 ---
data: {"id":"gen-1782908033-5hL5OHK26tyK4QQsIA23","object":"chat.completion.chunk","created":1782908033,"model":"deepseek/deepseek-v4-flash-20260423","provider":"GMICloud","choices":[{"index":0,"delta":{"content":"箱","role":"assistant"},"finish_reason":null,"native_finish_reason":null}]}


PARSED: {"id":"gen-1782908033-5hL5OHK26tyK4QQsIA23","object":"chat.completion.chunk","created":1782908033,"model":"deepseek/deepseek-v4-flash-20260423","provider":"GMICloud","choices":[{"index":0,"delta":{"content":"箱","role":"assistant"},"finish_reason":null,"native_finish_reason":null}]}
--- CHUNK 1782908040570 bytes=291 ---
data: {"id":"gen-1782908033-5hL5OHK26tyK4QQsIA23","object":"chat.completion.chunk","created":1782908033,"model":"deepseek/deepseek-v4-flash-20260423","provider":"GMICloud","choices":[{"index":0,"delta":{"content":"\n","role":"assistant"},"finish_reason":null,"native_finish_reason":null}]}


PARSED: {"id":"gen-1782908033-5hL5OHK26tyK4QQsIA23","object":"chat.completion.chunk","created":1782908033,"model":"deepseek/deepseek-v4-flash-20260423","provider":"GMICloud","choices":[{"index":0,"delta":{"content":"\n","role":"assistant"},"finish_reason":null,"native_finish_reason":null}]}
--- CHUNK 1782908040570 bytes=290 ---
data: {"id":"gen-1782908033-5hL5OHK26tyK4QQsIA23","object":"chat.completion.chunk","created":1782908033,"model":"deepseek/deepseek-v4-flash-20260423","provider":"GMICloud","choices":[{"index":0,"delta":{"content":"-","role":"assistant"},"finish_reason":null,"native_finish_reason":null}]}


PARSED: {"id":"gen-1782908033-5hL5OHK26tyK4QQsIA23","object":"chat.completion.chunk","created":1782908033,"model":"deepseek/deepseek-v4-flash-20260423","provider":"GMICloud","choices":[{"index":0,"delta":{"content":"-","role":"assistant"},"finish_reason":null,"native_finish_reason":null}]}
--- CHUNK 1782908040570 bytes=292 ---
data: {"id":"gen-1782908033-5hL5OHK26tyK4QQsIA23","object":"chat.completion.chunk","created":1782908033,"model":"deepseek/deepseek-v4-flash-20260423","provider":"GMICloud","choices":[{"index":0,"delta":{"content":" **","role":"assistant"},"finish_reason":null,"native_finish_reason":null}]}


PARSED: {"id":"gen-1782908033-5hL5OHK26tyK4QQsIA23","object":"chat.completion.chunk","created":1782908033,"model":"deepseek/deepseek-v4-flash-20260423","provider":"GMICloud","choices":[{"index":0,"delta":{"content":" **","role":"assistant"},"finish_reason":null,"native_finish_reason":null}]}
--- CHUNK 1782908040578 bytes=295 ---
data: {"id":"gen-1782908033-5hL5OHK26tyK4QQsIA23","object":"chat.completion.chunk","created":1782908033,"model":"deepseek/deepseek-v4-flash-20260423","provider":"GMICloud","choices":[{"index":0,"delta":{"content":"容器","role":"assistant"},"finish_reason":null,"native_finish_reason":null}]}


PARSED: {"id":"gen-1782908033-5hL5OHK26tyK4QQsIA23","object":"chat.completion.chunk","created":1782908033,"model":"deepseek/deepseek-v4-flash-20260423","provider":"GMICloud","choices":[{"index":0,"delta":{"content":"容器","role":"assistant"},"finish_reason":null,"native_finish_reason":null}]}
--- CHUNK 1782908040578 bytes=295 ---
data: {"id":"gen-1782908033-5hL5OHK26tyK4QQsIA23","object":"chat.completion.chunk","created":1782908033,"model":"deepseek/deepseek-v4-flash-20260423","provider":"GMICloud","choices":[{"index":0,"delta":{"content":"管理","role":"assistant"},"finish_reason":null,"native_finish_reason":null}]}


PARSED: {"id":"gen-1782908033-5hL5OHK26tyK4QQsIA23","object":"chat.completion.chunk","created":1782908033,"model":"deepseek/deepseek-v4-flash-20260423","provider":"GMICloud","choices":[{"index":0,"delta":{"content":"管理","role":"assistant"},"finish_reason":null,"native_finish_reason":null}]}
--- CHUNK 1782908040578 bytes=291 ---
data: {"id":"gen-1782908033-5hL5OHK26tyK4QQsIA23","object":"chat.completion.chunk","created":1782908033,"model":"deepseek/deepseek-v4-flash-20260423","provider":"GMICloud","choices":[{"index":0,"delta":{"content":"**","role":"assistant"},"finish_reason":null,"native_finish_reason":null}]}


PARSED: {"id":"gen-1782908033-5hL5OHK26tyK4QQsIA23","object":"chat.completion.chunk","created":1782908033,"model":"deepseek/deepseek-v4-flash-20260423","provider":"GMICloud","choices":[{"index":0,"delta":{"content":"**","role":"assistant"},"finish_reason":null,"native_finish_reason":null}]}
--- CHUNK 1782908040584 bytes=583 ---
data: {"id":"gen-1782908033-5hL5OHK26tyK4QQsIA23","object":"chat.completion.chunk","created":1782908033,"model":"deepseek/deepseek-v4-flash-20260423","provider":"GMICloud","choices":[{"index":0,"delta":{"content":" —","role":"assistant"},"finish_reason":null,"native_finish_reason":null}]}

data: {"id":"gen-1782908033-5hL5OHK26tyK4QQsIA23","object":"chat.completion.chunk","created":1782908033,"model":"deepseek/deepseek-v4-flash-20260423","provider":"GMICloud","choices":[{"index":0,"delta":{"content":" ","role":"assistant"},"finish_reason":null,"native_finish_reason":null}]}


PARSED: {"id":"gen-1782908033-5hL5OHK26tyK4QQsIA23","object":"chat.completion.chunk","created":1782908033,"model":"deepseek/deepseek-v4-flash-20260423","provider":"GMICloud","choices":[{"index":0,"delta":{"content":" —","role":"assistant"},"finish_reason":null,"native_finish_reason":null}]}
PARSED: {"id":"gen-1782908033-5hL5OHK26tyK4QQsIA23","object":"chat.completion.chunk","created":1782908033,"model":"deepseek/deepseek-v4-flash-20260423","provider":"GMICloud","choices":[{"index":0,"delta":{"content":" ","role":"assistant"},"finish_reason":null,"native_finish_reason":null}]}
--- CHUNK 1782908040585 bytes=292 ---
data: {"id":"gen-1782908033-5hL5OHK26tyK4QQsIA23","object":"chat.completion.chunk","created":1782908033,"model":"deepseek/deepseek-v4-flash-20260423","provider":"GMICloud","choices":[{"index":0,"delta":{"content":"重","role":"assistant"},"finish_reason":null,"native_finish_reason":null}]}


PARSED: {"id":"gen-1782908033-5hL5OHK26tyK4QQsIA23","object":"chat.completion.chunk","created":1782908033,"model":"deepseek/deepseek-v4-flash-20260423","provider":"GMICloud","choices":[{"index":0,"delta":{"content":"重","role":"assistant"},"finish_reason":null,"native_finish_reason":null}]}
--- CHUNK 1782908040585 bytes=292 ---
data: {"id":"gen-1782908033-5hL5OHK26tyK4QQsIA23","object":"chat.completion.chunk","created":1782908033,"model":"deepseek/deepseek-v4-flash-20260423","provider":"GMICloud","choices":[{"index":0,"delta":{"content":"啟","role":"assistant"},"finish_reason":null,"native_finish_reason":null}]}


PARSED: {"id":"gen-1782908033-5hL5OHK26tyK4QQsIA23","object":"chat.completion.chunk","created":1782908033,"model":"deepseek/deepseek-v4-flash-20260423","provider":"GMICloud","choices":[{"index":0,"delta":{"content":"啟","role":"assistant"},"finish_reason":null,"native_finish_reason":null}]}
--- CHUNK 1782908040585 bytes=587 ---
data: {"id":"gen-1782908033-5hL5OHK26tyK4QQsIA23","object":"chat.completion.chunk","created":1782908033,"model":"deepseek/deepseek-v4-flash-20260423","provider":"GMICloud","choices":[{"index":0,"delta":{"content":"、","role":"assistant"},"finish_reason":null,"native_finish_reason":null}]}

data: {"id":"gen-1782908033-5hL5OHK26tyK4QQsIA23","object":"chat.completion.chunk","created":1782908033,"model":"deepseek/deepseek-v4-flash-20260423","provider":"GMICloud","choices":[{"index":0,"delta":{"content":"重建","role":"assistant"},"finish_reason":null,"native_finish_reason":null}]}


PARSED: {"id":"gen-1782908033-5hL5OHK26tyK4QQsIA23","object":"chat.completion.chunk","created":1782908033,"model":"deepseek/deepseek-v4-flash-20260423","provider":"GMICloud","choices":[{"index":0,"delta":{"content":"、","role":"assistant"},"finish_reason":null,"native_finish_reason":null}]}
PARSED: {"id":"gen-1782908033-5hL5OHK26tyK4QQsIA23","object":"chat.completion.chunk","created":1782908033,"model":"deepseek/deepseek-v4-flash-20260423","provider":"GMICloud","choices":[{"index":0,"delta":{"content":"重建","role":"assistant"},"finish_reason":null,"native_finish_reason":null}]}
--- CHUNK 1782908040618 bytes=587 ---
data: {"id":"gen-1782908033-5hL5OHK26tyK4QQsIA23","object":"chat.completion.chunk","created":1782908033,"model":"deepseek/deepseek-v4-flash-20260423","provider":"GMICloud","choices":[{"index":0,"delta":{"content":"、","role":"assistant"},"finish_reason":null,"native_finish_reason":null}]}

data: {"id":"gen-1782908033-5hL5OHK26tyK4QQsIA23","object":"chat.completion.chunk","created":1782908033,"model":"deepseek/deepseek-v4-flash-20260423","provider":"GMICloud","choices":[{"index":0,"delta":{"content":"狀態","role":"assistant"},"finish_reason":null,"native_finish_reason":null}]}


PARSED: {"id":"gen-1782908033-5hL5OHK26tyK4QQsIA23","object":"chat.completion.chunk","created":1782908033,"model":"deepseek/deepseek-v4-flash-20260423","provider":"GMICloud","choices":[{"index":0,"delta":{"content":"、","role":"assistant"},"finish_reason":null,"native_finish_reason":null}]}
PARSED: {"id":"gen-1782908033-5hL5OHK26tyK4QQsIA23","object":"chat.completion.chunk","created":1782908033,"model":"deepseek/deepseek-v4-flash-20260423","provider":"GMICloud","choices":[{"index":0,"delta":{"content":"狀態","role":"assistant"},"finish_reason":null,"native_finish_reason":null}]}
--- CHUNK 1782908040626 bytes=295 ---
data: {"id":"gen-1782908033-5hL5OHK26tyK4QQsIA23","object":"chat.completion.chunk","created":1782908033,"model":"deepseek/deepseek-v4-flash-20260423","provider":"GMICloud","choices":[{"index":0,"delta":{"content":"檢查","role":"assistant"},"finish_reason":null,"native_finish_reason":null}]}


PARSED: {"id":"gen-1782908033-5hL5OHK26tyK4QQsIA23","object":"chat.completion.chunk","created":1782908033,"model":"deepseek/deepseek-v4-flash-20260423","provider":"GMICloud","choices":[{"index":0,"delta":{"content":"檢查","role":"assistant"},"finish_reason":null,"native_finish_reason":null}]}
--- CHUNK 1782908040656 bytes=293 ---
data: {"id":"gen-1782908033-5hL5OHK26tyK4QQsIA23","object":"chat.completion.chunk","created":1782908033,"model":"deepseek/deepseek-v4-flash-20260423","provider":"GMICloud","choices":[{"index":0,"delta":{"content":"\n\n","role":"assistant"},"finish_reason":null,"native_finish_reason":null}]}


PARSED: {"id":"gen-1782908033-5hL5OHK26tyK4QQsIA23","object":"chat.completion.chunk","created":1782908033,"model":"deepseek/deepseek-v4-flash-20260423","provider":"GMICloud","choices":[{"index":0,"delta":{"content":"\n\n","role":"assistant"},"finish_reason":null,"native_finish_reason":null}]}
--- CHUNK 1782908040660 bytes=292 ---
data: {"id":"gen-1782908033-5hL5OHK26tyK4QQsIA23","object":"chat.completion.chunk","created":1782908033,"model":"deepseek/deepseek-v4-flash-20260423","provider":"GMICloud","choices":[{"index":0,"delta":{"content":"###","role":"assistant"},"finish_reason":null,"native_finish_reason":null}]}


PARSED: {"id":"gen-1782908033-5hL5OHK26tyK4QQsIA23","object":"chat.completion.chunk","created":1782908033,"model":"deepseek/deepseek-v4-flash-20260423","provider":"GMICloud","choices":[{"index":0,"delta":{"content":"###","role":"assistant"},"finish_reason":null,"native_finish_reason":null}]}
--- CHUNK 1782908040693 bytes=294 ---
data: {"id":"gen-1782908033-5hL5OHK26tyK4QQsIA23","object":"chat.completion.chunk","created":1782908033,"model":"deepseek/deepseek-v4-flash-20260423","provider":"GMICloud","choices":[{"index":0,"delta":{"content":" 💡","role":"assistant"},"finish_reason":null,"native_finish_reason":null}]}


PARSED: {"id":"gen-1782908033-5hL5OHK26tyK4QQsIA23","object":"chat.completion.chunk","created":1782908033,"model":"deepseek/deepseek-v4-flash-20260423","provider":"GMICloud","choices":[{"index":0,"delta":{"content":" 💡","role":"assistant"},"finish_reason":null,"native_finish_reason":null}]}
--- CHUNK 1782908040727 bytes=880 ---
data: {"id":"gen-1782908033-5hL5OHK26tyK4QQsIA23","object":"chat.completion.chunk","created":1782908033,"model":"deepseek/deepseek-v4-flash-20260423","provider":"GMICloud","choices":[{"index":0,"delta":{"content":" ","role":"assistant"},"finish_reason":null,"native_finish_reason":null}]}

data: {"id":"gen-1782908033-5hL5OHK26tyK4QQsIA23","object":"chat.completion.chunk","created":1782908033,"model":"deepseek/deepseek-v4-flash-20260423","provider":"GMICloud","choices":[{"index":0,"delta":{"content":"關鍵","role":"assistant"},"finish_reason":null,"native_finish_reason":null}]}

data: {"id":"gen-1782908033-5hL5OHK26tyK4QQsIA23","object":"chat.completion.chunk","created":1782908033,"model":"deepseek/deepseek-v4-flash-20260423","provider":"GMICloud","choices":[{"index":0,"delta":{"content":"設計","role":"assistant"},"finish_reason":null,"native_finish_reason":null}]}


PARSED: {"id":"gen-1782908033-5hL5OHK26tyK4QQsIA23","object":"chat.completion.chunk","created":1782908033,"model":"deepseek/deepseek-v4-flash-20260423","provider":"GMICloud","choices":[{"index":0,"delta":{"content":" ","role":"assistant"},"finish_reason":null,"native_finish_reason":null}]}
PARSED: {"id":"gen-1782908033-5hL5OHK26tyK4QQsIA23","object":"chat.completion.chunk","created":1782908033,"model":"deepseek/deepseek-v4-flash-20260423","provider":"GMICloud","choices":[{"index":0,"delta":{"content":"關鍵","role":"assistant"},"finish_reason":null,"native_finish_reason":null}]}
PARSED: {"id":"gen-1782908033-5hL5OHK26tyK4QQsIA23","object":"chat.completion.chunk","created":1782908033,"model":"deepseek/deepseek-v4-flash-20260423","provider":"GMICloud","choices":[{"index":0,"delta":{"content":"設計","role":"assistant"},"finish_reason":null,"native_finish_reason":null}]}
--- CHUNK 1782908040749 bytes=295 ---
data: {"id":"gen-1782908033-5hL5OHK26tyK4QQsIA23","object":"chat.completion.chunk","created":1782908033,"model":"deepseek/deepseek-v4-flash-20260423","provider":"GMICloud","choices":[{"index":0,"delta":{"content":"理念","role":"assistant"},"finish_reason":null,"native_finish_reason":null}]}


PARSED: {"id":"gen-1782908033-5hL5OHK26tyK4QQsIA23","object":"chat.completion.chunk","created":1782908033,"model":"deepseek/deepseek-v4-flash-20260423","provider":"GMICloud","choices":[{"index":0,"delta":{"content":"理念","role":"assistant"},"finish_reason":null,"native_finish_reason":null}]}
--- CHUNK 1782908040775 bytes=875 ---
data: {"id":"gen-1782908033-5hL5OHK26tyK4QQsIA23","object":"chat.completion.chunk","created":1782908033,"model":"deepseek/deepseek-v4-flash-20260423","provider":"GMICloud","choices":[{"index":0,"delta":{"content":"\n\n","role":"assistant"},"finish_reason":null,"native_finish_reason":null}]}

data: {"id":"gen-1782908033-5hL5OHK26tyK4QQsIA23","object":"chat.completion.chunk","created":1782908033,"model":"deepseek/deepseek-v4-flash-20260423","provider":"GMICloud","choices":[{"index":0,"delta":{"content":">","role":"assistant"},"finish_reason":null,"native_finish_reason":null}]}

data: {"id":"gen-1782908033-5hL5OHK26tyK4QQsIA23","object":"chat.completion.chunk","created":1782908033,"model":"deepseek/deepseek-v4-flash-20260423","provider":"GMICloud","choices":[{"index":0,"delta":{"content":" **","role":"assistant"},"finish_reason":null,"native_finish_reason":null}]}


PARSED: {"id":"gen-1782908033-5hL5OHK26tyK4QQsIA23","object":"chat.completion.chunk","created":1782908033,"model":"deepseek/deepseek-v4-flash-20260423","provider":"GMICloud","choices":[{"index":0,"delta":{"content":"\n\n","role":"assistant"},"finish_reason":null,"native_finish_reason":null}]}
PARSED: {"id":"gen-1782908033-5hL5OHK26tyK4QQsIA23","object":"chat.completion.chunk","created":1782908033,"model":"deepseek/deepseek-v4-flash-20260423","provider":"GMICloud","choices":[{"index":0,"delta":{"content":">","role":"assistant"},"finish_reason":null,"native_finish_reason":null}]}
PARSED: {"id":"gen-1782908033-5hL5OHK26tyK4QQsIA23","object":"chat.completion.chunk","created":1782908033,"model":"deepseek/deepseek-v4-flash-20260423","provider":"GMICloud","choices":[{"index":0,"delta":{"content":" **","role":"assistant"},"finish_reason":null,"native_finish_reason":null}]}
--- CHUNK 1782908040831 bytes=583 ---
data: {"id":"gen-1782908033-5hL5OHK26tyK4QQsIA23","object":"chat.completion.chunk","created":1782908033,"model":"deepseek/deepseek-v4-flash-20260423","provider":"GMICloud","choices":[{"index":0,"delta":{"content":"「","role":"assistant"},"finish_reason":null,"native_finish_reason":null}]}

data: {"id":"gen-1782908033-5hL5OHK26tyK4QQsIA23","object":"chat.completion.chunk","created":1782908033,"model":"deepseek/deepseek-v4-flash-20260423","provider":"GMICloud","choices":[{"index":0,"delta":{"content":"CL","role":"assistant"},"finish_reason":null,"native_finish_reason":null}]}


PARSED: {"id":"gen-1782908033-5hL5OHK26tyK4QQsIA23","object":"chat.completion.chunk","created":1782908033,"model":"deepseek/deepseek-v4-flash-20260423","provider":"GMICloud","choices":[{"index":0,"delta":{"content":"「","role":"assistant"},"finish_reason":null,"native_finish_reason":null}]}
PARSED: {"id":"gen-1782908033-5hL5OHK26tyK4QQsIA23","object":"chat.completion.chunk","created":1782908033,"model":"deepseek/deepseek-v4-flash-20260423","provider":"GMICloud","choices":[{"index":0,"delta":{"content":"CL","role":"assistant"},"finish_reason":null,"native_finish_reason":null}]}
--- CHUNK 1782908040831 bytes=580 ---
data: {"id":"gen-1782908033-5hL5OHK26tyK4QQsIA23","object":"chat.completion.chunk","created":1782908033,"model":"deepseek/deepseek-v4-flash-20260423","provider":"GMICloud","choices":[{"index":0,"delta":{"content":"I","role":"assistant"},"finish_reason":null,"native_finish_reason":null}]}

data: {"id":"gen-1782908033-5hL5OHK26tyK4QQsIA23","object":"chat.completion.chunk","created":1782908033,"model":"deepseek/deepseek-v4-flash-20260423","provider":"GMICloud","choices":[{"index":0,"delta":{"content":" ","role":"assistant"},"finish_reason":null,"native_finish_reason":null}]}


PARSED: {"id":"gen-1782908033-5hL5OHK26tyK4QQsIA23","object":"chat.completion.chunk","created":1782908033,"model":"deepseek/deepseek-v4-flash-20260423","provider":"GMICloud","choices":[{"index":0,"delta":{"content":"I","role":"assistant"},"finish_reason":null,"native_finish_reason":null}]}
PARSED: {"id":"gen-1782908033-5hL5OHK26tyK4QQsIA23","object":"chat.completion.chunk","created":1782908033,"model":"deepseek/deepseek-v4-flash-20260423","provider":"GMICloud","choices":[{"index":0,"delta":{"content":" ","role":"assistant"},"finish_reason":null,"native_finish_reason":null}]}
--- CHUNK 1782908040831 bytes=298 ---
data: {"id":"gen-1782908033-5hL5OHK26tyK4QQsIA23","object":"chat.completion.chunk","created":1782908033,"model":"deepseek/deepseek-v4-flash-20260423","provider":"GMICloud","choices":[{"index":0,"delta":{"content":"可以在","role":"assistant"},"finish_reason":null,"native_finish_reason":null}]}


PARSED: {"id":"gen-1782908033-5hL5OHK26tyK4QQsIA23","object":"chat.completion.chunk","created":1782908033,"model":"deepseek/deepseek-v4-flash-20260423","provider":"GMICloud","choices":[{"index":0,"delta":{"content":"可以在","role":"assistant"},"finish_reason":null,"native_finish_reason":null}]}
--- CHUNK 1782908040870 bytes=292 ---
data: {"id":"gen-1782908033-5hL5OHK26tyK4QQsIA23","object":"chat.completion.chunk","created":1782908033,"model":"deepseek/deepseek-v4-flash-20260423","provider":"GMICloud","choices":[{"index":0,"delta":{"content":"沙","role":"assistant"},"finish_reason":null,"native_finish_reason":null}]}


PARSED: {"id":"gen-1782908033-5hL5OHK26tyK4QQsIA23","object":"chat.completion.chunk","created":1782908033,"model":"deepseek/deepseek-v4-flash-20260423","provider":"GMICloud","choices":[{"index":0,"delta":{"content":"沙","role":"assistant"},"finish_reason":null,"native_finish_reason":null}]}
--- CHUNK 1782908040870 bytes=584 ---
data: {"id":"gen-1782908033-5hL5OHK26tyK4QQsIA23","object":"chat.completion.chunk","created":1782908033,"model":"deepseek/deepseek-v4-flash-20260423","provider":"GMICloud","choices":[{"index":0,"delta":{"content":"箱","role":"assistant"},"finish_reason":null,"native_finish_reason":null}]}

data: {"id":"gen-1782908033-5hL5OHK26tyK4QQsIA23","object":"chat.completion.chunk","created":1782908033,"model":"deepseek/deepseek-v4-flash-20260423","provider":"GMICloud","choices":[{"index":0,"delta":{"content":"裡","role":"assistant"},"finish_reason":null,"native_finish_reason":null}]}


PARSED: {"id":"gen-1782908033-5hL5OHK26tyK4QQsIA23","object":"chat.completion.chunk","created":1782908033,"model":"deepseek/deepseek-v4-flash-20260423","provider":"GMICloud","choices":[{"index":0,"delta":{"content":"箱","role":"assistant"},"finish_reason":null,"native_finish_reason":null}]}
PARSED: {"id":"gen-1782908033-5hL5OHK26tyK4QQsIA23","object":"chat.completion.chunk","created":1782908033,"model":"deepseek/deepseek-v4-flash-20260423","provider":"GMICloud","choices":[{"index":0,"delta":{"content":"裡","role":"assistant"},"finish_reason":null,"native_finish_reason":null}]}
--- CHUNK 1782908040870 bytes=292 ---
data: {"id":"gen-1782908033-5hL5OHK26tyK4QQsIA23","object":"chat.completion.chunk","created":1782908033,"model":"deepseek/deepseek-v4-flash-20260423","provider":"GMICloud","choices":[{"index":0,"delta":{"content":"為","role":"assistant"},"finish_reason":null,"native_finish_reason":null}]}


PARSED: {"id":"gen-1782908033-5hL5OHK26tyK4QQsIA23","object":"chat.completion.chunk","created":1782908033,"model":"deepseek/deepseek-v4-flash-20260423","provider":"GMICloud","choices":[{"index":0,"delta":{"content":"為","role":"assistant"},"finish_reason":null,"native_finish_reason":null}]}
--- CHUNK 1782908040906 bytes=1463 ---
data: {"id":"gen-1782908033-5hL5OHK26tyK4QQsIA23","object":"chat.completion.chunk","created":1782908033,"model":"deepseek/deepseek-v4-flash-20260423","provider":"GMICloud","choices":[{"index":0,"delta":{"content":"所欲","role":"assistant"},"finish_reason":null,"native_finish_reason":null}]}

data: {"id":"gen-1782908033-5hL5OHK26tyK4QQsIA23","object":"chat.completion.chunk","created":1782908033,"model":"deepseek/deepseek-v4-flash-20260423","provider":"GMICloud","choices":[{"index":0,"delta":{"content":"為","role":"assistant"},"finish_reason":null,"native_finish_reason":null}]}

data: {"id":"gen-1782908033-5hL5OHK26tyK4QQsIA23","object":"chat.completion.chunk","created":1782908033,"model":"deepseek/deepseek-v4-flash-20260423","provider":"GMICloud","choices":[{"index":0,"delta":{"content":"，","role":"assistant"},"finish_reason":null,"native_finish_reason":null}]}

data: {"id":"gen-1782908033-5hL5OHK26tyK4QQsIA23","object":"chat.completion.chunk","created":1782908033,"model":"deepseek/deepseek-v4-flash-20260423","provider":"GMICloud","choices":[{"index":0,"delta":{"content":"但","role":"assistant"},"finish_reason":null,"native_finish_reason":null}]}

data: {"id":"gen-1782908033-5hL5OHK26tyK4QQsIA23","object":"chat.completion.chunk","created":1782908033,"model":"deepseek/deepseek-v4-flash-20260423","provider":"GMICloud","choices":[{"index":0,"delta":{"content":"備","role":"assistant"},"finish_reason":null,"native_finish_reason":null}]}


PARSED: {"id":"gen-1782908033-5hL5OHK26tyK4QQsIA23","object":"chat.completion.chunk","created":1782908033,"model":"deepseek/deepseek-v4-flash-20260423","provider":"GMICloud","choices":[{"index":0,"delta":{"content":"所欲","role":"assistant"},"finish_reason":null,"native_finish_reason":null}]}
PARSED: {"id":"gen-1782908033-5hL5OHK26tyK4QQsIA23","object":"chat.completion.chunk","created":1782908033,"model":"deepseek/deepseek-v4-flash-20260423","provider":"GMICloud","choices":[{"index":0,"delta":{"content":"為","role":"assistant"},"finish_reason":null,"native_finish_reason":null}]}
PARSED: {"id":"gen-1782908033-5hL5OHK26tyK4QQsIA23","object":"chat.completion.chunk","created":1782908033,"model":"deepseek/deepseek-v4-flash-20260423","provider":"GMICloud","choices":[{"index":0,"delta":{"content":"，","role":"assistant"},"finish_reason":null,"native_finish_reason":null}]}
PARSED: {"id":"gen-1782908033-5hL5OHK26tyK4QQsIA23","object":"chat.completion.chunk","created":1782908033,"model":"deepseek/deepseek-v4-flash-20260423","provider":"GMICloud","choices":[{"index":0,"delta":{"content":"但","role":"assistant"},"finish_reason":null,"native_finish_reason":null}]}
PARSED: {"id":"gen-1782908033-5hL5OHK26tyK4QQsIA23","object":"chat.completion.chunk","created":1782908033,"model":"deepseek/deepseek-v4-flash-20260423","provider":"GMICloud","choices":[{"index":0,"delta":{"content":"備","role":"assistant"},"finish_reason":null,"native_finish_reason":null}]}
--- CHUNK 1782908040986 bytes=292 ---
data: {"id":"gen-1782908033-5hL5OHK26tyK4QQsIA23","object":"chat.completion.chunk","created":1782908033,"model":"deepseek/deepseek-v4-flash-20260423","provider":"GMICloud","choices":[{"index":0,"delta":{"content":"份","role":"assistant"},"finish_reason":null,"native_finish_reason":null}]}


PARSED: {"id":"gen-1782908033-5hL5OHK26tyK4QQsIA23","object":"chat.completion.chunk","created":1782908033,"model":"deepseek/deepseek-v4-flash-20260423","provider":"GMICloud","choices":[{"index":0,"delta":{"content":"份","role":"assistant"},"finish_reason":null,"native_finish_reason":null}]}
--- CHUNK 1782908040987 bytes=590 ---
data: {"id":"gen-1782908033-5hL5OHK26tyK4QQsIA23","object":"chat.completion.chunk","created":1782908033,"model":"deepseek/deepseek-v4-flash-20260423","provider":"GMICloud","choices":[{"index":0,"delta":{"content":"永遠","role":"assistant"},"finish_reason":null,"native_finish_reason":null}]}

data: {"id":"gen-1782908033-5hL5OHK26tyK4QQsIA23","object":"chat.completion.chunk","created":1782908033,"model":"deepseek/deepseek-v4-flash-20260423","provider":"GMICloud","choices":[{"index":0,"delta":{"content":"安全","role":"assistant"},"finish_reason":null,"native_finish_reason":null}]}


PARSED: {"id":"gen-1782908033-5hL5OHK26tyK4QQsIA23","object":"chat.completion.chunk","created":1782908033,"model":"deepseek/deepseek-v4-flash-20260423","provider":"GMICloud","choices":[{"index":0,"delta":{"content":"永遠","role":"assistant"},"finish_reason":null,"native_finish_reason":null}]}
PARSED: {"id":"gen-1782908033-5hL5OHK26tyK4QQsIA23","object":"chat.completion.chunk","created":1782908033,"model":"deepseek/deepseek-v4-flash-20260423","provider":"GMICloud","choices":[{"index":0,"delta":{"content":"安全","role":"assistant"},"finish_reason":null,"native_finish_reason":null}]}
--- CHUNK 1782908040990 bytes=292 ---
data: {"id":"gen-1782908033-5hL5OHK26tyK4QQsIA23","object":"chat.completion.chunk","created":1782908033,"model":"deepseek/deepseek-v4-flash-20260423","provider":"GMICloud","choices":[{"index":0,"delta":{"content":"」","role":"assistant"},"finish_reason":null,"native_finish_reason":null}]}


PARSED: {"id":"gen-1782908033-5hL5OHK26tyK4QQsIA23","object":"chat.completion.chunk","created":1782908033,"model":"deepseek/deepseek-v4-flash-20260423","provider":"GMICloud","choices":[{"index":0,"delta":{"content":"」","role":"assistant"},"finish_reason":null,"native_finish_reason":null}]}
--- CHUNK 1782908040993 bytes=293 ---
data: {"id":"gen-1782908033-5hL5OHK26tyK4QQsIA23","object":"chat.completion.chunk","created":1782908033,"model":"deepseek/deepseek-v4-flash-20260423","provider":"GMICloud","choices":[{"index":0,"delta":{"content":"**\n","role":"assistant"},"finish_reason":null,"native_finish_reason":null}]}


PARSED: {"id":"gen-1782908033-5hL5OHK26tyK4QQsIA23","object":"chat.completion.chunk","created":1782908033,"model":"deepseek/deepseek-v4-flash-20260423","provider":"GMICloud","choices":[{"index":0,"delta":{"content":"**\n","role":"assistant"},"finish_reason":null,"native_finish_reason":null}]}
--- CHUNK 1782908040996 bytes=290 ---
data: {"id":"gen-1782908033-5hL5OHK26tyK4QQsIA23","object":"chat.completion.chunk","created":1782908033,"model":"deepseek/deepseek-v4-flash-20260423","provider":"GMICloud","choices":[{"index":0,"delta":{"content":">","role":"assistant"},"finish_reason":null,"native_finish_reason":null}]}


PARSED: {"id":"gen-1782908033-5hL5OHK26tyK4QQsIA23","object":"chat.completion.chunk","created":1782908033,"model":"deepseek/deepseek-v4-flash-20260423","provider":"GMICloud","choices":[{"index":0,"delta":{"content":">","role":"assistant"},"finish_reason":null,"native_finish_reason":null}]}
--- CHUNK 1782908041014 bytes=1177 ---
data: {"id":"gen-1782908033-5hL5OHK26tyK4QQsIA23","object":"chat.completion.chunk","created":1782908033,"model":"deepseek/deepseek-v4-flash-20260423","provider":"GMICloud","choices":[{"index":0,"delta":{"content":" `","role":"assistant"},"finish_reason":null,"native_finish_reason":null}]}

data: {"id":"gen-1782908033-5hL5OHK26tyK4QQsIA23","object":"chat.completion.chunk","created":1782908033,"model":"deepseek/deepseek-v4-flash-20260423","provider":"GMICloud","choices":[{"index":0,"delta":{"content":"docker","role":"assistant"},"finish_reason":null,"native_finish_reason":null}]}

data: {"id":"gen-1782908033-5hL5OHK26tyK4QQsIA23","object":"chat.completion.chunk","created":1782908033,"model":"deepseek/deepseek-v4-flash-20260423","provider":"GMICloud","choices":[{"index":0,"delta":{"content":" compose","role":"assistant"},"finish_reason":null,"native_finish_reason":null}]}

data: {"id":"gen-1782908033-5hL5OHK26tyK4QQsIA23","object":"chat.completion.chunk","created":1782908033,"model":"deepseek/deepseek-v4-flash-20260423","provider":"GMICloud","choices":[{"index":0,"delta":{"content":" down","role":"assistant"},"finish_reason":null,"native_finish_reason":null}]}


PARSED: {"id":"gen-1782908033-5hL5OHK26tyK4QQsIA23","object":"chat.completion.chunk","created":1782908033,"model":"deepseek/deepseek-v4-flash-20260423","provider":"GMICloud","choices":[{"index":0,"delta":{"content":" `","role":"assistant"},"finish_reason":null,"native_finish_reason":null}]}
PARSED: {"id":"gen-1782908033-5hL5OHK26tyK4QQsIA23","object":"chat.completion.chunk","created":1782908033,"model":"deepseek/deepseek-v4-flash-20260423","provider":"GMICloud","choices":[{"index":0,"delta":{"content":"docker","role":"assistant"},"finish_reason":null,"native_finish_reason":null}]}
PARSED: {"id":"gen-1782908033-5hL5OHK26tyK4QQsIA23","object":"chat.completion.chunk","created":1782908033,"model":"deepseek/deepseek-v4-flash-20260423","provider":"GMICloud","choices":[{"index":0,"delta":{"content":" compose","role":"assistant"},"finish_reason":null,"native_finish_reason":null}]}
PARSED: {"id":"gen-1782908033-5hL5OHK26tyK4QQsIA23","object":"chat.completion.chunk","created":1782908033,"model":"deepseek/deepseek-v4-flash-20260423","provider":"GMICloud","choices":[{"index":0,"delta":{"content":" down","role":"assistant"},"finish_reason":null,"native_finish_reason":null}]}
--- CHUNK 1782908041041 bytes=1452 ---
data: {"id":"gen-1782908033-5hL5OHK26tyK4QQsIA23","object":"chat.completion.chunk","created":1782908033,"model":"deepseek/deepseek-v4-flash-20260423","provider":"GMICloud","choices":[{"index":0,"delta":{"content":" -","role":"assistant"},"finish_reason":null,"native_finish_reason":null}]}

data: {"id":"gen-1782908033-5hL5OHK26tyK4QQsIA23","object":"chat.completion.chunk","created":1782908033,"model":"deepseek/deepseek-v4-flash-20260423","provider":"GMICloud","choices":[{"index":0,"delta":{"content":"v","role":"assistant"},"finish_reason":null,"native_finish_reason":null}]}

data: {"id":"gen-1782908033-5hL5OHK26tyK4QQsIA23","object":"chat.completion.chunk","created":1782908033,"model":"deepseek/deepseek-v4-flash-20260423","provider":"GMICloud","choices":[{"index":0,"delta":{"content":"`","role":"assistant"},"finish_reason":null,"native_finish_reason":null}]}

data: {"id":"gen-1782908033-5hL5OHK26tyK4QQsIA23","object":"chat.completion.chunk","created":1782908033,"model":"deepseek/deepseek-v4-flash-20260423","provider":"GMICloud","choices":[{"index":0,"delta":{"content":" =","role":"assistant"},"finish_reason":null,"native_finish_reason":null}]}

data: {"id":"gen-1782908033-5hL5OHK26tyK4QQsIA23","object":"chat.completion.chunk","created":1782908033,"model":"deepseek/deepseek-v4-flash-20260423","provider":"GMICloud","choices":[{"index":0,"delta":{"content":" ","role":"assistant"},"finish_reason":null,"native_finish_reason":null}]}


PARSED: {"id":"gen-1782908033-5hL5OHK26tyK4QQsIA23","object":"chat.completion.chunk","created":1782908033,"model":"deepseek/deepseek-v4-flash-20260423","provider":"GMICloud","choices":[{"index":0,"delta":{"content":" -","role":"assistant"},"finish_reason":null,"native_finish_reason":null}]}
PARSED: {"id":"gen-1782908033-5hL5OHK26tyK4QQsIA23","object":"chat.completion.chunk","created":1782908033,"model":"deepseek/deepseek-v4-flash-20260423","provider":"GMICloud","choices":[{"index":0,"delta":{"content":"v","role":"assistant"},"finish_reason":null,"native_finish_reason":null}]}
PARSED: {"id":"gen-1782908033-5hL5OHK26tyK4QQsIA23","object":"chat.completion.chunk","created":1782908033,"model":"deepseek/deepseek-v4-flash-20260423","provider":"GMICloud","choices":[{"index":0,"delta":{"content":"`","role":"assistant"},"finish_reason":null,"native_finish_reason":null}]}
PARSED: {"id":"gen-1782908033-5hL5OHK26tyK4QQsIA23","object":"chat.completion.chunk","created":1782908033,"model":"deepseek/deepseek-v4-flash-20260423","provider":"GMICloud","choices":[{"index":0,"delta":{"content":" =","role":"assistant"},"finish_reason":null,"native_finish_reason":null}]}
PARSED: {"id":"gen-1782908033-5hL5OHK26tyK4QQsIA23","object":"chat.completion.chunk","created":1782908033,"model":"deepseek/deepseek-v4-flash-20260423","provider":"GMICloud","choices":[{"index":0,"delta":{"content":" ","role":"assistant"},"finish_reason":null,"native_finish_reason":null}]}
--- CHUNK 1782908041072 bytes=876 ---
data: {"id":"gen-1782908033-5hL5OHK26tyK4QQsIA23","object":"chat.completion.chunk","created":1782908033,"model":"deepseek/deepseek-v4-flash-20260423","provider":"GMICloud","choices":[{"index":0,"delta":{"content":"核","role":"assistant"},"finish_reason":null,"native_finish_reason":null}]}

data: {"id":"gen-1782908033-5hL5OHK26tyK4QQsIA23","object":"chat.completion.chunk","created":1782908033,"model":"deepseek/deepseek-v4-flash-20260423","provider":"GMICloud","choices":[{"index":0,"delta":{"content":"彈","role":"assistant"},"finish_reason":null,"native_finish_reason":null}]}

data: {"id":"gen-1782908033-5hL5OHK26tyK4QQsIA23","object":"chat.completion.chunk","created":1782908033,"model":"deepseek/deepseek-v4-flash-20260423","provider":"GMICloud","choices":[{"index":0,"delta":{"content":"級","role":"assistant"},"finish_reason":null,"native_finish_reason":null}]}


PARSED: {"id":"gen-1782908033-5hL5OHK26tyK4QQsIA23","object":"chat.completion.chunk","created":1782908033,"model":"deepseek/deepseek-v4-flash-20260423","provider":"GMICloud","choices":[{"index":0,"delta":{"content":"核","role":"assistant"},"finish_reason":null,"native_finish_reason":null}]}
PARSED: {"id":"gen-1782908033-5hL5OHK26tyK4QQsIA23","object":"chat.completion.chunk","created":1782908033,"model":"deepseek/deepseek-v4-flash-20260423","provider":"GMICloud","choices":[{"index":0,"delta":{"content":"彈","role":"assistant"},"finish_reason":null,"native_finish_reason":null}]}
PARSED: {"id":"gen-1782908033-5hL5OHK26tyK4QQsIA23","object":"chat.completion.chunk","created":1782908033,"model":"deepseek/deepseek-v4-flash-20260423","provider":"GMICloud","choices":[{"index":0,"delta":{"content":"級","role":"assistant"},"finish_reason":null,"native_finish_reason":null}]}
--- CHUNK 1782908041129 bytes=587 ---
data: {"id":"gen-1782908033-5hL5OHK26tyK4QQsIA23","object":"chat.completion.chunk","created":1782908033,"model":"deepseek/deepseek-v4-flash-20260423","provider":"GMICloud","choices":[{"index":0,"delta":{"content":"重置","role":"assistant"},"finish_reason":null,"native_finish_reason":null}]}

data: {"id":"gen-1782908033-5hL5OHK26tyK4QQsIA23","object":"chat.completion.chunk","created":1782908033,"model":"deepseek/deepseek-v4-flash-20260423","provider":"GMICloud","choices":[{"index":0,"delta":{"content":"，","role":"assistant"},"finish_reason":null,"native_finish_reason":null}]}


PARSED: {"id":"gen-1782908033-5hL5OHK26tyK4QQsIA23","object":"chat.completion.chunk","created":1782908033,"model":"deepseek/deepseek-v4-flash-20260423","provider":"GMICloud","choices":[{"index":0,"delta":{"content":"重置","role":"assistant"},"finish_reason":null,"native_finish_reason":null}]}
PARSED: {"id":"gen-1782908033-5hL5OHK26tyK4QQsIA23","object":"chat.completion.chunk","created":1782908033,"model":"deepseek/deepseek-v4-flash-20260423","provider":"GMICloud","choices":[{"index":0,"delta":{"content":"，","role":"assistant"},"finish_reason":null,"native_finish_reason":null}]}
--- CHUNK 1782908041130 bytes=292 ---
data: {"id":"gen-1782908033-5hL5OHK26tyK4QQsIA23","object":"chat.completion.chunk","created":1782908033,"model":"deepseek/deepseek-v4-flash-20260423","provider":"GMICloud","choices":[{"index":0,"delta":{"content":"但","role":"assistant"},"finish_reason":null,"native_finish_reason":null}]}


PARSED: {"id":"gen-1782908033-5hL5OHK26tyK4QQsIA23","object":"chat.completion.chunk","created":1782908033,"model":"deepseek/deepseek-v4-flash-20260423","provider":"GMICloud","choices":[{"index":0,"delta":{"content":"但","role":"assistant"},"finish_reason":null,"native_finish_reason":null}]}
--- CHUNK 1782908041130 bytes=292 ---
data: {"id":"gen-1782908033-5hL5OHK26tyK4QQsIA23","object":"chat.completion.chunk","created":1782908033,"model":"deepseek/deepseek-v4-flash-20260423","provider":"GMICloud","choices":[{"index":0,"delta":{"content":"主","role":"assistant"},"finish_reason":null,"native_finish_reason":null}]}


PARSED: {"id":"gen-1782908033-5hL5OHK26tyK4QQsIA23","object":"chat.completion.chunk","created":1782908033,"model":"deepseek/deepseek-v4-flash-20260423","provider":"GMICloud","choices":[{"index":0,"delta":{"content":"主","role":"assistant"},"finish_reason":null,"native_finish_reason":null}]}
--- CHUNK 1782908041130 bytes=292 ---
data: {"id":"gen-1782908033-5hL5OHK26tyK4QQsIA23","object":"chat.completion.chunk","created":1782908033,"model":"deepseek/deepseek-v4-flash-20260423","provider":"GMICloud","choices":[{"index":0,"delta":{"content":"機","role":"assistant"},"finish_reason":null,"native_finish_reason":null}]}


PARSED: {"id":"gen-1782908033-5hL5OHK26tyK4QQsIA23","object":"chat.completion.chunk","created":1782908033,"model":"deepseek/deepseek-v4-flash-20260423","provider":"GMICloud","choices":[{"index":0,"delta":{"content":"機","role":"assistant"},"finish_reason":null,"native_finish_reason":null}]}
--- CHUNK 1782908041130 bytes=295 ---
data: {"id":"gen-1782908033-5hL5OHK26tyK4QQsIA23","object":"chat.completion.chunk","created":1782908033,"model":"deepseek/deepseek-v4-flash-20260423","provider":"GMICloud","choices":[{"index":0,"delta":{"content":"上的","role":"assistant"},"finish_reason":null,"native_finish_reason":null}]}


PARSED: {"id":"gen-1782908033-5hL5OHK26tyK4QQsIA23","object":"chat.completion.chunk","created":1782908033,"model":"deepseek/deepseek-v4-flash-20260423","provider":"GMICloud","choices":[{"index":0,"delta":{"content":"上的","role":"assistant"},"finish_reason":null,"native_finish_reason":null}]}
--- CHUNK 1782908041131 bytes=292 ---
data: {"id":"gen-1782908033-5hL5OHK26tyK4QQsIA23","object":"chat.completion.chunk","created":1782908033,"model":"deepseek/deepseek-v4-flash-20260423","provider":"GMICloud","choices":[{"index":0,"delta":{"content":"備","role":"assistant"},"finish_reason":null,"native_finish_reason":null}]}


PARSED: {"id":"gen-1782908033-5hL5OHK26tyK4QQsIA23","object":"chat.completion.chunk","created":1782908033,"model":"deepseek/deepseek-v4-flash-20260423","provider":"GMICloud","choices":[{"index":0,"delta":{"content":"備","role":"assistant"},"finish_reason":null,"native_finish_reason":null}]}
--- CHUNK 1782908041143 bytes=292 ---
data: {"id":"gen-1782908033-5hL5OHK26tyK4QQsIA23","object":"chat.completion.chunk","created":1782908033,"model":"deepseek/deepseek-v4-flash-20260423","provider":"GMICloud","choices":[{"index":0,"delta":{"content":"份","role":"assistant"},"finish_reason":null,"native_finish_reason":null}]}


PARSED: {"id":"gen-1782908033-5hL5OHK26tyK4QQsIA23","object":"chat.completion.chunk","created":1782908033,"model":"deepseek/deepseek-v4-flash-20260423","provider":"GMICloud","choices":[{"index":0,"delta":{"content":"份","role":"assistant"},"finish_reason":null,"native_finish_reason":null}]}
--- CHUNK 1782908041146 bytes=295 ---
data: {"id":"gen-1782908033-5hL5OHK26tyK4QQsIA23","object":"chat.completion.chunk","created":1782908033,"model":"deepseek/deepseek-v4-flash-20260423","provider":"GMICloud","choices":[{"index":0,"delta":{"content":"完好","role":"assistant"},"finish_reason":null,"native_finish_reason":null}]}


PARSED: {"id":"gen-1782908033-5hL5OHK26tyK4QQsIA23","object":"chat.completion.chunk","created":1782908033,"model":"deepseek/deepseek-v4-flash-20260423","provider":"GMICloud","choices":[{"index":0,"delta":{"content":"完好","role":"assistant"},"finish_reason":null,"native_finish_reason":null}]}
--- CHUNK 1782908041180 bytes=292 ---
data: {"id":"gen-1782908033-5hL5OHK26tyK4QQsIA23","object":"chat.completion.chunk","created":1782908033,"model":"deepseek/deepseek-v4-flash-20260423","provider":"GMICloud","choices":[{"index":0,"delta":{"content":"無","role":"assistant"},"finish_reason":null,"native_finish_reason":null}]}


PARSED: {"id":"gen-1782908033-5hL5OHK26tyK4QQsIA23","object":"chat.completion.chunk","created":1782908033,"model":"deepseek/deepseek-v4-flash-20260423","provider":"GMICloud","choices":[{"index":0,"delta":{"content":"無","role":"assistant"},"finish_reason":null,"native_finish_reason":null}]}
--- CHUNK 1782908041189 bytes=292 ---
data: {"id":"gen-1782908033-5hL5OHK26tyK4QQsIA23","object":"chat.completion.chunk","created":1782908033,"model":"deepseek/deepseek-v4-flash-20260423","provider":"GMICloud","choices":[{"index":0,"delta":{"content":"損","role":"assistant"},"finish_reason":null,"native_finish_reason":null}]}


PARSED: {"id":"gen-1782908033-5hL5OHK26tyK4QQsIA23","object":"chat.completion.chunk","created":1782908033,"model":"deepseek/deepseek-v4-flash-20260423","provider":"GMICloud","choices":[{"index":0,"delta":{"content":"損","role":"assistant"},"finish_reason":null,"native_finish_reason":null}]}
--- CHUNK 1782908041190 bytes=293 ---
data: {"id":"gen-1782908033-5hL5OHK26tyK4QQsIA23","object":"chat.completion.chunk","created":1782908033,"model":"deepseek/deepseek-v4-flash-20260423","provider":"GMICloud","choices":[{"index":0,"delta":{"content":"\n\n","role":"assistant"},"finish_reason":null,"native_finish_reason":null}]}


PARSED: {"id":"gen-1782908033-5hL5OHK26tyK4QQsIA23","object":"chat.completion.chunk","created":1782908033,"model":"deepseek/deepseek-v4-flash-20260423","provider":"GMICloud","choices":[{"index":0,"delta":{"content":"\n\n","role":"assistant"},"finish_reason":null,"native_finish_reason":null}]}
--- CHUNK 1782908041190 bytes=295 ---
data: {"id":"gen-1782908033-5hL5OHK26tyK4QQsIA23","object":"chat.completion.chunk","created":1782908033,"model":"deepseek/deepseek-v4-flash-20260423","provider":"GMICloud","choices":[{"index":0,"delta":{"content":"簡單","role":"assistant"},"finish_reason":null,"native_finish_reason":null}]}


PARSED: {"id":"gen-1782908033-5hL5OHK26tyK4QQsIA23","object":"chat.completion.chunk","created":1782908033,"model":"deepseek/deepseek-v4-flash-20260423","provider":"GMICloud","choices":[{"index":0,"delta":{"content":"簡單","role":"assistant"},"finish_reason":null,"native_finish_reason":null}]}
--- CHUNK 1782908041223 bytes=292 ---
data: {"id":"gen-1782908033-5hL5OHK26tyK4QQsIA23","object":"chat.completion.chunk","created":1782908033,"model":"deepseek/deepseek-v4-flash-20260423","provider":"GMICloud","choices":[{"index":0,"delta":{"content":"說","role":"assistant"},"finish_reason":null,"native_finish_reason":null}]}


PARSED: {"id":"gen-1782908033-5hL5OHK26tyK4QQsIA23","object":"chat.completion.chunk","created":1782908033,"model":"deepseek/deepseek-v4-flash-20260423","provider":"GMICloud","choices":[{"index":0,"delta":{"content":"說","role":"assistant"},"finish_reason":null,"native_finish_reason":null}]}
--- CHUNK 1782908041223 bytes=292 ---
data: {"id":"gen-1782908033-5hL5OHK26tyK4QQsIA23","object":"chat.completion.chunk","created":1782908033,"model":"deepseek/deepseek-v4-flash-20260423","provider":"GMICloud","choices":[{"index":0,"delta":{"content":"：","role":"assistant"},"finish_reason":null,"native_finish_reason":null}]}


PARSED: {"id":"gen-1782908033-5hL5OHK26tyK4QQsIA23","object":"chat.completion.chunk","created":1782908033,"model":"deepseek/deepseek-v4-flash-20260423","provider":"GMICloud","choices":[{"index":0,"delta":{"content":"：","role":"assistant"},"finish_reason":null,"native_finish_reason":null}]}
--- CHUNK 1782908041224 bytes=291 ---
data: {"id":"gen-1782908033-5hL5OHK26tyK4QQsIA23","object":"chat.completion.chunk","created":1782908033,"model":"deepseek/deepseek-v4-flash-20260423","provider":"GMICloud","choices":[{"index":0,"delta":{"content":"**","role":"assistant"},"finish_reason":null,"native_finish_reason":null}]}


PARSED: {"id":"gen-1782908033-5hL5OHK26tyK4QQsIA23","object":"chat.completion.chunk","created":1782908033,"model":"deepseek/deepseek-v4-flash-20260423","provider":"GMICloud","choices":[{"index":0,"delta":{"content":"**","role":"assistant"},"finish_reason":null,"native_finish_reason":null}]}
--- CHUNK 1782908041265 bytes=876 ---
data: {"id":"gen-1782908033-5hL5OHK26tyK4QQsIA23","object":"chat.completion.chunk","created":1782908033,"model":"deepseek/deepseek-v4-flash-20260423","provider":"GMICloud","choices":[{"index":0,"delta":{"content":"沙","role":"assistant"},"finish_reason":null,"native_finish_reason":null}]}

data: {"id":"gen-1782908033-5hL5OHK26tyK4QQsIA23","object":"chat.completion.chunk","created":1782908033,"model":"deepseek/deepseek-v4-flash-20260423","provider":"GMICloud","choices":[{"index":0,"delta":{"content":"箱","role":"assistant"},"finish_reason":null,"native_finish_reason":null}]}

data: {"id":"gen-1782908033-5hL5OHK26tyK4QQsIA23","object":"chat.completion.chunk","created":1782908033,"model":"deepseek/deepseek-v4-flash-20260423","provider":"GMICloud","choices":[{"index":0,"delta":{"content":"讓","role":"assistant"},"finish_reason":null,"native_finish_reason":null}]}


PARSED: {"id":"gen-1782908033-5hL5OHK26tyK4QQsIA23","object":"chat.completion.chunk","created":1782908033,"model":"deepseek/deepseek-v4-flash-20260423","provider":"GMICloud","choices":[{"index":0,"delta":{"content":"沙","role":"assistant"},"finish_reason":null,"native_finish_reason":null}]}
PARSED: {"id":"gen-1782908033-5hL5OHK26tyK4QQsIA23","object":"chat.completion.chunk","created":1782908033,"model":"deepseek/deepseek-v4-flash-20260423","provider":"GMICloud","choices":[{"index":0,"delta":{"content":"箱","role":"assistant"},"finish_reason":null,"native_finish_reason":null}]}
PARSED: {"id":"gen-1782908033-5hL5OHK26tyK4QQsIA23","object":"chat.completion.chunk","created":1782908033,"model":"deepseek/deepseek-v4-flash-20260423","provider":"GMICloud","choices":[{"index":0,"delta":{"content":"讓","role":"assistant"},"finish_reason":null,"native_finish_reason":null}]}
--- CHUNK 1782908041268 bytes=292 ---
data: {"id":"gen-1782908033-5hL5OHK26tyK4QQsIA23","object":"chat.completion.chunk","created":1782908033,"model":"deepseek/deepseek-v4-flash-20260423","provider":"GMICloud","choices":[{"index":0,"delta":{"content":" AI","role":"assistant"},"finish_reason":null,"native_finish_reason":null}]}


PARSED: {"id":"gen-1782908033-5hL5OHK26tyK4QQsIA23","object":"chat.completion.chunk","created":1782908033,"model":"deepseek/deepseek-v4-flash-20260423","provider":"GMICloud","choices":[{"index":0,"delta":{"content":" AI","role":"assistant"},"finish_reason":null,"native_finish_reason":null}]}
--- CHUNK 1782908041297 bytes=290 ---
data: {"id":"gen-1782908033-5hL5OHK26tyK4QQsIA23","object":"chat.completion.chunk","created":1782908033,"model":"deepseek/deepseek-v4-flash-20260423","provider":"GMICloud","choices":[{"index":0,"delta":{"content":"/","role":"assistant"},"finish_reason":null,"native_finish_reason":null}]}


PARSED: {"id":"gen-1782908033-5hL5OHK26tyK4QQsIA23","object":"chat.completion.chunk","created":1782908033,"model":"deepseek/deepseek-v4-flash-20260423","provider":"GMICloud","choices":[{"index":0,"delta":{"content":"/","role":"assistant"},"finish_reason":null,"native_finish_reason":null}]}
--- CHUNK 1782908041333 bytes=1166 ---
data: {"id":"gen-1782908033-5hL5OHK26tyK4QQsIA23","object":"chat.completion.chunk","created":1782908033,"model":"deepseek/deepseek-v4-flash-20260423","provider":"GMICloud","choices":[{"index":0,"delta":{"content":"CL","role":"assistant"},"finish_reason":null,"native_finish_reason":null}]}

data: {"id":"gen-1782908033-5hL5OHK26tyK4QQsIA23","object":"chat.completion.chunk","created":1782908033,"model":"deepseek/deepseek-v4-flash-20260423","provider":"GMICloud","choices":[{"index":0,"delta":{"content":"I","role":"assistant"},"finish_reason":null,"native_finish_reason":null}]}

data: {"id":"gen-1782908033-5hL5OHK26tyK4QQsIA23","object":"chat.completion.chunk","created":1782908033,"model":"deepseek/deepseek-v4-flash-20260423","provider":"GMICloud","choices":[{"index":0,"delta":{"content":" ","role":"assistant"},"finish_reason":null,"native_finish_reason":null}]}

data: {"id":"gen-1782908033-5hL5OHK26tyK4QQsIA23","object":"chat.completion.chunk","created":1782908033,"model":"deepseek/deepseek-v4-flash-20260423","provider":"GMICloud","choices":[{"index":0,"delta":{"content":"隨便","role":"assistant"},"finish_reason":null,"native_finish_reason":null}]}


PARSED: {"id":"gen-1782908033-5hL5OHK26tyK4QQsIA23","object":"chat.completion.chunk","created":1782908033,"model":"deepseek/deepseek-v4-flash-20260423","provider":"GMICloud","choices":[{"index":0,"delta":{"content":"CL","role":"assistant"},"finish_reason":null,"native_finish_reason":null}]}
PARSED: {"id":"gen-1782908033-5hL5OHK26tyK4QQsIA23","object":"chat.completion.chunk","created":1782908033,"model":"deepseek/deepseek-v4-flash-20260423","provider":"GMICloud","choices":[{"index":0,"delta":{"content":"I","role":"assistant"},"finish_reason":null,"native_finish_reason":null}]}
PARSED: {"id":"gen-1782908033-5hL5OHK26tyK4QQsIA23","object":"chat.completion.chunk","created":1782908033,"model":"deepseek/deepseek-v4-flash-20260423","provider":"GMICloud","choices":[{"index":0,"delta":{"content":" ","role":"assistant"},"finish_reason":null,"native_finish_reason":null}]}
PARSED: {"id":"gen-1782908033-5hL5OHK26tyK4QQsIA23","object":"chat.completion.chunk","created":1782908033,"model":"deepseek/deepseek-v4-flash-20260423","provider":"GMICloud","choices":[{"index":0,"delta":{"content":"隨便","role":"assistant"},"finish_reason":null,"native_finish_reason":null}]}
--- CHUNK 1782908041348 bytes=292 ---
data: {"id":"gen-1782908033-5hL5OHK26tyK4QQsIA23","object":"chat.completion.chunk","created":1782908033,"model":"deepseek/deepseek-v4-flash-20260423","provider":"GMICloud","choices":[{"index":0,"delta":{"content":"玩","role":"assistant"},"finish_reason":null,"native_finish_reason":null}]}


PARSED: {"id":"gen-1782908033-5hL5OHK26tyK4QQsIA23","object":"chat.completion.chunk","created":1782908033,"model":"deepseek/deepseek-v4-flash-20260423","provider":"GMICloud","choices":[{"index":0,"delta":{"content":"玩","role":"assistant"},"finish_reason":null,"native_finish_reason":null}]}
--- CHUNK 1782908041383 bytes=587 ---
data: {"id":"gen-1782908033-5hL5OHK26tyK4QQsIA23","object":"chat.completion.chunk","created":1782908033,"model":"deepseek/deepseek-v4-flash-20260423","provider":"GMICloud","choices":[{"index":0,"delta":{"content":"，","role":"assistant"},"finish_reason":null,"native_finish_reason":null}]}

data: {"id":"gen-1782908033-5hL5OHK26tyK4QQsIA23","object":"chat.completion.chunk","created":1782908033,"model":"deepseek/deepseek-v4-flash-20260423","provider":"GMICloud","choices":[{"index":0,"delta":{"content":"Bridge","role":"assistant"},"finish_reason":null,"native_finish_reason":null}]}


PARSED: {"id":"gen-1782908033-5hL5OHK26tyK4QQsIA23","object":"chat.completion.chunk","created":1782908033,"model":"deepseek/deepseek-v4-flash-20260423","provider":"GMICloud","choices":[{"index":0,"delta":{"content":"，","role":"assistant"},"finish_reason":null,"native_finish_reason":null}]}
PARSED: {"id":"gen-1782908033-5hL5OHK26tyK4QQsIA23","object":"chat.completion.chunk","created":1782908033,"model":"deepseek/deepseek-v4-flash-20260423","provider":"GMICloud","choices":[{"index":0,"delta":{"content":"Bridge","role":"assistant"},"finish_reason":null,"native_finish_reason":null}]}
--- CHUNK 1782908041479 bytes=290 ---
data: {"id":"gen-1782908033-5hL5OHK26tyK4QQsIA23","object":"chat.completion.chunk","created":1782908033,"model":"deepseek/deepseek-v4-flash-20260423","provider":"GMICloud","choices":[{"index":0,"delta":{"content":" ","role":"assistant"},"finish_reason":null,"native_finish_reason":null}]}


PARSED: {"id":"gen-1782908033-5hL5OHK26tyK4QQsIA23","object":"chat.completion.chunk","created":1782908033,"model":"deepseek/deepseek-v4-flash-20260423","provider":"GMICloud","choices":[{"index":0,"delta":{"content":" ","role":"assistant"},"finish_reason":null,"native_finish_reason":null}]}
--- CHUNK 1782908041497 bytes=590 ---
data: {"id":"gen-1782908033-5hL5OHK26tyK4QQsIA23","object":"chat.completion.chunk","created":1782908033,"model":"deepseek/deepseek-v4-flash-20260423","provider":"GMICloud","choices":[{"index":0,"delta":{"content":"守住","role":"assistant"},"finish_reason":null,"native_finish_reason":null}]}

data: {"id":"gen-1782908033-5hL5OHK26tyK4QQsIA23","object":"chat.completion.chunk","created":1782908033,"model":"deepseek/deepseek-v4-flash-20260423","provider":"GMICloud","choices":[{"index":0,"delta":{"content":"最後","role":"assistant"},"finish_reason":null,"native_finish_reason":null}]}


PARSED: {"id":"gen-1782908033-5hL5OHK26tyK4QQsIA23","object":"chat.completion.chunk","created":1782908033,"model":"deepseek/deepseek-v4-flash-20260423","provider":"GMICloud","choices":[{"index":0,"delta":{"content":"守住","role":"assistant"},"finish_reason":null,"native_finish_reason":null}]}
PARSED: {"id":"gen-1782908033-5hL5OHK26tyK4QQsIA23","object":"chat.completion.chunk","created":1782908033,"model":"deepseek/deepseek-v4-flash-20260423","provider":"GMICloud","choices":[{"index":0,"delta":{"content":"最後","role":"assistant"},"finish_reason":null,"native_finish_reason":null}]}
--- CHUNK 1782908041497 bytes=295 ---
data: {"id":"gen-1782908033-5hL5OHK26tyK4QQsIA23","object":"chat.completion.chunk","created":1782908033,"model":"deepseek/deepseek-v4-flash-20260423","provider":"GMICloud","choices":[{"index":0,"delta":{"content":"一道","role":"assistant"},"finish_reason":null,"native_finish_reason":null}]}


PARSED: {"id":"gen-1782908033-5hL5OHK26tyK4QQsIA23","object":"chat.completion.chunk","created":1782908033,"model":"deepseek/deepseek-v4-flash-20260423","provider":"GMICloud","choices":[{"index":0,"delta":{"content":"一道","role":"assistant"},"finish_reason":null,"native_finish_reason":null}]}
--- CHUNK 1782908041498 bytes=292 ---
data: {"id":"gen-1782908033-5hL5OHK26tyK4QQsIA23","object":"chat.completion.chunk","created":1782908033,"model":"deepseek/deepseek-v4-flash-20260423","provider":"GMICloud","choices":[{"index":0,"delta":{"content":"防","role":"assistant"},"finish_reason":null,"native_finish_reason":null}]}


PARSED: {"id":"gen-1782908033-5hL5OHK26tyK4QQsIA23","object":"chat.completion.chunk","created":1782908033,"model":"deepseek/deepseek-v4-flash-20260423","provider":"GMICloud","choices":[{"index":0,"delta":{"content":"防","role":"assistant"},"finish_reason":null,"native_finish_reason":null}]}
--- CHUNK 1782908041499 bytes=292 ---
data: {"id":"gen-1782908033-5hL5OHK26tyK4QQsIA23","object":"chat.completion.chunk","created":1782908033,"model":"deepseek/deepseek-v4-flash-20260423","provider":"GMICloud","choices":[{"index":0,"delta":{"content":"線","role":"assistant"},"finish_reason":null,"native_finish_reason":null}]}


PARSED: {"id":"gen-1782908033-5hL5OHK26tyK4QQsIA23","object":"chat.completion.chunk","created":1782908033,"model":"deepseek/deepseek-v4-flash-20260423","provider":"GMICloud","choices":[{"index":0,"delta":{"content":"線","role":"assistant"},"finish_reason":null,"native_finish_reason":null}]}
--- CHUNK 1782908041502 bytes=291 ---
data: {"id":"gen-1782908033-5hL5OHK26tyK4QQsIA23","object":"chat.completion.chunk","created":1782908033,"model":"deepseek/deepseek-v4-flash-20260423","provider":"GMICloud","choices":[{"index":0,"delta":{"content":"**","role":"assistant"},"finish_reason":null,"native_finish_reason":null}]}


PARSED: {"id":"gen-1782908033-5hL5OHK26tyK4QQsIA23","object":"chat.completion.chunk","created":1782908033,"model":"deepseek/deepseek-v4-flash-20260423","provider":"GMICloud","choices":[{"index":0,"delta":{"content":"**","role":"assistant"},"finish_reason":null,"native_finish_reason":null}]}
--- CHUNK 1782908041529 bytes=294 ---
data: {"id":"gen-1782908033-5hL5OHK26tyK4QQsIA23","object":"chat.completion.chunk","created":1782908033,"model":"deepseek/deepseek-v4-flash-20260423","provider":"GMICloud","choices":[{"index":0,"delta":{"content":" 🔐","role":"assistant"},"finish_reason":null,"native_finish_reason":null}]}


PARSED: {"id":"gen-1782908033-5hL5OHK26tyK4QQsIA23","object":"chat.completion.chunk","created":1782908033,"model":"deepseek/deepseek-v4-flash-20260423","provider":"GMICloud","choices":[{"index":0,"delta":{"content":" 🔐","role":"assistant"},"finish_reason":null,"native_finish_reason":null}]}
--- CHUNK 1782908041710 bytes=1070 ---
data: {"id":"gen-1782908033-5hL5OHK26tyK4QQsIA23","object":"chat.completion.chunk","created":1782908033,"model":"deepseek/deepseek-v4-flash-20260423","provider":"GMICloud","choices":[{"index":0,"delta":{"content":"","role":"assistant","reasoning":null},"finish_reason":"stop","native_finish_reason":"stop"}]}

data: {"id":"gen-1782908033-5hL5OHK26tyK4QQsIA23","object":"chat.completion.chunk","created":1782908033,"model":"deepseek/deepseek-v4-flash-20260423","provider":"GMICloud","service_tier":null,"choices":[{"index":0,"delta":{"content":"","role":"assistant"},"finish_reason":"stop","native_finish_reason":"stop"}],"usage":{"prompt_tokens":13544,"completion_tokens":483,"total_tokens":14027,"cost":0.00142198,"is_byok":false,"prompt_tokens_details":{"cached_tokens":0,"cache_write_tokens":0,"audio_tokens":0,"video_tokens":0},"cost_details":{"upstream_inference_cost":0.00142198,"upstream_inference_prompt_cost":0.001327312,"upstream_inference_completions_cost":0.000094668},"completion_tokens_details":{"reasoning_tokens":20,"image_tokens":0,"audio_tokens":0}}}


PARSED: {"id":"gen-1782908033-5hL5OHK26tyK4QQsIA23","object":"chat.completion.chunk","created":1782908033,"model":"deepseek/deepseek-v4-flash-20260423","provider":"GMICloud","choices":[{"index":0,"delta":{"content":"","role":"assistant","reasoning":null},"finish_reason":"stop","native_finish_reason":"stop"}
FINISH: stop
--- CHUNK 1782908041711 bytes=14 ---
data: [DONE]


[DONE] received
=== STREAM ENDED ===
